권역코드,권역명,공시월,금융회사 코드,금융회사,금융상품 코드,상품명,저축기간(개월),금리유형 코드,금리유형명,세전 이자율,세후 이자율,세후 이자(예시),최고 우대금리,가입방법,가입제한 코드,가입 대상,이자계산방식,금융상품 문의,우대조건,만기 후 이자율,기타 유의사항,최고한도,공시 시작일,공시 종료일,금융회사 제출일,데이터 출처,수집일시
020000,은행,202607,0010001,우리은행,WR0001B,WON플러스예금,1,S,단리,2.70%,2.28%,"19,000",2.70%,"인터넷,스마트폰,전화(텔레뱅킹)",1,제한없음 (실명의 개인),단리,,해당사항 없음,만기 후 - 1개월이내 : 만기시점약정이율×50% - 1개월초과 6개월이내: 만기시점약정이율×30% - 6개월초과 : 만기시점약정이율×20% ※ 만기시점 약정이율 : 일반정기예금 금리,"- 가입기간: 1~36개월 - 최소가입금액: 1만원 이상 - 만기일을 일,월 단위로 자유롭게 선택 가능 - 만기해지 시 신규일 당시 영업점과 인터넷 홈페이지에 고시된 계약기간별 금리 적용",,20260720,,202607221534,금융감독원 금융상품한눈에 Open API,2026-08-10T14:19:08
020000,은행,202607,0010001,우리은행,WR0001B,WON플러스예금,3,S,단리,2.90%,2.45%,"61,000",2.90%,"인터넷,스마트폰,전화(텔레뱅킹)",1,제한없음 (실명의 개인),단리,,해당사항 없음,만기 후 - 1개월이내 : 만기시점약정이율×50% - 1개월초과 6개월이내: 만기시점약정이율×30% - 6개월초과 : 만기시점약정이율×20% ※ 만기시점 약정이율 : 일반정기예금 금리,"- 가입기간: 1~36개월 - 최소가입금액: 1만원 이상 - 만기일을 일,월 단위로 자유롭게 선택 가능 - 만기해지 시 신규일 당시 영업점과 인터넷 홈페이지에 고시된 계약기간별 금리 적용",,20260720,,202607221534,금융감독원 금융상품한눈에 Open API,2026-08-10T14:19:08
020000,은행,202607,0010001,우리은행,WR0001B,WON플러스예금,6,S,단리,3.00%,2.54%,"127,000",3.00%,"인터넷,스마트폰,전화(텔레뱅킹)",1,제한없음 (실명의 개인),단리,,해당사항 없음,만기 후 - 1개월이내 : 만기시점약정이율×50% - 1개월초과 6개월이내: 만기시점약정이율×30% - 6개월초과 : 만기시점약정이율×20% ※ 만기시점 약정이율 : 일반정기예금 금리,"- 가입기간: 1~36개월 - 최소가입금액: 1만원 이상 - 만기일을 일,월 단위로 자유롭게 선택 가능 - 만기해지 시 신규일 당시 영업점과 인터넷 홈페이지에 고시된 계약기간별 금리 적용",,20260720,,202607221534,금융감독원 금융상품한눈에 Open API,2026-08-10T14:19:08
020000,은행,202607,0010001,우리은행,WR0001B,WON플러스예금,12,S,단리,3.20%,2.71%,"271,000",3.20%,"인터넷,스마트폰,전화(텔레뱅킹)",1,제한없음 (실명의 개인),단리,,해당사항 없음,만기 후 - 1개월이내 : 만기시점약정이율×50% - 1개월초과 6개월이내: 만기시점약정이율×30% - 6개월초과 : 만기시점약정이율×20% ※ 만기시점 약정이율 : 일반정기예금 금리,"- 가입기간: 1~36개월 - 최소가입금액: 1만원 이상 - 만기일을 일,월 단위로 자유롭게 선택 가능 - 만기해지 시 신규일 당시 영업점과 인터넷 홈페이지에 고시된 계약기간별 금리 적용",,20260720,,202607221534,금융감독원 금융상품한눈에 Open API,2026-08-10T14:19:08
020000,은행,202607,0010001,우리은행,WR0001B,WON플러스예금,24,S,단리,2.50%,2.11%,"423,000",2.50%,"인터넷,스마트폰,전화(텔레뱅킹)",1,제한없음 (실명의 개인),단리,,해당사항 없음,만기 후 - 1개월이내 : 만기시점약정이율×50% - 1개월초과 6개월이내: 만기시점약정이율×30% - 6개월초과 : 만기시점약정이율×20% ※ 만기시점 약정이율 : 일반정기예금 금리,"- 가입기간: 1~36개월 - 최소가입금액: 1만원 이상 - 만기일을 일,월 단위로 자유롭게 선택 가능 - 만기해지 시 신규일 당시 영업점과 인터넷 홈페이지에 고시된 계약기간별 금리 적용",,20260720,,202607221534,금융감독원 금융상품한눈에 Open API,2026-08-10T14:19:08
020000,은행,202607,0010001,우리은행,WR0001B,WON플러스예금,36,S,단리,2.50%,2.11%,"634,000",2.50%,"인터넷,스마트폰,전화(텔레뱅킹)",1,제한없음 (실명의 개인),단리,,해당사항 없음,만기 후 - 1개월이내 : 만기시점약정이율×50% - 1개월초과 6개월이내: 만기시점약정이율×30% - 6개월초과 : 만기시점약정이율×20% ※ 만기시점 약정이율 : 일반정기예금 금리,"- 가입기간: 1~36개월 - 최소가입금액: 1만원 이상 - 만기일을 일,월 단위로 자유롭게 선택 가능 - 만기해지 시 신규일 당시 영업점과 인터넷 홈페이지에 고시된 계약기간별 금리 적용",,20260720,,202607221534,금융감독원 금융상품한눈에 Open API,2026-08-10T14:19:08
020000,은행,202607,0010002,한국스탠다드차타드은행,00320342,e-그린세이브예금,1,S,단리,2.20%,1.86%,"16,000",2.30%,"인터넷,스마트폰",1,제한없음 (개인(개인사업자 포함)),단리,,1.SC제일은행 최초 거래 신규고객 우대이율 제공(보너스이율0.1%) 2.만기일에 아래의 조건을 모두 충족하는 경우보너스이율 제공 -6~12개월제(만기일시지급식) 5천만원 이상 가입 -만기일 기준 전전월 마지막 영업일에 수익증권(펀드)*을 3천만원 이상 보유 (가입기간: 6개월~1년제/ 보너스이율:0.1% / 만기해약하는 경우에 한해 보너스이율을 적용함),만기 후 1개월: 약정이율의 50% 만기 후 1개월 초과 1년 이내: 약정이율의 30% 만기 후 1년 초과: 약정이율의 10%,"디지털채널 전용상품 (인터넷, 모바일뱅킹)",1000000000,20260803,99991231,202608031118,금융감독원 금융상품한눈에 Open API,2026-08-10T14:19:08
020000,은행,202607,0010002,한국스탠다드차타드은행,00320342,e-그린세이브예금,3,S,단리,2.90%,2.45%,"61,000",3.00%,"인터넷,스마트폰",1,제한없음 (개인(개인사업자 포함)),단리,,1.SC제일은행 최초 거래 신규고객 우대이율 제공(보너스이율0.1%) 2.만기일에 아래의 조건을 모두 충족하는 경우보너스이율 제공 -6~12개월제(만기일시지급식) 5천만원 이상 가입 -만기일 기준 전전월 마지막 영업일에 수익증권(펀드)*을 3천만원 이상 보유 (가입기간: 6개월~1년제/ 보너스이율:0.1% / 만기해약하는 경우에 한해 보너스이율을 적용함),만기 후 1개월: 약정이율의 50% 만기 후 1개월 초과 1년 이내: 약정이율의 30% 만기 후 1년 초과: 약정이율의 10%,"디지털채널 전용상품 (인터넷, 모바일뱅킹)",1000000000,20260803,99991231,202608031118,금융감독원 금융상품한눈에 Open API,2026-08-10T14:19:08
020000,은행,202607,0010002,한국스탠다드차타드은행,00320342,e-그린세이브예금,6,S,단리,3.20%,2.71%,"135,000",3.40%,"인터넷,스마트폰",1,제한없음 (개인(개인사업자 포함)),단리,,1.SC제일은행 최초 거래 신규고객 우대이율 제공(보너스이율0.1%) 2.만기일에 아래의 조건을 모두 충족하는 경우보너스이율 제공 -6~12개월제(만기일시지급식) 5천만원 이상 가입 -만기일 기준 전전월 마지막 영업일에 수익증권(펀드)*을 3천만원 이상 보유 (가입기간: 6개월~1년제/ 보너스이율:0.1% / 만기해약하는 경우에 한해 보너스이율을 적용함),만기 후 1개월: 약정이율의 50% 만기 후 1개월 초과 1년 이내: 약정이율의 30% 만기 후 1년 초과: 약정이율의 10%,"디지털채널 전용상품 (인터넷, 모바일뱅킹)",1000000000,20260803,99991231,202608031118,금융감독원 금융상품한눈에 Open API,2026-08-10T14:19:08
020000,은행,202607,0010002,한국스탠다드차타드은행,00320342,e-그린세이브예금,12,S,단리,3.65%,3.09%,"309,000",3.85%,"인터넷,스마트폰",1,제한없음 (개인(개인사업자 포함)),단리,,1.SC제일은행 최초 거래 신규고객 우대이율 제공(보너스이율0.1%) 2.만기일에 아래의 조건을 모두 충족하는 경우보너스이율 제공 -6~12개월제(만기일시지급식) 5천만원 이상 가입 -만기일 기준 전전월 마지막 영업일에 수익증권(펀드)*을 3천만원 이상 보유 (가입기간: 6개월~1년제/ 보너스이율:0.1% / 만기해약하는 경우에 한해 보너스이율을 적용함),만기 후 1개월: 약정이율의 50% 만기 후 1개월 초과 1년 이내: 약정이율의 30% 만기 후 1년 초과: 약정이율의 10%,"디지털채널 전용상품 (인터넷, 모바일뱅킹)",1000000000,20260803,99991231,202608031118,금융감독원 금융상품한눈에 Open API,2026-08-10T14:19:08
020000,은행,202607,0010016,아이엠뱅크,10511008001166004,iM함께예금,12,S,단리,3.10%,2.62%,"262,000",3.55%,"영업점,인터넷,스마트폰",1,제한없음 (실명의 개인 및 개인사업자),단리,,"* 최고우대금리: 연0.45%p - 전월 총수신 평잔 30만원 이상 또는 상품 가입 전 첫만남플러스통장 보유 - 상품 가입 전 당행 주택청약상품 보유 - 신규일 ""iM함께적금"" 동시 가입 및 만기(12회 불입) 보유 - 당행 오픈뱅킹서비스에 다른 은행 계좌 등록 각 연0.10%p * 해당 상품을 인터넷/모바일뱅킹을 통해 가입: 연0.05%p",만기 후 1개월 미만 경과 : 약정이자율 x 50% 만기 후 3개월 미만 경과 : 약정이자율 x 25% 만기 후 3개월 이상 경과 : 약정이자율 x 10%,계좌당 가입 최저한도 : 100만원,,20260728,,202607280904,금융감독원 금융상품한눈에 Open API,2026-08-10T14:19:08
020000,은행,202607,0010016,아이엠뱅크,10511008001278000,iM스마트예금,1,S,단리,2.40%,2.03%,"17,000",2.45%,"인터넷,스마트폰",1,제한없음 (실명의 개인),단리,,* 최고우대금리 : 연0.25%p - 가입일(재예치일)로부터 3개월 이내 아래 1가지 이상 요건 충족시 ① 당행 주택청약종합저축 보유 ② 당행 신용(체크)카드 결제실적 보유(결제금액 출금기준) * 해당 상품을 인터넷/모바일뱅킹을 통해 가입 : 연0.05%p,만기 후 1개월 미만 경과 : 약정이자율 x 50% 만기 후 3개월 미만 경과 : 약정이자율 x 25% 만기 후 3개월 이상 경과 : 약정이자율 x 10%,계좌당 가입 최저한도 : 100만원,,20260728,,202607280904,금융감독원 금융상품한눈에 Open API,2026-08-10T14:19:08
020000,은행,202607,0010016,아이엠뱅크,10511008001278000,iM스마트예금,3,S,단리,2.95%,2.50%,"62,000",3.00%,"인터넷,스마트폰",1,제한없음 (실명의 개인),단리,,* 최고우대금리 : 연0.25%p - 가입일(재예치일)로부터 3개월 이내 아래 1가지 이상 요건 충족시 ① 당행 주택청약종합저축 보유 ② 당행 신용(체크)카드 결제실적 보유(결제금액 출금기준) * 해당 상품을 인터넷/모바일뱅킹을 통해 가입 : 연0.05%p,만기 후 1개월 미만 경과 : 약정이자율 x 50% 만기 후 3개월 미만 경과 : 약정이자율 x 25% 만기 후 3개월 이상 경과 : 약정이자율 x 10%,계좌당 가입 최저한도 : 100만원,,20260728,,202607280904,금융감독원 금융상품한눈에 Open API,2026-08-10T14:19:08
020000,은행,202607,0010016,아이엠뱅크,10511008001278000,iM스마트예금,6,S,단리,2.95%,2.50%,"125,000",3.20%,"인터넷,스마트폰",1,제한없음 (실명의 개인),단리,,* 최고우대금리 : 연0.25%p - 가입일(재예치일)로부터 3개월 이내 아래 1가지 이상 요건 충족시 ① 당행 주택청약종합저축 보유 ② 당행 신용(체크)카드 결제실적 보유(결제금액 출금기준) * 해당 상품을 인터넷/모바일뱅킹을 통해 가입 : 연0.05%p,만기 후 1개월 미만 경과 : 약정이자율 x 50% 만기 후 3개월 미만 경과 : 약정이자율 x 25% 만기 후 3개월 이상 경과 : 약정이자율 x 10%,계좌당 가입 최저한도 : 100만원,,20260728,,202607280904,금융감독원 금융상품한눈에 Open API,2026-08-10T14:19:08
020000,은행,202607,0010016,아이엠뱅크,10511008001278000,iM스마트예금,12,S,단리,3.30%,2.79%,"279,000",3.55%,"인터넷,스마트폰",1,제한없음 (실명의 개인),단리,,* 최고우대금리 : 연0.25%p - 가입일(재예치일)로부터 3개월 이내 아래 1가지 이상 요건 충족시 ① 당행 주택청약종합저축 보유 ② 당행 신용(체크)카드 결제실적 보유(결제금액 출금기준) * 해당 상품을 인터넷/모바일뱅킹을 통해 가입 : 연0.05%p,만기 후 1개월 미만 경과 : 약정이자율 x 50% 만기 후 3개월 미만 경과 : 약정이자율 x 25% 만기 후 3개월 이상 경과 : 약정이자율 x 10%,계좌당 가입 최저한도 : 100만원,,20260728,,202607280904,금융감독원 금융상품한눈에 Open API,2026-08-10T14:19:08
020000,은행,202607,0010016,아이엠뱅크,10511008001278000,iM스마트예금,24,S,단리,2.90%,2.45%,"491,000",3.15%,"인터넷,스마트폰",1,제한없음 (실명의 개인),단리,,* 최고우대금리 : 연0.25%p - 가입일(재예치일)로부터 3개월 이내 아래 1가지 이상 요건 충족시 ① 당행 주택청약종합저축 보유 ② 당행 신용(체크)카드 결제실적 보유(결제금액 출금기준) * 해당 상품을 인터넷/모바일뱅킹을 통해 가입 : 연0.05%p,만기 후 1개월 미만 경과 : 약정이자율 x 50% 만기 후 3개월 미만 경과 : 약정이자율 x 25% 만기 후 3개월 이상 경과 : 약정이자율 x 10%,계좌당 가입 최저한도 : 100만원,,20260728,,202607280904,금융감독원 금융상품한눈에 Open API,2026-08-10T14:19:08
020000,은행,202607,0010016,아이엠뱅크,10511008001278000,iM스마트예금,36,S,단리,2.90%,2.45%,"736,000",3.15%,"인터넷,스마트폰",1,제한없음 (실명의 개인),단리,,* 최고우대금리 : 연0.25%p - 가입일(재예치일)로부터 3개월 이내 아래 1가지 이상 요건 충족시 ① 당행 주택청약종합저축 보유 ② 당행 신용(체크)카드 결제실적 보유(결제금액 출금기준) * 해당 상품을 인터넷/모바일뱅킹을 통해 가입 : 연0.05%p,만기 후 1개월 미만 경과 : 약정이자율 x 50% 만기 후 3개월 미만 경과 : 약정이자율 x 25% 만기 후 3개월 이상 경과 : 약정이자율 x 10%,계좌당 가입 최저한도 : 100만원,,20260728,,202607280904,금융감독원 금융상품한눈에 Open API,2026-08-10T14:19:08
020000,은행,202607,0010017,부산은행,01030500510002,LIVE정기예금,1,S,단리,1.80%,1.52%,"13,000",1.80%,"영업점,인터넷",1,제한없음,단리,,*우대이율 가. 3~5개월 특판우대이율 : 0.60% 나. 6~11개월 특판 우대이율: 0.60% 다. 12개월 특판 우대이율 : 0.55%,"- 만기후1년내: 가입기간별 일반정기예금이율 월이자지급식 x 50%, - 만기후1년초과:가입기간별 일반정기예금이율 월이자지급식 x 20%",1. 가입금액 : 1천만원 이상 2. 가입기간 : 1개월 이상 60개월 이하(일단위) 3. 월이자지급식/만기일시지급식,,20260801,,202608041614,금융감독원 금융상품한눈에 Open API,2026-08-10T14:19:08
020000,은행,202607,0010017,부산은행,01030500510002,LIVE정기예금,3,S,단리,2.00%,1.69%,"42,000",2.60%,"영업점,인터넷",1,제한없음,단리,,*우대이율 가. 3~5개월 특판우대이율 : 0.60% 나. 6~11개월 특판 우대이율: 0.60% 다. 12개월 특판 우대이율 : 0.55%,"- 만기후1년내: 가입기간별 일반정기예금이율 월이자지급식 x 50%, - 만기후1년초과:가입기간별 일반정기예금이율 월이자지급식 x 20%",1. 가입금액 : 1천만원 이상 2. 가입기간 : 1개월 이상 60개월 이하(일단위) 3. 월이자지급식/만기일시지급식,,20260801,,202608041614,금융감독원 금융상품한눈에 Open API,2026-08-10T14:19:08
020000,은행,202607,0010017,부산은행,01030500510002,LIVE정기예금,6,S,단리,2.10%,1.78%,"89,000",2.70%,"영업점,인터넷",1,제한없음,단리,,*우대이율 가. 3~5개월 특판우대이율 : 0.60% 나. 6~11개월 특판 우대이율: 0.60% 다. 12개월 특판 우대이율 : 0.55%,"- 만기후1년내: 가입기간별 일반정기예금이율 월이자지급식 x 50%, - 만기후1년초과:가입기간별 일반정기예금이율 월이자지급식 x 20%",1. 가입금액 : 1천만원 이상 2. 가입기간 : 1개월 이상 60개월 이하(일단위) 3. 월이자지급식/만기일시지급식,,20260801,,202608041614,금융감독원 금융상품한눈에 Open API,2026-08-10T14:19:08
020000,은행,202607,0010017,부산은행,01030500510002,LIVE정기예금,12,S,단리,2.25%,1.90%,"190,000",2.80%,"영업점,인터넷",1,제한없음,단리,,*우대이율 가. 3~5개월 특판우대이율 : 0.60% 나. 6~11개월 특판 우대이율: 0.60% 다. 12개월 특판 우대이율 : 0.55%,"- 만기후1년내: 가입기간별 일반정기예금이율 월이자지급식 x 50%, - 만기후1년초과:가입기간별 일반정기예금이율 월이자지급식 x 20%",1. 가입금액 : 1천만원 이상 2. 가입기간 : 1개월 이상 60개월 이하(일단위) 3. 월이자지급식/만기일시지급식,,20260801,,202608041614,금융감독원 금융상품한눈에 Open API,2026-08-10T14:19:08
020000,은행,202607,0010017,부산은행,01030500510002,LIVE정기예금,24,S,단리,1.90%,1.61%,"321,000",1.90%,"영업점,인터넷",1,제한없음,단리,,*우대이율 가. 3~5개월 특판우대이율 : 0.60% 나. 6~11개월 특판 우대이율: 0.60% 다. 12개월 특판 우대이율 : 0.55%,"- 만기후1년내: 가입기간별 일반정기예금이율 월이자지급식 x 50%, - 만기후1년초과:가입기간별 일반정기예금이율 월이자지급식 x 20%",1. 가입금액 : 1천만원 이상 2. 가입기간 : 1개월 이상 60개월 이하(일단위) 3. 월이자지급식/만기일시지급식,,20260801,,202608041614,금융감독원 금융상품한눈에 Open API,2026-08-10T14:19:08
020000,은행,202607,0010017,부산은행,01030500510002,LIVE정기예금,36,S,단리,1.90%,1.61%,"482,000",1.90%,"영업점,인터넷",1,제한없음,단리,,*우대이율 가. 3~5개월 특판우대이율 : 0.60% 나. 6~11개월 특판 우대이율: 0.60% 다. 12개월 특판 우대이율 : 0.55%,"- 만기후1년내: 가입기간별 일반정기예금이율 월이자지급식 x 50%, - 만기후1년초과:가입기간별 일반정기예금이율 월이자지급식 x 20%",1. 가입금액 : 1천만원 이상 2. 가입기간 : 1개월 이상 60개월 이하(일단위) 3. 월이자지급식/만기일시지급식,,20260801,,202608041614,금융감독원 금융상품한눈에 Open API,2026-08-10T14:19:08
020000,은행,202607,0010017,부산은행,01030500560002,더(The) 특판 정기예금,1,S,단리,1.40%,1.18%,"10,000",2.75%,"인터넷,스마트폰",1,제한없음 (실명의 개인),단리,,* 우대이율 (최대 1.35%p) 가. 모바일뱅킹 금융정보 및 혜택알림 동의 우대이율 : 0.10%p 나. 신규고객 또는 정기예금 중도해지고객 우대이율 0.75%p 다. 특판우대이율 : 0.50%p(24개월 0.85%p),"- 만기후1년내: 가입기간별 일반정기예금이율 월이자지급식x 50%, - 만기후1년초과:가입기간별 일반정기예금이율 월이자지급식 x 20%","1. 가입금액 : 1백만원 이상 제한없음 (원단위) 2. 가입기간 : 1개월, 3개월, 6개월, 1년, 2년, 3년 3. 이자지급방식 : 만기일시지급식",,20260720,,202607201543,금융감독원 금융상품한눈에 Open API,2026-08-10T14:19:08
020000,은행,202607,0010017,부산은행,01030500560002,더(The) 특판 정기예금,3,S,단리,1.65%,1.40%,"35,000",3.00%,"인터넷,스마트폰",1,제한없음 (실명의 개인),단리,,* 우대이율 (최대 1.35%p) 가. 모바일뱅킹 금융정보 및 혜택알림 동의 우대이율 : 0.10%p 나. 신규고객 또는 정기예금 중도해지고객 우대이율 0.75%p 다. 특판우대이율 : 0.50%p(24개월 0.85%p),"- 만기후1년내: 가입기간별 일반정기예금이율 월이자지급식x 50%, - 만기후1년초과:가입기간별 일반정기예금이율 월이자지급식 x 20%","1. 가입금액 : 1백만원 이상 제한없음 (원단위) 2. 가입기간 : 1개월, 3개월, 6개월, 1년, 2년, 3년 3. 이자지급방식 : 만기일시지급식",,20260720,,202607201543,금융감독원 금융상품한눈에 Open API,2026-08-10T14:19:08
020000,은행,202607,0010017,부산은행,01030500560002,더(The) 특판 정기예금,6,S,단리,1.80%,1.52%,"76,000",3.15%,"인터넷,스마트폰",1,제한없음 (실명의 개인),단리,,* 우대이율 (최대 1.35%p) 가. 모바일뱅킹 금융정보 및 혜택알림 동의 우대이율 : 0.10%p 나. 신규고객 또는 정기예금 중도해지고객 우대이율 0.75%p 다. 특판우대이율 : 0.50%p(24개월 0.85%p),"- 만기후1년내: 가입기간별 일반정기예금이율 월이자지급식x 50%, - 만기후1년초과:가입기간별 일반정기예금이율 월이자지급식 x 20%","1. 가입금액 : 1백만원 이상 제한없음 (원단위) 2. 가입기간 : 1개월, 3개월, 6개월, 1년, 2년, 3년 3. 이자지급방식 : 만기일시지급식",,20260720,,202607201543,금융감독원 금융상품한눈에 Open API,2026-08-10T14:19:08
020000,은행,202607,0010017,부산은행,01030500560002,더(The) 특판 정기예금,12,S,단리,2.20%,1.86%,"186,000",3.55%,"인터넷,스마트폰",1,제한없음 (실명의 개인),단리,,* 우대이율 (최대 1.35%p) 가. 모바일뱅킹 금융정보 및 혜택알림 동의 우대이율 : 0.10%p 나. 신규고객 또는 정기예금 중도해지고객 우대이율 0.75%p 다. 특판우대이율 : 0.50%p(24개월 0.85%p),"- 만기후1년내: 가입기간별 일반정기예금이율 월이자지급식x 50%, - 만기후1년초과:가입기간별 일반정기예금이율 월이자지급식 x 20%","1. 가입금액 : 1백만원 이상 제한없음 (원단위) 2. 가입기간 : 1개월, 3개월, 6개월, 1년, 2년, 3년 3. 이자지급방식 : 만기일시지급식",,20260720,,202607201543,금융감독원 금융상품한눈에 Open API,2026-08-10T14:19:08
020000,은행,202607,0010017,부산은행,01030500560002,더(The) 특판 정기예금,24,S,단리,1.85%,1.57%,"313,000",3.55%,"인터넷,스마트폰",1,제한없음 (실명의 개인),단리,,* 우대이율 (최대 1.35%p) 가. 모바일뱅킹 금융정보 및 혜택알림 동의 우대이율 : 0.10%p 나. 신규고객 또는 정기예금 중도해지고객 우대이율 0.75%p 다. 특판우대이율 : 0.50%p(24개월 0.85%p),"- 만기후1년내: 가입기간별 일반정기예금이율 월이자지급식x 50%, - 만기후1년초과:가입기간별 일반정기예금이율 월이자지급식 x 20%","1. 가입금액 : 1백만원 이상 제한없음 (원단위) 2. 가입기간 : 1개월, 3개월, 6개월, 1년, 2년, 3년 3. 이자지급방식 : 만기일시지급식",,20260720,,202607201543,금융감독원 금융상품한눈에 Open API,2026-08-10T14:19:08
020000,은행,202607,0010017,부산은행,01030500560002,더(The) 특판 정기예금,36,S,단리,1.25%,1.06%,"317,000",2.60%,"인터넷,스마트폰",1,제한없음 (실명의 개인),단리,,* 우대이율 (최대 1.35%p) 가. 모바일뱅킹 금융정보 및 혜택알림 동의 우대이율 : 0.10%p 나. 신규고객 또는 정기예금 중도해지고객 우대이율 0.75%p 다. 특판우대이율 : 0.50%p(24개월 0.85%p),"- 만기후1년내: 가입기간별 일반정기예금이율 월이자지급식x 50%, - 만기후1년초과:가입기간별 일반정기예금이율 월이자지급식 x 20%","1. 가입금액 : 1백만원 이상 제한없음 (원단위) 2. 가입기간 : 1개월, 3개월, 6개월, 1년, 2년, 3년 3. 이자지급방식 : 만기일시지급식",,20260720,,202607201543,금융감독원 금융상품한눈에 Open API,2026-08-10T14:19:08
020000,은행,202607,0010017,부산은행,01030500600002,더(The) 레벨업 정기예금,6,S,단리,2.50%,2.11%,"106,000",3.40%,스마트폰,1,제한없음 (실명의 개인),단리,,*우대이율(최대 0.90%p) 가. 모바일뱅킹 금융정보 및 혜택알림 동의 우대이율 : 0.10%p 나. 비대면 정기예금 재예치 우대이율 : 0.80%,"- 만기후1년내: 가입기간별 일반정기예금이율 월이자지급식 x 50%, - 만기후1년초과:가입기간별 일반정기예금이율월 이자지급식 x 20%","1. 가입금액 : 1백만원 이상 제한없음 (원단위) 2. 가입기간 : 6개월, 1년 3. 이자지급방식 : 만기일시지급식",,20260720,,202607201543,금융감독원 금융상품한눈에 Open API,2026-08-10T14:19:08
020000,은행,202607,0010017,부산은행,01030500600002,더(The) 레벨업 정기예금,12,S,단리,2.65%,2.24%,"224,000",3.55%,스마트폰,1,제한없음 (실명의 개인),단리,,*우대이율(최대 0.90%p) 가. 모바일뱅킹 금융정보 및 혜택알림 동의 우대이율 : 0.10%p 나. 비대면 정기예금 재예치 우대이율 : 0.80%,"- 만기후1년내: 가입기간별 일반정기예금이율 월이자지급식 x 50%, - 만기후1년초과:가입기간별 일반정기예금이율월 이자지급식 x 20%","1. 가입금액 : 1백만원 이상 제한없음 (원단위) 2. 가입기간 : 6개월, 1년 3. 이자지급방식 : 만기일시지급식",,20260720,,202607201543,금융감독원 금융상품한눈에 Open API,2026-08-10T14:19:08
020000,은행,202607,0010019,광주은행,TD11300027000,미즈월복리정기예금,12,M,복리,3.32%,2.81%,"285,186",3.52%,"영업점,인터넷,스마트폰,기타",1,제한없음 (만18세이상 여성으로 실명의 개인 및 개인사업자),복리,,"▶ 최고우대금리 0.2% ① 요구불평잔 : 0.2% -300만원이상 0.1%, 500만원이상 0.2% ② 신용(체크)카드결제실적 : 0.1% -전월결제금 300만원이상 0.05%, 500만원이상 0.1%",*만기후 1개월 이내: 만기일 당시 최초 가입 기간별 일반정기예금 고시금리의 1/2 *만기후 1개월 초과: 0.01%,1. 가입기간 : 1년이상 3년제 2. 가입금액 : 5백만원이상 최고 50백만원,50000000,20260720,,202608060840,금융감독원 금융상품한눈에 Open API,2026-08-10T14:19:08
020000,은행,202607,0010019,광주은행,TD11300027000,미즈월복리정기예금,24,M,복리,3.19%,2.70%,"556,575",3.39%,"영업점,인터넷,스마트폰,기타",1,제한없음 (만18세이상 여성으로 실명의 개인 및 개인사업자),복리,,"▶ 최고우대금리 0.2% ① 요구불평잔 : 0.2% -300만원이상 0.1%, 500만원이상 0.2% ② 신용(체크)카드결제실적 : 0.1% -전월결제금 300만원이상 0.05%, 500만원이상 0.1%",*만기후 1개월 이내: 만기일 당시 최초 가입 기간별 일반정기예금 고시금리의 1/2 *만기후 1개월 초과: 0.01%,1. 가입기간 : 1년이상 3년제 2. 가입금액 : 5백만원이상 최고 50백만원,50000000,20260720,,202608060840,금융감독원 금융상품한눈에 Open API,2026-08-10T14:19:08
020000,은행,202607,0010019,광주은행,TD11300027000,미즈월복리정기예금,36,M,복리,3.14%,2.66%,"834,531",3.34%,"영업점,인터넷,스마트폰,기타",1,제한없음 (만18세이상 여성으로 실명의 개인 및 개인사업자),복리,,"▶ 최고우대금리 0.2% ① 요구불평잔 : 0.2% -300만원이상 0.1%, 500만원이상 0.2% ② 신용(체크)카드결제실적 : 0.1% -전월결제금 300만원이상 0.05%, 500만원이상 0.1%",*만기후 1개월 이내: 만기일 당시 최초 가입 기간별 일반정기예금 고시금리의 1/2 *만기후 1개월 초과: 0.01%,1. 가입기간 : 1년이상 3년제 2. 가입금액 : 5백만원이상 최고 50백만원,50000000,20260720,,202608060840,금융감독원 금융상품한눈에 Open API,2026-08-10T14:19:08
020000,은행,202607,0010019,광주은행,TD11300031000,스마트모아Dream정기예금,1,S,단리,2.36%,2.00%,"17,000",2.46%,"인터넷,스마트폰",1,제한없음 (개인 및 개인사업자),단리,,"▶ 1년미만, 1천만원이상 0.10%p ▶ 1년이상, 1천만원이상 0.20%p",*만기후 1개월 이내: 만기일 당시 최초 가입 기간별 일반정기예금 고시금리의 1/2 *만기후 1개월 초과: 0.01%,1. 가입기간 : 1개월이상 3년제 2. 최소가입금액 : 100만원이상,,20260720,,202608060839,금융감독원 금융상품한눈에 Open API,2026-08-10T14:19:08
020000,은행,202607,0010019,광주은행,TD11300031000,스마트모아Dream정기예금,3,S,단리,2.57%,2.17%,"54,000",2.67%,"인터넷,스마트폰",1,제한없음 (개인 및 개인사업자),단리,,"▶ 1년미만, 1천만원이상 0.10%p ▶ 1년이상, 1천만원이상 0.20%p",*만기후 1개월 이내: 만기일 당시 최초 가입 기간별 일반정기예금 고시금리의 1/2 *만기후 1개월 초과: 0.01%,1. 가입기간 : 1개월이상 3년제 2. 최소가입금액 : 100만원이상,,20260720,,202608060839,금융감독원 금융상품한눈에 Open API,2026-08-10T14:19:08
020000,은행,202607,0010019,광주은행,TD11300031000,스마트모아Dream정기예금,6,S,단리,2.83%,2.39%,"120,000",2.93%,"인터넷,스마트폰",1,제한없음 (개인 및 개인사업자),단리,,"▶ 1년미만, 1천만원이상 0.10%p ▶ 1년이상, 1천만원이상 0.20%p",*만기후 1개월 이내: 만기일 당시 최초 가입 기간별 일반정기예금 고시금리의 1/2 *만기후 1개월 초과: 0.01%,1. 가입기간 : 1개월이상 3년제 2. 최소가입금액 : 100만원이상,,20260720,,202608060839,금융감독원 금융상품한눈에 Open API,2026-08-10T14:19:08
020000,은행,202607,0010019,광주은행,TD11300031000,스마트모아Dream정기예금,12,S,단리,3.22%,2.72%,"272,000",3.42%,"인터넷,스마트폰",1,제한없음 (개인 및 개인사업자),단리,,"▶ 1년미만, 1천만원이상 0.10%p ▶ 1년이상, 1천만원이상 0.20%p",*만기후 1개월 이내: 만기일 당시 최초 가입 기간별 일반정기예금 고시금리의 1/2 *만기후 1개월 초과: 0.01%,1. 가입기간 : 1개월이상 3년제 2. 최소가입금액 : 100만원이상,,20260720,,202608060839,금융감독원 금융상품한눈에 Open API,2026-08-10T14:19:08
020000,은행,202607,0010019,광주은행,TD11300031000,스마트모아Dream정기예금,24,S,단리,3.09%,2.61%,"523,000",3.29%,"인터넷,스마트폰",1,제한없음 (개인 및 개인사업자),단리,,"▶ 1년미만, 1천만원이상 0.10%p ▶ 1년이상, 1천만원이상 0.20%p",*만기후 1개월 이내: 만기일 당시 최초 가입 기간별 일반정기예금 고시금리의 1/2 *만기후 1개월 초과: 0.01%,1. 가입기간 : 1개월이상 3년제 2. 최소가입금액 : 100만원이상,,20260720,,202608060839,금융감독원 금융상품한눈에 Open API,2026-08-10T14:19:08
020000,은행,202607,0010019,광주은행,TD11300031000,스마트모아Dream정기예금,36,S,단리,3.04%,2.57%,"772,000",3.24%,"인터넷,스마트폰",1,제한없음 (개인 및 개인사업자),단리,,"▶ 1년미만, 1천만원이상 0.10%p ▶ 1년이상, 1천만원이상 0.20%p",*만기후 1개월 이내: 만기일 당시 최초 가입 기간별 일반정기예금 고시금리의 1/2 *만기후 1개월 초과: 0.01%,1. 가입기간 : 1개월이상 3년제 2. 최소가입금액 : 100만원이상,,20260720,,202608060839,금융감독원 금융상품한눈에 Open API,2026-08-10T14:19:08
020000,은행,202607,0010019,광주은행,TD11300035000,굿스타트예금,12,S,단리,3.12%,2.64%,"264,000",3.62%,스마트폰,1,제한없음 (개인 및 개인사업자),단리,,▶ 최고우대금리 0.5% ① 첫예금거래 : 0.4% -최근1년동안 정기예금 계좌 신규 또는 해지이력이 없는경우 ② 개인(신용)정보 수집이용동의 : 0.1% -만기일전일까지 유지시,*만기후 1개월 이내: 만기일 당시 최초 가입 기간별 일반정기예금 고시금리의 1/2 *만기후 1개월 초과: 0.01%,1. 가입기간 : 1년제 2. 가입금액 : 1백만원이상 최고 1억원(1인1계좌),100000000,20260720,,202608060840,금융감독원 금융상품한눈에 Open API,2026-08-10T14:19:08
020000,은행,202607,0010019,광주은행,TD11300036000,The플러스예금,3,S,단리,2.45%,2.07%,"52,000",2.45%,"영업점,스마트폰",1,"제한없음 (개인 및 법인(단,국가 지자체 및 금융기관 제외))",단리,,▶ 해당사항없음,*만기후 1개월 이내: 만기일 당시 최초 가입 기간별 일반정기예금 고시금리의 1/2 *만기후 1개월 초과: 0.01%,"1. 가입기간 : 3개월,6개월,1년제 2. 가입금액 : 10백만원이상 고객당 10억원한도",1000000000,20260720,,202608060838,금융감독원 금융상품한눈에 Open API,2026-08-10T14:19:08
020000,은행,202607,0010019,광주은행,TD11300036000,The플러스예금,6,S,단리,2.68%,2.27%,"113,000",2.68%,"영업점,스마트폰",1,"제한없음 (개인 및 법인(단,국가 지자체 및 금융기관 제외))",단리,,▶ 해당사항없음,*만기후 1개월 이내: 만기일 당시 최초 가입 기간별 일반정기예금 고시금리의 1/2 *만기후 1개월 초과: 0.01%,"1. 가입기간 : 3개월,6개월,1년제 2. 가입금액 : 10백만원이상 고객당 10억원한도",1000000000,20260720,,202608060838,금융감독원 금융상품한눈에 Open API,2026-08-10T14:19:08
020000,은행,202607,0010019,광주은행,TD11300036000,The플러스예금,12,S,단리,2.70%,2.28%,"228,000",2.70%,"영업점,스마트폰",1,"제한없음 (개인 및 법인(단,국가 지자체 및 금융기관 제외))",단리,,▶ 해당사항없음,*만기후 1개월 이내: 만기일 당시 최초 가입 기간별 일반정기예금 고시금리의 1/2 *만기후 1개월 초과: 0.01%,"1. 가입기간 : 3개월,6개월,1년제 2. 가입금액 : 10백만원이상 고객당 10억원한도",1000000000,20260720,,202608060838,금융감독원 금융상품한눈에 Open API,2026-08-10T14:19:08
020000,은행,202607,0010020,제주은행,101272000006,제주Dream 정기예금 (개인/만기 지급식),1,S,단리,2.00%,1.69%,"14,000",2.10%,"영업점,인터넷,스마트폰",1,제한없음,단리,,"최고 연 0.1%p(항목별 0.1%p) ①급여이체 ②적립식예금 잔액 10만원 이상 보유 ③탑스, 주거래 고객 ④결제계좌(가맹점) 전월 입금액 10만원 이상 ⑤비과세종합저축 대상 고객 ⑥다자녀(3인이상 자녀)가정 ⑦탐나는 J연금통장 가입고객 ⑧국민연금안심통장 가입고객 ⑨공무원연금안심통장 가입고객","- 만기후 1개월 이내 : (일반)정기예금 기본이자율의 50% (단, 최저금리 0.1%) - 만기후 1개월 초과 3개월 이내 : (일반)정기예금 기본이자율의 25% (단, 최저금리 0.1%) - 만기후 3개월 초과 : 0.1%",가입금액 : 1백만원 이상,,20260720,,202607201018,금융감독원 금융상품한눈에 Open API,2026-08-10T14:19:08
020000,은행,202607,0010020,제주은행,101272000006,제주Dream 정기예금 (개인/만기 지급식),3,S,단리,2.10%,1.78%,"44,000",2.20%,"영업점,인터넷,스마트폰",1,제한없음,단리,,"최고 연 0.1%p(항목별 0.1%p) ①급여이체 ②적립식예금 잔액 10만원 이상 보유 ③탑스, 주거래 고객 ④결제계좌(가맹점) 전월 입금액 10만원 이상 ⑤비과세종합저축 대상 고객 ⑥다자녀(3인이상 자녀)가정 ⑦탐나는 J연금통장 가입고객 ⑧국민연금안심통장 가입고객 ⑨공무원연금안심통장 가입고객","- 만기후 1개월 이내 : (일반)정기예금 기본이자율의 50% (단, 최저금리 0.1%) - 만기후 1개월 초과 3개월 이내 : (일반)정기예금 기본이자율의 25% (단, 최저금리 0.1%) - 만기후 3개월 초과 : 0.1%",가입금액 : 1백만원 이상,,20260720,,202607201018,금융감독원 금융상품한눈에 Open API,2026-08-10T14:19:08
020000,은행,202607,0010020,제주은행,101272000006,제주Dream 정기예금 (개인/만기 지급식),6,S,단리,2.25%,1.90%,"95,000",2.35%,"영업점,인터넷,스마트폰",1,제한없음,단리,,"최고 연 0.1%p(항목별 0.1%p) ①급여이체 ②적립식예금 잔액 10만원 이상 보유 ③탑스, 주거래 고객 ④결제계좌(가맹점) 전월 입금액 10만원 이상 ⑤비과세종합저축 대상 고객 ⑥다자녀(3인이상 자녀)가정 ⑦탐나는 J연금통장 가입고객 ⑧국민연금안심통장 가입고객 ⑨공무원연금안심통장 가입고객","- 만기후 1개월 이내 : (일반)정기예금 기본이자율의 50% (단, 최저금리 0.1%) - 만기후 1개월 초과 3개월 이내 : (일반)정기예금 기본이자율의 25% (단, 최저금리 0.1%) - 만기후 3개월 초과 : 0.1%",가입금액 : 1백만원 이상,,20260720,,202607201018,금융감독원 금융상품한눈에 Open API,2026-08-10T14:19:08
020000,은행,202607,0010020,제주은행,101272000006,제주Dream 정기예금 (개인/만기 지급식),12,S,단리,2.30%,1.95%,"195,000",2.40%,"영업점,인터넷,스마트폰",1,제한없음,단리,,"최고 연 0.1%p(항목별 0.1%p) ①급여이체 ②적립식예금 잔액 10만원 이상 보유 ③탑스, 주거래 고객 ④결제계좌(가맹점) 전월 입금액 10만원 이상 ⑤비과세종합저축 대상 고객 ⑥다자녀(3인이상 자녀)가정 ⑦탐나는 J연금통장 가입고객 ⑧국민연금안심통장 가입고객 ⑨공무원연금안심통장 가입고객","- 만기후 1개월 이내 : (일반)정기예금 기본이자율의 50% (단, 최저금리 0.1%) - 만기후 1개월 초과 3개월 이내 : (일반)정기예금 기본이자율의 25% (단, 최저금리 0.1%) - 만기후 3개월 초과 : 0.1%",가입금액 : 1백만원 이상,,20260720,,202607201018,금융감독원 금융상품한눈에 Open API,2026-08-10T14:19:08
020000,은행,202607,0010020,제주은행,101272000006,제주Dream 정기예금 (개인/만기 지급식),24,S,단리,2.20%,1.86%,"372,000",2.30%,"영업점,인터넷,스마트폰",1,제한없음,단리,,"최고 연 0.1%p(항목별 0.1%p) ①급여이체 ②적립식예금 잔액 10만원 이상 보유 ③탑스, 주거래 고객 ④결제계좌(가맹점) 전월 입금액 10만원 이상 ⑤비과세종합저축 대상 고객 ⑥다자녀(3인이상 자녀)가정 ⑦탐나는 J연금통장 가입고객 ⑧국민연금안심통장 가입고객 ⑨공무원연금안심통장 가입고객","- 만기후 1개월 이내 : (일반)정기예금 기본이자율의 50% (단, 최저금리 0.1%) - 만기후 1개월 초과 3개월 이내 : (일반)정기예금 기본이자율의 25% (단, 최저금리 0.1%) - 만기후 3개월 초과 : 0.1%",가입금액 : 1백만원 이상,,20260720,,202607201018,금융감독원 금융상품한눈에 Open API,2026-08-10T14:19:08
020000,은행,202607,0010020,제주은행,101272000006,제주Dream 정기예금 (개인/만기 지급식),36,S,단리,2.20%,1.86%,"558,000",2.30%,"영업점,인터넷,스마트폰",1,제한없음,단리,,"최고 연 0.1%p(항목별 0.1%p) ①급여이체 ②적립식예금 잔액 10만원 이상 보유 ③탑스, 주거래 고객 ④결제계좌(가맹점) 전월 입금액 10만원 이상 ⑤비과세종합저축 대상 고객 ⑥다자녀(3인이상 자녀)가정 ⑦탐나는 J연금통장 가입고객 ⑧국민연금안심통장 가입고객 ⑨공무원연금안심통장 가입고객","- 만기후 1개월 이내 : (일반)정기예금 기본이자율의 50% (단, 최저금리 0.1%) - 만기후 1개월 초과 3개월 이내 : (일반)정기예금 기본이자율의 25% (단, 최저금리 0.1%) - 만기후 3개월 초과 : 0.1%",가입금액 : 1백만원 이상,,20260720,,202607201018,금융감독원 금융상품한눈에 Open API,2026-08-10T14:19:08
020000,은행,202607,0010020,제주은행,101272000057,J정기예금 (만기지급식),1,S,단리,1.40%,1.18%,"10,000",2.40%,"영업점,인터넷,스마트폰",1,제한없음 (실명의 개인 및 개인사업자),단리,,"- 아래의 우대요건 충족시 최고 0.5%p 추가 우대 ①비대면 채널 가입시 0.3%제공(신규시제공) (단, 이벤트시 디지털 채널에 고시한 우대금리를 추가 적용할 수 있음) ②신규일로부터 만기달 제외한 계약기간의 1/2이상 매월 Jbank로그인 시 0.2%제공(만기시제공)","- 만기후 1개월 이내 : (일반)정기예금 기본이자율의 50% (단, 최저금리 0.1%) - 만기후 1개월 초과 3개월 이내 : (일반)정기예금 기본이자율의 25% (단, 최저금리 0.1%) - 만기후 3개월 초과 : 0.1%",가입금액 : 30만원 이상,,20260720,,202607201018,금융감독원 금융상품한눈에 Open API,2026-08-10T14:19:08
020000,은행,202607,0010020,제주은행,101272000057,J정기예금 (만기지급식),3,S,단리,1.70%,1.44%,"36,000",2.65%,"영업점,인터넷,스마트폰",1,제한없음 (실명의 개인 및 개인사업자),단리,,"- 아래의 우대요건 충족시 최고 0.5%p 추가 우대 ①비대면 채널 가입시 0.3%제공(신규시제공) (단, 이벤트시 디지털 채널에 고시한 우대금리를 추가 적용할 수 있음) ②신규일로부터 만기달 제외한 계약기간의 1/2이상 매월 Jbank로그인 시 0.2%제공(만기시제공)","- 만기후 1개월 이내 : (일반)정기예금 기본이자율의 50% (단, 최저금리 0.1%) - 만기후 1개월 초과 3개월 이내 : (일반)정기예금 기본이자율의 25% (단, 최저금리 0.1%) - 만기후 3개월 초과 : 0.1%",가입금액 : 30만원 이상,,20260720,,202607201018,금융감독원 금융상품한눈에 Open API,2026-08-10T14:19:08
020000,은행,202607,0010020,제주은행,101272000057,J정기예금 (만기지급식),6,S,단리,1.90%,1.61%,"80,000",2.90%,"영업점,인터넷,스마트폰",1,제한없음 (실명의 개인 및 개인사업자),단리,,"- 아래의 우대요건 충족시 최고 0.5%p 추가 우대 ①비대면 채널 가입시 0.3%제공(신규시제공) (단, 이벤트시 디지털 채널에 고시한 우대금리를 추가 적용할 수 있음) ②신규일로부터 만기달 제외한 계약기간의 1/2이상 매월 Jbank로그인 시 0.2%제공(만기시제공)","- 만기후 1개월 이내 : (일반)정기예금 기본이자율의 50% (단, 최저금리 0.1%) - 만기후 1개월 초과 3개월 이내 : (일반)정기예금 기본이자율의 25% (단, 최저금리 0.1%) - 만기후 3개월 초과 : 0.1%",가입금액 : 30만원 이상,,20260720,,202607201018,금융감독원 금융상품한눈에 Open API,2026-08-10T14:19:08
020000,은행,202607,0010020,제주은행,101272000057,J정기예금 (만기지급식),12,S,단리,2.00%,1.69%,"169,000",3.70%,"영업점,인터넷,스마트폰",1,제한없음 (실명의 개인 및 개인사업자),단리,,"- 아래의 우대요건 충족시 최고 0.5%p 추가 우대 ①비대면 채널 가입시 0.3%제공(신규시제공) (단, 이벤트시 디지털 채널에 고시한 우대금리를 추가 적용할 수 있음) ②신규일로부터 만기달 제외한 계약기간의 1/2이상 매월 Jbank로그인 시 0.2%제공(만기시제공)","- 만기후 1개월 이내 : (일반)정기예금 기본이자율의 50% (단, 최저금리 0.1%) - 만기후 1개월 초과 3개월 이내 : (일반)정기예금 기본이자율의 25% (단, 최저금리 0.1%) - 만기후 3개월 초과 : 0.1%",가입금액 : 30만원 이상,,20260720,,202607201018,금융감독원 금융상품한눈에 Open API,2026-08-10T14:19:08
020000,은행,202607,0010020,제주은행,101272000057,J정기예금 (만기지급식),24,S,단리,1.85%,1.57%,"313,000",2.80%,"영업점,인터넷,스마트폰",1,제한없음 (실명의 개인 및 개인사업자),단리,,"- 아래의 우대요건 충족시 최고 0.5%p 추가 우대 ①비대면 채널 가입시 0.3%제공(신규시제공) (단, 이벤트시 디지털 채널에 고시한 우대금리를 추가 적용할 수 있음) ②신규일로부터 만기달 제외한 계약기간의 1/2이상 매월 Jbank로그인 시 0.2%제공(만기시제공)","- 만기후 1개월 이내 : (일반)정기예금 기본이자율의 50% (단, 최저금리 0.1%) - 만기후 1개월 초과 3개월 이내 : (일반)정기예금 기본이자율의 25% (단, 최저금리 0.1%) - 만기후 3개월 초과 : 0.1%",가입금액 : 30만원 이상,,20260720,,202607201018,금융감독원 금융상품한눈에 Open API,2026-08-10T14:19:08
020000,은행,202607,0010020,제주은행,101272000057,J정기예금 (만기지급식),36,S,단리,1.85%,1.57%,"470,000",2.80%,"영업점,인터넷,스마트폰",1,제한없음 (실명의 개인 및 개인사업자),단리,,"- 아래의 우대요건 충족시 최고 0.5%p 추가 우대 ①비대면 채널 가입시 0.3%제공(신규시제공) (단, 이벤트시 디지털 채널에 고시한 우대금리를 추가 적용할 수 있음) ②신규일로부터 만기달 제외한 계약기간의 1/2이상 매월 Jbank로그인 시 0.2%제공(만기시제공)","- 만기후 1개월 이내 : (일반)정기예금 기본이자율의 50% (단, 최저금리 0.1%) - 만기후 1개월 초과 3개월 이내 : (일반)정기예금 기본이자율의 25% (단, 최저금리 0.1%) - 만기후 3개월 초과 : 0.1%",가입금액 : 30만원 이상,,20260720,,202607201018,금융감독원 금융상품한눈에 Open API,2026-08-10T14:19:08
020000,은행,202607,0010020,제주은행,101272000058,스마일드림 정기예금 (개인/선이자 지급식),3,S,단리,1.70%,1.44%,"36,000",2.55%,"영업점,스마트폰",1,제한없음 (실명의 개인 및 개인사업자),단리,,"-아래의 우대요건 충족시 최고0.3% 추가우대(신규시제공) ①김만덕나눔적금 보유 또는 김만적 나눔적금 만기 해지고객 0.2%우대(가입시제공) ②예금가입시 탐나는전 체크카드 보유고객 0.1%우대(가입시제공) (단, 이벤트시 영업점,디지털채널에 고시한 우대금리를 추가 적용할 수 있음)","- 만기후 1개월 이내 : (일반)정기예금 기본이자율의 50% (단, 최저금리 0.1%) - 만기후 1개월 초과 3개월 이내 : (일반)정기예금 기본이자율의 25% (단, 최저금리 0.1%) - 만기후 3개월 초과 : 0.1%",가입금액 : 1백만원 이상,,20260720,,202607201018,금융감독원 금융상품한눈에 Open API,2026-08-10T14:19:08
020000,은행,202607,0010020,제주은행,101272000058,스마일드림 정기예금 (개인/선이자 지급식),6,S,단리,1.80%,1.52%,"76,000",2.80%,"영업점,스마트폰",1,제한없음 (실명의 개인 및 개인사업자),단리,,"-아래의 우대요건 충족시 최고0.3% 추가우대(신규시제공) ①김만덕나눔적금 보유 또는 김만적 나눔적금 만기 해지고객 0.2%우대(가입시제공) ②예금가입시 탐나는전 체크카드 보유고객 0.1%우대(가입시제공) (단, 이벤트시 영업점,디지털채널에 고시한 우대금리를 추가 적용할 수 있음)","- 만기후 1개월 이내 : (일반)정기예금 기본이자율의 50% (단, 최저금리 0.1%) - 만기후 1개월 초과 3개월 이내 : (일반)정기예금 기본이자율의 25% (단, 최저금리 0.1%) - 만기후 3개월 초과 : 0.1%",가입금액 : 1백만원 이상,,20260720,,202607201018,금융감독원 금융상품한눈에 Open API,2026-08-10T14:19:08
020000,은행,202607,0010020,제주은행,101272000058,스마일드림 정기예금 (개인/선이자 지급식),12,S,단리,1.90%,1.61%,"161,000",2.85%,"영업점,스마트폰",1,제한없음 (실명의 개인 및 개인사업자),단리,,"-아래의 우대요건 충족시 최고0.3% 추가우대(신규시제공) ①김만덕나눔적금 보유 또는 김만적 나눔적금 만기 해지고객 0.2%우대(가입시제공) ②예금가입시 탐나는전 체크카드 보유고객 0.1%우대(가입시제공) (단, 이벤트시 영업점,디지털채널에 고시한 우대금리를 추가 적용할 수 있음)","- 만기후 1개월 이내 : (일반)정기예금 기본이자율의 50% (단, 최저금리 0.1%) - 만기후 1개월 초과 3개월 이내 : (일반)정기예금 기본이자율의 25% (단, 최저금리 0.1%) - 만기후 3개월 초과 : 0.1%",가입금액 : 1백만원 이상,,20260720,,202607201018,금융감독원 금융상품한눈에 Open API,2026-08-10T14:19:08
020000,은행,202607,0010022,전북은행,10-01-20-024-0046-0000,JB 다이렉트예금통장 (만기일시지급식),3,S,단리,2.50%,2.11%,"53,000",2.50%,"인터넷,스마트폰",1,제한없음 (실명의 개인(임의단체 제외),단리,,우대조건 없음,만기후 1개월 이하 : 만기일 현재 계약기간별 정기예금 실행이율 1/2 만기후 1개월 초과 : 연 0.01%,가입금액 1계좌당 1백만원이상 인터넷/스마트폰뱅킹 가입상품,,20260721,,202607211424,금융감독원 금융상품한눈에 Open API,2026-08-10T14:19:08
020000,은행,202607,0010022,전북은행,10-01-20-024-0046-0000,JB 다이렉트예금통장 (만기일시지급식),6,S,단리,3.45%,2.92%,"146,000",3.45%,"인터넷,스마트폰",1,제한없음 (실명의 개인(임의단체 제외),단리,,우대조건 없음,만기후 1개월 이하 : 만기일 현재 계약기간별 정기예금 실행이율 1/2 만기후 1개월 초과 : 연 0.01%,가입금액 1계좌당 1백만원이상 인터넷/스마트폰뱅킹 가입상품,,20260721,,202607211424,금융감독원 금융상품한눈에 Open API,2026-08-10T14:19:08
020000,은행,202607,0010022,전북은행,10-01-20-024-0046-0000,JB 다이렉트예금통장 (만기일시지급식),12,S,단리,3.76%,3.18%,"318,000",3.76%,"인터넷,스마트폰",1,제한없음 (실명의 개인(임의단체 제외),단리,,우대조건 없음,만기후 1개월 이하 : 만기일 현재 계약기간별 정기예금 실행이율 1/2 만기후 1개월 초과 : 연 0.01%,가입금액 1계좌당 1백만원이상 인터넷/스마트폰뱅킹 가입상품,,20260721,,202607211424,금융감독원 금융상품한눈에 Open API,2026-08-10T14:19:08
020000,은행,202607,0010022,전북은행,10-01-20-024-0059-0000,JB 123 정기예금 (만기일시지급식),12,S,단리,3.21%,2.72%,"272,000",3.81%,"인터넷,스마트폰",1,제한없음 (실명의 개인 또는 개인사업자 (1인 다계좌 가입 가능함)),단리,,"자동재예치 우대이율 1회차 0.1%, 2회차 0.2%, 3회차 0.3% (이벤트우대이율) 2026.5.28~12.31 까지 1)가입일직전 6개월 동안 당행 원화 정기예금 보유이력이 없는 경우 0.50% 2.개인(신용)정보 수집/이용 동의한 경우(단, 상품서비스 안내수단 전체 동의한 경우에 한함) 0.10%",만기후 1개월 이하 : 만기일 현재 계약기간별 정기예금 실행이율 1/2 만기후 1개월 초과 : 연 0.01%,"예금의 신규 : 인터넷뱅킹, 모바일뱅킹, 모바일웹, BDT 예금의 해지 : 인터넷뱅킹, 모바일뱅킹, 영업점 가입금액 최저 1백만원이상",,20260721,,202607211424,금융감독원 금융상품한눈에 Open API,2026-08-10T14:19:08
020000,은행,202607,0010022,전북은행,10-01-20-024-0063-0000,내맘 쏙 정기예금,1,S,단리,1.90%,1.61%,"13,000",2.00%,"인터넷,스마트폰",1,제한없음 (실명의 개인 및 개인사업자),단리,,1. 마케팅동의고객 0.10%,만기후 1개월 이하 : 만기일 현재 계약기간별 정기예금 실행이율 1/2 만기후 1개월 초과 : 연 0.01%,"가입금액 : 계좌당 10만원 이상 예금의 신규 : 모바일뱅킹, 모바일Web 예금의 해지 : 모바일뱅킹, 인터넷뱅킹, 영업점 계약기간 : 1개월이상 12개월이내(월단위)",,20260721,,202607211424,금융감독원 금융상품한눈에 Open API,2026-08-10T14:19:08
020000,은행,202607,0010022,전북은행,10-01-20-024-0063-0000,내맘 쏙 정기예금,3,S,단리,2.35%,1.99%,"50,000",2.45%,"인터넷,스마트폰",1,제한없음 (실명의 개인 및 개인사업자),단리,,1. 마케팅동의고객 0.10%,만기후 1개월 이하 : 만기일 현재 계약기간별 정기예금 실행이율 1/2 만기후 1개월 초과 : 연 0.01%,"가입금액 : 계좌당 10만원 이상 예금의 신규 : 모바일뱅킹, 모바일Web 예금의 해지 : 모바일뱅킹, 인터넷뱅킹, 영업점 계약기간 : 1개월이상 12개월이내(월단위)",,20260721,,202607211424,금융감독원 금융상품한눈에 Open API,2026-08-10T14:19:08
020000,은행,202607,0010022,전북은행,10-01-20-024-0063-0000,내맘 쏙 정기예금,6,S,단리,2.35%,1.99%,"99,000",2.45%,"인터넷,스마트폰",1,제한없음 (실명의 개인 및 개인사업자),단리,,1. 마케팅동의고객 0.10%,만기후 1개월 이하 : 만기일 현재 계약기간별 정기예금 실행이율 1/2 만기후 1개월 초과 : 연 0.01%,"가입금액 : 계좌당 10만원 이상 예금의 신규 : 모바일뱅킹, 모바일Web 예금의 해지 : 모바일뱅킹, 인터넷뱅킹, 영업점 계약기간 : 1개월이상 12개월이내(월단위)",,20260721,,202607211424,금융감독원 금융상품한눈에 Open API,2026-08-10T14:19:08
020000,은행,202607,0010022,전북은행,10-01-20-024-0063-0000,내맘 쏙 정기예금,12,S,단리,2.90%,2.45%,"245,000",3.00%,"인터넷,스마트폰",1,제한없음 (실명의 개인 및 개인사업자),단리,,1. 마케팅동의고객 0.10%,만기후 1개월 이하 : 만기일 현재 계약기간별 정기예금 실행이율 1/2 만기후 1개월 초과 : 연 0.01%,"가입금액 : 계좌당 10만원 이상 예금의 신규 : 모바일뱅킹, 모바일Web 예금의 해지 : 모바일뱅킹, 인터넷뱅킹, 영업점 계약기간 : 1개월이상 12개월이내(월단위)",,20260721,,202607211424,금융감독원 금융상품한눈에 Open API,2026-08-10T14:19:08
020000,은행,202607,0010024,경남은행,21001115,BNK더조은정기예금,3,S,단리,2.00%,1.69%,"42,000",2.50%,"인터넷,스마트폰",1,"제한없음 (거래대상자는 제한을 두지 아니한다. 다만, 국가 및 지방자치단체는 이 예금을 거래할 수 없다.)",단리,,①신규시 가입(재예치)금액 20백만원 이상인 경우 0.10% ②신규시 금리우대쿠폰을 등록한 경우 0.20% ③경남은행 오픈뱅킹 서비스를 가입한 경우 0.10% (만기시까지 해당서비스 유지하는 경우) ④자동재예치를 통해 가입한 경우 0.05% (금리우대쿠폰과 중복적용 불가) ⑤신규(재예치)시 마케팅동의 및 모바일메시지 수신동의 0.10%,만기 후 1개월 이내: 일반정기예금 기본이율 Ⅹ50% 만기 후 1개월 초과: 일반정기예금 기본이율 Ⅹ20%,1. 이 예금의 계약기간은 3개월 이상 2년 이내 월단위로 한다. 2. 가입금액은 1인당 최소 100만원 이상 5억원 이하이다.,500000000,20260731,99991231,202607311028,금융감독원 금융상품한눈에 Open API,2026-08-10T14:19:08
020000,은행,202607,0010024,경남은행,21001115,BNK더조은정기예금,6,S,단리,2.05%,1.73%,"87,000",2.55%,"인터넷,스마트폰",1,"제한없음 (거래대상자는 제한을 두지 아니한다. 다만, 국가 및 지방자치단체는 이 예금을 거래할 수 없다.)",단리,,①신규시 가입(재예치)금액 20백만원 이상인 경우 0.10% ②신규시 금리우대쿠폰을 등록한 경우 0.20% ③경남은행 오픈뱅킹 서비스를 가입한 경우 0.10% (만기시까지 해당서비스 유지하는 경우) ④자동재예치를 통해 가입한 경우 0.05% (금리우대쿠폰과 중복적용 불가) ⑤신규(재예치)시 마케팅동의 및 모바일메시지 수신동의 0.10%,만기 후 1개월 이내: 일반정기예금 기본이율 Ⅹ50% 만기 후 1개월 초과: 일반정기예금 기본이율 Ⅹ20%,1. 이 예금의 계약기간은 3개월 이상 2년 이내 월단위로 한다. 2. 가입금액은 1인당 최소 100만원 이상 5억원 이하이다.,500000000,20260731,99991231,202607311028,금융감독원 금융상품한눈에 Open API,2026-08-10T14:19:08
020000,은행,202607,0010024,경남은행,21001115,BNK더조은정기예금,12,S,단리,2.05%,1.73%,"173,000",2.55%,"인터넷,스마트폰",1,"제한없음 (거래대상자는 제한을 두지 아니한다. 다만, 국가 및 지방자치단체는 이 예금을 거래할 수 없다.)",단리,,①신규시 가입(재예치)금액 20백만원 이상인 경우 0.10% ②신규시 금리우대쿠폰을 등록한 경우 0.20% ③경남은행 오픈뱅킹 서비스를 가입한 경우 0.10% (만기시까지 해당서비스 유지하는 경우) ④자동재예치를 통해 가입한 경우 0.05% (금리우대쿠폰과 중복적용 불가) ⑤신규(재예치)시 마케팅동의 및 모바일메시지 수신동의 0.10%,만기 후 1개월 이내: 일반정기예금 기본이율 Ⅹ50% 만기 후 1개월 초과: 일반정기예금 기본이율 Ⅹ20%,1. 이 예금의 계약기간은 3개월 이상 2년 이내 월단위로 한다. 2. 가입금액은 1인당 최소 100만원 이상 5억원 이하이다.,500000000,20260731,99991231,202607311028,금융감독원 금융상품한눈에 Open API,2026-08-10T14:19:08
020000,은행,202607,0010024,경남은행,21001115,BNK더조은정기예금,24,S,단리,2.05%,1.73%,"347,000",2.55%,"인터넷,스마트폰",1,"제한없음 (거래대상자는 제한을 두지 아니한다. 다만, 국가 및 지방자치단체는 이 예금을 거래할 수 없다.)",단리,,①신규시 가입(재예치)금액 20백만원 이상인 경우 0.10% ②신규시 금리우대쿠폰을 등록한 경우 0.20% ③경남은행 오픈뱅킹 서비스를 가입한 경우 0.10% (만기시까지 해당서비스 유지하는 경우) ④자동재예치를 통해 가입한 경우 0.05% (금리우대쿠폰과 중복적용 불가) ⑤신규(재예치)시 마케팅동의 및 모바일메시지 수신동의 0.10%,만기 후 1개월 이내: 일반정기예금 기본이율 Ⅹ50% 만기 후 1개월 초과: 일반정기예금 기본이율 Ⅹ20%,1. 이 예금의 계약기간은 3개월 이상 2년 이내 월단위로 한다. 2. 가입금액은 1인당 최소 100만원 이상 5억원 이하이다.,500000000,20260731,99991231,202607311028,금융감독원 금융상품한눈에 Open API,2026-08-10T14:19:08
020000,은행,202607,0010024,경남은행,21001280,The든든예금(시즌2),3,S,단리,2.25%,1.90%,"48,000",3.20%,스마트폰,1,제한없음 (개인),단리,,"①마케팅동의 및 모바일메시지 수신동의 0.05% ②신규고객 우대(최근 12개월 신규이력·해지이력 미보유) 0.10% ③이벤트금리(비대면금리) 최대 1.15% (3개월 0.80% / 6, 9개월 0.90% / 12개월 1.15%)",만기 후 1개월 이내: 일반정기예금 기본이율 Ⅹ50% 만기 후 1개월 초과: 일반정기예금 기본이율 Ⅹ20%,"1. 이 예금의 계약기간은 3개월, 6개월, 9개월, 12개월로 한다. 2. 가입좌수 제한없으며, 가입금액은 1인당 최소 100만원 이상 10억원 이하이다.",1000000000,20260731,20261231,202607311028,금융감독원 금융상품한눈에 Open API,2026-08-10T14:19:08
020000,은행,202607,0010024,경남은행,21001280,The든든예금(시즌2),6,S,단리,2.25%,1.90%,"95,000",3.30%,스마트폰,1,제한없음 (개인),단리,,"①마케팅동의 및 모바일메시지 수신동의 0.05% ②신규고객 우대(최근 12개월 신규이력·해지이력 미보유) 0.10% ③이벤트금리(비대면금리) 최대 1.15% (3개월 0.80% / 6, 9개월 0.90% / 12개월 1.15%)",만기 후 1개월 이내: 일반정기예금 기본이율 Ⅹ50% 만기 후 1개월 초과: 일반정기예금 기본이율 Ⅹ20%,"1. 이 예금의 계약기간은 3개월, 6개월, 9개월, 12개월로 한다. 2. 가입좌수 제한없으며, 가입금액은 1인당 최소 100만원 이상 10억원 이하이다.",1000000000,20260731,20261231,202607311028,금융감독원 금융상품한눈에 Open API,2026-08-10T14:19:08
020000,은행,202607,0010024,경남은행,21001280,The든든예금(시즌2),12,S,단리,2.30%,1.95%,"195,000",3.60%,스마트폰,1,제한없음 (개인),단리,,"①마케팅동의 및 모바일메시지 수신동의 0.05% ②신규고객 우대(최근 12개월 신규이력·해지이력 미보유) 0.10% ③이벤트금리(비대면금리) 최대 1.15% (3개월 0.80% / 6, 9개월 0.90% / 12개월 1.15%)",만기 후 1개월 이내: 일반정기예금 기본이율 Ⅹ50% 만기 후 1개월 초과: 일반정기예금 기본이율 Ⅹ20%,"1. 이 예금의 계약기간은 3개월, 6개월, 9개월, 12개월로 한다. 2. 가입좌수 제한없으며, 가입금액은 1인당 최소 100만원 이상 10억원 이하이다.",1000000000,20260731,20261231,202607311028,금융감독원 금융상품한눈에 Open API,2026-08-10T14:19:08
020000,은행,202607,0010024,경남은행,21001285,The파트너예금,3,S,단리,2.35%,1.99%,"50,000",2.75%,스마트폰,1,제한없음 (개인),단리,,"①경남은행 거래기간 5년이상 + 마케팅동의 고객 0.20% ②급여, 연금, 가맹점대금 입금 시 0.10% ③당행 카드 결제실적 보유 시 0.10%",만기 후 1개월 이내: 일반정기예금 기본이율 Ⅹ50% 만기 후 1개월 초과: 일반정기예금 기본이율 Ⅹ20%,"1. 이 예금의 계약기간은 3개월, 6개월, 12개월, 24개월로 한다. 2. 가입좌수 제한없으며, 가입금액은 1인당 최소 100만원 이상 10억원 이하이다.",1000000000,20260731,99991231,202607311028,금융감독원 금융상품한눈에 Open API,2026-08-10T14:19:08
020000,은행,202607,0010024,경남은행,21001285,The파트너예금,6,S,단리,2.70%,2.28%,"114,000",3.10%,스마트폰,1,제한없음 (개인),단리,,"①경남은행 거래기간 5년이상 + 마케팅동의 고객 0.20% ②급여, 연금, 가맹점대금 입금 시 0.10% ③당행 카드 결제실적 보유 시 0.10%",만기 후 1개월 이내: 일반정기예금 기본이율 Ⅹ50% 만기 후 1개월 초과: 일반정기예금 기본이율 Ⅹ20%,"1. 이 예금의 계약기간은 3개월, 6개월, 12개월, 24개월로 한다. 2. 가입좌수 제한없으며, 가입금액은 1인당 최소 100만원 이상 10억원 이하이다.",1000000000,20260731,99991231,202607311028,금융감독원 금융상품한눈에 Open API,2026-08-10T14:19:08
020000,은행,202607,0010024,경남은행,21001285,The파트너예금,12,S,단리,3.15%,2.66%,"266,000",3.55%,스마트폰,1,제한없음 (개인),단리,,"①경남은행 거래기간 5년이상 + 마케팅동의 고객 0.20% ②급여, 연금, 가맹점대금 입금 시 0.10% ③당행 카드 결제실적 보유 시 0.10%",만기 후 1개월 이내: 일반정기예금 기본이율 Ⅹ50% 만기 후 1개월 초과: 일반정기예금 기본이율 Ⅹ20%,"1. 이 예금의 계약기간은 3개월, 6개월, 12개월, 24개월로 한다. 2. 가입좌수 제한없으며, 가입금액은 1인당 최소 100만원 이상 10억원 이하이다.",1000000000,20260731,99991231,202607311028,금융감독원 금융상품한눈에 Open API,2026-08-10T14:19:08
020000,은행,202607,0010024,경남은행,21001285,The파트너예금,24,S,단리,2.15%,1.82%,"364,000",2.55%,스마트폰,1,제한없음 (개인),단리,,"①경남은행 거래기간 5년이상 + 마케팅동의 고객 0.20% ②급여, 연금, 가맹점대금 입금 시 0.10% ③당행 카드 결제실적 보유 시 0.10%",만기 후 1개월 이내: 일반정기예금 기본이율 Ⅹ50% 만기 후 1개월 초과: 일반정기예금 기본이율 Ⅹ20%,"1. 이 예금의 계약기간은 3개월, 6개월, 12개월, 24개월로 한다. 2. 가입좌수 제한없으며, 가입금액은 1인당 최소 100만원 이상 10억원 이하이다.",1000000000,20260731,99991231,202607311028,금융감독원 금융상품한눈에 Open API,2026-08-10T14:19:08
020000,은행,202607,0010026,중소기업은행,01211310121,IBK평생한가족통장(실세금리정기예금),12,S,단리,2.25%,1.90%,"190,000",2.45%,"영업점,인터넷,스마트폰",1,제한없음 (실명의 개인 (개인사업자 제외)),단리,,최고 연 0.20%p -고객별 우대 : 최고 연 0.05%p 1. 최초신규고객 : 연 0.05%p 2. 재예치고객 : 연 0.05%p 3. 장기거래고객 : 연 0.05%p -주거래우대 : 연 0.15%p,만기일 당시 정기예금 만기후 이자율 적용 -1개월 이내: 만기일 당시 계약기간별 고시금리×50% -1월 초과 6개월 이내: 만기일 당시 계약기간별 고시금리×30% -6개월 초과: 만기일 당시 계약기간별 고시금리×20%,"계좌 수 제한 없으며, 최소 1백만원 이상 통합한도 1억원 이내 가입 가능",100000000,20260720,,202607200941,금융감독원 금융상품한눈에 Open API,2026-08-10T14:19:08
020000,은행,202607,0010026,중소기업은행,01211310121,IBK평생한가족통장(실세금리정기예금),24,S,단리,2.10%,1.78%,"355,000",2.30%,"영업점,인터넷,스마트폰",1,제한없음 (실명의 개인 (개인사업자 제외)),단리,,최고 연 0.20%p -고객별 우대 : 최고 연 0.05%p 1. 최초신규고객 : 연 0.05%p 2. 재예치고객 : 연 0.05%p 3. 장기거래고객 : 연 0.05%p -주거래우대 : 연 0.15%p,만기일 당시 정기예금 만기후 이자율 적용 -1개월 이내: 만기일 당시 계약기간별 고시금리×50% -1월 초과 6개월 이내: 만기일 당시 계약기간별 고시금리×30% -6개월 초과: 만기일 당시 계약기간별 고시금리×20%,"계좌 수 제한 없으며, 최소 1백만원 이상 통합한도 1억원 이내 가입 가능",100000000,20260720,,202607200941,금융감독원 금융상품한눈에 Open API,2026-08-10T14:19:08
020000,은행,202607,0010026,중소기업은행,01211310121,IBK평생한가족통장(실세금리정기예금),36,S,단리,2.05%,1.73%,"520,000",2.25%,"영업점,인터넷,스마트폰",1,제한없음 (실명의 개인 (개인사업자 제외)),단리,,최고 연 0.20%p -고객별 우대 : 최고 연 0.05%p 1. 최초신규고객 : 연 0.05%p 2. 재예치고객 : 연 0.05%p 3. 장기거래고객 : 연 0.05%p -주거래우대 : 연 0.15%p,만기일 당시 정기예금 만기후 이자율 적용 -1개월 이내: 만기일 당시 계약기간별 고시금리×50% -1월 초과 6개월 이내: 만기일 당시 계약기간별 고시금리×30% -6개월 초과: 만기일 당시 계약기간별 고시금리×20%,"계좌 수 제한 없으며, 최소 1백만원 이상 통합한도 1억원 이내 가입 가능",100000000,20260720,,202607200941,금융감독원 금융상품한눈에 Open API,2026-08-10T14:19:08
020000,은행,202607,0010026,중소기업은행,01211310130,IBK더굴리기통장(실세금리정기예금),6,S,단리,2.92%,2.47%,"124,000",2.92%,"인터넷,스마트폰",1,제한없음 (실명의 개인 (개인사업자 제외)),단리,,없음,만기일 당시 정기예금 만기후 이자율 적용 -1개월 이내: 만기일 당시 계약기간별 고시금리×50% -1월 초과 6개월 이내: 만기일 당시 계약기간별 고시금리×30% -6개월 초과: 만기일 당시 계약기간별 고시금리×20%,"계좌 수 제한 없으며, 최소 1백만원 이상 납입한도 제한 없음",,20260806,,202608060854,금융감독원 금융상품한눈에 Open API,2026-08-10T14:19:08
020000,은행,202607,0010026,중소기업은행,01211310130,IBK더굴리기통장(실세금리정기예금),12,S,단리,3.14%,2.66%,"266,000",3.14%,"인터넷,스마트폰",1,제한없음 (실명의 개인 (개인사업자 제외)),단리,,없음,만기일 당시 정기예금 만기후 이자율 적용 -1개월 이내: 만기일 당시 계약기간별 고시금리×50% -1월 초과 6개월 이내: 만기일 당시 계약기간별 고시금리×30% -6개월 초과: 만기일 당시 계약기간별 고시금리×20%,"계좌 수 제한 없으며, 최소 1백만원 이상 납입한도 제한 없음",,20260806,,202608060854,금융감독원 금융상품한눈에 Open API,2026-08-10T14:19:08
020000,은행,202607,0010026,중소기업은행,01211310130,IBK더굴리기통장(실세금리정기예금),24,S,단리,3.16%,2.67%,"535,000",3.16%,"인터넷,스마트폰",1,제한없음 (실명의 개인 (개인사업자 제외)),단리,,없음,만기일 당시 정기예금 만기후 이자율 적용 -1개월 이내: 만기일 당시 계약기간별 고시금리×50% -1월 초과 6개월 이내: 만기일 당시 계약기간별 고시금리×30% -6개월 초과: 만기일 당시 계약기간별 고시금리×20%,"계좌 수 제한 없으며, 최소 1백만원 이상 납입한도 제한 없음",,20260806,,202608060854,금융감독원 금융상품한눈에 Open API,2026-08-10T14:19:08
020000,은행,202607,0010026,중소기업은행,01211310130,IBK더굴리기통장(실세금리정기예금),36,S,단리,3.21%,2.72%,"815,000",3.21%,"인터넷,스마트폰",1,제한없음 (실명의 개인 (개인사업자 제외)),단리,,없음,만기일 당시 정기예금 만기후 이자율 적용 -1개월 이내: 만기일 당시 계약기간별 고시금리×50% -1월 초과 6개월 이내: 만기일 당시 계약기간별 고시금리×30% -6개월 초과: 만기일 당시 계약기간별 고시금리×20%,"계좌 수 제한 없으며, 최소 1백만원 이상 납입한도 제한 없음",,20260806,,202608060854,금융감독원 금융상품한눈에 Open API,2026-08-10T14:19:08
020000,은행,202607,0010026,중소기업은행,01211310142,IBK굴리기통장(정기예금),1,S,단리,2.48%,2.10%,"17,000",2.48%,"영업점,스마트폰",1,제한없음 (실명의 개인 (개인사업자 제외)),단리,,없음,만기일 당시 정기예금 만기후 이자율 적용 -1개월 이내: 만기일 당시 계약기간별 고시금리×50% -1월 초과 6개월 이내: 만기일 당시 계약기간별 고시금리×30% -6개월 초과: 만기일 당시 계약기간별 고시금리×20%,"계좌 수 제한 없으며, 최소 1백만원 이상 통합한도 3억원 이내 가입 가능",300000000,20260806,,202608060855,금융감독원 금융상품한눈에 Open API,2026-08-10T14:19:08
020000,은행,202607,0010026,중소기업은행,01211310142,IBK굴리기통장(정기예금),3,S,단리,2.75%,2.33%,"58,000",2.75%,"영업점,스마트폰",1,제한없음 (실명의 개인 (개인사업자 제외)),단리,,없음,만기일 당시 정기예금 만기후 이자율 적용 -1개월 이내: 만기일 당시 계약기간별 고시금리×50% -1월 초과 6개월 이내: 만기일 당시 계약기간별 고시금리×30% -6개월 초과: 만기일 당시 계약기간별 고시금리×20%,"계좌 수 제한 없으며, 최소 1백만원 이상 통합한도 3억원 이내 가입 가능",300000000,20260806,,202608060855,금융감독원 금융상품한눈에 Open API,2026-08-10T14:19:08
020000,은행,202607,0010026,중소기업은행,01211310142,IBK굴리기통장(정기예금),6,S,단리,3.04%,2.57%,"129,000",3.04%,"영업점,스마트폰",1,제한없음 (실명의 개인 (개인사업자 제외)),단리,,없음,만기일 당시 정기예금 만기후 이자율 적용 -1개월 이내: 만기일 당시 계약기간별 고시금리×50% -1월 초과 6개월 이내: 만기일 당시 계약기간별 고시금리×30% -6개월 초과: 만기일 당시 계약기간별 고시금리×20%,"계좌 수 제한 없으며, 최소 1백만원 이상 통합한도 3억원 이내 가입 가능",300000000,20260806,,202608060855,금융감독원 금융상품한눈에 Open API,2026-08-10T14:19:08
020000,은행,202607,0010026,중소기업은행,01211310142,IBK굴리기통장(정기예금),12,S,단리,3.29%,2.78%,"278,000",3.29%,"영업점,스마트폰",1,제한없음 (실명의 개인 (개인사업자 제외)),단리,,없음,만기일 당시 정기예금 만기후 이자율 적용 -1개월 이내: 만기일 당시 계약기간별 고시금리×50% -1월 초과 6개월 이내: 만기일 당시 계약기간별 고시금리×30% -6개월 초과: 만기일 당시 계약기간별 고시금리×20%,"계좌 수 제한 없으며, 최소 1백만원 이상 통합한도 3억원 이내 가입 가능",300000000,20260806,,202608060855,금융감독원 금융상품한눈에 Open API,2026-08-10T14:19:08
020000,은행,202607,0010030,한국산업은행,06492,KDB 정기예금,1,S,단리,2.65%,2.24%,"19,000",2.65%,"영업점,인터넷,스마트폰",1,제한없음,단리,,해당없음,* 만기후 1년 이내 : 만기일 현재 고시된 일반 정기예금 해당기간 기본이율의 1/2 * 만기후 1년 초과 : 만기일 현재 고시된 보통예금 이자율,해당없음,,20260723,,202607230908,금융감독원 금융상품한눈에 Open API,2026-08-10T14:19:08
020000,은행,202607,0010030,한국산업은행,06492,KDB 정기예금,3,S,단리,2.85%,2.41%,"60,000",2.85%,"영업점,인터넷,스마트폰",1,제한없음,단리,,해당없음,* 만기후 1년 이내 : 만기일 현재 고시된 일반 정기예금 해당기간 기본이율의 1/2 * 만기후 1년 초과 : 만기일 현재 고시된 보통예금 이자율,해당없음,,20260723,,202607230908,금융감독원 금융상품한눈에 Open API,2026-08-10T14:19:08
020000,은행,202607,0010030,한국산업은행,06492,KDB 정기예금,6,S,단리,3.10%,2.62%,"131,000",3.10%,"영업점,인터넷,스마트폰",1,제한없음,단리,,해당없음,* 만기후 1년 이내 : 만기일 현재 고시된 일반 정기예금 해당기간 기본이율의 1/2 * 만기후 1년 초과 : 만기일 현재 고시된 보통예금 이자율,해당없음,,20260723,,202607230908,금융감독원 금융상품한눈에 Open API,2026-08-10T14:19:08
020000,은행,202607,0010030,한국산업은행,06492,KDB 정기예금,12,S,단리,3.35%,2.83%,"283,000",3.35%,"영업점,인터넷,스마트폰",1,제한없음,단리,,해당없음,* 만기후 1년 이내 : 만기일 현재 고시된 일반 정기예금 해당기간 기본이율의 1/2 * 만기후 1년 초과 : 만기일 현재 고시된 보통예금 이자율,해당없음,,20260723,,202607230908,금융감독원 금융상품한눈에 Open API,2026-08-10T14:19:08
020000,은행,202607,0010030,한국산업은행,06492,KDB 정기예금,24,S,단리,2.60%,2.20%,"440,000",2.60%,"영업점,인터넷,스마트폰",1,제한없음,단리,,해당없음,* 만기후 1년 이내 : 만기일 현재 고시된 일반 정기예금 해당기간 기본이율의 1/2 * 만기후 1년 초과 : 만기일 현재 고시된 보통예금 이자율,해당없음,,20260723,,202607230908,금융감독원 금융상품한눈에 Open API,2026-08-10T14:19:08
020000,은행,202607,0010030,한국산업은행,06492,KDB 정기예금,36,S,단리,2.50%,2.11%,"634,000",2.50%,"영업점,인터넷,스마트폰",1,제한없음,단리,,해당없음,* 만기후 1년 이내 : 만기일 현재 고시된 일반 정기예금 해당기간 기본이율의 1/2 * 만기후 1년 초과 : 만기일 현재 고시된 보통예금 이자율,해당없음,,20260723,,202607230908,금융감독원 금융상품한눈에 Open API,2026-08-10T14:19:08
020000,은행,202607,0010927,국민은행,010300100335,KB Star 정기예금,1,S,단리,2.05%,1.73%,"14,000",2.55%,"인터넷,스마트폰",1,제한없음 (실명의 개인 또는 개인사업자),단리,,해당무,- 1개월 이내 : 기본이율 X 50% - 1개월 초과 ~ 3개월 이내 : 기본이율 X 30% - 3개월 초과 : 0.1%,- 가입금액 : 1백만원 이상,,20260722,,202607220924,금융감독원 금융상품한눈에 Open API,2026-08-10T14:19:08
020000,은행,202607,0010927,국민은행,010300100335,KB Star 정기예금,3,S,단리,2.25%,1.90%,"48,000",2.85%,"인터넷,스마트폰",1,제한없음 (실명의 개인 또는 개인사업자),단리,,해당무,- 1개월 이내 : 기본이율 X 50% - 1개월 초과 ~ 3개월 이내 : 기본이율 X 30% - 3개월 초과 : 0.1%,- 가입금액 : 1백만원 이상,,20260722,,202607220924,금융감독원 금융상품한눈에 Open API,2026-08-10T14:19:08
020000,은행,202607,0010927,국민은행,010300100335,KB Star 정기예금,6,S,단리,2.35%,1.99%,"99,000",3.00%,"인터넷,스마트폰",1,제한없음 (실명의 개인 또는 개인사업자),단리,,해당무,- 1개월 이내 : 기본이율 X 50% - 1개월 초과 ~ 3개월 이내 : 기본이율 X 30% - 3개월 초과 : 0.1%,- 가입금액 : 1백만원 이상,,20260722,,202607220924,금융감독원 금융상품한눈에 Open API,2026-08-10T14:19:08
020000,은행,202607,0010927,국민은행,010300100335,KB Star 정기예금,12,S,단리,2.40%,2.03%,"203,000",3.20%,"인터넷,스마트폰",1,제한없음 (실명의 개인 또는 개인사업자),단리,,해당무,- 1개월 이내 : 기본이율 X 50% - 1개월 초과 ~ 3개월 이내 : 기본이율 X 30% - 3개월 초과 : 0.1%,- 가입금액 : 1백만원 이상,,20260722,,202607220924,금융감독원 금융상품한눈에 Open API,2026-08-10T14:19:08
020000,은행,202607,0010927,국민은행,010300100335,KB Star 정기예금,24,S,단리,2.40%,2.03%,"406,000",2.40%,"인터넷,스마트폰",1,제한없음 (실명의 개인 또는 개인사업자),단리,,해당무,- 1개월 이내 : 기본이율 X 50% - 1개월 초과 ~ 3개월 이내 : 기본이율 X 30% - 3개월 초과 : 0.1%,- 가입금액 : 1백만원 이상,,20260722,,202607220924,금융감독원 금융상품한눈에 Open API,2026-08-10T14:19:08
020000,은행,202607,0010927,국민은행,010300100335,KB Star 정기예금,36,S,단리,2.40%,2.03%,"609,000",2.40%,"인터넷,스마트폰",1,제한없음 (실명의 개인 또는 개인사업자),단리,,해당무,- 1개월 이내 : 기본이율 X 50% - 1개월 초과 ~ 3개월 이내 : 기본이율 X 30% - 3개월 초과 : 0.1%,- 가입금액 : 1백만원 이상,,20260722,,202607220924,금융감독원 금융상품한눈에 Open API,2026-08-10T14:19:08
020000,은행,202607,0011625,신한은행,207-0134-16,신한My플러스 정기예금,1,S,단리,2.00%,1.69%,"14,000",2.50%,"영업점,스마트폰",1,제한없음 (개인고객),단리,,※가산금리 최고 연 0.2% - 정기예금 미보유 : 연 0.1% - 소득이체 : 연 0.1%,"-1개월 이하: (일반) 정기예금 기본금리 1/2 (단, 최저금리 0.10%) -1개월 초과~6개월 이하: (일반) 정기예금 기본금리의 1/4 (단, 최저금리 0.10%) -6개월 초과: 0.10%",1. 가입한도 : 50만원 이상 1억원 이내,100000000,20260722,,202607220911,금융감독원 금융상품한눈에 Open API,2026-08-10T14:19:08
020000,은행,202607,0011625,신한은행,207-0134-16,신한My플러스 정기예금,3,S,단리,2.20%,1.86%,"47,000",2.85%,"영업점,스마트폰",1,제한없음 (개인고객),단리,,※가산금리 최고 연 0.2% - 정기예금 미보유 : 연 0.1% - 소득이체 : 연 0.1%,"-1개월 이하: (일반) 정기예금 기본금리 1/2 (단, 최저금리 0.10%) -1개월 초과~6개월 이하: (일반) 정기예금 기본금리의 1/4 (단, 최저금리 0.10%) -6개월 초과: 0.10%",1. 가입한도 : 50만원 이상 1억원 이내,100000000,20260722,,202607220911,금융감독원 금융상품한눈에 Open API,2026-08-10T14:19:08
020000,은행,202607,0011625,신한은행,207-0134-16,신한My플러스 정기예금,6,S,단리,2.20%,1.86%,"93,000",3.10%,"영업점,스마트폰",1,제한없음 (개인고객),단리,,※가산금리 최고 연 0.2% - 정기예금 미보유 : 연 0.1% - 소득이체 : 연 0.1%,"-1개월 이하: (일반) 정기예금 기본금리 1/2 (단, 최저금리 0.10%) -1개월 초과~6개월 이하: (일반) 정기예금 기본금리의 1/4 (단, 최저금리 0.10%) -6개월 초과: 0.10%",1. 가입한도 : 50만원 이상 1억원 이내,100000000,20260722,,202607220911,금융감독원 금융상품한눈에 Open API,2026-08-10T14:19:08
020000,은행,202607,0011625,신한은행,207-0134-16,신한My플러스 정기예금,12,S,단리,2.30%,1.95%,"195,000",3.30%,"영업점,스마트폰",1,제한없음 (개인고객),단리,,※가산금리 최고 연 0.2% - 정기예금 미보유 : 연 0.1% - 소득이체 : 연 0.1%,"-1개월 이하: (일반) 정기예금 기본금리 1/2 (단, 최저금리 0.10%) -1개월 초과~6개월 이하: (일반) 정기예금 기본금리의 1/4 (단, 최저금리 0.10%) -6개월 초과: 0.10%",1. 가입한도 : 50만원 이상 1억원 이내,100000000,20260722,,202607220911,금융감독원 금융상품한눈에 Open API,2026-08-10T14:19:08
020000,은행,202607,0011625,신한은행,207-0135-12,쏠편한 정기예금,1,S,단리,2.00%,1.69%,"14,000",2.50%,"인터넷,스마트폰",1,제한없음 (만14세이상 개인고객),단리,,해당사항없음,"-1개월 이하: (일반) 정기예금 기본금리 1/2 (단, 최저금리 0.10%) -1개월 초과~6개월 이하: (일반) 정기예금 기본금리의 1/4 (단, 최저금리 0.10%) -6개월 초과: 0.10%",1. 가입한도 : 1만원 이상,,20260722,,202607220910,금융감독원 금융상품한눈에 Open API,2026-08-10T14:19:08
020000,은행,202607,0011625,신한은행,207-0135-12,쏠편한 정기예금,3,S,단리,2.20%,1.86%,"47,000",2.85%,"인터넷,스마트폰",1,제한없음 (만14세이상 개인고객),단리,,해당사항없음,"-1개월 이하: (일반) 정기예금 기본금리 1/2 (단, 최저금리 0.10%) -1개월 초과~6개월 이하: (일반) 정기예금 기본금리의 1/4 (단, 최저금리 0.10%) -6개월 초과: 0.10%",1. 가입한도 : 1만원 이상,,20260722,,202607220910,금융감독원 금융상품한눈에 Open API,2026-08-10T14:19:08
020000,은행,202607,0011625,신한은행,207-0135-12,쏠편한 정기예금,6,S,단리,2.20%,1.86%,"93,000",3.00%,"인터넷,스마트폰",1,제한없음 (만14세이상 개인고객),단리,,해당사항없음,"-1개월 이하: (일반) 정기예금 기본금리 1/2 (단, 최저금리 0.10%) -1개월 초과~6개월 이하: (일반) 정기예금 기본금리의 1/4 (단, 최저금리 0.10%) -6개월 초과: 0.10%",1. 가입한도 : 1만원 이상,,20260722,,202607220910,금융감독원 금융상품한눈에 Open API,2026-08-10T14:19:08
020000,은행,202607,0011625,신한은행,207-0135-12,쏠편한 정기예금,12,S,단리,2.30%,1.95%,"195,000",3.20%,"인터넷,스마트폰",1,제한없음 (만14세이상 개인고객),단리,,해당사항없음,"-1개월 이하: (일반) 정기예금 기본금리 1/2 (단, 최저금리 0.10%) -1개월 초과~6개월 이하: (일반) 정기예금 기본금리의 1/4 (단, 최저금리 0.10%) -6개월 초과: 0.10%",1. 가입한도 : 1만원 이상,,20260722,,202607220910,금융감독원 금융상품한눈에 Open API,2026-08-10T14:19:08
020000,은행,202607,0011625,신한은행,207-0135-12,쏠편한 정기예금,24,S,단리,2.35%,1.99%,"398,000",2.60%,"인터넷,스마트폰",1,제한없음 (만14세이상 개인고객),단리,,해당사항없음,"-1개월 이하: (일반) 정기예금 기본금리 1/2 (단, 최저금리 0.10%) -1개월 초과~6개월 이하: (일반) 정기예금 기본금리의 1/4 (단, 최저금리 0.10%) -6개월 초과: 0.10%",1. 가입한도 : 1만원 이상,,20260722,,202607220910,금융감독원 금융상품한눈에 Open API,2026-08-10T14:19:08
020000,은행,202607,0011625,신한은행,207-0135-12,쏠편한 정기예금,36,S,단리,2.40%,2.03%,"609,000",2.60%,"인터넷,스마트폰",1,제한없음 (만14세이상 개인고객),단리,,해당사항없음,"-1개월 이하: (일반) 정기예금 기본금리 1/2 (단, 최저금리 0.10%) -1개월 초과~6개월 이하: (일반) 정기예금 기본금리의 1/4 (단, 최저금리 0.10%) -6개월 초과: 0.10%",1. 가입한도 : 1만원 이상,,20260722,,202607220910,금융감독원 금융상품한눈에 Open API,2026-08-10T14:19:08
020000,은행,202607,0013175,농협은행주식회사,10-003-1225-0001,NH왈츠회전예금 II,1,S,단리,2.40%,2.03%,"17,000",2.50%,"영업점,인터넷,스마트폰",1,제한없음 (개인),단리,,1. 급여이체실적(50만원 이상)이 있는 경우 : 0.1%p 2. 트리플 회전 우대이율 : 4회전기간부터 0.1%p,만기 후 3개월 : 기본금리의 50% 만기 후 6개월 : 기본금리의 20% 만기 후 6개월 초과 : 기본금리의 10% * 기본금리 : 만기시점의 일반정기예금 계약기간별 금리,기타유의사항없음.,,20260723,,202607231307,금융감독원 금융상품한눈에 Open API,2026-08-10T14:19:08
020000,은행,202607,0013175,농협은행주식회사,10-003-1225-0001,NH왈츠회전예금 II,3,S,단리,2.70%,2.28%,"57,000",2.80%,"영업점,인터넷,스마트폰",1,제한없음 (개인),단리,,1. 급여이체실적(50만원 이상)이 있는 경우 : 0.1%p 2. 트리플 회전 우대이율 : 4회전기간부터 0.1%p,만기 후 3개월 : 기본금리의 50% 만기 후 6개월 : 기본금리의 20% 만기 후 6개월 초과 : 기본금리의 10% * 기본금리 : 만기시점의 일반정기예금 계약기간별 금리,기타유의사항없음.,,20260723,,202607231307,금융감독원 금융상품한눈에 Open API,2026-08-10T14:19:08
020000,은행,202607,0013175,농협은행주식회사,10-003-1225-0001,NH왈츠회전예금 II,6,S,단리,2.95%,2.50%,"125,000",3.05%,"영업점,인터넷,스마트폰",1,제한없음 (개인),단리,,1. 급여이체실적(50만원 이상)이 있는 경우 : 0.1%p 2. 트리플 회전 우대이율 : 4회전기간부터 0.1%p,만기 후 3개월 : 기본금리의 50% 만기 후 6개월 : 기본금리의 20% 만기 후 6개월 초과 : 기본금리의 10% * 기본금리 : 만기시점의 일반정기예금 계약기간별 금리,기타유의사항없음.,,20260723,,202607231307,금융감독원 금융상품한눈에 Open API,2026-08-10T14:19:08
020000,은행,202607,0013175,농협은행주식회사,10-003-1225-0001,NH왈츠회전예금 II,12,S,단리,3.15%,2.66%,"266,000",3.25%,"영업점,인터넷,스마트폰",1,제한없음 (개인),단리,,1. 급여이체실적(50만원 이상)이 있는 경우 : 0.1%p 2. 트리플 회전 우대이율 : 4회전기간부터 0.1%p,만기 후 3개월 : 기본금리의 50% 만기 후 6개월 : 기본금리의 20% 만기 후 6개월 초과 : 기본금리의 10% * 기본금리 : 만기시점의 일반정기예금 계약기간별 금리,기타유의사항없음.,,20260723,,202607231307,금융감독원 금융상품한눈에 Open API,2026-08-10T14:19:08
020000,은행,202607,0013175,농협은행주식회사,10-003-1381-0001,NH내가Green초록세상예금,12,S,단리,2.45%,2.07%,"207,000",2.85%,"영업점,인터넷,스마트폰",1,제한없음 (개인),단리,,"※ 우대금리 최대한도 : 0.4%p(연%, 세전) 1. 온실가스 줄이기 실천서약서 동의 : 0.1%p 2. 통장미발급 : 0.1%p 3. 손하나로인증 서비스 등록 : 0.1%p 4. NH내가Green초록세상적금 동시 보유 : 0.1%p",만기 후 3개월 : 기본금리의 50% 만기 후 6개월 : 기본금리의 20% 만기 후 6개월 초과 : 기본금리의 10% * 기본금리 : 만기시점의 일반정기예금 계약기간별 금리,1. 300만원이상 가입 2. 온실가스 줄이기 실천서약서 동의시 가입가능 3. 신규가입 계좌당 2천원씩 녹색환경기금 적립 ※ 자세한 사항은 상품설명서 참조,,20260723,,202607231307,금융감독원 금융상품한눈에 Open API,2026-08-10T14:19:08
020000,은행,202607,0013175,농협은행주식회사,10-003-1381-0001,NH내가Green초록세상예금,24,S,단리,2.35%,1.99%,"398,000",2.75%,"영업점,인터넷,스마트폰",1,제한없음 (개인),단리,,"※ 우대금리 최대한도 : 0.4%p(연%, 세전) 1. 온실가스 줄이기 실천서약서 동의 : 0.1%p 2. 통장미발급 : 0.1%p 3. 손하나로인증 서비스 등록 : 0.1%p 4. NH내가Green초록세상적금 동시 보유 : 0.1%p",만기 후 3개월 : 기본금리의 50% 만기 후 6개월 : 기본금리의 20% 만기 후 6개월 초과 : 기본금리의 10% * 기본금리 : 만기시점의 일반정기예금 계약기간별 금리,1. 300만원이상 가입 2. 온실가스 줄이기 실천서약서 동의시 가입가능 3. 신규가입 계좌당 2천원씩 녹색환경기금 적립 ※ 자세한 사항은 상품설명서 참조,,20260723,,202607231307,금융감독원 금융상품한눈에 Open API,2026-08-10T14:19:08
020000,은행,202607,0013175,농협은행주식회사,10-003-1381-0001,NH내가Green초록세상예금,36,S,단리,2.30%,1.95%,"584,000",2.70%,"영업점,인터넷,스마트폰",1,제한없음 (개인),단리,,"※ 우대금리 최대한도 : 0.4%p(연%, 세전) 1. 온실가스 줄이기 실천서약서 동의 : 0.1%p 2. 통장미발급 : 0.1%p 3. 손하나로인증 서비스 등록 : 0.1%p 4. NH내가Green초록세상적금 동시 보유 : 0.1%p",만기 후 3개월 : 기본금리의 50% 만기 후 6개월 : 기본금리의 20% 만기 후 6개월 초과 : 기본금리의 10% * 기본금리 : 만기시점의 일반정기예금 계약기간별 금리,1. 300만원이상 가입 2. 온실가스 줄이기 실천서약서 동의시 가입가능 3. 신규가입 계좌당 2천원씩 녹색환경기금 적립 ※ 자세한 사항은 상품설명서 참조,,20260723,,202607231307,금융감독원 금융상품한눈에 Open API,2026-08-10T14:19:08
020000,은행,202607,0013175,농협은행주식회사,10-003-1384-0001,NH올원e예금,1,S,단리,2.50%,2.11%,"18,000",2.50%,"인터넷,스마트폰",1,제한없음 (개인),단리,,없음,만기 후 3개월 : 기본금리의 50% 만기 후 6개월 : 기본금리의 20% 만기 후 6개월 초과 : 기본금리의 10% * 기본금리 : 만기시점의 큰만족실세예금 계약기간별 금리,1. 10만원 이상 10억원 이내 가입,1000000000,20260723,,202607231307,금융감독원 금융상품한눈에 Open API,2026-08-10T14:19:08
020000,은행,202607,0013175,농협은행주식회사,10-003-1384-0001,NH올원e예금,3,S,단리,2.80%,2.37%,"59,000",2.80%,"인터넷,스마트폰",1,제한없음 (개인),단리,,없음,만기 후 3개월 : 기본금리의 50% 만기 후 6개월 : 기본금리의 20% 만기 후 6개월 초과 : 기본금리의 10% * 기본금리 : 만기시점의 큰만족실세예금 계약기간별 금리,1. 10만원 이상 10억원 이내 가입,1000000000,20260723,,202607231307,금융감독원 금융상품한눈에 Open API,2026-08-10T14:19:08
020000,은행,202607,0013175,농협은행주식회사,10-003-1384-0001,NH올원e예금,6,S,단리,3.05%,2.58%,"129,000",3.05%,"인터넷,스마트폰",1,제한없음 (개인),단리,,없음,만기 후 3개월 : 기본금리의 50% 만기 후 6개월 : 기본금리의 20% 만기 후 6개월 초과 : 기본금리의 10% * 기본금리 : 만기시점의 큰만족실세예금 계약기간별 금리,1. 10만원 이상 10억원 이내 가입,1000000000,20260723,,202607231307,금융감독원 금융상품한눈에 Open API,2026-08-10T14:19:08
020000,은행,202607,0013175,농협은행주식회사,10-003-1384-0001,NH올원e예금,12,S,단리,3.25%,2.75%,"275,000",3.25%,"인터넷,스마트폰",1,제한없음 (개인),단리,,없음,만기 후 3개월 : 기본금리의 50% 만기 후 6개월 : 기본금리의 20% 만기 후 6개월 초과 : 기본금리의 10% * 기본금리 : 만기시점의 큰만족실세예금 계약기간별 금리,1. 10만원 이상 10억원 이내 가입,1000000000,20260723,,202607231307,금융감독원 금융상품한눈에 Open API,2026-08-10T14:19:08
020000,은행,202607,0013175,농협은행주식회사,10-003-1384-0001,NH올원e예금,24,S,단리,2.70%,2.28%,"457,000",2.70%,"인터넷,스마트폰",1,제한없음 (개인),단리,,없음,만기 후 3개월 : 기본금리의 50% 만기 후 6개월 : 기본금리의 20% 만기 후 6개월 초과 : 기본금리의 10% * 기본금리 : 만기시점의 큰만족실세예금 계약기간별 금리,1. 10만원 이상 10억원 이내 가입,1000000000,20260723,,202607231307,금융감독원 금융상품한눈에 Open API,2026-08-10T14:19:08
020000,은행,202607,0013175,농협은행주식회사,10-003-1384-0001,NH올원e예금,36,S,단리,2.70%,2.28%,"685,000",2.70%,"인터넷,스마트폰",1,제한없음 (개인),단리,,없음,만기 후 3개월 : 기본금리의 50% 만기 후 6개월 : 기본금리의 20% 만기 후 6개월 초과 : 기본금리의 10% * 기본금리 : 만기시점의 큰만족실세예금 계약기간별 금리,1. 10만원 이상 10억원 이내 가입,1000000000,20260723,,202607231307,금융감독원 금융상품한눈에 Open API,2026-08-10T14:19:08
020000,은행,202607,0013175,농협은행주식회사,10-003-1387-0001,NH고향사랑기부예금,12,S,단리,2.45%,2.07%,"207,000",2.90%,"영업점,인터넷,스마트폰",1,제한없음 (개인),단리,,1. 고향사랑기부금 납부고객 우대 : 0.3%p 2-1. 만65세 이상 고령자 우대 : 0.1%p 2-2. 만 19~34세 MZ고객 우대 : 0.1%p 3. 고향사랑 특별금리 : 0.05%p (금리시장상황에 따라 변동 가능) - 고향사랑 특별금리는 상품 가입고객 모두에게 적용,만기 후 3개월 : 기본금리의 50% 만기 후 6개월 : 기본금리의 20% 만기 후 6개월 초과 : 기본금리의 10% * 기본금리 : 만기시점의 큰만족실세예금 계약기간별 금리,1. 100만원 이상 가입 2. 고향사랑기부금 우대금리는 농협은행/농축협 영업점 또는 고향사랑e음 홈페이지를 통한 고향사랑기부금 납부실적이 확인되는 경우 제공 3. 연간 판매액의 0.1% 공익기금 적립 ※ 우대조건 관련 자세한 사항은 상품설명서 참조,,20260723,,202607231307,금융감독원 금융상품한눈에 Open API,2026-08-10T14:19:08
020000,은행,202607,0013909,주식회사 하나은행,4,하나의정기예금,1,S,단리,2.05%,1.73%,"14,000",2.50%,스마트폰,1,제한없음 (실명의 개인 또는 개인사업자),단리,,해당사항없음,1개월이내 : 지급당시 해당기간 일반정기예금 월이자지급식 기본금리 1/2 1개월초과 : 지급당시 해당기간 일반정기예금 월이자지급식 기본금리 1/4,1. 가입금액: 1백만원이상 2. 1인 최대가입한도 : 제한 없음,,20260731,,202607310925,금융감독원 금융상품한눈에 Open API,2026-08-10T14:19:08
020000,은행,202607,0013909,주식회사 하나은행,4,하나의정기예금,3,S,단리,2.15%,1.82%,"45,000",2.85%,스마트폰,1,제한없음 (실명의 개인 또는 개인사업자),단리,,해당사항없음,1개월이내 : 지급당시 해당기간 일반정기예금 월이자지급식 기본금리 1/2 1개월초과 : 지급당시 해당기간 일반정기예금 월이자지급식 기본금리 1/4,1. 가입금액: 1백만원이상 2. 1인 최대가입한도 : 제한 없음,,20260731,,202607310925,금융감독원 금융상품한눈에 Open API,2026-08-10T14:19:08
020000,은행,202607,0013909,주식회사 하나은행,4,하나의정기예금,6,S,단리,2.25%,1.90%,"95,000",3.00%,스마트폰,1,제한없음 (실명의 개인 또는 개인사업자),단리,,해당사항없음,1개월이내 : 지급당시 해당기간 일반정기예금 월이자지급식 기본금리 1/2 1개월초과 : 지급당시 해당기간 일반정기예금 월이자지급식 기본금리 1/4,1. 가입금액: 1백만원이상 2. 1인 최대가입한도 : 제한 없음,,20260731,,202607310925,금융감독원 금융상품한눈에 Open API,2026-08-10T14:19:08
020000,은행,202607,0013909,주식회사 하나은행,4,하나의정기예금,12,S,단리,2.30%,1.95%,"195,000",3.20%,스마트폰,1,제한없음 (실명의 개인 또는 개인사업자),단리,,해당사항없음,1개월이내 : 지급당시 해당기간 일반정기예금 월이자지급식 기본금리 1/2 1개월초과 : 지급당시 해당기간 일반정기예금 월이자지급식 기본금리 1/4,1. 가입금액: 1백만원이상 2. 1인 최대가입한도 : 제한 없음,,20260731,,202607310925,금융감독원 금융상품한눈에 Open API,2026-08-10T14:19:08
020000,은행,202607,0013909,주식회사 하나은행,4,하나의정기예금,24,S,단리,2.30%,1.95%,"389,000",2.50%,스마트폰,1,제한없음 (실명의 개인 또는 개인사업자),단리,,해당사항없음,1개월이내 : 지급당시 해당기간 일반정기예금 월이자지급식 기본금리 1/2 1개월초과 : 지급당시 해당기간 일반정기예금 월이자지급식 기본금리 1/4,1. 가입금액: 1백만원이상 2. 1인 최대가입한도 : 제한 없음,,20260731,,202607310925,금융감독원 금융상품한눈에 Open API,2026-08-10T14:19:08
020000,은행,202607,0013909,주식회사 하나은행,4,하나의정기예금,36,S,단리,2.30%,1.95%,"584,000",2.40%,스마트폰,1,제한없음 (실명의 개인 또는 개인사업자),단리,,해당사항없음,1개월이내 : 지급당시 해당기간 일반정기예금 월이자지급식 기본금리 1/2 1개월초과 : 지급당시 해당기간 일반정기예금 월이자지급식 기본금리 1/4,1. 가입금액: 1백만원이상 2. 1인 최대가입한도 : 제한 없음,,20260731,,202607310925,금융감독원 금융상품한눈에 Open API,2026-08-10T14:19:08
020000,은행,202607,0014674,주식회사 케이뱅크,01013000110000000001,코드K 정기예금,1,S,단리,2.90%,2.45%,"20,000",2.90%,스마트폰,1,제한없음 (만 17세 이상 실명의 개인 및 개인사업자),단리,,우대조건 없음,만기 후 - 1개월 이내 : 만기시점 기본금리 X 50% - 1개월 초과~6개월 이내 : 만기시점 기본금리 X 30% - 6개월 초과 : 연 0.20%,가입금액 : 1백만원 이상 가입기간 : 1개월~36개월,,20260720,,202607200923,금융감독원 금융상품한눈에 Open API,2026-08-10T14:19:08
020000,은행,202607,0014674,주식회사 케이뱅크,01013000110000000001,코드K 정기예금,3,S,단리,3.30%,2.79%,"70,000",3.30%,스마트폰,1,제한없음 (만 17세 이상 실명의 개인 및 개인사업자),단리,,우대조건 없음,만기 후 - 1개월 이내 : 만기시점 기본금리 X 50% - 1개월 초과~6개월 이내 : 만기시점 기본금리 X 30% - 6개월 초과 : 연 0.20%,가입금액 : 1백만원 이상 가입기간 : 1개월~36개월,,20260720,,202607200923,금융감독원 금융상품한눈에 Open API,2026-08-10T14:19:08
020000,은행,202607,0014674,주식회사 케이뱅크,01013000110000000001,코드K 정기예금,6,S,단리,3.40%,2.88%,"144,000",3.40%,스마트폰,1,제한없음 (만 17세 이상 실명의 개인 및 개인사업자),단리,,우대조건 없음,만기 후 - 1개월 이내 : 만기시점 기본금리 X 50% - 1개월 초과~6개월 이내 : 만기시점 기본금리 X 30% - 6개월 초과 : 연 0.20%,가입금액 : 1백만원 이상 가입기간 : 1개월~36개월,,20260720,,202607200923,금융감독원 금융상품한눈에 Open API,2026-08-10T14:19:08
020000,은행,202607,0014674,주식회사 케이뱅크,01013000110000000001,코드K 정기예금,12,S,단리,3.71%,3.14%,"314,000",3.71%,스마트폰,1,제한없음 (만 17세 이상 실명의 개인 및 개인사업자),단리,,우대조건 없음,만기 후 - 1개월 이내 : 만기시점 기본금리 X 50% - 1개월 초과~6개월 이내 : 만기시점 기본금리 X 30% - 6개월 초과 : 연 0.20%,가입금액 : 1백만원 이상 가입기간 : 1개월~36개월,,20260720,,202607200923,금융감독원 금융상품한눈에 Open API,2026-08-10T14:19:08
020000,은행,202607,0014674,주식회사 케이뱅크,01013000110000000001,코드K 정기예금,24,S,단리,3.10%,2.62%,"525,000",3.10%,스마트폰,1,제한없음 (만 17세 이상 실명의 개인 및 개인사업자),단리,,우대조건 없음,만기 후 - 1개월 이내 : 만기시점 기본금리 X 50% - 1개월 초과~6개월 이내 : 만기시점 기본금리 X 30% - 6개월 초과 : 연 0.20%,가입금액 : 1백만원 이상 가입기간 : 1개월~36개월,,20260720,,202607200923,금융감독원 금융상품한눈에 Open API,2026-08-10T14:19:08
020000,은행,202607,0014674,주식회사 케이뱅크,01013000110000000001,코드K 정기예금,36,S,단리,3.15%,2.66%,"799,000",3.15%,스마트폰,1,제한없음 (만 17세 이상 실명의 개인 및 개인사업자),단리,,우대조건 없음,만기 후 - 1개월 이내 : 만기시점 기본금리 X 50% - 1개월 초과~6개월 이내 : 만기시점 기본금리 X 30% - 6개월 초과 : 연 0.20%,가입금액 : 1백만원 이상 가입기간 : 1개월~36개월,,20260720,,202607200923,금융감독원 금융상품한눈에 Open API,2026-08-10T14:19:08
020000,은행,202607,0014807,수협은행,10120114300011,Sh해양플라스틱Zero!예금 (만기일시지급식),6,S,단리,3.05%,2.58%,"129,000",3.40%,"영업점,인터넷,스마트폰",1,제한없음 (실명의 개인),단리,,* 최대우대금리:0.35% 1. 해양플라스틱감축서약 : 0.1% (신규시) 2. 봉사활동 또는 상품홍보 : 0.15% (만기시) 3. 입출금통장 최초신규 : 0.1% (만기시) 4. 자동이체 출금실적 : 0.1% (만기시) - 수협신용카드 / 당행 펀드 또는 적금 / 수협체크카드,* 만기후 -1개월 이내: 만기당시 일반정기예금(월이자지급식) 계약기간별 기본금리 1/2 -1개월초과~3개월 이내: 만기당시 일반정기예금(월이자지급식) 기본금리의 1/4 - 3개월 초과: 만기당시 보통예금 기본금리,"- 1인 다계좌 가능 단, 합산금액 5억원 이내 - 최저 100만원 이상",500000000,20260722,99991231,202607220916,금융감독원 금융상품한눈에 Open API,2026-08-10T14:19:08
020000,은행,202607,0014807,수협은행,10120114300011,Sh해양플라스틱Zero!예금 (만기일시지급식),12,S,단리,3.26%,2.76%,"276,000",3.61%,"영업점,인터넷,스마트폰",1,제한없음 (실명의 개인),단리,,* 최대우대금리:0.35% 1. 해양플라스틱감축서약 : 0.1% (신규시) 2. 봉사활동 또는 상품홍보 : 0.15% (만기시) 3. 입출금통장 최초신규 : 0.1% (만기시) 4. 자동이체 출금실적 : 0.1% (만기시) - 수협신용카드 / 당행 펀드 또는 적금 / 수협체크카드,* 만기후 -1개월 이내: 만기당시 일반정기예금(월이자지급식) 계약기간별 기본금리 1/2 -1개월초과~3개월 이내: 만기당시 일반정기예금(월이자지급식) 기본금리의 1/4 - 3개월 초과: 만기당시 보통예금 기본금리,"- 1인 다계좌 가능 단, 합산금액 5억원 이내 - 최저 100만원 이상",500000000,20260722,99991231,202607220916,금융감독원 금융상품한눈에 Open API,2026-08-10T14:19:08
020000,은행,202607,0014807,수협은행,10120114700011,헤이(Hey)정기예금,3,S,단리,3.40%,2.88%,"72,000",3.40%,"인터넷,스마트폰",1,제한없음 (실명의 개인),단리,,없음,* 만기후 -1개월 이내: 만기당시 일반정기예금(월이자지급식) 계약기간별 기본금리 1/2 -1개월초과~3개월 이내: 만기당시 일반정기예금(월이자지급식) 기본금리의 1/4 - 3개월 초과: 만기당시 보통예금 기본금리,"-1인 다계좌 가능 단, 합산금액 최대 10억원 이내 -최저 10만원 이상",1000000000,20260722,99991231,202607220916,금융감독원 금융상품한눈에 Open API,2026-08-10T14:19:08
020000,은행,202607,0014807,수협은행,10120114700011,헤이(Hey)정기예금,6,S,단리,3.40%,2.88%,"144,000",3.40%,"인터넷,스마트폰",1,제한없음 (실명의 개인),단리,,없음,* 만기후 -1개월 이내: 만기당시 일반정기예금(월이자지급식) 계약기간별 기본금리 1/2 -1개월초과~3개월 이내: 만기당시 일반정기예금(월이자지급식) 기본금리의 1/4 - 3개월 초과: 만기당시 보통예금 기본금리,"-1인 다계좌 가능 단, 합산금액 최대 10억원 이내 -최저 10만원 이상",1000000000,20260722,99991231,202607220916,금융감독원 금융상품한눈에 Open API,2026-08-10T14:19:08
020000,은행,202607,0014807,수협은행,10120114700011,헤이(Hey)정기예금,12,S,단리,3.61%,3.05%,"305,000",3.61%,"인터넷,스마트폰",1,제한없음 (실명의 개인),단리,,없음,* 만기후 -1개월 이내: 만기당시 일반정기예금(월이자지급식) 계약기간별 기본금리 1/2 -1개월초과~3개월 이내: 만기당시 일반정기예금(월이자지급식) 기본금리의 1/4 - 3개월 초과: 만기당시 보통예금 기본금리,"-1인 다계좌 가능 단, 합산금액 최대 10억원 이내 -최저 10만원 이상",1000000000,20260722,99991231,202607220916,금융감독원 금융상품한눈에 Open API,2026-08-10T14:19:08
020000,은행,202607,0014807,수협은행,10120116100011,Sh첫만남우대예금,12,S,단리,2.70%,2.28%,"228,000",3.75%,"인터넷,스마트폰",1,제한없음 (실명의 개인),단리,,* 최대우대금리:1.05% 1. 첫거래우대 : 1.0% (신규시) - 최근 1년간 수협은행 예적금 활동계좌 미보유 고객포함 2. 마케팅전체동의 : 0.05%(신규시) 3. 스마트폰뱅킹의 상품알리기 : 0.80%(만기시),* 만기후 -1개월 이내: 만기당시 일반정기예금(월이자지급식) 계약기간별 기본금리 1/2 -1개월초과~3개월 이내: 만기당시 일반정기예금(월이자지급식) 기본금리의 1/4 - 3개월 초과: 만기당시 보통예금 기본금리,-1인 1계좌 -최저 100만원 이상,30000000,20260722,99991231,202607220916,금융감독원 금융상품한눈에 Open API,2026-08-10T14:19:08
020000,은행,202607,0015130,주식회사 카카오뱅크,10-01-20-388-0002,카카오뱅크 정기예금,1,S,단리,2.90%,2.45%,"20,000",2.90%,스마트폰,1,제한없음 (만 14세 이상의 실명의 개인),단리,,※복잡한 우대조건 없이 가입가능한 정기예금,- 만기 후 1개월 이내 : 가입(또는 자동연장)시점 기본금리x50% - 만기 후 1개월초과 3개월 이내 : 가입(또는 자동연장)시점 기본금리x30% - 만기 후 3개월 초과 : 0.20%,"1. 가입방법 : 스마트폰 2. 가입금액 : 100만원 이상(원단위) 3. 가입기간 : 1개월 이상 ~ 36개월 이하(월, 일단위 지정 가능)",,20260720,,202607201110,금융감독원 금융상품한눈에 Open API,2026-08-10T14:19:08
020000,은행,202607,0015130,주식회사 카카오뱅크,10-01-20-388-0002,카카오뱅크 정기예금,3,S,단리,3.30%,2.79%,"70,000",3.30%,스마트폰,1,제한없음 (만 14세 이상의 실명의 개인),단리,,※복잡한 우대조건 없이 가입가능한 정기예금,- 만기 후 1개월 이내 : 가입(또는 자동연장)시점 기본금리x50% - 만기 후 1개월초과 3개월 이내 : 가입(또는 자동연장)시점 기본금리x30% - 만기 후 3개월 초과 : 0.20%,"1. 가입방법 : 스마트폰 2. 가입금액 : 100만원 이상(원단위) 3. 가입기간 : 1개월 이상 ~ 36개월 이하(월, 일단위 지정 가능)",,20260720,,202607201110,금융감독원 금융상품한눈에 Open API,2026-08-10T14:19:08
020000,은행,202607,0015130,주식회사 카카오뱅크,10-01-20-388-0002,카카오뱅크 정기예금,6,S,단리,3.40%,2.88%,"144,000",3.40%,스마트폰,1,제한없음 (만 14세 이상의 실명의 개인),단리,,※복잡한 우대조건 없이 가입가능한 정기예금,- 만기 후 1개월 이내 : 가입(또는 자동연장)시점 기본금리x50% - 만기 후 1개월초과 3개월 이내 : 가입(또는 자동연장)시점 기본금리x30% - 만기 후 3개월 초과 : 0.20%,"1. 가입방법 : 스마트폰 2. 가입금액 : 100만원 이상(원단위) 3. 가입기간 : 1개월 이상 ~ 36개월 이하(월, 일단위 지정 가능)",,20260720,,202607201110,금융감독원 금융상품한눈에 Open API,2026-08-10T14:19:08
020000,은행,202607,0015130,주식회사 카카오뱅크,10-01-20-388-0002,카카오뱅크 정기예금,12,S,단리,3.60%,3.05%,"305,000",3.60%,스마트폰,1,제한없음 (만 14세 이상의 실명의 개인),단리,,※복잡한 우대조건 없이 가입가능한 정기예금,- 만기 후 1개월 이내 : 가입(또는 자동연장)시점 기본금리x50% - 만기 후 1개월초과 3개월 이내 : 가입(또는 자동연장)시점 기본금리x30% - 만기 후 3개월 초과 : 0.20%,"1. 가입방법 : 스마트폰 2. 가입금액 : 100만원 이상(원단위) 3. 가입기간 : 1개월 이상 ~ 36개월 이하(월, 일단위 지정 가능)",,20260720,,202607201110,금융감독원 금융상품한눈에 Open API,2026-08-10T14:19:08
020000,은행,202607,0015130,주식회사 카카오뱅크,10-01-20-388-0002,카카오뱅크 정기예금,24,S,단리,3.00%,2.54%,"508,000",3.00%,스마트폰,1,제한없음 (만 14세 이상의 실명의 개인),단리,,※복잡한 우대조건 없이 가입가능한 정기예금,- 만기 후 1개월 이내 : 가입(또는 자동연장)시점 기본금리x50% - 만기 후 1개월초과 3개월 이내 : 가입(또는 자동연장)시점 기본금리x30% - 만기 후 3개월 초과 : 0.20%,"1. 가입방법 : 스마트폰 2. 가입금액 : 100만원 이상(원단위) 3. 가입기간 : 1개월 이상 ~ 36개월 이하(월, 일단위 지정 가능)",,20260720,,202607201110,금융감독원 금융상품한눈에 Open API,2026-08-10T14:19:08
020000,은행,202607,0015130,주식회사 카카오뱅크,10-01-20-388-0002,카카오뱅크 정기예금,36,S,단리,3.00%,2.54%,"761,000",3.00%,스마트폰,1,제한없음 (만 14세 이상의 실명의 개인),단리,,※복잡한 우대조건 없이 가입가능한 정기예금,- 만기 후 1개월 이내 : 가입(또는 자동연장)시점 기본금리x50% - 만기 후 1개월초과 3개월 이내 : 가입(또는 자동연장)시점 기본금리x30% - 만기 후 3개월 초과 : 0.20%,"1. 가입방법 : 스마트폰 2. 가입금액 : 100만원 이상(원단위) 3. 가입기간 : 1개월 이상 ~ 36개월 이하(월, 일단위 지정 가능)",,20260720,,202607201110,금융감독원 금융상품한눈에 Open API,2026-08-10T14:19:08
020000,은행,202607,0017801,토스뱅크 주식회사,1001202000002,토스뱅크 먼저 이자 받는 정기예금,3,S,단리,3.10%,2.62%,"66,000",3.10%,스마트폰,1,제한없음 (토스뱅크 통장 또는 토스뱅크 서브 통장을 보유한 만 17세 이상 실명의 개인),단리,,우대조건 없음,· 만기 후 1개월 이내 : 만기시점 기본금리 X 50% · 만기 후 1개월 초과 3개월 이내 : 만기시점 기본금리 X 20% · 만기 후 3개월 초과 : 연 0.10%,"· 계약기간 : 3개월, 6개월, 12개월 · 가입금액 : 최소 1백만원 최대 10억원",1000000000,20260806,99991231,202608061541,금융감독원 금융상품한눈에 Open API,2026-08-10T14:19:08
020000,은행,202607,0017801,토스뱅크 주식회사,1001202000002,토스뱅크 먼저 이자 받는 정기예금,6,S,단리,3.30%,2.79%,"140,000",3.30%,스마트폰,1,제한없음 (토스뱅크 통장 또는 토스뱅크 서브 통장을 보유한 만 17세 이상 실명의 개인),단리,,우대조건 없음,· 만기 후 1개월 이내 : 만기시점 기본금리 X 50% · 만기 후 1개월 초과 3개월 이내 : 만기시점 기본금리 X 20% · 만기 후 3개월 초과 : 연 0.10%,"· 계약기간 : 3개월, 6개월, 12개월 · 가입금액 : 최소 1백만원 최대 10억원",1000000000,20260806,99991231,202608061541,금융감독원 금융상품한눈에 Open API,2026-08-10T14:19:08
020000,은행,202607,0017801,토스뱅크 주식회사,1001202000002,토스뱅크 먼저 이자 받는 정기예금,12,S,단리,3.60%,3.05%,"305,000",3.60%,스마트폰,1,제한없음 (토스뱅크 통장 또는 토스뱅크 서브 통장을 보유한 만 17세 이상 실명의 개인),단리,,우대조건 없음,· 만기 후 1개월 이내 : 만기시점 기본금리 X 50% · 만기 후 1개월 초과 3개월 이내 : 만기시점 기본금리 X 20% · 만기 후 3개월 초과 : 연 0.10%,"· 계약기간 : 3개월, 6개월, 12개월 · 가입금액 : 최소 1백만원 최대 10억원",1000000000,20260806,99991231,202608061541,금융감독원 금융상품한눈에 Open API,2026-08-10T14:19:08
030300,저축은행,202607,0010345,애큐온저축은행,HK00001,정기예금,1,S,단리,1.00%,0.85%,"7,000",1.00%,"영업점,인터넷,스마트폰,전화(텔레뱅킹)",1,"제한없음 (개인,개인사업자,법인)",단리,,없음,만기후 1개월 이내 해지 시 : 약정금리(2019.07.01 신규부터 적용) 만기후 1개월 초과 이후 해지 시 : 보통예금이율(2019.07.01 신규부터 적용),가입금액 1백만원이상,,20260803,,202608030858,금융감독원 금융상품한눈에 Open API,2026-08-10T14:19:08
030300,저축은행,202607,0010345,애큐온저축은행,HK00001,정기예금,3,S,단리,1.30%,1.10%,"27,000",1.30%,"영업점,인터넷,스마트폰,전화(텔레뱅킹)",1,"제한없음 (개인,개인사업자,법인)",단리,,없음,만기후 1개월 이내 해지 시 : 약정금리(2019.07.01 신규부터 적용) 만기후 1개월 초과 이후 해지 시 : 보통예금이율(2019.07.01 신규부터 적용),가입금액 1백만원이상,,20260803,,202608030858,금융감독원 금융상품한눈에 Open API,2026-08-10T14:19:08
030300,저축은행,202607,0010345,애큐온저축은행,HK00001,정기예금,6,S,단리,2.10%,1.78%,"89,000",2.10%,"영업점,인터넷,스마트폰,전화(텔레뱅킹)",1,"제한없음 (개인,개인사업자,법인)",단리,,없음,만기후 1개월 이내 해지 시 : 약정금리(2019.07.01 신규부터 적용) 만기후 1개월 초과 이후 해지 시 : 보통예금이율(2019.07.01 신규부터 적용),가입금액 1백만원이상,,20260803,,202608030858,금융감독원 금융상품한눈에 Open API,2026-08-10T14:19:08
030300,저축은행,202607,0010345,애큐온저축은행,HK00001,정기예금,12,S,단리,3.80%,3.21%,"321,000",3.80%,"영업점,인터넷,스마트폰,전화(텔레뱅킹)",1,"제한없음 (개인,개인사업자,법인)",단리,,없음,만기후 1개월 이내 해지 시 : 약정금리(2019.07.01 신규부터 적용) 만기후 1개월 초과 이후 해지 시 : 보통예금이율(2019.07.01 신규부터 적용),가입금액 1백만원이상,,20260803,,202608030858,금융감독원 금융상품한눈에 Open API,2026-08-10T14:19:08
030300,저축은행,202607,0010345,애큐온저축은행,HK00001,정기예금,24,S,단리,3.80%,3.21%,"643,000",3.80%,"영업점,인터넷,스마트폰,전화(텔레뱅킹)",1,"제한없음 (개인,개인사업자,법인)",단리,,없음,만기후 1개월 이내 해지 시 : 약정금리(2019.07.01 신규부터 적용) 만기후 1개월 초과 이후 해지 시 : 보통예금이율(2019.07.01 신규부터 적용),가입금액 1백만원이상,,20260803,,202608030858,금융감독원 금융상품한눈에 Open API,2026-08-10T14:19:08
030300,저축은행,202607,0010345,애큐온저축은행,HK00001,정기예금,36,S,단리,3.90%,3.30%,"990,000",3.90%,"영업점,인터넷,스마트폰,전화(텔레뱅킹)",1,"제한없음 (개인,개인사업자,법인)",단리,,없음,만기후 1개월 이내 해지 시 : 약정금리(2019.07.01 신규부터 적용) 만기후 1개월 초과 이후 해지 시 : 보통예금이율(2019.07.01 신규부터 적용),가입금액 1백만원이상,,20260803,,202608030858,금융감독원 금융상품한눈에 Open API,2026-08-10T14:19:08
030300,저축은행,202607,0010345,애큐온저축은행,HK00001,정기예금,1,M,복리,1.00%,0.85%,"7,050",1.00%,"영업점,인터넷,스마트폰,전화(텔레뱅킹)",1,"제한없음 (개인,개인사업자,법인)",복리,,없음,만기후 1개월 이내 해지 시 : 약정금리(2019.07.01 신규부터 적용) 만기후 1개월 초과 이후 해지 시 : 보통예금이율(2019.07.01 신규부터 적용),가입금액 1백만원이상,,20260803,,202608030858,금융감독원 금융상품한눈에 Open API,2026-08-10T14:19:08
030300,저축은행,202607,0010345,애큐온저축은행,HK00001,정기예금,3,M,복리,1.30%,1.10%,"27,525",1.30%,"영업점,인터넷,스마트폰,전화(텔레뱅킹)",1,"제한없음 (개인,개인사업자,법인)",복리,,없음,만기후 1개월 이내 해지 시 : 약정금리(2019.07.01 신규부터 적용) 만기후 1개월 초과 이후 해지 시 : 보통예금이율(2019.07.01 신규부터 적용),가입금액 1백만원이상,,20260803,,202608030858,금융감독원 금융상품한눈에 Open API,2026-08-10T14:19:08
030300,저축은행,202607,0010345,애큐온저축은행,HK00001,정기예금,6,M,복리,2.10%,1.78%,"89,220",2.10%,"영업점,인터넷,스마트폰,전화(텔레뱅킹)",1,"제한없음 (개인,개인사업자,법인)",복리,,없음,만기후 1개월 이내 해지 시 : 약정금리(2019.07.01 신규부터 적용) 만기후 1개월 초과 이후 해지 시 : 보통예금이율(2019.07.01 신규부터 적용),가입금액 1백만원이상,,20260803,,202608030858,금융감독원 금융상품한눈에 Open API,2026-08-10T14:19:08
030300,저축은행,202607,0010345,애큐온저축은행,HK00001,정기예금,12,M,복리,3.80%,3.21%,"327,139",3.80%,"영업점,인터넷,스마트폰,전화(텔레뱅킹)",1,"제한없음 (개인,개인사업자,법인)",복리,,없음,만기후 1개월 이내 해지 시 : 약정금리(2019.07.01 신규부터 적용) 만기후 1개월 초과 이후 해지 시 : 보통예금이율(2019.07.01 신규부터 적용),가입금액 1백만원이상,,20260803,,202608030858,금융감독원 금융상품한눈에 Open API,2026-08-10T14:19:08
030300,저축은행,202607,0010345,애큐온저축은행,HK00001,정기예금,24,M,복리,3.80%,3.21%,"666,927",3.80%,"영업점,인터넷,스마트폰,전화(텔레뱅킹)",1,"제한없음 (개인,개인사업자,법인)",복리,,없음,만기후 1개월 이내 해지 시 : 약정금리(2019.07.01 신규부터 적용) 만기후 1개월 초과 이후 해지 시 : 보통예금이율(2019.07.01 신규부터 적용),가입금액 1백만원이상,,20260803,,202608030858,금융감독원 금융상품한눈에 Open API,2026-08-10T14:19:08
030300,저축은행,202607,0010345,애큐온저축은행,HK00001,정기예금,36,M,복리,3.90%,3.30%,"1,048,246",3.90%,"영업점,인터넷,스마트폰,전화(텔레뱅킹)",1,"제한없음 (개인,개인사업자,법인)",복리,,없음,만기후 1개월 이내 해지 시 : 약정금리(2019.07.01 신규부터 적용) 만기후 1개월 초과 이후 해지 시 : 보통예금이율(2019.07.01 신규부터 적용),가입금액 1백만원이상,,20260803,,202608030858,금융감독원 금융상품한눈에 Open API,2026-08-10T14:19:08
030300,저축은행,202607,0010345,애큐온저축은행,HK00006,플러스회전식정기예금(영업점),12,S,단리,3.90%,3.30%,"330,000",3.90%,영업점,1,"제한없음 (개인,개인사업자,법인)",단리,,없음,만기후 1개월 이내 해지 시 : 마지막 회전기간 약정금리 만기후 1개월 초과 이후 해지 시 : 보통예금이율,가입금액: 1백만원 이상 1년단위 변동금리 상품 : 가입기간 36개월(가입후 매1년 회전주기 단위로 약정이율 변동) 약정이율 : 회전시점 정기예금 12개월금리+0.1% 중도해지이율 : 완료된 회전주기기간은 중도해지시에도 회전 구간 별 약정금리제공 (미완료된 회전주기기간은 당행 정기예금 1년 내 중도해지금리 적용),,20260803,,202608030858,금융감독원 금융상품한눈에 Open API,2026-08-10T14:19:08
030300,저축은행,202607,0010345,애큐온저축은행,HK00006,플러스회전식정기예금(영업점),24,S,단리,3.90%,3.30%,"660,000",3.90%,영업점,1,"제한없음 (개인,개인사업자,법인)",단리,,없음,만기후 1개월 이내 해지 시 : 마지막 회전기간 약정금리 만기후 1개월 초과 이후 해지 시 : 보통예금이율,가입금액: 1백만원 이상 1년단위 변동금리 상품 : 가입기간 36개월(가입후 매1년 회전주기 단위로 약정이율 변동) 약정이율 : 회전시점 정기예금 12개월금리+0.1% 중도해지이율 : 완료된 회전주기기간은 중도해지시에도 회전 구간 별 약정금리제공 (미완료된 회전주기기간은 당행 정기예금 1년 내 중도해지금리 적용),,20260803,,202608030858,금융감독원 금융상품한눈에 Open API,2026-08-10T14:19:08
030300,저축은행,202607,0010345,애큐온저축은행,HK00006,플러스회전식정기예금(영업점),36,S,단리,3.90%,3.30%,"990,000",3.90%,영업점,1,"제한없음 (개인,개인사업자,법인)",단리,,없음,만기후 1개월 이내 해지 시 : 마지막 회전기간 약정금리 만기후 1개월 초과 이후 해지 시 : 보통예금이율,가입금액: 1백만원 이상 1년단위 변동금리 상품 : 가입기간 36개월(가입후 매1년 회전주기 단위로 약정이율 변동) 약정이율 : 회전시점 정기예금 12개월금리+0.1% 중도해지이율 : 완료된 회전주기기간은 중도해지시에도 회전 구간 별 약정금리제공 (미완료된 회전주기기간은 당행 정기예금 1년 내 중도해지금리 적용),,20260803,,202608030858,금융감독원 금융상품한눈에 Open API,2026-08-10T14:19:08
030300,저축은행,202607,0010345,애큐온저축은행,HK00006,플러스회전식정기예금(영업점),12,M,복리,3.90%,3.30%,"335,902",3.90%,영업점,1,"제한없음 (개인,개인사업자,법인)",복리,,없음,만기후 1개월 이내 해지 시 : 마지막 회전기간 약정금리 만기후 1개월 초과 이후 해지 시 : 보통예금이율,가입금액: 1백만원 이상 1년단위 변동금리 상품 : 가입기간 36개월(가입후 매1년 회전주기 단위로 약정이율 변동) 약정이율 : 회전시점 정기예금 12개월금리+0.1% 중도해지이율 : 완료된 회전주기기간은 중도해지시에도 회전 구간 별 약정금리제공 (미완료된 회전주기기간은 당행 정기예금 1년 내 중도해지금리 적용),,20260803,,202608030858,금융감독원 금융상품한눈에 Open API,2026-08-10T14:19:08
030300,저축은행,202607,0010345,애큐온저축은행,HK00006,플러스회전식정기예금(영업점),24,M,복리,3.90%,3.30%,"685,141",3.90%,영업점,1,"제한없음 (개인,개인사업자,법인)",복리,,없음,만기후 1개월 이내 해지 시 : 마지막 회전기간 약정금리 만기후 1개월 초과 이후 해지 시 : 보통예금이율,가입금액: 1백만원 이상 1년단위 변동금리 상품 : 가입기간 36개월(가입후 매1년 회전주기 단위로 약정이율 변동) 약정이율 : 회전시점 정기예금 12개월금리+0.1% 중도해지이율 : 완료된 회전주기기간은 중도해지시에도 회전 구간 별 약정금리제공 (미완료된 회전주기기간은 당행 정기예금 1년 내 중도해지금리 적용),,20260803,,202608030858,금융감독원 금융상품한눈에 Open API,2026-08-10T14:19:08
030300,저축은행,202607,0010345,애큐온저축은행,HK00006,플러스회전식정기예금(영업점),36,M,복리,3.90%,3.30%,"1,048,246",3.90%,영업점,1,"제한없음 (개인,개인사업자,법인)",복리,,없음,만기후 1개월 이내 해지 시 : 마지막 회전기간 약정금리 만기후 1개월 초과 이후 해지 시 : 보통예금이율,가입금액: 1백만원 이상 1년단위 변동금리 상품 : 가입기간 36개월(가입후 매1년 회전주기 단위로 약정이율 변동) 약정이율 : 회전시점 정기예금 12개월금리+0.1% 중도해지이율 : 완료된 회전주기기간은 중도해지시에도 회전 구간 별 약정금리제공 (미완료된 회전주기기간은 당행 정기예금 1년 내 중도해지금리 적용),,20260803,,202608030858,금융감독원 금융상품한눈에 Open API,2026-08-10T14:19:08
030300,저축은행,202607,0010345,애큐온저축은행,HK00007,애큐온모바일예금,12,S,단리,3.70%,3.13%,"313,000",3.85%,스마트폰,1,제한없음 (개인),단리,,모바일 가입 : 연 0.10% (고시금리 포함) 멤버십 동의 : 연 0.050% (고시금리 미포함),만기후 1개월 이내 해지시 : 약정금리 만기후 1개월 초과 이후 해지 시 : 보통예금이율,가입금액 1백만원이상 1인1계좌 모바일전용가입상품,,20260803,,202608030858,금융감독원 금융상품한눈에 Open API,2026-08-10T14:19:08
030300,저축은행,202607,0010345,애큐온저축은행,HK00007,애큐온모바일예금,12,M,복리,3.70%,3.13%,"318,383",3.85%,스마트폰,1,제한없음 (개인),복리,,모바일 가입 : 연 0.10% (고시금리 포함) 멤버십 동의 : 연 0.050% (고시금리 미포함),만기후 1개월 이내 해지시 : 약정금리 만기후 1개월 초과 이후 해지 시 : 보통예금이율,가입금액 1백만원이상 1인1계좌 모바일전용가입상품,,20260803,,202608030858,금융감독원 금융상품한눈에 Open API,2026-08-10T14:19:08
030300,저축은행,202607,0010345,애큐온저축은행,HK00009,플러스회전식정기예금(모바일),12,S,단리,4.00%,3.38%,"338,000",4.00%,스마트폰,1,"제한없음 (개인,개인사업자,법인)",단리,,없음,만기후 1개월 이내 해지 시 : 마지막 회전기간 약정금리 만기후 1개월 초과 이후 해지 시 : 보통예금이율,가입금액: 1백만원 이상 1년단위 변동금리 상품 : 가입기간 36개월(가입후 매1년 회전주기 단위로 약정이율 변동) 약정이율 : 회전시점 정기예금 12개월금리+0.1% 중도해지이율 : 완료된 회전주기기간은 중도해지시에도 회전 구간 별 약정금리제공 (미완료된 회전주기기간은 당행 정기예금 1년 내 중도해지금리 적용),,20260803,,202608030858,금융감독원 금융상품한눈에 Open API,2026-08-10T14:19:08
030300,저축은행,202607,0010345,애큐온저축은행,HK00009,플러스회전식정기예금(모바일),24,S,단리,4.00%,3.38%,"677,000",4.00%,스마트폰,1,"제한없음 (개인,개인사업자,법인)",단리,,없음,만기후 1개월 이내 해지 시 : 마지막 회전기간 약정금리 만기후 1개월 초과 이후 해지 시 : 보통예금이율,가입금액: 1백만원 이상 1년단위 변동금리 상품 : 가입기간 36개월(가입후 매1년 회전주기 단위로 약정이율 변동) 약정이율 : 회전시점 정기예금 12개월금리+0.1% 중도해지이율 : 완료된 회전주기기간은 중도해지시에도 회전 구간 별 약정금리제공 (미완료된 회전주기기간은 당행 정기예금 1년 내 중도해지금리 적용),,20260803,,202608030858,금융감독원 금융상품한눈에 Open API,2026-08-10T14:19:08
030300,저축은행,202607,0010345,애큐온저축은행,HK00009,플러스회전식정기예금(모바일),36,S,단리,4.00%,3.38%,"1,015,000",4.00%,스마트폰,1,"제한없음 (개인,개인사업자,법인)",단리,,없음,만기후 1개월 이내 해지 시 : 마지막 회전기간 약정금리 만기후 1개월 초과 이후 해지 시 : 보통예금이율,가입금액: 1백만원 이상 1년단위 변동금리 상품 : 가입기간 36개월(가입후 매1년 회전주기 단위로 약정이율 변동) 약정이율 : 회전시점 정기예금 12개월금리+0.1% 중도해지이율 : 완료된 회전주기기간은 중도해지시에도 회전 구간 별 약정금리제공 (미완료된 회전주기기간은 당행 정기예금 1년 내 중도해지금리 적용),,20260803,,202608030858,금융감독원 금융상품한눈에 Open API,2026-08-10T14:19:08
030300,저축은행,202607,0010345,애큐온저축은행,HK00009,플러스회전식정기예금(모바일),12,M,복리,4.00%,3.38%,"344,673",4.00%,스마트폰,1,"제한없음 (개인,개인사업자,법인)",복리,,없음,만기후 1개월 이내 해지 시 : 마지막 회전기간 약정금리 만기후 1개월 초과 이후 해지 시 : 보통예금이율,가입금액: 1백만원 이상 1년단위 변동금리 상품 : 가입기간 36개월(가입후 매1년 회전주기 단위로 약정이율 변동) 약정이율 : 회전시점 정기예금 12개월금리+0.1% 중도해지이율 : 완료된 회전주기기간은 중도해지시에도 회전 구간 별 약정금리제공 (미완료된 회전주기기간은 당행 정기예금 1년 내 중도해지금리 적용),,20260803,,202608030858,금융감독원 금융상품한눈에 Open API,2026-08-10T14:19:08
030300,저축은행,202607,0010345,애큐온저축은행,HK00009,플러스회전식정기예금(모바일),24,M,복리,4.00%,3.38%,"703,389",4.00%,스마트폰,1,"제한없음 (개인,개인사업자,법인)",복리,,없음,만기후 1개월 이내 해지 시 : 마지막 회전기간 약정금리 만기후 1개월 초과 이후 해지 시 : 보통예금이율,가입금액: 1백만원 이상 1년단위 변동금리 상품 : 가입기간 36개월(가입후 매1년 회전주기 단위로 약정이율 변동) 약정이율 : 회전시점 정기예금 12개월금리+0.1% 중도해지이율 : 완료된 회전주기기간은 중도해지시에도 회전 구간 별 약정금리제공 (미완료된 회전주기기간은 당행 정기예금 1년 내 중도해지금리 적용),,20260803,,202608030858,금융감독원 금융상품한눈에 Open API,2026-08-10T14:19:08
030300,저축은행,202607,0010345,애큐온저축은행,HK00009,플러스회전식정기예금(모바일),36,M,복리,4.00%,3.38%,"1,076,720",4.00%,스마트폰,1,"제한없음 (개인,개인사업자,법인)",복리,,없음,만기후 1개월 이내 해지 시 : 마지막 회전기간 약정금리 만기후 1개월 초과 이후 해지 시 : 보통예금이율,가입금액: 1백만원 이상 1년단위 변동금리 상품 : 가입기간 36개월(가입후 매1년 회전주기 단위로 약정이율 변동) 약정이율 : 회전시점 정기예금 12개월금리+0.1% 중도해지이율 : 완료된 회전주기기간은 중도해지시에도 회전 구간 별 약정금리제공 (미완료된 회전주기기간은 당행 정기예금 1년 내 중도해지금리 적용),,20260803,,202608030858,금융감독원 금융상품한눈에 Open API,2026-08-10T14:19:08
030300,저축은행,202607,0010345,애큐온저축은행,HK00010,3-UP정기예금,12,S,단리,3.85%,3.26%,"326,000",3.85%,"영업점,인터넷,스마트폰",1,"제한없음 (개인,개인사업자,법인)",단리,,없음,만기후 1개월 이내 해지 시 : 각 구간별 약정금리의 평균금리 (2019.07.01 신규부터 적용) 만기후 1개월 초과 이후 해지 시 : 보통예금이율 (2019.07.01 신규부터 적용),"가입금액 1백만원이상 가입기간 12개월(가입후 매3개월 단위로 구간별 약정이율 변동) 약정이율 : 3.85%(평균금리) (1구간 2.40%, 2구간 3.40%, 3구간 4.60%, 4구간 5.00%) 중도해지이율 : 경과한 구간은 구간별 약정금리 + 잔여경과일수의 보통예금금리 제공 (3개월미만은 보통예금금리 이자율 적용)",,20260803,,202608030858,금융감독원 금융상품한눈에 Open API,2026-08-10T14:19:08
030300,저축은행,202607,0010345,애큐온저축은행,HK00010,3-UP정기예금,12,M,복리,3.85%,3.26%,"331,519",3.85%,"영업점,인터넷,스마트폰",1,"제한없음 (개인,개인사업자,법인)",복리,,없음,만기후 1개월 이내 해지 시 : 각 구간별 약정금리의 평균금리 (2019.07.01 신규부터 적용) 만기후 1개월 초과 이후 해지 시 : 보통예금이율 (2019.07.01 신규부터 적용),"가입금액 1백만원이상 가입기간 12개월(가입후 매3개월 단위로 구간별 약정이율 변동) 약정이율 : 3.85%(평균금리) (1구간 2.40%, 2구간 3.40%, 3구간 4.60%, 4구간 5.00%) 중도해지이율 : 경과한 구간은 구간별 약정금리 + 잔여경과일수의 보통예금금리 제공 (3개월미만은 보통예금금리 이자율 적용)",,20260803,,202608030858,금융감독원 금융상품한눈에 Open API,2026-08-10T14:19:08
030300,저축은행,202607,0010345,애큐온저축은행,HK00011,3-UP정기예금(모바일),12,S,단리,3.85%,3.26%,"326,000",3.85%,스마트폰,1,"제한없음 (개인,개인사업자,법인)",단리,,없음,만기후 1개월 이내 해지 시 : 각 구간별 약정금리의 평균금리 (2019.07.01 신규부터 적용) 만기후 1개월 초과 이후 해지 시 : 보통예금이율 (2019.07.01 신규부터 적용),"가입금액 1백만원이상 가입기간 12개월(가입후 매3개월 단위로 구간별 약정이율 변동) 약정이율 : 3.85%(평균금리) (1구간 2.40%, 2구간 3.40%, 3구간 4.60%, 4구간 5.00%) 중도해지이율 : 경과한 구간은 구간별 약정금리 + 잔여경과일수의 보통예금금리 제공 (3개월미만은 보통예금금리 이자율 적용)",,20260803,,202608030858,금융감독원 금융상품한눈에 Open API,2026-08-10T14:19:08
030300,저축은행,202607,0010345,애큐온저축은행,HK00011,3-UP정기예금(모바일),12,M,복리,3.85%,3.26%,"331,519",3.85%,스마트폰,1,"제한없음 (개인,개인사업자,법인)",복리,,없음,만기후 1개월 이내 해지 시 : 각 구간별 약정금리의 평균금리 (2019.07.01 신규부터 적용) 만기후 1개월 초과 이후 해지 시 : 보통예금이율 (2019.07.01 신규부터 적용),"가입금액 1백만원이상 가입기간 12개월(가입후 매3개월 단위로 구간별 약정이율 변동) 약정이율 : 3.85%(평균금리) (1구간 2.40%, 2구간 3.40%, 3구간 4.60%, 4구간 5.00%) 중도해지이율 : 경과한 구간은 구간별 약정금리 + 잔여경과일수의 보통예금금리 제공 (3개월미만은 보통예금금리 이자율 적용)",,20260803,,202608030858,금융감독원 금융상품한눈에 Open API,2026-08-10T14:19:08
030300,저축은행,202607,0010345,애큐온저축은행,HK00012,처음만난예금(모바일전용),12,M,복리,4.00%,3.38%,"344,673",4.10%,스마트폰,1,제한없음 (당행 정기예금 가입 이력이 없는 개인),복리,,최고우대금리 : 0.4% - 당행 정기예금 첫거래 고객 우대 : 0.3% (고시금리 포함) - 개인(신용)정보 마케팅(SMS)동의 유지 : 0.1% (고시금리 미포함),만기후 1개월 이내 해지시 : 약정금리 만기후 1개월 초과 이후 해지 시 : 보통예금이율,가입금액 1십만원 이상 5천만원 이하 1인1상품 모바일전용가입상품,50000000,20260803,,202608030858,금융감독원 금융상품한눈에 Open API,2026-08-10T14:19:08
030300,저축은행,202607,0010345,애큐온저축은행,HK00013,다시만난예금(모바일전용),12,S,단리,3.70%,3.13%,"313,000",4.05%,스마트폰,1,제한없음 (개인),단리,,최고우대금리 : 0.35% - 다시 거래하는 고객 우대(6개월 이상 정기예금 미보유 : 0.25% (고시금리 미포함) - 다시 거래하는 고객 우대(12개월 이상 정기예금 미보유 : 0.35% (고시금리 미포함),만기후 1개월 이내 해지시 : 약정금리 만기후 1개월 초과 이후 해지 시 : 보통예금이율,가입금액 : 1십만원 이상 3천만원 이하 가입기간 : 7개월 ~24개월 1인1계좌 모바일전용가입상품,30000000,20260803,,202608030858,금융감독원 금융상품한눈에 Open API,2026-08-10T14:19:08
030300,저축은행,202607,0010345,애큐온저축은행,HK00013,다시만난예금(모바일전용),24,S,단리,3.40%,2.88%,"575,000",3.75%,스마트폰,1,제한없음 (개인),단리,,최고우대금리 : 0.35% - 다시 거래하는 고객 우대(6개월 이상 정기예금 미보유 : 0.25% (고시금리 미포함) - 다시 거래하는 고객 우대(12개월 이상 정기예금 미보유 : 0.35% (고시금리 미포함),만기후 1개월 이내 해지시 : 약정금리 만기후 1개월 초과 이후 해지 시 : 보통예금이율,가입금액 : 1십만원 이상 3천만원 이하 가입기간 : 7개월 ~24개월 1인1계좌 모바일전용가입상품,30000000,20260803,,202608030858,금융감독원 금융상품한눈에 Open API,2026-08-10T14:19:08
030300,저축은행,202607,0010345,애큐온저축은행,HK00013,다시만난예금(모바일전용),12,M,복리,3.70%,3.13%,"318,383",4.05%,스마트폰,1,제한없음 (개인),복리,,최고우대금리 : 0.35% - 다시 거래하는 고객 우대(6개월 이상 정기예금 미보유 : 0.25% (고시금리 미포함) - 다시 거래하는 고객 우대(12개월 이상 정기예금 미보유 : 0.35% (고시금리 미포함),만기후 1개월 이내 해지시 : 약정금리 만기후 1개월 초과 이후 해지 시 : 보통예금이율,가입금액 : 1십만원 이상 3천만원 이하 가입기간 : 7개월 ~24개월 1인1계좌 모바일전용가입상품,30000000,20260803,,202608030858,금융감독원 금융상품한눈에 Open API,2026-08-10T14:19:08
030300,저축은행,202607,0010345,애큐온저축은행,HK00013,다시만난예금(모바일전용),24,M,복리,3.40%,2.88%,"594,420",3.75%,스마트폰,1,제한없음 (개인),복리,,최고우대금리 : 0.35% - 다시 거래하는 고객 우대(6개월 이상 정기예금 미보유 : 0.25% (고시금리 미포함) - 다시 거래하는 고객 우대(12개월 이상 정기예금 미보유 : 0.35% (고시금리 미포함),만기후 1개월 이내 해지시 : 약정금리 만기후 1개월 초과 이후 해지 시 : 보통예금이율,가입금액 : 1십만원 이상 3천만원 이하 가입기간 : 7개월 ~24개월 1인1계좌 모바일전용가입상품,30000000,20260803,,202608030858,금융감독원 금융상품한눈에 Open API,2026-08-10T14:19:08
030300,저축은행,202607,0010345,애큐온저축은행,HK00014,플러스회전식(6M)정기예금(영업점),6,S,단리,3.90%,3.30%,"165,000",3.90%,영업점,1,"제한없음 (개인,개인사업자,법인)",단리,,없음,만기후 1개월 이내 해지 시 : 마지막 회전기간 약정금리 만기후 1개월 초과 이후 해지 시 : 보통예금이율,"가입금액 : 1백만원 이상 가입기간 : 36개월(가입후 6개월 회전주기 단위로 약정이율 변동) 회전시 적용이율 : 회전시점 정기예금 1년금리+0.1% 중도해지이율 : 가입후 6개월 이내(정기예금 6개월내 중도해지 금리), 가입후 6개월 이후(회전기간 충족기간은 회전구간별 약정이율, 회전기간 미충족기간은 직전 회전시점 기본금리)",,20260803,,202608030858,금융감독원 금융상품한눈에 Open API,2026-08-10T14:19:08
030300,저축은행,202607,0010345,애큐온저축은행,HK00014,플러스회전식(6M)정기예금(영업점),6,M,복리,3.90%,3.30%,"166,316",3.90%,영업점,1,"제한없음 (개인,개인사업자,법인)",복리,,없음,만기후 1개월 이내 해지 시 : 마지막 회전기간 약정금리 만기후 1개월 초과 이후 해지 시 : 보통예금이율,"가입금액 : 1백만원 이상 가입기간 : 36개월(가입후 6개월 회전주기 단위로 약정이율 변동) 회전시 적용이율 : 회전시점 정기예금 1년금리+0.1% 중도해지이율 : 가입후 6개월 이내(정기예금 6개월내 중도해지 금리), 가입후 6개월 이후(회전기간 충족기간은 회전구간별 약정이율, 회전기간 미충족기간은 직전 회전시점 기본금리)",,20260803,,202608030858,금융감독원 금융상품한눈에 Open API,2026-08-10T14:19:08
030300,저축은행,202607,0010345,애큐온저축은행,HK00015,플러스회전식(6M)정기예금(모바일),6,S,단리,4.00%,3.38%,"169,000",4.00%,스마트폰,1,"제한없음 (개인,개인사업자,법인)",단리,,없음,만기후 1개월 이내 해지 시 : 마지막 회전기간 약정금리 만기후 1개월 초과 이후 해지 시 : 보통예금이율,"가입금액 : 1백만원 이상 가입기간 : 36개월(가입후 6개월 회전주기 단위로 약정이율 변동) 회전시 적용이율 : 회전시점 정기예금 1년금리+0.1% 중도해지이율 : 가입후 6개월 이내(정기예금 6개월내 중도해지 금리), 가입후 6개월 이후(회전기간 충족기간은 회전구간별 약정이율, 회전기간 미충족기간은 직전 회전시점 기본금리)",,20260803,,202608030858,금융감독원 금융상품한눈에 Open API,2026-08-10T14:19:08
030300,저축은행,202607,0010345,애큐온저축은행,HK00015,플러스회전식(6M)정기예금(모바일),6,M,복리,4.00%,3.38%,"170,616",4.00%,스마트폰,1,"제한없음 (개인,개인사업자,법인)",복리,,없음,만기후 1개월 이내 해지 시 : 마지막 회전기간 약정금리 만기후 1개월 초과 이후 해지 시 : 보통예금이율,"가입금액 : 1백만원 이상 가입기간 : 36개월(가입후 6개월 회전주기 단위로 약정이율 변동) 회전시 적용이율 : 회전시점 정기예금 1년금리+0.1% 중도해지이율 : 가입후 6개월 이내(정기예금 6개월내 중도해지 금리), 가입후 6개월 이후(회전기간 충족기간은 회전구간별 약정이율, 회전기간 미충족기간은 직전 회전시점 기본금리)",,20260803,,202608030858,금융감독원 금융상품한눈에 Open API,2026-08-10T14:19:08
030300,저축은행,202607,0010346,OSB저축은행,24000,정기예금,1,S,단리,1.20%,1.02%,"8,000",1.20%,영업점,1,제한없음,단리,,없음,-만기후 1개월 이내 : 가입 시 약정금리와 만기 시 동일 상품의 금리 중 낮은 금리 적용 -만기후 1개월 경과 : 보통예금 금리 적용,-가입금액 : 10만원 이상 -시장금리에 변동없는 최초 약정금리로 이자 수령,,20260803,,202608030835,금융감독원 금융상품한눈에 Open API,2026-08-10T14:19:08
030300,저축은행,202607,0010346,OSB저축은행,24000,정기예금,3,S,단리,2.00%,1.69%,"42,000",2.00%,영업점,1,제한없음,단리,,없음,-만기후 1개월 이내 : 가입 시 약정금리와 만기 시 동일 상품의 금리 중 낮은 금리 적용 -만기후 1개월 경과 : 보통예금 금리 적용,-가입금액 : 10만원 이상 -시장금리에 변동없는 최초 약정금리로 이자 수령,,20260803,,202608030835,금융감독원 금융상품한눈에 Open API,2026-08-10T14:19:08
030300,저축은행,202607,0010346,OSB저축은행,24000,정기예금,6,S,단리,3.90%,3.30%,"165,000",3.90%,영업점,1,제한없음,단리,,없음,-만기후 1개월 이내 : 가입 시 약정금리와 만기 시 동일 상품의 금리 중 낮은 금리 적용 -만기후 1개월 경과 : 보통예금 금리 적용,-가입금액 : 10만원 이상 -시장금리에 변동없는 최초 약정금리로 이자 수령,,20260803,,202608030835,금융감독원 금융상품한눈에 Open API,2026-08-10T14:19:08
030300,저축은행,202607,0010346,OSB저축은행,24000,정기예금,12,S,단리,3.90%,3.30%,"330,000",3.90%,영업점,1,제한없음,단리,,없음,-만기후 1개월 이내 : 가입 시 약정금리와 만기 시 동일 상품의 금리 중 낮은 금리 적용 -만기후 1개월 경과 : 보통예금 금리 적용,-가입금액 : 10만원 이상 -시장금리에 변동없는 최초 약정금리로 이자 수령,,20260803,,202608030835,금융감독원 금융상품한눈에 Open API,2026-08-10T14:19:08
030300,저축은행,202607,0010346,OSB저축은행,24000,정기예금,24,S,단리,2.90%,2.45%,"491,000",2.90%,영업점,1,제한없음,단리,,없음,-만기후 1개월 이내 : 가입 시 약정금리와 만기 시 동일 상품의 금리 중 낮은 금리 적용 -만기후 1개월 경과 : 보통예금 금리 적용,-가입금액 : 10만원 이상 -시장금리에 변동없는 최초 약정금리로 이자 수령,,20260803,,202608030835,금융감독원 금융상품한눈에 Open API,2026-08-10T14:19:08
030300,저축은행,202607,0010346,OSB저축은행,24000,정기예금,36,S,단리,2.90%,2.45%,"736,000",2.90%,영업점,1,제한없음,단리,,없음,-만기후 1개월 이내 : 가입 시 약정금리와 만기 시 동일 상품의 금리 중 낮은 금리 적용 -만기후 1개월 경과 : 보통예금 금리 적용,-가입금액 : 10만원 이상 -시장금리에 변동없는 최초 약정금리로 이자 수령,,20260803,,202608030835,금융감독원 금융상품한눈에 Open API,2026-08-10T14:19:08
030300,저축은행,202607,0010346,OSB저축은행,24000,정기예금,1,M,복리,1.20%,1.02%,"8,460",1.20%,영업점,1,제한없음,복리,,없음,-만기후 1개월 이내 : 가입 시 약정금리와 만기 시 동일 상품의 금리 중 낮은 금리 적용 -만기후 1개월 경과 : 보통예금 금리 적용,-가입금액 : 10만원 이상 -시장금리에 변동없는 최초 약정금리로 이자 수령,,20260803,,202608030835,금융감독원 금융상품한눈에 Open API,2026-08-10T14:19:08
030300,저축은행,202607,0010346,OSB저축은행,24000,정기예금,3,M,복리,2.00%,1.69%,"42,371",2.00%,영업점,1,제한없음,복리,,없음,-만기후 1개월 이내 : 가입 시 약정금리와 만기 시 동일 상품의 금리 중 낮은 금리 적용 -만기후 1개월 경과 : 보통예금 금리 적용,-가입금액 : 10만원 이상 -시장금리에 변동없는 최초 약정금리로 이자 수령,,20260803,,202608030835,금융감독원 금융상품한눈에 Open API,2026-08-10T14:19:08
030300,저축은행,202607,0010346,OSB저축은행,24000,정기예금,6,M,복리,3.90%,3.30%,"166,316",3.90%,영업점,1,제한없음,복리,,없음,-만기후 1개월 이내 : 가입 시 약정금리와 만기 시 동일 상품의 금리 중 낮은 금리 적용 -만기후 1개월 경과 : 보통예금 금리 적용,-가입금액 : 10만원 이상 -시장금리에 변동없는 최초 약정금리로 이자 수령,,20260803,,202608030835,금융감독원 금융상품한눈에 Open API,2026-08-10T14:19:08
030300,저축은행,202607,0010346,OSB저축은행,24000,정기예금,12,M,복리,3.90%,3.30%,"335,902",3.90%,영업점,1,제한없음,복리,,없음,-만기후 1개월 이내 : 가입 시 약정금리와 만기 시 동일 상품의 금리 중 낮은 금리 적용 -만기후 1개월 경과 : 보통예금 금리 적용,-가입금액 : 10만원 이상 -시장금리에 변동없는 최초 약정금리로 이자 수령,,20260803,,202608030835,금융감독원 금융상품한눈에 Open API,2026-08-10T14:19:08
030300,저축은행,202607,0010346,OSB저축은행,24000,정기예금,24,M,복리,2.90%,2.45%,"504,562",2.90%,영업점,1,제한없음,복리,,없음,-만기후 1개월 이내 : 가입 시 약정금리와 만기 시 동일 상품의 금리 중 낮은 금리 적용 -만기후 1개월 경과 : 보통예금 금리 적용,-가입금액 : 10만원 이상 -시장금리에 변동없는 최초 약정금리로 이자 수령,,20260803,,202608030835,금융감독원 금융상품한눈에 Open API,2026-08-10T14:19:08
030300,저축은행,202607,0010346,OSB저축은행,24000,정기예금,36,M,복리,2.90%,2.45%,"768,017",2.90%,영업점,1,제한없음,복리,,없음,-만기후 1개월 이내 : 가입 시 약정금리와 만기 시 동일 상품의 금리 중 낮은 금리 적용 -만기후 1개월 경과 : 보통예금 금리 적용,-가입금액 : 10만원 이상 -시장금리에 변동없는 최초 약정금리로 이자 수령,,20260803,,202608030835,금융감독원 금융상품한눈에 Open API,2026-08-10T14:19:08
030300,저축은행,202607,0010346,OSB저축은행,24002,인터넷정기예금,1,S,단리,1.20%,1.02%,"8,000",1.20%,"인터넷,스마트폰",1,제한없음,단리,,없음,-만기후 1개월 이내 : 가입 시 약정금리와 만기 시 동일 상품의 금리 중 낮은 금리 적용 -만기후 1개월 경과 : 보통예금 금리 적용,-가입금액 : 10만원 이상 -시장금리에 변동없는 최초 약정금리로 이자 수령,,20260803,,202608030835,금융감독원 금융상품한눈에 Open API,2026-08-10T14:19:08
030300,저축은행,202607,0010346,OSB저축은행,24002,인터넷정기예금,3,S,단리,2.00%,1.69%,"42,000",2.00%,"인터넷,스마트폰",1,제한없음,단리,,없음,-만기후 1개월 이내 : 가입 시 약정금리와 만기 시 동일 상품의 금리 중 낮은 금리 적용 -만기후 1개월 경과 : 보통예금 금리 적용,-가입금액 : 10만원 이상 -시장금리에 변동없는 최초 약정금리로 이자 수령,,20260803,,202608030835,금융감독원 금융상품한눈에 Open API,2026-08-10T14:19:08
030300,저축은행,202607,0010346,OSB저축은행,24002,인터넷정기예금,6,S,단리,3.90%,3.30%,"165,000",3.90%,"인터넷,스마트폰",1,제한없음,단리,,없음,-만기후 1개월 이내 : 가입 시 약정금리와 만기 시 동일 상품의 금리 중 낮은 금리 적용 -만기후 1개월 경과 : 보통예금 금리 적용,-가입금액 : 10만원 이상 -시장금리에 변동없는 최초 약정금리로 이자 수령,,20260803,,202608030835,금융감독원 금융상품한눈에 Open API,2026-08-10T14:19:08
030300,저축은행,202607,0010346,OSB저축은행,24002,인터넷정기예금,12,S,단리,3.90%,3.30%,"330,000",3.90%,"인터넷,스마트폰",1,제한없음,단리,,없음,-만기후 1개월 이내 : 가입 시 약정금리와 만기 시 동일 상품의 금리 중 낮은 금리 적용 -만기후 1개월 경과 : 보통예금 금리 적용,-가입금액 : 10만원 이상 -시장금리에 변동없는 최초 약정금리로 이자 수령,,20260803,,202608030835,금융감독원 금융상품한눈에 Open API,2026-08-10T14:19:08
030300,저축은행,202607,0010346,OSB저축은행,24002,인터넷정기예금,24,S,단리,2.90%,2.45%,"491,000",2.90%,"인터넷,스마트폰",1,제한없음,단리,,없음,-만기후 1개월 이내 : 가입 시 약정금리와 만기 시 동일 상품의 금리 중 낮은 금리 적용 -만기후 1개월 경과 : 보통예금 금리 적용,-가입금액 : 10만원 이상 -시장금리에 변동없는 최초 약정금리로 이자 수령,,20260803,,202608030835,금융감독원 금융상품한눈에 Open API,2026-08-10T14:19:08
030300,저축은행,202607,0010346,OSB저축은행,24002,인터넷정기예금,36,S,단리,2.90%,2.45%,"736,000",2.90%,"인터넷,스마트폰",1,제한없음,단리,,없음,-만기후 1개월 이내 : 가입 시 약정금리와 만기 시 동일 상품의 금리 중 낮은 금리 적용 -만기후 1개월 경과 : 보통예금 금리 적용,-가입금액 : 10만원 이상 -시장금리에 변동없는 최초 약정금리로 이자 수령,,20260803,,202608030835,금융감독원 금융상품한눈에 Open API,2026-08-10T14:19:08
030300,저축은행,202607,0010346,OSB저축은행,24002,인터넷정기예금,1,M,복리,1.20%,1.02%,"8,460",1.20%,"인터넷,스마트폰",1,제한없음,복리,,없음,-만기후 1개월 이내 : 가입 시 약정금리와 만기 시 동일 상품의 금리 중 낮은 금리 적용 -만기후 1개월 경과 : 보통예금 금리 적용,-가입금액 : 10만원 이상 -시장금리에 변동없는 최초 약정금리로 이자 수령,,20260803,,202608030835,금융감독원 금융상품한눈에 Open API,2026-08-10T14:19:08
030300,저축은행,202607,0010346,OSB저축은행,24002,인터넷정기예금,3,M,복리,2.00%,1.69%,"42,371",2.00%,"인터넷,스마트폰",1,제한없음,복리,,없음,-만기후 1개월 이내 : 가입 시 약정금리와 만기 시 동일 상품의 금리 중 낮은 금리 적용 -만기후 1개월 경과 : 보통예금 금리 적용,-가입금액 : 10만원 이상 -시장금리에 변동없는 최초 약정금리로 이자 수령,,20260803,,202608030835,금융감독원 금융상품한눈에 Open API,2026-08-10T14:19:08
030300,저축은행,202607,0010346,OSB저축은행,24002,인터넷정기예금,6,M,복리,3.90%,3.30%,"166,316",3.90%,"인터넷,스마트폰",1,제한없음,복리,,없음,-만기후 1개월 이내 : 가입 시 약정금리와 만기 시 동일 상품의 금리 중 낮은 금리 적용 -만기후 1개월 경과 : 보통예금 금리 적용,-가입금액 : 10만원 이상 -시장금리에 변동없는 최초 약정금리로 이자 수령,,20260803,,202608030835,금융감독원 금융상품한눈에 Open API,2026-08-10T14:19:08
030300,저축은행,202607,0010346,OSB저축은행,24002,인터넷정기예금,12,M,복리,3.90%,3.30%,"335,902",3.90%,"인터넷,스마트폰",1,제한없음,복리,,없음,-만기후 1개월 이내 : 가입 시 약정금리와 만기 시 동일 상품의 금리 중 낮은 금리 적용 -만기후 1개월 경과 : 보통예금 금리 적용,-가입금액 : 10만원 이상 -시장금리에 변동없는 최초 약정금리로 이자 수령,,20260803,,202608030835,금융감독원 금융상품한눈에 Open API,2026-08-10T14:19:08
030300,저축은행,202607,0010346,OSB저축은행,24002,인터넷정기예금,24,M,복리,2.90%,2.45%,"504,562",2.90%,"인터넷,스마트폰",1,제한없음,복리,,없음,-만기후 1개월 이내 : 가입 시 약정금리와 만기 시 동일 상품의 금리 중 낮은 금리 적용 -만기후 1개월 경과 : 보통예금 금리 적용,-가입금액 : 10만원 이상 -시장금리에 변동없는 최초 약정금리로 이자 수령,,20260803,,202608030835,금융감독원 금융상품한눈에 Open API,2026-08-10T14:19:08
030300,저축은행,202607,0010346,OSB저축은행,24002,인터넷정기예금,36,M,복리,2.90%,2.45%,"768,017",2.90%,"인터넷,스마트폰",1,제한없음,복리,,없음,-만기후 1개월 이내 : 가입 시 약정금리와 만기 시 동일 상품의 금리 중 낮은 금리 적용 -만기후 1개월 경과 : 보통예금 금리 적용,-가입금액 : 10만원 이상 -시장금리에 변동없는 최초 약정금리로 이자 수령,,20260803,,202608030835,금융감독원 금융상품한눈에 Open API,2026-08-10T14:19:08
030300,저축은행,202607,0010346,OSB저축은행,24036,OSB회전식정기예금,36,S,단리,3.90%,3.30%,"990,000",3.90%,영업점,1,제한없음,단리,,없음,-만기후 1개월 이내 : 마지막 회전주기의 약정이율과 동일상품 신규 약정 이율 중 낮은 이율 적용 -만기후 1개월 경과 : 보통예금 금리 적용,-가입금액 : 100만원 이상 -금리 1) 가입시점 : 가입일에 고시된 12개월 정기예금 고시이율 2) 회전기간 도래시점 : 매 회전기간 시작일에 고시된 12개월 정기예금 고시이율 (회전도래일이 휴일 경우 다음 회전주기의 이자율은 휴일 전영업일의 금리 적용),,20260803,,202608030835,금융감독원 금융상품한눈에 Open API,2026-08-10T14:19:08
030300,저축은행,202607,0010346,OSB저축은행,24036,OSB회전식정기예금,36,M,복리,3.90%,3.30%,"1,048,246",3.90%,영업점,1,제한없음,복리,,없음,-만기후 1개월 이내 : 마지막 회전주기의 약정이율과 동일상품 신규 약정 이율 중 낮은 이율 적용 -만기후 1개월 경과 : 보통예금 금리 적용,-가입금액 : 100만원 이상 -금리 1) 가입시점 : 가입일에 고시된 12개월 정기예금 고시이율 2) 회전기간 도래시점 : 매 회전기간 시작일에 고시된 12개월 정기예금 고시이율 (회전도래일이 휴일 경우 다음 회전주기의 이자율은 휴일 전영업일의 금리 적용),,20260803,,202608030835,금융감독원 금융상품한눈에 Open API,2026-08-10T14:19:08
030300,저축은행,202607,0010346,OSB저축은행,24037,인터넷OSB회전식정기예금,36,S,단리,3.90%,3.30%,"990,000",3.90%,"인터넷,스마트폰",1,제한없음,단리,,없음,-만기후 1개월 이내 : 마지막 회전주기의 약정이율과 동일상품 신규 약정 이율 중 낮은 이율 적용 -만기후 1개월 경과 : 보통예금 금리 적용,-가입금액 : 100만원 이상 -금리 1) 가입시점 : 가입일에 고시된 12개월 정기예금 고시이율 2) 회전기간 도래시점 : 매 회전기간 시작일에 고시된 12개월 정기예금 고시이율 (회전도래일이 휴일 경우 다음 회전주기의 이자율은 휴일 전영업일의 금리 적용),,20260803,,202608030835,금융감독원 금융상품한눈에 Open API,2026-08-10T14:19:08
030300,저축은행,202607,0010346,OSB저축은행,24037,인터넷OSB회전식정기예금,36,M,복리,3.90%,3.30%,"1,048,246",3.90%,"인터넷,스마트폰",1,제한없음,복리,,없음,-만기후 1개월 이내 : 마지막 회전주기의 약정이율과 동일상품 신규 약정 이율 중 낮은 이율 적용 -만기후 1개월 경과 : 보통예금 금리 적용,-가입금액 : 100만원 이상 -금리 1) 가입시점 : 가입일에 고시된 12개월 정기예금 고시이율 2) 회전기간 도래시점 : 매 회전기간 시작일에 고시된 12개월 정기예금 고시이율 (회전도래일이 휴일 경우 다음 회전주기의 이자율은 휴일 전영업일의 금리 적용),,20260803,,202608030835,금융감독원 금융상품한눈에 Open API,2026-08-10T14:19:08
030300,저축은행,202607,0010349,디비저축은행,240000,정기예금,1,S,단리,1.30%,1.10%,"9,000",1.30%,영업점,1,제한없음 (실명의 개인/법인),단리,,해당사항없음,1개월 이하 : 신규 당시 약정이율 또는 만기시점 동일상품 동일계약기간의 신규 고시금리 중 낮은 이율 / 1개월 초과 : 0.1%,최소가입금액 : 10만원이상 / 가입채널 : 영업점,,20260806,,202608061652,금융감독원 금융상품한눈에 Open API,2026-08-10T14:19:08
030300,저축은행,202607,0010349,디비저축은행,240000,정기예금,3,S,단리,2.00%,1.69%,"42,000",2.00%,영업점,1,제한없음 (실명의 개인/법인),단리,,해당사항없음,1개월 이하 : 신규 당시 약정이율 또는 만기시점 동일상품 동일계약기간의 신규 고시금리 중 낮은 이율 / 1개월 초과 : 0.1%,최소가입금액 : 10만원이상 / 가입채널 : 영업점,,20260806,,202608061652,금융감독원 금융상품한눈에 Open API,2026-08-10T14:19:08
030300,저축은행,202607,0010349,디비저축은행,240000,정기예금,6,S,단리,2.20%,1.86%,"93,000",2.20%,영업점,1,제한없음 (실명의 개인/법인),단리,,해당사항없음,1개월 이하 : 신규 당시 약정이율 또는 만기시점 동일상품 동일계약기간의 신규 고시금리 중 낮은 이율 / 1개월 초과 : 0.1%,최소가입금액 : 10만원이상 / 가입채널 : 영업점,,20260806,,202608061652,금융감독원 금융상품한눈에 Open API,2026-08-10T14:19:08
030300,저축은행,202607,0010349,디비저축은행,240000,정기예금,12,S,단리,3.85%,3.26%,"326,000",3.85%,영업점,1,제한없음 (실명의 개인/법인),단리,,해당사항없음,1개월 이하 : 신규 당시 약정이율 또는 만기시점 동일상품 동일계약기간의 신규 고시금리 중 낮은 이율 / 1개월 초과 : 0.1%,최소가입금액 : 10만원이상 / 가입채널 : 영업점,,20260806,,202608061652,금융감독원 금융상품한눈에 Open API,2026-08-10T14:19:08
030300,저축은행,202607,0010349,디비저축은행,240000,정기예금,24,S,단리,2.10%,1.78%,"355,000",2.10%,영업점,1,제한없음 (실명의 개인/법인),단리,,해당사항없음,1개월 이하 : 신규 당시 약정이율 또는 만기시점 동일상품 동일계약기간의 신규 고시금리 중 낮은 이율 / 1개월 초과 : 0.1%,최소가입금액 : 10만원이상 / 가입채널 : 영업점,,20260806,,202608061652,금융감독원 금융상품한눈에 Open API,2026-08-10T14:19:08
030300,저축은행,202607,0010349,디비저축은행,240000,정기예금,1,M,복리,1.30%,1.10%,"9,165",1.30%,영업점,1,제한없음 (실명의 개인/법인),복리,,해당사항없음,1개월 이하 : 신규 당시 약정이율 또는 만기시점 동일상품 동일계약기간의 신규 고시금리 중 낮은 이율 / 1개월 초과 : 0.1%,최소가입금액 : 10만원이상 / 가입채널 : 영업점,,20260806,,202608061652,금융감독원 금융상품한눈에 Open API,2026-08-10T14:19:08
030300,저축은행,202607,0010349,디비저축은행,240000,정기예금,3,M,복리,2.00%,1.69%,"42,371",2.00%,영업점,1,제한없음 (실명의 개인/법인),복리,,해당사항없음,1개월 이하 : 신규 당시 약정이율 또는 만기시점 동일상품 동일계약기간의 신규 고시금리 중 낮은 이율 / 1개월 초과 : 0.1%,최소가입금액 : 10만원이상 / 가입채널 : 영업점,,20260806,,202608061652,금융감독원 금융상품한눈에 Open API,2026-08-10T14:19:08
030300,저축은행,202607,0010349,디비저축은행,240000,정기예금,6,M,복리,2.20%,1.86%,"93,488",2.20%,영업점,1,제한없음 (실명의 개인/법인),복리,,해당사항없음,1개월 이하 : 신규 당시 약정이율 또는 만기시점 동일상품 동일계약기간의 신규 고시금리 중 낮은 이율 / 1개월 초과 : 0.1%,최소가입금액 : 10만원이상 / 가입채널 : 영업점,,20260806,,202608061652,금융감독원 금융상품한눈에 Open API,2026-08-10T14:19:08
030300,저축은행,202607,0010349,디비저축은행,240000,정기예금,12,M,복리,3.85%,3.26%,"331,519",3.85%,영업점,1,제한없음 (실명의 개인/법인),복리,,해당사항없음,1개월 이하 : 신규 당시 약정이율 또는 만기시점 동일상품 동일계약기간의 신규 고시금리 중 낮은 이율 / 1개월 초과 : 0.1%,최소가입금액 : 10만원이상 / 가입채널 : 영업점,,20260806,,202608061652,금융감독원 금융상품한눈에 Open API,2026-08-10T14:19:08
030300,저축은행,202607,0010349,디비저축은행,240000,정기예금,24,M,복리,2.10%,1.78%,"362,563",2.10%,영업점,1,제한없음 (실명의 개인/법인),복리,,해당사항없음,1개월 이하 : 신규 당시 약정이율 또는 만기시점 동일상품 동일계약기간의 신규 고시금리 중 낮은 이율 / 1개월 초과 : 0.1%,최소가입금액 : 10만원이상 / 가입채널 : 영업점,,20260806,,202608061652,금융감독원 금융상품한눈에 Open API,2026-08-10T14:19:08
030300,저축은행,202607,0010349,디비저축은행,240007,E-정기예금,1,S,단리,1.30%,1.10%,"9,000",1.30%,인터넷,1,제한없음 (실명의 개인/법인),단리,,해당사항없음,1개월 이하 : 신규 당시 약정이율 또는 만기시점 동일상품 동일계약기간의 신규 고시금리 중 낮은 이율 / 1개월 초과 : 0.1%,최소가입금액 : 10만원이상 / 가입채널 : 인터넷뱅킹,,20260806,,202608061652,금융감독원 금융상품한눈에 Open API,2026-08-10T14:19:08
030300,저축은행,202607,0010349,디비저축은행,240007,E-정기예금,3,S,단리,2.00%,1.69%,"42,000",2.00%,인터넷,1,제한없음 (실명의 개인/법인),단리,,해당사항없음,1개월 이하 : 신규 당시 약정이율 또는 만기시점 동일상품 동일계약기간의 신규 고시금리 중 낮은 이율 / 1개월 초과 : 0.1%,최소가입금액 : 10만원이상 / 가입채널 : 인터넷뱅킹,,20260806,,202608061652,금융감독원 금융상품한눈에 Open API,2026-08-10T14:19:08
030300,저축은행,202607,0010349,디비저축은행,240007,E-정기예금,6,S,단리,2.20%,1.86%,"93,000",2.20%,인터넷,1,제한없음 (실명의 개인/법인),단리,,해당사항없음,1개월 이하 : 신규 당시 약정이율 또는 만기시점 동일상품 동일계약기간의 신규 고시금리 중 낮은 이율 / 1개월 초과 : 0.1%,최소가입금액 : 10만원이상 / 가입채널 : 인터넷뱅킹,,20260806,,202608061652,금융감독원 금융상품한눈에 Open API,2026-08-10T14:19:08
030300,저축은행,202607,0010349,디비저축은행,240007,E-정기예금,12,S,단리,3.85%,3.26%,"326,000",3.85%,인터넷,1,제한없음 (실명의 개인/법인),단리,,해당사항없음,1개월 이하 : 신규 당시 약정이율 또는 만기시점 동일상품 동일계약기간의 신규 고시금리 중 낮은 이율 / 1개월 초과 : 0.1%,최소가입금액 : 10만원이상 / 가입채널 : 인터넷뱅킹,,20260806,,202608061652,금융감독원 금융상품한눈에 Open API,2026-08-10T14:19:08
030300,저축은행,202607,0010349,디비저축은행,240007,E-정기예금,24,S,단리,2.10%,1.78%,"355,000",2.10%,인터넷,1,제한없음 (실명의 개인/법인),단리,,해당사항없음,1개월 이하 : 신규 당시 약정이율 또는 만기시점 동일상품 동일계약기간의 신규 고시금리 중 낮은 이율 / 1개월 초과 : 0.1%,최소가입금액 : 10만원이상 / 가입채널 : 인터넷뱅킹,,20260806,,202608061652,금융감독원 금융상품한눈에 Open API,2026-08-10T14:19:08
030300,저축은행,202607,0010349,디비저축은행,240007,E-정기예금,36,S,단리,2.10%,1.78%,"533,000",2.10%,인터넷,1,제한없음 (실명의 개인/법인),단리,,해당사항없음,1개월 이하 : 신규 당시 약정이율 또는 만기시점 동일상품 동일계약기간의 신규 고시금리 중 낮은 이율 / 1개월 초과 : 0.1%,최소가입금액 : 10만원이상 / 가입채널 : 인터넷뱅킹,,20260806,,202608061652,금융감독원 금융상품한눈에 Open API,2026-08-10T14:19:08
030300,저축은행,202607,0010349,디비저축은행,240007,E-정기예금,1,M,복리,1.30%,1.10%,"9,165",1.30%,인터넷,1,제한없음 (실명의 개인/법인),복리,,해당사항없음,1개월 이하 : 신규 당시 약정이율 또는 만기시점 동일상품 동일계약기간의 신규 고시금리 중 낮은 이율 / 1개월 초과 : 0.1%,최소가입금액 : 10만원이상 / 가입채널 : 인터넷뱅킹,,20260806,,202608061652,금융감독원 금융상품한눈에 Open API,2026-08-10T14:19:08
030300,저축은행,202607,0010349,디비저축은행,240007,E-정기예금,3,M,복리,2.00%,1.69%,"42,371",2.00%,인터넷,1,제한없음 (실명의 개인/법인),복리,,해당사항없음,1개월 이하 : 신규 당시 약정이율 또는 만기시점 동일상품 동일계약기간의 신규 고시금리 중 낮은 이율 / 1개월 초과 : 0.1%,최소가입금액 : 10만원이상 / 가입채널 : 인터넷뱅킹,,20260806,,202608061652,금융감독원 금융상품한눈에 Open API,2026-08-10T14:19:08
030300,저축은행,202607,0010349,디비저축은행,240007,E-정기예금,6,M,복리,2.20%,1.86%,"93,488",2.20%,인터넷,1,제한없음 (실명의 개인/법인),복리,,해당사항없음,1개월 이하 : 신규 당시 약정이율 또는 만기시점 동일상품 동일계약기간의 신규 고시금리 중 낮은 이율 / 1개월 초과 : 0.1%,최소가입금액 : 10만원이상 / 가입채널 : 인터넷뱅킹,,20260806,,202608061652,금융감독원 금융상품한눈에 Open API,2026-08-10T14:19:08
030300,저축은행,202607,0010349,디비저축은행,240007,E-정기예금,12,M,복리,3.85%,3.26%,"331,519",3.85%,인터넷,1,제한없음 (실명의 개인/법인),복리,,해당사항없음,1개월 이하 : 신규 당시 약정이율 또는 만기시점 동일상품 동일계약기간의 신규 고시금리 중 낮은 이율 / 1개월 초과 : 0.1%,최소가입금액 : 10만원이상 / 가입채널 : 인터넷뱅킹,,20260806,,202608061652,금융감독원 금융상품한눈에 Open API,2026-08-10T14:19:08
030300,저축은행,202607,0010349,디비저축은행,240007,E-정기예금,24,M,복리,2.10%,1.78%,"362,563",2.10%,인터넷,1,제한없음 (실명의 개인/법인),복리,,해당사항없음,1개월 이하 : 신규 당시 약정이율 또는 만기시점 동일상품 동일계약기간의 신규 고시금리 중 낮은 이율 / 1개월 초과 : 0.1%,최소가입금액 : 10만원이상 / 가입채널 : 인터넷뱅킹,,20260806,,202608061652,금융감독원 금융상품한눈에 Open API,2026-08-10T14:19:08
030300,저축은행,202607,0010349,디비저축은행,240007,E-정기예금,36,M,복리,2.10%,1.78%,"549,631",2.10%,인터넷,1,제한없음 (실명의 개인/법인),복리,,해당사항없음,1개월 이하 : 신규 당시 약정이율 또는 만기시점 동일상품 동일계약기간의 신규 고시금리 중 낮은 이율 / 1개월 초과 : 0.1%,최소가입금액 : 10만원이상 / 가입채널 : 인터넷뱅킹,,20260806,,202608061652,금융감독원 금융상품한눈에 Open API,2026-08-10T14:19:08
030300,저축은행,202607,0010349,디비저축은행,240800,DreamBig 정기예금,12,S,단리,3.95%,3.34%,"334,000",3.95%,영업점,1,제한없음 (실명의 개인/법인),단리,,해당사항없음,1개월 미만 : 최종회전일 약정이율 또는 만기시점 동일상품 동일계약기간의 신규 고시금리 중 낮은 이율 / 1개월 초과 : 0.1%,최소가입금액 : 10만원이상 / 가입채널 : 영업점,,20260806,,202608061652,금융감독원 금융상품한눈에 Open API,2026-08-10T14:19:08
030300,저축은행,202607,0010349,디비저축은행,240800,DreamBig 정기예금,12,M,복리,3.95%,3.34%,"340,287",3.95%,영업점,1,제한없음 (실명의 개인/법인),복리,,해당사항없음,1개월 미만 : 최종회전일 약정이율 또는 만기시점 동일상품 동일계약기간의 신규 고시금리 중 낮은 이율 / 1개월 초과 : 0.1%,최소가입금액 : 10만원이상 / 가입채널 : 영업점,,20260806,,202608061652,금융감독원 금융상품한눈에 Open API,2026-08-10T14:19:08
030300,저축은행,202607,0010349,디비저축은행,240801,DreamBig E-정기예금,12,S,단리,3.95%,3.34%,"334,000",3.95%,인터넷,1,제한없음 (실명의 개인/법인),단리,,해당사항없음,1개월 미만 : 최종회전일 약정이율 또는 만기시점 동일상품 동일계약기간의 신규 고시금리 중 낮은 이율 / 1개월 초과 : 0.1%,최소가입금액 : 10만원이상 / 가입채널 : 인터넷뱅킹,,20260806,,202608061652,금융감독원 금융상품한눈에 Open API,2026-08-10T14:19:08
030300,저축은행,202607,0010349,디비저축은행,240801,DreamBig E-정기예금,12,M,복리,3.95%,3.34%,"340,287",3.95%,인터넷,1,제한없음 (실명의 개인/법인),복리,,해당사항없음,1개월 미만 : 최종회전일 약정이율 또는 만기시점 동일상품 동일계약기간의 신규 고시금리 중 낮은 이율 / 1개월 초과 : 0.1%,최소가입금액 : 10만원이상 / 가입채널 : 인터넷뱅킹,,20260806,,202608061652,금융감독원 금융상품한눈에 Open API,2026-08-10T14:19:08
030300,저축은행,202607,0010349,디비저축은행,240802,M-DreamBig 정기예금,12,S,단리,3.95%,3.34%,"334,000",3.95%,스마트폰,1,제한없음 (실명의 개인),단리,,해당사항없음,1개월 미만 : 최종회전일 약정이율 또는 만기시점 동일상품 동일계약기간의 신규 고시금리 중 낮은 이율 / 1개월 초과 : 0.1%,최소가입금액 : 10만원이상 / 가입채널 : 모바일뱅킹,,20260806,,202608061652,금융감독원 금융상품한눈에 Open API,2026-08-10T14:19:08
030300,저축은행,202607,0010349,디비저축은행,240802,M-DreamBig 정기예금,12,M,복리,3.95%,3.34%,"340,287",3.95%,스마트폰,1,제한없음 (실명의 개인),복리,,해당사항없음,1개월 미만 : 최종회전일 약정이율 또는 만기시점 동일상품 동일계약기간의 신규 고시금리 중 낮은 이율 / 1개월 초과 : 0.1%,최소가입금액 : 10만원이상 / 가입채널 : 모바일뱅킹,,20260806,,202608061652,금융감독원 금융상품한눈에 Open API,2026-08-10T14:19:08
030300,저축은행,202607,0010349,디비저축은행,240806,M-정기예금,1,S,단리,1.30%,1.10%,"9,000",1.30%,스마트폰,1,제한없음 (실명의 개인),단리,,해당사항없음,1개월 이하 : 신규 당시 약정이율 또는 만기시점 동일상품 동일계약기간의 신규 고시금리 중 낮은 이율 / 1개월 초과 : 0.1%,최소가입금액 : 10만원이상 / 가입채널 : 모바일뱅킹,,20260806,,202608061652,금융감독원 금융상품한눈에 Open API,2026-08-10T14:19:08
030300,저축은행,202607,0010349,디비저축은행,240806,M-정기예금,3,S,단리,2.00%,1.69%,"42,000",2.00%,스마트폰,1,제한없음 (실명의 개인),단리,,해당사항없음,1개월 이하 : 신규 당시 약정이율 또는 만기시점 동일상품 동일계약기간의 신규 고시금리 중 낮은 이율 / 1개월 초과 : 0.1%,최소가입금액 : 10만원이상 / 가입채널 : 모바일뱅킹,,20260806,,202608061652,금융감독원 금융상품한눈에 Open API,2026-08-10T14:19:08
030300,저축은행,202607,0010349,디비저축은행,240806,M-정기예금,6,S,단리,2.20%,1.86%,"93,000",2.20%,스마트폰,1,제한없음 (실명의 개인),단리,,해당사항없음,1개월 이하 : 신규 당시 약정이율 또는 만기시점 동일상품 동일계약기간의 신규 고시금리 중 낮은 이율 / 1개월 초과 : 0.1%,최소가입금액 : 10만원이상 / 가입채널 : 모바일뱅킹,,20260806,,202608061652,금융감독원 금융상품한눈에 Open API,2026-08-10T14:19:08
030300,저축은행,202607,0010349,디비저축은행,240806,M-정기예금,12,S,단리,3.85%,3.26%,"326,000",3.85%,스마트폰,1,제한없음 (실명의 개인),단리,,해당사항없음,1개월 이하 : 신규 당시 약정이율 또는 만기시점 동일상품 동일계약기간의 신규 고시금리 중 낮은 이율 / 1개월 초과 : 0.1%,최소가입금액 : 10만원이상 / 가입채널 : 모바일뱅킹,,20260806,,202608061652,금융감독원 금융상품한눈에 Open API,2026-08-10T14:19:08
030300,저축은행,202607,0010349,디비저축은행,240806,M-정기예금,24,S,단리,2.10%,1.78%,"355,000",2.10%,스마트폰,1,제한없음 (실명의 개인),단리,,해당사항없음,1개월 이하 : 신규 당시 약정이율 또는 만기시점 동일상품 동일계약기간의 신규 고시금리 중 낮은 이율 / 1개월 초과 : 0.1%,최소가입금액 : 10만원이상 / 가입채널 : 모바일뱅킹,,20260806,,202608061652,금융감독원 금융상품한눈에 Open API,2026-08-10T14:19:08
030300,저축은행,202607,0010349,디비저축은행,240806,M-정기예금,36,S,단리,2.10%,1.78%,"533,000",2.10%,스마트폰,1,제한없음 (실명의 개인),단리,,해당사항없음,1개월 이하 : 신규 당시 약정이율 또는 만기시점 동일상품 동일계약기간의 신규 고시금리 중 낮은 이율 / 1개월 초과 : 0.1%,최소가입금액 : 10만원이상 / 가입채널 : 모바일뱅킹,,20260806,,202608061652,금융감독원 금융상품한눈에 Open API,2026-08-10T14:19:08
030300,저축은행,202607,0010349,디비저축은행,240806,M-정기예금,1,M,복리,1.30%,1.10%,"9,165",1.30%,스마트폰,1,제한없음 (실명의 개인),복리,,해당사항없음,1개월 이하 : 신규 당시 약정이율 또는 만기시점 동일상품 동일계약기간의 신규 고시금리 중 낮은 이율 / 1개월 초과 : 0.1%,최소가입금액 : 10만원이상 / 가입채널 : 모바일뱅킹,,20260806,,202608061652,금융감독원 금융상품한눈에 Open API,2026-08-10T14:19:08
030300,저축은행,202607,0010349,디비저축은행,240806,M-정기예금,3,M,복리,2.00%,1.69%,"42,371",2.00%,스마트폰,1,제한없음 (실명의 개인),복리,,해당사항없음,1개월 이하 : 신규 당시 약정이율 또는 만기시점 동일상품 동일계약기간의 신규 고시금리 중 낮은 이율 / 1개월 초과 : 0.1%,최소가입금액 : 10만원이상 / 가입채널 : 모바일뱅킹,,20260806,,202608061652,금융감독원 금융상품한눈에 Open API,2026-08-10T14:19:08
030300,저축은행,202607,0010349,디비저축은행,240806,M-정기예금,6,M,복리,2.20%,1.86%,"93,488",2.20%,스마트폰,1,제한없음 (실명의 개인),복리,,해당사항없음,1개월 이하 : 신규 당시 약정이율 또는 만기시점 동일상품 동일계약기간의 신규 고시금리 중 낮은 이율 / 1개월 초과 : 0.1%,최소가입금액 : 10만원이상 / 가입채널 : 모바일뱅킹,,20260806,,202608061652,금융감독원 금융상품한눈에 Open API,2026-08-10T14:19:08
030300,저축은행,202607,0010349,디비저축은행,240806,M-정기예금,12,M,복리,3.85%,3.26%,"331,519",3.85%,스마트폰,1,제한없음 (실명의 개인),복리,,해당사항없음,1개월 이하 : 신규 당시 약정이율 또는 만기시점 동일상품 동일계약기간의 신규 고시금리 중 낮은 이율 / 1개월 초과 : 0.1%,최소가입금액 : 10만원이상 / 가입채널 : 모바일뱅킹,,20260806,,202608061652,금융감독원 금융상품한눈에 Open API,2026-08-10T14:19:08
030300,저축은행,202607,0010349,디비저축은행,240806,M-정기예금,24,M,복리,2.10%,1.78%,"362,563",2.10%,스마트폰,1,제한없음 (실명의 개인),복리,,해당사항없음,1개월 이하 : 신규 당시 약정이율 또는 만기시점 동일상품 동일계약기간의 신규 고시금리 중 낮은 이율 / 1개월 초과 : 0.1%,최소가입금액 : 10만원이상 / 가입채널 : 모바일뱅킹,,20260806,,202608061652,금융감독원 금융상품한눈에 Open API,2026-08-10T14:19:08
030300,저축은행,202607,0010349,디비저축은행,240806,M-정기예금,36,M,복리,2.10%,1.78%,"549,631",2.10%,스마트폰,1,제한없음 (실명의 개인),복리,,해당사항없음,1개월 이하 : 신규 당시 약정이율 또는 만기시점 동일상품 동일계약기간의 신규 고시금리 중 낮은 이율 / 1개월 초과 : 0.1%,최소가입금액 : 10만원이상 / 가입채널 : 모바일뱅킹,,20260806,,202608061652,금융감독원 금융상품한눈에 Open API,2026-08-10T14:19:08
030300,저축은행,202607,0010349,디비저축은행,240860,DreamBig 정기예금(6M),6,S,단리,3.90%,3.30%,"165,000",3.90%,영업점,1,제한없음 (실명의 개인/법인),단리,,해당사항없음,1개월 이하 : 최종회전일 약정이율 또는 만기시점 동일상품 동일계약기간의 신규 고시금리 중 낮은 이율 / 1개월 초과 : 0.1%,최소가입금액 : 10만원이상 / 가입채널 : 영업점,,20260806,,202608061652,금융감독원 금융상품한눈에 Open API,2026-08-10T14:19:08
030300,저축은행,202607,0010349,디비저축은행,240860,DreamBig 정기예금(6M),6,M,복리,3.90%,3.30%,"166,316",3.90%,영업점,1,제한없음 (실명의 개인/법인),복리,,해당사항없음,1개월 이하 : 최종회전일 약정이율 또는 만기시점 동일상품 동일계약기간의 신규 고시금리 중 낮은 이율 / 1개월 초과 : 0.1%,최소가입금액 : 10만원이상 / 가입채널 : 영업점,,20260806,,202608061652,금융감독원 금융상품한눈에 Open API,2026-08-10T14:19:08
030300,저축은행,202607,0010349,디비저축은행,240862,M-DreamBig 정기예금(6M),6,S,단리,3.90%,3.30%,"165,000",3.90%,스마트폰,1,제한없음 (실명의 개인),단리,,해당사항없음,1개월 이하 : 최종회전일 약정이율 또는 만기시점 동일상품 동일계약기간의 신규 고시금리 중 낮은 이율 / 1개월 초과 : 0.1%,최소가입금액 : 10만원이상 / 가입채널 : 모바일뱅킹,,20260806,,202608061652,금융감독원 금융상품한눈에 Open API,2026-08-10T14:19:08
030300,저축은행,202607,0010349,디비저축은행,240862,M-DreamBig 정기예금(6M),6,M,복리,3.90%,3.30%,"166,316",3.90%,스마트폰,1,제한없음 (실명의 개인),복리,,해당사항없음,1개월 이하 : 최종회전일 약정이율 또는 만기시점 동일상품 동일계약기간의 신규 고시금리 중 낮은 이율 / 1개월 초과 : 0.1%,최소가입금액 : 10만원이상 / 가입채널 : 모바일뱅킹,,20260806,,202608061652,금융감독원 금융상품한눈에 Open API,2026-08-10T14:19:08
030300,저축은행,202607,0010350,스카이저축은행,240023,정기예금,1,S,단리,1.40%,1.18%,"10,000",1.40%,영업점,1,제한없음,단리,,영업점 내방 12개월 신규 또는 재예치 시 + 0.1%,*만기후 1개월 이내(2019.07.01이후 예금가입자) : 만기시점 동일상품 동일계약기간의 신규약정금리 *만기후 1개월 초과 :보통예금이율,최소금액:10만원이상,,20260807,,202608070736,금융감독원 금융상품한눈에 Open API,2026-08-10T14:19:08
030300,저축은행,202607,0010350,스카이저축은행,240023,정기예금,3,S,단리,1.90%,1.61%,"40,000",1.90%,영업점,1,제한없음,단리,,영업점 내방 12개월 신규 또는 재예치 시 + 0.1%,*만기후 1개월 이내(2019.07.01이후 예금가입자) : 만기시점 동일상품 동일계약기간의 신규약정금리 *만기후 1개월 초과 :보통예금이율,최소금액:10만원이상,,20260807,,202608070736,금융감독원 금융상품한눈에 Open API,2026-08-10T14:19:08
030300,저축은행,202607,0010350,스카이저축은행,240023,정기예금,6,S,단리,3.70%,3.13%,"157,000",3.70%,영업점,1,제한없음,단리,,영업점 내방 12개월 신규 또는 재예치 시 + 0.1%,*만기후 1개월 이내(2019.07.01이후 예금가입자) : 만기시점 동일상품 동일계약기간의 신규약정금리 *만기후 1개월 초과 :보통예금이율,최소금액:10만원이상,,20260807,,202608070736,금융감독원 금융상품한눈에 Open API,2026-08-10T14:19:08
030300,저축은행,202607,0010350,스카이저축은행,240023,정기예금,12,S,단리,3.80%,3.21%,"321,000",3.90%,영업점,1,제한없음,단리,,영업점 내방 12개월 신규 또는 재예치 시 + 0.1%,*만기후 1개월 이내(2019.07.01이후 예금가입자) : 만기시점 동일상품 동일계약기간의 신규약정금리 *만기후 1개월 초과 :보통예금이율,최소금액:10만원이상,,20260807,,202608070736,금융감독원 금융상품한눈에 Open API,2026-08-10T14:19:08
030300,저축은행,202607,0010350,스카이저축은행,240023,정기예금,24,S,단리,2.75%,2.33%,"465,000",2.75%,영업점,1,제한없음,단리,,영업점 내방 12개월 신규 또는 재예치 시 + 0.1%,*만기후 1개월 이내(2019.07.01이후 예금가입자) : 만기시점 동일상품 동일계약기간의 신규약정금리 *만기후 1개월 초과 :보통예금이율,최소금액:10만원이상,,20260807,,202608070736,금융감독원 금융상품한눈에 Open API,2026-08-10T14:19:08
030300,저축은행,202607,0010350,스카이저축은행,240023,정기예금,36,S,단리,2.75%,2.33%,"698,000",2.75%,영업점,1,제한없음,단리,,영업점 내방 12개월 신규 또는 재예치 시 + 0.1%,*만기후 1개월 이내(2019.07.01이후 예금가입자) : 만기시점 동일상품 동일계약기간의 신규약정금리 *만기후 1개월 초과 :보통예금이율,최소금액:10만원이상,,20260807,,202608070736,금융감독원 금융상품한눈에 Open API,2026-08-10T14:19:08
030300,저축은행,202607,0010350,스카이저축은행,240023,정기예금,1,M,복리,1.40%,1.18%,"9,870",1.40%,영업점,1,제한없음,복리,,영업점 내방 12개월 신규 또는 재예치 시 + 0.1%,*만기후 1개월 이내(2019.07.01이후 예금가입자) : 만기시점 동일상품 동일계약기간의 신규약정금리 *만기후 1개월 초과 :보통예금이율,최소금액:10만원이상,,20260807,,202608070736,금융감독원 금융상품한눈에 Open API,2026-08-10T14:19:08
030300,저축은행,202607,0010350,스카이저축은행,240023,정기예금,3,M,복리,1.90%,1.61%,"40,249",1.90%,영업점,1,제한없음,복리,,영업점 내방 12개월 신규 또는 재예치 시 + 0.1%,*만기후 1개월 이내(2019.07.01이후 예금가입자) : 만기시점 동일상품 동일계약기간의 신규약정금리 *만기후 1개월 초과 :보통예금이율,최소금액:10만원이상,,20260807,,202608070736,금융감독원 금융상품한눈에 Open API,2026-08-10T14:19:08
030300,저축은행,202607,0010350,스카이저축은행,240023,정기예금,6,M,복리,3.70%,3.13%,"157,721",3.70%,영업점,1,제한없음,복리,,영업점 내방 12개월 신규 또는 재예치 시 + 0.1%,*만기후 1개월 이내(2019.07.01이후 예금가입자) : 만기시점 동일상품 동일계약기간의 신규약정금리 *만기후 1개월 초과 :보통예금이율,최소금액:10만원이상,,20260807,,202608070736,금융감독원 금융상품한눈에 Open API,2026-08-10T14:19:08
030300,저축은행,202607,0010350,스카이저축은행,240023,정기예금,12,M,복리,3.80%,3.21%,"327,139",3.90%,영업점,1,제한없음,복리,,영업점 내방 12개월 신규 또는 재예치 시 + 0.1%,*만기후 1개월 이내(2019.07.01이후 예금가입자) : 만기시점 동일상품 동일계약기간의 신규약정금리 *만기후 1개월 초과 :보통예금이율,최소금액:10만원이상,,20260807,,202608070736,금융감독원 금융상품한눈에 Open API,2026-08-10T14:19:08
030300,저축은행,202607,0010350,스카이저축은행,240023,정기예금,24,M,복리,2.75%,2.33%,"477,771",2.75%,영업점,1,제한없음,복리,,영업점 내방 12개월 신규 또는 재예치 시 + 0.1%,*만기후 1개월 이내(2019.07.01이후 예금가입자) : 만기시점 동일상품 동일계약기간의 신규약정금리 *만기후 1개월 초과 :보통예금이율,최소금액:10만원이상,,20260807,,202608070736,금융감독원 금융상품한눈에 Open API,2026-08-10T14:19:08
030300,저축은행,202607,0010350,스카이저축은행,240023,정기예금,36,M,복리,2.75%,2.33%,"726,682",2.75%,영업점,1,제한없음,복리,,영업점 내방 12개월 신규 또는 재예치 시 + 0.1%,*만기후 1개월 이내(2019.07.01이후 예금가입자) : 만기시점 동일상품 동일계약기간의 신규약정금리 *만기후 1개월 초과 :보통예금이율,최소금액:10만원이상,,20260807,,202608070736,금융감독원 금융상품한눈에 Open API,2026-08-10T14:19:08
030300,저축은행,202607,0010350,스카이저축은행,240025,e-정기예금,1,S,단리,1.50%,1.27%,"11,000",1.50%,"인터넷,스마트폰",1,제한없음,단리,,없음,*만기후 1개월 이내(2019.07.01이후 예금가입자) : 만기시점 동일상품 동일계약기간의 신규약정금리 *만기후 1개월 초과 :보통예금이율,최소금액:10만원이상,,20260807,,202608070736,금융감독원 금융상품한눈에 Open API,2026-08-10T14:19:08
030300,저축은행,202607,0010350,스카이저축은행,240025,e-정기예금,3,S,단리,2.00%,1.69%,"42,000",2.00%,"인터넷,스마트폰",1,제한없음,단리,,없음,*만기후 1개월 이내(2019.07.01이후 예금가입자) : 만기시점 동일상품 동일계약기간의 신규약정금리 *만기후 1개월 초과 :보통예금이율,최소금액:10만원이상,,20260807,,202608070736,금융감독원 금융상품한눈에 Open API,2026-08-10T14:19:08
030300,저축은행,202607,0010350,스카이저축은행,240025,e-정기예금,6,S,단리,3.70%,3.13%,"157,000",3.70%,"인터넷,스마트폰",1,제한없음,단리,,없음,*만기후 1개월 이내(2019.07.01이후 예금가입자) : 만기시점 동일상품 동일계약기간의 신규약정금리 *만기후 1개월 초과 :보통예금이율,최소금액:10만원이상,,20260807,,202608070736,금융감독원 금융상품한눈에 Open API,2026-08-10T14:19:08
030300,저축은행,202607,0010350,스카이저축은행,240025,e-정기예금,12,S,단리,3.80%,3.21%,"321,000",3.80%,"인터넷,스마트폰",1,제한없음,단리,,없음,*만기후 1개월 이내(2019.07.01이후 예금가입자) : 만기시점 동일상품 동일계약기간의 신규약정금리 *만기후 1개월 초과 :보통예금이율,최소금액:10만원이상,,20260807,,202608070736,금융감독원 금융상품한눈에 Open API,2026-08-10T14:19:08
030300,저축은행,202607,0010350,스카이저축은행,240025,e-정기예금,24,S,단리,2.70%,2.28%,"457,000",2.70%,"인터넷,스마트폰",1,제한없음,단리,,없음,*만기후 1개월 이내(2019.07.01이후 예금가입자) : 만기시점 동일상품 동일계약기간의 신규약정금리 *만기후 1개월 초과 :보통예금이율,최소금액:10만원이상,,20260807,,202608070736,금융감독원 금융상품한눈에 Open API,2026-08-10T14:19:08
030300,저축은행,202607,0010350,스카이저축은행,240025,e-정기예금,36,S,단리,2.70%,2.28%,"685,000",2.70%,"인터넷,스마트폰",1,제한없음,단리,,없음,*만기후 1개월 이내(2019.07.01이후 예금가입자) : 만기시점 동일상품 동일계약기간의 신규약정금리 *만기후 1개월 초과 :보통예금이율,최소금액:10만원이상,,20260807,,202608070736,금융감독원 금융상품한눈에 Open API,2026-08-10T14:19:08
030300,저축은행,202607,0010350,스카이저축은행,240025,e-정기예금,1,M,복리,1.50%,1.27%,"10,575",1.50%,"인터넷,스마트폰",1,제한없음,복리,,없음,*만기후 1개월 이내(2019.07.01이후 예금가입자) : 만기시점 동일상품 동일계약기간의 신규약정금리 *만기후 1개월 초과 :보통예금이율,최소금액:10만원이상,,20260807,,202608070736,금융감독원 금융상품한눈에 Open API,2026-08-10T14:19:08
030300,저축은행,202607,0010350,스카이저축은행,240025,e-정기예금,3,M,복리,2.00%,1.69%,"42,371",2.00%,"인터넷,스마트폰",1,제한없음,복리,,없음,*만기후 1개월 이내(2019.07.01이후 예금가입자) : 만기시점 동일상품 동일계약기간의 신규약정금리 *만기후 1개월 초과 :보통예금이율,최소금액:10만원이상,,20260807,,202608070736,금융감독원 금융상품한눈에 Open API,2026-08-10T14:19:08
030300,저축은행,202607,0010350,스카이저축은행,240025,e-정기예금,6,M,복리,3.70%,3.13%,"157,721",3.70%,"인터넷,스마트폰",1,제한없음,복리,,없음,*만기후 1개월 이내(2019.07.01이후 예금가입자) : 만기시점 동일상품 동일계약기간의 신규약정금리 *만기후 1개월 초과 :보통예금이율,최소금액:10만원이상,,20260807,,202608070736,금융감독원 금융상품한눈에 Open API,2026-08-10T14:19:08
030300,저축은행,202607,0010350,스카이저축은행,240025,e-정기예금,12,M,복리,3.80%,3.21%,"327,139",3.80%,"인터넷,스마트폰",1,제한없음,복리,,없음,*만기후 1개월 이내(2019.07.01이후 예금가입자) : 만기시점 동일상품 동일계약기간의 신규약정금리 *만기후 1개월 초과 :보통예금이율,최소금액:10만원이상,,20260807,,202608070736,금융감독원 금융상품한눈에 Open API,2026-08-10T14:19:08
030300,저축은행,202607,0010350,스카이저축은행,240025,e-정기예금,24,M,복리,2.70%,2.28%,"468,858",2.70%,"인터넷,스마트폰",1,제한없음,복리,,없음,*만기후 1개월 이내(2019.07.01이후 예금가입자) : 만기시점 동일상품 동일계약기간의 신규약정금리 *만기후 1개월 초과 :보통예금이율,최소금액:10만원이상,,20260807,,202608070736,금융감독원 금융상품한눈에 Open API,2026-08-10T14:19:08
030300,저축은행,202607,0010350,스카이저축은행,240025,e-정기예금,36,M,복리,2.70%,2.28%,"712,943",2.70%,"인터넷,스마트폰",1,제한없음,복리,,없음,*만기후 1개월 이내(2019.07.01이후 예금가입자) : 만기시점 동일상품 동일계약기간의 신규약정금리 *만기후 1개월 초과 :보통예금이율,최소금액:10만원이상,,20260807,,202608070736,금융감독원 금융상품한눈에 Open API,2026-08-10T14:19:08
030300,저축은행,202607,0010350,스카이저축은행,240029,b-정기예금,1,S,단리,1.50%,1.27%,"11,000",1.50%,"인터넷,스마트폰",1,제한없음,단리,,없음,*만기후 1개월 이내(2019.07.01이후 예금가입자) : 만기시점 동일상품 동일계약기간의 신규약정금리 *만기후 1개월 초과 :보통예금이율,최소금액:10만원이상,,20260807,,202608070736,금융감독원 금융상품한눈에 Open API,2026-08-10T14:19:08
030300,저축은행,202607,0010350,스카이저축은행,240029,b-정기예금,3,S,단리,2.00%,1.69%,"42,000",2.00%,"인터넷,스마트폰",1,제한없음,단리,,없음,*만기후 1개월 이내(2019.07.01이후 예금가입자) : 만기시점 동일상품 동일계약기간의 신규약정금리 *만기후 1개월 초과 :보통예금이율,최소금액:10만원이상,,20260807,,202608070736,금융감독원 금융상품한눈에 Open API,2026-08-10T14:19:08
030300,저축은행,202607,0010350,스카이저축은행,240029,b-정기예금,6,S,단리,3.70%,3.13%,"157,000",3.70%,"인터넷,스마트폰",1,제한없음,단리,,없음,*만기후 1개월 이내(2019.07.01이후 예금가입자) : 만기시점 동일상품 동일계약기간의 신규약정금리 *만기후 1개월 초과 :보통예금이율,최소금액:10만원이상,,20260807,,202608070736,금융감독원 금융상품한눈에 Open API,2026-08-10T14:19:08
030300,저축은행,202607,0010350,스카이저축은행,240029,b-정기예금,12,S,단리,3.80%,3.21%,"321,000",3.80%,"인터넷,스마트폰",1,제한없음,단리,,없음,*만기후 1개월 이내(2019.07.01이후 예금가입자) : 만기시점 동일상품 동일계약기간의 신규약정금리 *만기후 1개월 초과 :보통예금이율,최소금액:10만원이상,,20260807,,202608070736,금융감독원 금융상품한눈에 Open API,2026-08-10T14:19:08
030300,저축은행,202607,0010350,스카이저축은행,240029,b-정기예금,24,S,단리,2.70%,2.28%,"457,000",2.70%,"인터넷,스마트폰",1,제한없음,단리,,없음,*만기후 1개월 이내(2019.07.01이후 예금가입자) : 만기시점 동일상품 동일계약기간의 신규약정금리 *만기후 1개월 초과 :보통예금이율,최소금액:10만원이상,,20260807,,202608070736,금융감독원 금융상품한눈에 Open API,2026-08-10T14:19:08
030300,저축은행,202607,0010350,스카이저축은행,240029,b-정기예금,36,S,단리,2.70%,2.28%,"685,000",2.70%,"인터넷,스마트폰",1,제한없음,단리,,없음,*만기후 1개월 이내(2019.07.01이후 예금가입자) : 만기시점 동일상품 동일계약기간의 신규약정금리 *만기후 1개월 초과 :보통예금이율,최소금액:10만원이상,,20260807,,202608070736,금융감독원 금융상품한눈에 Open API,2026-08-10T14:19:08
030300,저축은행,202607,0010350,스카이저축은행,240029,b-정기예금,1,M,복리,1.50%,1.27%,"10,575",1.50%,"인터넷,스마트폰",1,제한없음,복리,,없음,*만기후 1개월 이내(2019.07.01이후 예금가입자) : 만기시점 동일상품 동일계약기간의 신규약정금리 *만기후 1개월 초과 :보통예금이율,최소금액:10만원이상,,20260807,,202608070736,금융감독원 금융상품한눈에 Open API,2026-08-10T14:19:08
030300,저축은행,202607,0010350,스카이저축은행,240029,b-정기예금,3,M,복리,2.00%,1.69%,"42,371",2.00%,"인터넷,스마트폰",1,제한없음,복리,,없음,*만기후 1개월 이내(2019.07.01이후 예금가입자) : 만기시점 동일상품 동일계약기간의 신규약정금리 *만기후 1개월 초과 :보통예금이율,최소금액:10만원이상,,20260807,,202608070736,금융감독원 금융상품한눈에 Open API,2026-08-10T14:19:08
030300,저축은행,202607,0010350,스카이저축은행,240029,b-정기예금,6,M,복리,3.70%,3.13%,"157,721",3.70%,"인터넷,스마트폰",1,제한없음,복리,,없음,*만기후 1개월 이내(2019.07.01이후 예금가입자) : 만기시점 동일상품 동일계약기간의 신규약정금리 *만기후 1개월 초과 :보통예금이율,최소금액:10만원이상,,20260807,,202608070736,금융감독원 금융상품한눈에 Open API,2026-08-10T14:19:08
030300,저축은행,202607,0010350,스카이저축은행,240029,b-정기예금,12,M,복리,3.80%,3.21%,"327,139",3.80%,"인터넷,스마트폰",1,제한없음,복리,,없음,*만기후 1개월 이내(2019.07.01이후 예금가입자) : 만기시점 동일상품 동일계약기간의 신규약정금리 *만기후 1개월 초과 :보통예금이율,최소금액:10만원이상,,20260807,,202608070736,금융감독원 금융상품한눈에 Open API,2026-08-10T14:19:08
030300,저축은행,202607,0010350,스카이저축은행,240029,b-정기예금,24,M,복리,2.70%,2.28%,"468,858",2.70%,"인터넷,스마트폰",1,제한없음,복리,,없음,*만기후 1개월 이내(2019.07.01이후 예금가입자) : 만기시점 동일상품 동일계약기간의 신규약정금리 *만기후 1개월 초과 :보통예금이율,최소금액:10만원이상,,20260807,,202608070736,금융감독원 금융상품한눈에 Open API,2026-08-10T14:19:08
030300,저축은행,202607,0010350,스카이저축은행,240029,b-정기예금,36,M,복리,2.70%,2.28%,"712,943",2.70%,"인터넷,스마트폰",1,제한없음,복리,,없음,*만기후 1개월 이내(2019.07.01이후 예금가입자) : 만기시점 동일상품 동일계약기간의 신규약정금리 *만기후 1개월 초과 :보통예금이율,최소금액:10만원이상,,20260807,,202608070736,금융감독원 금융상품한눈에 Open API,2026-08-10T14:19:08
030300,저축은행,202607,0010350,스카이저축은행,240031,회전정기예금,12,S,단리,3.90%,3.30%,"330,000",4.00%,영업점,1,제한없음,단리,,영업점 내방 12개월 신규 또는 재예치 시 + 0.1%,*만기후 1개월 이내 : 만기시점 동일상품 동일계약기간의 신규약정금리 *만기후 1개월 초과 :보통예금이율,* 최소금액:10만원이상 *계약기간 : 36개월 (회전주기 12개월) * 회전주기(매 1년)마다 약정이율 변동,,20260807,,202608070736,금융감독원 금융상품한눈에 Open API,2026-08-10T14:19:08
030300,저축은행,202607,0010350,스카이저축은행,240031,회전정기예금,12,M,복리,3.90%,3.30%,"335,902",4.00%,영업점,1,제한없음,복리,,영업점 내방 12개월 신규 또는 재예치 시 + 0.1%,*만기후 1개월 이내 : 만기시점 동일상품 동일계약기간의 신규약정금리 *만기후 1개월 초과 :보통예금이율,* 최소금액:10만원이상 *계약기간 : 36개월 (회전주기 12개월) * 회전주기(매 1년)마다 약정이율 변동,,20260807,,202608070736,금융감독원 금융상품한눈에 Open API,2026-08-10T14:19:08
030300,저축은행,202607,0010350,스카이저축은행,240033,비대면회전정기예금,12,S,단리,3.90%,3.30%,"330,000",3.90%,"인터넷,스마트폰",1,제한없음,단리,,없음,*만기후 1개월 이내 : 만기시점 동일상품 동일계약기간의 신규약정금리 *만기후 1개월 초과 :보통예금이율,* 최소금액:10만원이상 *계약기간 : 36개월 (회전주기 12개월) * 회전주기(매 1년)마다 약정이율 변동,,20260807,,202608070736,금융감독원 금융상품한눈에 Open API,2026-08-10T14:19:08
030300,저축은행,202607,0010350,스카이저축은행,240033,비대면회전정기예금,12,M,복리,3.90%,3.30%,"335,902",3.90%,"인터넷,스마트폰",1,제한없음,복리,,없음,*만기후 1개월 이내 : 만기시점 동일상품 동일계약기간의 신규약정금리 *만기후 1개월 초과 :보통예금이율,* 최소금액:10만원이상 *계약기간 : 36개월 (회전주기 12개월) * 회전주기(매 1년)마다 약정이율 변동,,20260807,,202608070736,금융감독원 금융상품한눈에 Open API,2026-08-10T14:19:08
030300,저축은행,202607,0010350,스카이저축은행,240035,회전(6M)정기예금,6,S,단리,3.80%,3.21%,"161,000",3.80%,영업점,1,제한없음,단리,,없음,*만기후 1개월 이내 : 최종만기시점 동일기간상품 신규 약정이율 *만기후 1개월 초과 :보통예금이율,* 최소금액:10만원이상 *계약기간 : 36개월 (회전주기 6개월) * 회전주기(6개월)마다 약정이율 변동,,20260807,,202608070736,금융감독원 금융상품한눈에 Open API,2026-08-10T14:19:08
030300,저축은행,202607,0010350,스카이저축은행,240035,회전(6M)정기예금,6,M,복리,3.80%,3.21%,"162,018",3.80%,영업점,1,제한없음,복리,,없음,*만기후 1개월 이내 : 최종만기시점 동일기간상품 신규 약정이율 *만기후 1개월 초과 :보통예금이율,* 최소금액:10만원이상 *계약기간 : 36개월 (회전주기 6개월) * 회전주기(6개월)마다 약정이율 변동,,20260807,,202608070736,금융감독원 금융상품한눈에 Open API,2026-08-10T14:19:08
030300,저축은행,202607,0010350,스카이저축은행,240037,비대면회전(6M)정기예금,6,S,단리,3.80%,3.21%,"161,000",3.80%,"인터넷,스마트폰",1,제한없음,단리,,없음,*만기후 1개월 이내 : 최종만기시점 동일기간상품 신규 약정이율 *만기후 1개월 초과 :보통예금이율,* 최소금액:10만원이상 *계약기간 : 36개월 (회전주기 6개월) * 회전주기(6개월)마다 약정이율 변동,,20260807,,202608070736,금융감독원 금융상품한눈에 Open API,2026-08-10T14:19:08
030300,저축은행,202607,0010350,스카이저축은행,240037,비대면회전(6M)정기예금,6,M,복리,3.80%,3.21%,"162,018",3.80%,"인터넷,스마트폰",1,제한없음,복리,,없음,*만기후 1개월 이내 : 최종만기시점 동일기간상품 신규 약정이율 *만기후 1개월 초과 :보통예금이율,* 최소금액:10만원이상 *계약기간 : 36개월 (회전주기 6개월) * 회전주기(6개월)마다 약정이율 변동,,20260807,,202608070736,금융감독원 금융상품한눈에 Open API,2026-08-10T14:19:08
030300,저축은행,202607,0010354,민국저축은행,MK240001,정기예금,1,S,단리,1.80%,1.52%,"13,000",1.80%,영업점,1,제한없음,단리,,* 최대우대금리 : 0.1% - 창구에서 1년이상 재예치 하는 경우 + 0.1%p,- 1개월 이내 : 가입당시 약정금리와 현재 금리 비교 후 낮은 금리 - 1개월 이후 : 보통예금 금리 적용,- 중도해지 시 가입 기간에 따라 중도해지이율이 다르게 적용됩니다.,,20260727,,202607270810,금융감독원 금융상품한눈에 Open API,2026-08-10T14:19:08
030300,저축은행,202607,0010354,민국저축은행,MK240001,정기예금,3,S,단리,3.20%,2.71%,"68,000",3.20%,영업점,1,제한없음,단리,,* 최대우대금리 : 0.1% - 창구에서 1년이상 재예치 하는 경우 + 0.1%p,- 1개월 이내 : 가입당시 약정금리와 현재 금리 비교 후 낮은 금리 - 1개월 이후 : 보통예금 금리 적용,- 중도해지 시 가입 기간에 따라 중도해지이율이 다르게 적용됩니다.,,20260727,,202607270810,금융감독원 금융상품한눈에 Open API,2026-08-10T14:19:08
030300,저축은행,202607,0010354,민국저축은행,MK240001,정기예금,6,S,단리,3.95%,3.34%,"167,000",3.95%,영업점,1,제한없음,단리,,* 최대우대금리 : 0.1% - 창구에서 1년이상 재예치 하는 경우 + 0.1%p,- 1개월 이내 : 가입당시 약정금리와 현재 금리 비교 후 낮은 금리 - 1개월 이후 : 보통예금 금리 적용,- 중도해지 시 가입 기간에 따라 중도해지이율이 다르게 적용됩니다.,,20260727,,202607270810,금융감독원 금융상품한눈에 Open API,2026-08-10T14:19:08
030300,저축은행,202607,0010354,민국저축은행,MK240001,정기예금,12,S,단리,3.95%,3.34%,"334,000",4.05%,영업점,1,제한없음,단리,,* 최대우대금리 : 0.1% - 창구에서 1년이상 재예치 하는 경우 + 0.1%p,- 1개월 이내 : 가입당시 약정금리와 현재 금리 비교 후 낮은 금리 - 1개월 이후 : 보통예금 금리 적용,- 중도해지 시 가입 기간에 따라 중도해지이율이 다르게 적용됩니다.,,20260727,,202607270810,금융감독원 금융상품한눈에 Open API,2026-08-10T14:19:08
030300,저축은행,202607,0010354,민국저축은행,MK240001,정기예금,24,S,단리,2.40%,2.03%,"406,000",2.50%,영업점,1,제한없음,단리,,* 최대우대금리 : 0.1% - 창구에서 1년이상 재예치 하는 경우 + 0.1%p,- 1개월 이내 : 가입당시 약정금리와 현재 금리 비교 후 낮은 금리 - 1개월 이후 : 보통예금 금리 적용,- 중도해지 시 가입 기간에 따라 중도해지이율이 다르게 적용됩니다.,,20260727,,202607270810,금융감독원 금융상품한눈에 Open API,2026-08-10T14:19:08
030300,저축은행,202607,0010354,민국저축은행,MK240001,정기예금,36,S,단리,2.40%,2.03%,"609,000",2.50%,영업점,1,제한없음,단리,,* 최대우대금리 : 0.1% - 창구에서 1년이상 재예치 하는 경우 + 0.1%p,- 1개월 이내 : 가입당시 약정금리와 현재 금리 비교 후 낮은 금리 - 1개월 이후 : 보통예금 금리 적용,- 중도해지 시 가입 기간에 따라 중도해지이율이 다르게 적용됩니다.,,20260727,,202607270810,금융감독원 금융상품한눈에 Open API,2026-08-10T14:19:08
030300,저축은행,202607,0010354,민국저축은행,MK240001,정기예금,1,M,복리,1.80%,1.52%,"12,690",1.80%,영업점,1,제한없음,복리,,* 최대우대금리 : 0.1% - 창구에서 1년이상 재예치 하는 경우 + 0.1%p,- 1개월 이내 : 가입당시 약정금리와 현재 금리 비교 후 낮은 금리 - 1개월 이후 : 보통예금 금리 적용,- 중도해지 시 가입 기간에 따라 중도해지이율이 다르게 적용됩니다.,,20260727,,202607270810,금융감독원 금융상품한눈에 Open API,2026-08-10T14:19:08
030300,저축은행,202607,0010354,민국저축은행,MK240001,정기예금,3,M,복리,3.20%,2.71%,"67,861",3.20%,영업점,1,제한없음,복리,,* 최대우대금리 : 0.1% - 창구에서 1년이상 재예치 하는 경우 + 0.1%p,- 1개월 이내 : 가입당시 약정금리와 현재 금리 비교 후 낮은 금리 - 1개월 이후 : 보통예금 금리 적용,- 중도해지 시 가입 기간에 따라 중도해지이율이 다르게 적용됩니다.,,20260727,,202607270810,금융감독원 금융상품한눈에 Open API,2026-08-10T14:19:08
030300,저축은행,202607,0010354,민국저축은행,MK240001,정기예금,6,M,복리,3.95%,3.34%,"168,466",3.95%,영업점,1,제한없음,복리,,* 최대우대금리 : 0.1% - 창구에서 1년이상 재예치 하는 경우 + 0.1%p,- 1개월 이내 : 가입당시 약정금리와 현재 금리 비교 후 낮은 금리 - 1개월 이후 : 보통예금 금리 적용,- 중도해지 시 가입 기간에 따라 중도해지이율이 다르게 적용됩니다.,,20260727,,202607270810,금융감독원 금융상품한눈에 Open API,2026-08-10T14:19:08
030300,저축은행,202607,0010354,민국저축은행,MK240001,정기예금,12,M,복리,3.95%,3.34%,"340,287",4.05%,영업점,1,제한없음,복리,,* 최대우대금리 : 0.1% - 창구에서 1년이상 재예치 하는 경우 + 0.1%p,- 1개월 이내 : 가입당시 약정금리와 현재 금리 비교 후 낮은 금리 - 1개월 이후 : 보통예금 금리 적용,- 중도해지 시 가입 기간에 따라 중도해지이율이 다르게 적용됩니다.,,20260727,,202607270810,금융감독원 금융상품한눈에 Open API,2026-08-10T14:19:08
030300,저축은행,202607,0010354,민국저축은행,MK240001,정기예금,24,M,복리,2.40%,2.03%,"415,558",2.50%,영업점,1,제한없음,복리,,* 최대우대금리 : 0.1% - 창구에서 1년이상 재예치 하는 경우 + 0.1%p,- 1개월 이내 : 가입당시 약정금리와 현재 금리 비교 후 낮은 금리 - 1개월 이후 : 보통예금 금리 적용,- 중도해지 시 가입 기간에 따라 중도해지이율이 다르게 적용됩니다.,,20260727,,202607270810,금융감독원 금융상품한눈에 Open API,2026-08-10T14:19:08
030300,저축은행,202607,0010354,민국저축은행,MK240001,정기예금,36,M,복리,2.40%,2.03%,"630,931",2.50%,영업점,1,제한없음,복리,,* 최대우대금리 : 0.1% - 창구에서 1년이상 재예치 하는 경우 + 0.1%p,- 1개월 이내 : 가입당시 약정금리와 현재 금리 비교 후 낮은 금리 - 1개월 이후 : 보통예금 금리 적용,- 중도해지 시 가입 기간에 따라 중도해지이율이 다르게 적용됩니다.,,20260727,,202607270810,금융감독원 금융상품한눈에 Open API,2026-08-10T14:19:08
030300,저축은행,202607,0010354,민국저축은행,MK240002,e-행복정기예금 (인터넷),1,S,단리,1.80%,1.52%,"13,000",1.80%,인터넷,1,제한없음 (개인),단리,,- 없음,- 1개월 이내 : 가입당시 약정금리와 현재 금리 비교 후 낮은 금리 - 1개월 이후 : 보통예금 금리 적용,- 중도해지 시 가입 기간에 따라 중도해지이율이 다르게 적용됩니다.,,20260727,,202607270810,금융감독원 금융상품한눈에 Open API,2026-08-10T14:19:08
030300,저축은행,202607,0010354,민국저축은행,MK240002,e-행복정기예금 (인터넷),3,S,단리,3.20%,2.71%,"68,000",3.20%,인터넷,1,제한없음 (개인),단리,,- 없음,- 1개월 이내 : 가입당시 약정금리와 현재 금리 비교 후 낮은 금리 - 1개월 이후 : 보통예금 금리 적용,- 중도해지 시 가입 기간에 따라 중도해지이율이 다르게 적용됩니다.,,20260727,,202607270810,금융감독원 금융상품한눈에 Open API,2026-08-10T14:19:08
030300,저축은행,202607,0010354,민국저축은행,MK240002,e-행복정기예금 (인터넷),6,S,단리,3.75%,3.17%,"159,000",3.75%,인터넷,1,제한없음 (개인),단리,,- 없음,- 1개월 이내 : 가입당시 약정금리와 현재 금리 비교 후 낮은 금리 - 1개월 이후 : 보통예금 금리 적용,- 중도해지 시 가입 기간에 따라 중도해지이율이 다르게 적용됩니다.,,20260727,,202607270810,금융감독원 금융상품한눈에 Open API,2026-08-10T14:19:08
030300,저축은행,202607,0010354,민국저축은행,MK240002,e-행복정기예금 (인터넷),12,S,단리,3.95%,3.34%,"334,000",3.95%,인터넷,1,제한없음 (개인),단리,,- 없음,- 1개월 이내 : 가입당시 약정금리와 현재 금리 비교 후 낮은 금리 - 1개월 이후 : 보통예금 금리 적용,- 중도해지 시 가입 기간에 따라 중도해지이율이 다르게 적용됩니다.,,20260727,,202607270810,금융감독원 금융상품한눈에 Open API,2026-08-10T14:19:08
030300,저축은행,202607,0010354,민국저축은행,MK240002,e-행복정기예금 (인터넷),24,S,단리,2.20%,1.86%,"372,000",2.20%,인터넷,1,제한없음 (개인),단리,,- 없음,- 1개월 이내 : 가입당시 약정금리와 현재 금리 비교 후 낮은 금리 - 1개월 이후 : 보통예금 금리 적용,- 중도해지 시 가입 기간에 따라 중도해지이율이 다르게 적용됩니다.,,20260727,,202607270810,금융감독원 금융상품한눈에 Open API,2026-08-10T14:19:08
030300,저축은행,202607,0010354,민국저축은행,MK240002,e-행복정기예금 (인터넷),36,S,단리,2.20%,1.86%,"558,000",2.20%,인터넷,1,제한없음 (개인),단리,,- 없음,- 1개월 이내 : 가입당시 약정금리와 현재 금리 비교 후 낮은 금리 - 1개월 이후 : 보통예금 금리 적용,- 중도해지 시 가입 기간에 따라 중도해지이율이 다르게 적용됩니다.,,20260727,,202607270810,금융감독원 금융상품한눈에 Open API,2026-08-10T14:19:08
030300,저축은행,202607,0010354,민국저축은행,MK240002,e-행복정기예금 (인터넷),1,M,복리,1.80%,1.52%,"12,690",1.80%,인터넷,1,제한없음 (개인),복리,,- 없음,- 1개월 이내 : 가입당시 약정금리와 현재 금리 비교 후 낮은 금리 - 1개월 이후 : 보통예금 금리 적용,- 중도해지 시 가입 기간에 따라 중도해지이율이 다르게 적용됩니다.,,20260727,,202607270810,금융감독원 금융상품한눈에 Open API,2026-08-10T14:19:08
030300,저축은행,202607,0010354,민국저축은행,MK240002,e-행복정기예금 (인터넷),3,M,복리,3.20%,2.71%,"67,861",3.20%,인터넷,1,제한없음 (개인),복리,,- 없음,- 1개월 이내 : 가입당시 약정금리와 현재 금리 비교 후 낮은 금리 - 1개월 이후 : 보통예금 금리 적용,- 중도해지 시 가입 기간에 따라 중도해지이율이 다르게 적용됩니다.,,20260727,,202607270810,금융감독원 금융상품한눈에 Open API,2026-08-10T14:19:08
030300,저축은행,202607,0010354,민국저축은행,MK240002,e-행복정기예금 (인터넷),6,M,복리,3.75%,3.17%,"159,869",3.75%,인터넷,1,제한없음 (개인),복리,,- 없음,- 1개월 이내 : 가입당시 약정금리와 현재 금리 비교 후 낮은 금리 - 1개월 이후 : 보통예금 금리 적용,- 중도해지 시 가입 기간에 따라 중도해지이율이 다르게 적용됩니다.,,20260727,,202607270810,금융감독원 금융상품한눈에 Open API,2026-08-10T14:19:08
030300,저축은행,202607,0010354,민국저축은행,MK240002,e-행복정기예금 (인터넷),12,M,복리,3.95%,3.34%,"340,287",3.95%,인터넷,1,제한없음 (개인),복리,,- 없음,- 1개월 이내 : 가입당시 약정금리와 현재 금리 비교 후 낮은 금리 - 1개월 이후 : 보통예금 금리 적용,- 중도해지 시 가입 기간에 따라 중도해지이율이 다르게 적용됩니다.,,20260727,,202607270810,금융감독원 금융상품한눈에 Open API,2026-08-10T14:19:08
030300,저축은행,202607,0010354,민국저축은행,MK240002,e-행복정기예금 (인터넷),24,M,복리,2.20%,1.86%,"380,195",2.20%,인터넷,1,제한없음 (개인),복리,,- 없음,- 1개월 이내 : 가입당시 약정금리와 현재 금리 비교 후 낮은 금리 - 1개월 이후 : 보통예금 금리 적용,- 중도해지 시 가입 기간에 따라 중도해지이율이 다르게 적용됩니다.,,20260727,,202607270810,금융감독원 금융상품한눈에 Open API,2026-08-10T14:19:08
030300,저축은행,202607,0010354,민국저축은행,MK240002,e-행복정기예금 (인터넷),36,M,복리,2.20%,1.86%,"576,652",2.20%,인터넷,1,제한없음 (개인),복리,,- 없음,- 1개월 이내 : 가입당시 약정금리와 현재 금리 비교 후 낮은 금리 - 1개월 이후 : 보통예금 금리 적용,- 중도해지 시 가입 기간에 따라 중도해지이율이 다르게 적용됩니다.,,20260727,,202607270810,금융감독원 금융상품한눈에 Open API,2026-08-10T14:19:08
030300,저축은행,202607,0010354,민국저축은행,MK240018,비대면정기예금 (비대면),1,S,단리,1.80%,1.52%,"13,000",1.80%,스마트폰,1,제한없음 (개인),단리,,- 없음,- 1개월 이내 : 가입당시 약정금리와 현재 금리 비교 후 낮은 금리 - 1개월 이후 : 보통예금 금리 적용,- 중도해지 시 가입 기간에 따라 중도해지이율이 다르게 적용됩니다. - 가입가능시간(09:00~16:00),,20260727,,202607270810,금융감독원 금융상품한눈에 Open API,2026-08-10T14:19:08
030300,저축은행,202607,0010354,민국저축은행,MK240018,비대면정기예금 (비대면),3,S,단리,3.20%,2.71%,"68,000",3.20%,스마트폰,1,제한없음 (개인),단리,,- 없음,- 1개월 이내 : 가입당시 약정금리와 현재 금리 비교 후 낮은 금리 - 1개월 이후 : 보통예금 금리 적용,- 중도해지 시 가입 기간에 따라 중도해지이율이 다르게 적용됩니다. - 가입가능시간(09:00~16:00),,20260727,,202607270810,금융감독원 금융상품한눈에 Open API,2026-08-10T14:19:08
030300,저축은행,202607,0010354,민국저축은행,MK240018,비대면정기예금 (비대면),6,S,단리,3.75%,3.17%,"159,000",3.75%,스마트폰,1,제한없음 (개인),단리,,- 없음,- 1개월 이내 : 가입당시 약정금리와 현재 금리 비교 후 낮은 금리 - 1개월 이후 : 보통예금 금리 적용,- 중도해지 시 가입 기간에 따라 중도해지이율이 다르게 적용됩니다. - 가입가능시간(09:00~16:00),,20260727,,202607270810,금융감독원 금융상품한눈에 Open API,2026-08-10T14:19:08
030300,저축은행,202607,0010354,민국저축은행,MK240018,비대면정기예금 (비대면),12,S,단리,3.95%,3.34%,"334,000",3.95%,스마트폰,1,제한없음 (개인),단리,,- 없음,- 1개월 이내 : 가입당시 약정금리와 현재 금리 비교 후 낮은 금리 - 1개월 이후 : 보통예금 금리 적용,- 중도해지 시 가입 기간에 따라 중도해지이율이 다르게 적용됩니다. - 가입가능시간(09:00~16:00),,20260727,,202607270810,금융감독원 금융상품한눈에 Open API,2026-08-10T14:19:08
030300,저축은행,202607,0010354,민국저축은행,MK240018,비대면정기예금 (비대면),24,S,단리,2.20%,1.86%,"372,000",2.20%,스마트폰,1,제한없음 (개인),단리,,- 없음,- 1개월 이내 : 가입당시 약정금리와 현재 금리 비교 후 낮은 금리 - 1개월 이후 : 보통예금 금리 적용,- 중도해지 시 가입 기간에 따라 중도해지이율이 다르게 적용됩니다. - 가입가능시간(09:00~16:00),,20260727,,202607270810,금융감독원 금융상품한눈에 Open API,2026-08-10T14:19:08
030300,저축은행,202607,0010354,민국저축은행,MK240018,비대면정기예금 (비대면),36,S,단리,2.20%,1.86%,"558,000",2.20%,스마트폰,1,제한없음 (개인),단리,,- 없음,- 1개월 이내 : 가입당시 약정금리와 현재 금리 비교 후 낮은 금리 - 1개월 이후 : 보통예금 금리 적용,- 중도해지 시 가입 기간에 따라 중도해지이율이 다르게 적용됩니다. - 가입가능시간(09:00~16:00),,20260727,,202607270810,금융감독원 금융상품한눈에 Open API,2026-08-10T14:19:08
030300,저축은행,202607,0010354,민국저축은행,MK240018,비대면정기예금 (비대면),1,M,복리,1.80%,1.52%,"12,690",1.80%,스마트폰,1,제한없음 (개인),복리,,- 없음,- 1개월 이내 : 가입당시 약정금리와 현재 금리 비교 후 낮은 금리 - 1개월 이후 : 보통예금 금리 적용,- 중도해지 시 가입 기간에 따라 중도해지이율이 다르게 적용됩니다. - 가입가능시간(09:00~16:00),,20260727,,202607270810,금융감독원 금융상품한눈에 Open API,2026-08-10T14:19:08
030300,저축은행,202607,0010354,민국저축은행,MK240018,비대면정기예금 (비대면),3,M,복리,3.20%,2.71%,"67,861",3.20%,스마트폰,1,제한없음 (개인),복리,,- 없음,- 1개월 이내 : 가입당시 약정금리와 현재 금리 비교 후 낮은 금리 - 1개월 이후 : 보통예금 금리 적용,- 중도해지 시 가입 기간에 따라 중도해지이율이 다르게 적용됩니다. - 가입가능시간(09:00~16:00),,20260727,,202607270810,금융감독원 금융상품한눈에 Open API,2026-08-10T14:19:08
030300,저축은행,202607,0010354,민국저축은행,MK240018,비대면정기예금 (비대면),6,M,복리,3.75%,3.17%,"159,869",3.75%,스마트폰,1,제한없음 (개인),복리,,- 없음,- 1개월 이내 : 가입당시 약정금리와 현재 금리 비교 후 낮은 금리 - 1개월 이후 : 보통예금 금리 적용,- 중도해지 시 가입 기간에 따라 중도해지이율이 다르게 적용됩니다. - 가입가능시간(09:00~16:00),,20260727,,202607270810,금융감독원 금융상품한눈에 Open API,2026-08-10T14:19:08
030300,저축은행,202607,0010354,민국저축은행,MK240018,비대면정기예금 (비대면),12,M,복리,3.95%,3.34%,"340,287",3.95%,스마트폰,1,제한없음 (개인),복리,,- 없음,- 1개월 이내 : 가입당시 약정금리와 현재 금리 비교 후 낮은 금리 - 1개월 이후 : 보통예금 금리 적용,- 중도해지 시 가입 기간에 따라 중도해지이율이 다르게 적용됩니다. - 가입가능시간(09:00~16:00),,20260727,,202607270810,금융감독원 금융상품한눈에 Open API,2026-08-10T14:19:08
030300,저축은행,202607,0010354,민국저축은행,MK240018,비대면정기예금 (비대면),24,M,복리,2.20%,1.86%,"380,195",2.20%,스마트폰,1,제한없음 (개인),복리,,- 없음,- 1개월 이내 : 가입당시 약정금리와 현재 금리 비교 후 낮은 금리 - 1개월 이후 : 보통예금 금리 적용,- 중도해지 시 가입 기간에 따라 중도해지이율이 다르게 적용됩니다. - 가입가능시간(09:00~16:00),,20260727,,202607270810,금융감독원 금융상품한눈에 Open API,2026-08-10T14:19:08
030300,저축은행,202607,0010354,민국저축은행,MK240018,비대면정기예금 (비대면),36,M,복리,2.20%,1.86%,"576,652",2.20%,스마트폰,1,제한없음 (개인),복리,,- 없음,- 1개월 이내 : 가입당시 약정금리와 현재 금리 비교 후 낮은 금리 - 1개월 이후 : 보통예금 금리 적용,- 중도해지 시 가입 기간에 따라 중도해지이율이 다르게 적용됩니다. - 가입가능시간(09:00~16:00),,20260727,,202607270810,금융감독원 금융상품한눈에 Open API,2026-08-10T14:19:08
030300,저축은행,202607,0010354,민국저축은행,MK240020,톡톡정기예금 (모바일),1,S,단리,1.80%,1.52%,"13,000",1.80%,스마트폰,1,제한없음 (개인),단리,,- 없음,- 1개월 이내 : 가입당시 약정금리와 현재 금리 비교 후 낮은 금리 - 1개월 이후 : 보통예금 금리 적용,- 중도해지 시 가입 기간에 따라 중도해지이율이 다르게 적용됩니다.,,20260727,,202607270810,금융감독원 금융상품한눈에 Open API,2026-08-10T14:19:08
030300,저축은행,202607,0010354,민국저축은행,MK240020,톡톡정기예금 (모바일),3,S,단리,3.20%,2.71%,"68,000",3.20%,스마트폰,1,제한없음 (개인),단리,,- 없음,- 1개월 이내 : 가입당시 약정금리와 현재 금리 비교 후 낮은 금리 - 1개월 이후 : 보통예금 금리 적용,- 중도해지 시 가입 기간에 따라 중도해지이율이 다르게 적용됩니다.,,20260727,,202607270810,금융감독원 금융상품한눈에 Open API,2026-08-10T14:19:08
030300,저축은행,202607,0010354,민국저축은행,MK240020,톡톡정기예금 (모바일),6,S,단리,3.75%,3.17%,"159,000",3.75%,스마트폰,1,제한없음 (개인),단리,,- 없음,- 1개월 이내 : 가입당시 약정금리와 현재 금리 비교 후 낮은 금리 - 1개월 이후 : 보통예금 금리 적용,- 중도해지 시 가입 기간에 따라 중도해지이율이 다르게 적용됩니다.,,20260727,,202607270810,금융감독원 금융상품한눈에 Open API,2026-08-10T14:19:08
030300,저축은행,202607,0010354,민국저축은행,MK240020,톡톡정기예금 (모바일),12,S,단리,3.95%,3.34%,"334,000",3.95%,스마트폰,1,제한없음 (개인),단리,,- 없음,- 1개월 이내 : 가입당시 약정금리와 현재 금리 비교 후 낮은 금리 - 1개월 이후 : 보통예금 금리 적용,- 중도해지 시 가입 기간에 따라 중도해지이율이 다르게 적용됩니다.,,20260727,,202607270810,금융감독원 금융상품한눈에 Open API,2026-08-10T14:19:08
030300,저축은행,202607,0010354,민국저축은행,MK240020,톡톡정기예금 (모바일),24,S,단리,2.20%,1.86%,"372,000",2.20%,스마트폰,1,제한없음 (개인),단리,,- 없음,- 1개월 이내 : 가입당시 약정금리와 현재 금리 비교 후 낮은 금리 - 1개월 이후 : 보통예금 금리 적용,- 중도해지 시 가입 기간에 따라 중도해지이율이 다르게 적용됩니다.,,20260727,,202607270810,금융감독원 금융상품한눈에 Open API,2026-08-10T14:19:08
030300,저축은행,202607,0010354,민국저축은행,MK240020,톡톡정기예금 (모바일),36,S,단리,2.20%,1.86%,"558,000",2.20%,스마트폰,1,제한없음 (개인),단리,,- 없음,- 1개월 이내 : 가입당시 약정금리와 현재 금리 비교 후 낮은 금리 - 1개월 이후 : 보통예금 금리 적용,- 중도해지 시 가입 기간에 따라 중도해지이율이 다르게 적용됩니다.,,20260727,,202607270810,금융감독원 금융상품한눈에 Open API,2026-08-10T14:19:08
030300,저축은행,202607,0010354,민국저축은행,MK240020,톡톡정기예금 (모바일),1,M,복리,1.80%,1.52%,"12,690",1.80%,스마트폰,1,제한없음 (개인),복리,,- 없음,- 1개월 이내 : 가입당시 약정금리와 현재 금리 비교 후 낮은 금리 - 1개월 이후 : 보통예금 금리 적용,- 중도해지 시 가입 기간에 따라 중도해지이율이 다르게 적용됩니다.,,20260727,,202607270810,금융감독원 금융상품한눈에 Open API,2026-08-10T14:19:08
030300,저축은행,202607,0010354,민국저축은행,MK240020,톡톡정기예금 (모바일),3,M,복리,3.20%,2.71%,"67,861",3.20%,스마트폰,1,제한없음 (개인),복리,,- 없음,- 1개월 이내 : 가입당시 약정금리와 현재 금리 비교 후 낮은 금리 - 1개월 이후 : 보통예금 금리 적용,- 중도해지 시 가입 기간에 따라 중도해지이율이 다르게 적용됩니다.,,20260727,,202607270810,금융감독원 금융상품한눈에 Open API,2026-08-10T14:19:08
030300,저축은행,202607,0010354,민국저축은행,MK240020,톡톡정기예금 (모바일),6,M,복리,3.75%,3.17%,"159,869",3.75%,스마트폰,1,제한없음 (개인),복리,,- 없음,- 1개월 이내 : 가입당시 약정금리와 현재 금리 비교 후 낮은 금리 - 1개월 이후 : 보통예금 금리 적용,- 중도해지 시 가입 기간에 따라 중도해지이율이 다르게 적용됩니다.,,20260727,,202607270810,금융감독원 금융상품한눈에 Open API,2026-08-10T14:19:08
030300,저축은행,202607,0010354,민국저축은행,MK240020,톡톡정기예금 (모바일),12,M,복리,3.95%,3.34%,"340,287",3.95%,스마트폰,1,제한없음 (개인),복리,,- 없음,- 1개월 이내 : 가입당시 약정금리와 현재 금리 비교 후 낮은 금리 - 1개월 이후 : 보통예금 금리 적용,- 중도해지 시 가입 기간에 따라 중도해지이율이 다르게 적용됩니다.,,20260727,,202607270810,금융감독원 금융상품한눈에 Open API,2026-08-10T14:19:08
030300,저축은행,202607,0010354,민국저축은행,MK240020,톡톡정기예금 (모바일),24,M,복리,2.20%,1.86%,"380,195",2.20%,스마트폰,1,제한없음 (개인),복리,,- 없음,- 1개월 이내 : 가입당시 약정금리와 현재 금리 비교 후 낮은 금리 - 1개월 이후 : 보통예금 금리 적용,- 중도해지 시 가입 기간에 따라 중도해지이율이 다르게 적용됩니다.,,20260727,,202607270810,금융감독원 금융상품한눈에 Open API,2026-08-10T14:19:08
030300,저축은행,202607,0010354,민국저축은행,MK240020,톡톡정기예금 (모바일),36,M,복리,2.20%,1.86%,"576,652",2.20%,스마트폰,1,제한없음 (개인),복리,,- 없음,- 1개월 이내 : 가입당시 약정금리와 현재 금리 비교 후 낮은 금리 - 1개월 이후 : 보통예금 금리 적용,- 중도해지 시 가입 기간에 따라 중도해지이율이 다르게 적용됩니다.,,20260727,,202607270810,금융감독원 금융상품한눈에 Open API,2026-08-10T14:19:08
030300,저축은행,202607,0010356,푸른저축은행,1001,푸른 정기예금,1,S,단리,3.20%,2.71%,"23,000",3.30%,"영업점,인터넷,스마트폰",1,제한없음,단리,,"* 가입시점 우대금리 조건 충족시 최대 0.1%p 가산 적용(계약기간 24개월 이내) - 계좌별 가입금액 10억원 이상 : 0.1%p(최초 계약기간 한정) - 우수고객 : 0.1%p(거래기간 3년 이상, 직전 2년 평잔 10억원 이상인 고객. 단, 대출관련 예금 등 제외)","만기 후 보통예금 금리에 연동 (단, 만기 1개월 경과시점까지는 약정금리와 만기시점 동일상품 동일계약기간의 기본금리 중 낮은 금리 적용)","* 중도해지금리 1개월 미만 : 0.20%, 3개월 미만 : 1.70%, 6개월 미만 : 1.95%, 12개월 미만 : 2.04%, 12개월 이상 - 연단위 기간 : 해당 기간별 가입시점 고시금리 적용 - 연단위 기간 초과분 : 초과기간에 해당하는 가입시점의 중도해지금리 적용 * 우수고객 중도해지금리 : 실예치기간 기본금리 적용",,20260720,,202607201300,금융감독원 금융상품한눈에 Open API,2026-08-10T14:19:08
030300,저축은행,202607,0010356,푸른저축은행,1001,푸른 정기예금,3,S,단리,3.40%,2.88%,"72,000",3.50%,"영업점,인터넷,스마트폰",1,제한없음,단리,,"* 가입시점 우대금리 조건 충족시 최대 0.1%p 가산 적용(계약기간 24개월 이내) - 계좌별 가입금액 10억원 이상 : 0.1%p(최초 계약기간 한정) - 우수고객 : 0.1%p(거래기간 3년 이상, 직전 2년 평잔 10억원 이상인 고객. 단, 대출관련 예금 등 제외)","만기 후 보통예금 금리에 연동 (단, 만기 1개월 경과시점까지는 약정금리와 만기시점 동일상품 동일계약기간의 기본금리 중 낮은 금리 적용)","* 중도해지금리 1개월 미만 : 0.20%, 3개월 미만 : 1.70%, 6개월 미만 : 1.95%, 12개월 미만 : 2.04%, 12개월 이상 - 연단위 기간 : 해당 기간별 가입시점 고시금리 적용 - 연단위 기간 초과분 : 초과기간에 해당하는 가입시점의 중도해지금리 적용 * 우수고객 중도해지금리 : 실예치기간 기본금리 적용",,20260720,,202607201300,금융감독원 금융상품한눈에 Open API,2026-08-10T14:19:08
030300,저축은행,202607,0010356,푸른저축은행,1001,푸른 정기예금,6,S,단리,3.70%,3.13%,"157,000",3.80%,"영업점,인터넷,스마트폰",1,제한없음,단리,,"* 가입시점 우대금리 조건 충족시 최대 0.1%p 가산 적용(계약기간 24개월 이내) - 계좌별 가입금액 10억원 이상 : 0.1%p(최초 계약기간 한정) - 우수고객 : 0.1%p(거래기간 3년 이상, 직전 2년 평잔 10억원 이상인 고객. 단, 대출관련 예금 등 제외)","만기 후 보통예금 금리에 연동 (단, 만기 1개월 경과시점까지는 약정금리와 만기시점 동일상품 동일계약기간의 기본금리 중 낮은 금리 적용)","* 중도해지금리 1개월 미만 : 0.20%, 3개월 미만 : 1.70%, 6개월 미만 : 1.95%, 12개월 미만 : 2.04%, 12개월 이상 - 연단위 기간 : 해당 기간별 가입시점 고시금리 적용 - 연단위 기간 초과분 : 초과기간에 해당하는 가입시점의 중도해지금리 적용 * 우수고객 중도해지금리 : 실예치기간 기본금리 적용",,20260720,,202607201300,금융감독원 금융상품한눈에 Open API,2026-08-10T14:19:08
030300,저축은행,202607,0010356,푸른저축은행,1001,푸른 정기예금,12,S,단리,3.90%,3.30%,"330,000",4.00%,"영업점,인터넷,스마트폰",1,제한없음,단리,,"* 가입시점 우대금리 조건 충족시 최대 0.1%p 가산 적용(계약기간 24개월 이내) - 계좌별 가입금액 10억원 이상 : 0.1%p(최초 계약기간 한정) - 우수고객 : 0.1%p(거래기간 3년 이상, 직전 2년 평잔 10억원 이상인 고객. 단, 대출관련 예금 등 제외)","만기 후 보통예금 금리에 연동 (단, 만기 1개월 경과시점까지는 약정금리와 만기시점 동일상품 동일계약기간의 기본금리 중 낮은 금리 적용)","* 중도해지금리 1개월 미만 : 0.20%, 3개월 미만 : 1.70%, 6개월 미만 : 1.95%, 12개월 미만 : 2.04%, 12개월 이상 - 연단위 기간 : 해당 기간별 가입시점 고시금리 적용 - 연단위 기간 초과분 : 초과기간에 해당하는 가입시점의 중도해지금리 적용 * 우수고객 중도해지금리 : 실예치기간 기본금리 적용",,20260720,,202607201300,금융감독원 금융상품한눈에 Open API,2026-08-10T14:19:08
030300,저축은행,202607,0010356,푸른저축은행,1001,푸른 정기예금,24,S,단리,3.90%,3.30%,"660,000",4.00%,"영업점,인터넷,스마트폰",1,제한없음,단리,,"* 가입시점 우대금리 조건 충족시 최대 0.1%p 가산 적용(계약기간 24개월 이내) - 계좌별 가입금액 10억원 이상 : 0.1%p(최초 계약기간 한정) - 우수고객 : 0.1%p(거래기간 3년 이상, 직전 2년 평잔 10억원 이상인 고객. 단, 대출관련 예금 등 제외)","만기 후 보통예금 금리에 연동 (단, 만기 1개월 경과시점까지는 약정금리와 만기시점 동일상품 동일계약기간의 기본금리 중 낮은 금리 적용)","* 중도해지금리 1개월 미만 : 0.20%, 3개월 미만 : 1.70%, 6개월 미만 : 1.95%, 12개월 미만 : 2.04%, 12개월 이상 - 연단위 기간 : 해당 기간별 가입시점 고시금리 적용 - 연단위 기간 초과분 : 초과기간에 해당하는 가입시점의 중도해지금리 적용 * 우수고객 중도해지금리 : 실예치기간 기본금리 적용",,20260720,,202607201300,금융감독원 금융상품한눈에 Open API,2026-08-10T14:19:08
030300,저축은행,202607,0010356,푸른저축은행,1001,푸른 정기예금,1,M,복리,3.20%,2.71%,"22,560",3.30%,"영업점,인터넷,스마트폰",1,제한없음,복리,,"* 가입시점 우대금리 조건 충족시 최대 0.1%p 가산 적용(계약기간 24개월 이내) - 계좌별 가입금액 10억원 이상 : 0.1%p(최초 계약기간 한정) - 우수고객 : 0.1%p(거래기간 3년 이상, 직전 2년 평잔 10억원 이상인 고객. 단, 대출관련 예금 등 제외)","만기 후 보통예금 금리에 연동 (단, 만기 1개월 경과시점까지는 약정금리와 만기시점 동일상품 동일계약기간의 기본금리 중 낮은 금리 적용)","* 중도해지금리 1개월 미만 : 0.20%, 3개월 미만 : 1.70%, 6개월 미만 : 1.95%, 12개월 미만 : 2.04%, 12개월 이상 - 연단위 기간 : 해당 기간별 가입시점 고시금리 적용 - 연단위 기간 초과분 : 초과기간에 해당하는 가입시점의 중도해지금리 적용 * 우수고객 중도해지금리 : 실예치기간 기본금리 적용",,20260720,,202607201300,금융감독원 금융상품한눈에 Open API,2026-08-10T14:19:08
030300,저축은행,202607,0010356,푸른저축은행,1001,푸른 정기예금,3,M,복리,3.40%,2.88%,"72,114",3.50%,"영업점,인터넷,스마트폰",1,제한없음,복리,,"* 가입시점 우대금리 조건 충족시 최대 0.1%p 가산 적용(계약기간 24개월 이내) - 계좌별 가입금액 10억원 이상 : 0.1%p(최초 계약기간 한정) - 우수고객 : 0.1%p(거래기간 3년 이상, 직전 2년 평잔 10억원 이상인 고객. 단, 대출관련 예금 등 제외)","만기 후 보통예금 금리에 연동 (단, 만기 1개월 경과시점까지는 약정금리와 만기시점 동일상품 동일계약기간의 기본금리 중 낮은 금리 적용)","* 중도해지금리 1개월 미만 : 0.20%, 3개월 미만 : 1.70%, 6개월 미만 : 1.95%, 12개월 미만 : 2.04%, 12개월 이상 - 연단위 기간 : 해당 기간별 가입시점 고시금리 적용 - 연단위 기간 초과분 : 초과기간에 해당하는 가입시점의 중도해지금리 적용 * 우수고객 중도해지금리 : 실예치기간 기본금리 적용",,20260720,,202607201300,금융감독원 금융상품한눈에 Open API,2026-08-10T14:19:08
030300,저축은행,202607,0010356,푸른저축은행,1001,푸른 정기예금,6,M,복리,3.70%,3.13%,"157,721",3.80%,"영업점,인터넷,스마트폰",1,제한없음,복리,,"* 가입시점 우대금리 조건 충족시 최대 0.1%p 가산 적용(계약기간 24개월 이내) - 계좌별 가입금액 10억원 이상 : 0.1%p(최초 계약기간 한정) - 우수고객 : 0.1%p(거래기간 3년 이상, 직전 2년 평잔 10억원 이상인 고객. 단, 대출관련 예금 등 제외)","만기 후 보통예금 금리에 연동 (단, 만기 1개월 경과시점까지는 약정금리와 만기시점 동일상품 동일계약기간의 기본금리 중 낮은 금리 적용)","* 중도해지금리 1개월 미만 : 0.20%, 3개월 미만 : 1.70%, 6개월 미만 : 1.95%, 12개월 미만 : 2.04%, 12개월 이상 - 연단위 기간 : 해당 기간별 가입시점 고시금리 적용 - 연단위 기간 초과분 : 초과기간에 해당하는 가입시점의 중도해지금리 적용 * 우수고객 중도해지금리 : 실예치기간 기본금리 적용",,20260720,,202607201300,금융감독원 금융상품한눈에 Open API,2026-08-10T14:19:08
030300,저축은행,202607,0010356,푸른저축은행,1001,푸른 정기예금,12,M,복리,3.90%,3.30%,"335,902",4.00%,"영업점,인터넷,스마트폰",1,제한없음,복리,,"* 가입시점 우대금리 조건 충족시 최대 0.1%p 가산 적용(계약기간 24개월 이내) - 계좌별 가입금액 10억원 이상 : 0.1%p(최초 계약기간 한정) - 우수고객 : 0.1%p(거래기간 3년 이상, 직전 2년 평잔 10억원 이상인 고객. 단, 대출관련 예금 등 제외)","만기 후 보통예금 금리에 연동 (단, 만기 1개월 경과시점까지는 약정금리와 만기시점 동일상품 동일계약기간의 기본금리 중 낮은 금리 적용)","* 중도해지금리 1개월 미만 : 0.20%, 3개월 미만 : 1.70%, 6개월 미만 : 1.95%, 12개월 미만 : 2.04%, 12개월 이상 - 연단위 기간 : 해당 기간별 가입시점 고시금리 적용 - 연단위 기간 초과분 : 초과기간에 해당하는 가입시점의 중도해지금리 적용 * 우수고객 중도해지금리 : 실예치기간 기본금리 적용",,20260720,,202607201300,금융감독원 금융상품한눈에 Open API,2026-08-10T14:19:08
030300,저축은행,202607,0010356,푸른저축은행,1001,푸른 정기예금,24,M,복리,3.90%,3.30%,"685,141",4.00%,"영업점,인터넷,스마트폰",1,제한없음,복리,,"* 가입시점 우대금리 조건 충족시 최대 0.1%p 가산 적용(계약기간 24개월 이내) - 계좌별 가입금액 10억원 이상 : 0.1%p(최초 계약기간 한정) - 우수고객 : 0.1%p(거래기간 3년 이상, 직전 2년 평잔 10억원 이상인 고객. 단, 대출관련 예금 등 제외)","만기 후 보통예금 금리에 연동 (단, 만기 1개월 경과시점까지는 약정금리와 만기시점 동일상품 동일계약기간의 기본금리 중 낮은 금리 적용)","* 중도해지금리 1개월 미만 : 0.20%, 3개월 미만 : 1.70%, 6개월 미만 : 1.95%, 12개월 미만 : 2.04%, 12개월 이상 - 연단위 기간 : 해당 기간별 가입시점 고시금리 적용 - 연단위 기간 초과분 : 초과기간에 해당하는 가입시점의 중도해지금리 적용 * 우수고객 중도해지금리 : 실예치기간 기본금리 적용",,20260720,,202607201300,금융감독원 금융상품한눈에 Open API,2026-08-10T14:19:08
030300,저축은행,202607,0010358,HB저축은행,240004,정기예금,6,S,단리,3.20%,2.71%,"135,000",3.20%,영업점,1,제한없음,단리,,해당사항없음,- 만기 후 1개월 이하: 당초 약정금리와 만기시동일상품 동일계약기간의 고시금리중 낮은 금리 - 만기 후 1개월 초과: 보통예금 금리,영업점 가입 전용상품,,20260810,,202608100825,금융감독원 금융상품한눈에 Open API,2026-08-10T14:19:08
030300,저축은행,202607,0010358,HB저축은행,240004,정기예금,12,S,단리,3.90%,3.30%,"330,000",3.90%,영업점,1,제한없음,단리,,해당사항없음,- 만기 후 1개월 이하: 당초 약정금리와 만기시동일상품 동일계약기간의 고시금리중 낮은 금리 - 만기 후 1개월 초과: 보통예금 금리,영업점 가입 전용상품,,20260810,,202608100825,금융감독원 금융상품한눈에 Open API,2026-08-10T14:19:08
030300,저축은행,202607,0010358,HB저축은행,240004,정기예금,24,S,단리,3.10%,2.62%,"525,000",3.10%,영업점,1,제한없음,단리,,해당사항없음,- 만기 후 1개월 이하: 당초 약정금리와 만기시동일상품 동일계약기간의 고시금리중 낮은 금리 - 만기 후 1개월 초과: 보통예금 금리,영업점 가입 전용상품,,20260810,,202608100825,금융감독원 금융상품한눈에 Open API,2026-08-10T14:19:08
030300,저축은행,202607,0010358,HB저축은행,240004,정기예금,36,S,단리,3.20%,2.71%,"812,000",3.20%,영업점,1,제한없음,단리,,해당사항없음,- 만기 후 1개월 이하: 당초 약정금리와 만기시동일상품 동일계약기간의 고시금리중 낮은 금리 - 만기 후 1개월 초과: 보통예금 금리,영업점 가입 전용상품,,20260810,,202608100825,금융감독원 금융상품한눈에 Open API,2026-08-10T14:19:08
030300,저축은행,202607,0010358,HB저축은행,240004,정기예금,6,M,복리,3.20%,2.71%,"136,266",3.20%,영업점,1,제한없음,복리,,해당사항없음,- 만기 후 1개월 이하: 당초 약정금리와 만기시동일상품 동일계약기간의 고시금리중 낮은 금리 - 만기 후 1개월 초과: 보통예금 금리,영업점 가입 전용상품,,20260810,,202608100825,금융감독원 금융상품한눈에 Open API,2026-08-10T14:19:08
030300,저축은행,202607,0010358,HB저축은행,240004,정기예금,12,M,복리,3.90%,3.30%,"335,902",3.90%,영업점,1,제한없음,복리,,해당사항없음,- 만기 후 1개월 이하: 당초 약정금리와 만기시동일상품 동일계약기간의 고시금리중 낮은 금리 - 만기 후 1개월 초과: 보통예금 금리,영업점 가입 전용상품,,20260810,,202608100825,금융감독원 금융상품한눈에 Open API,2026-08-10T14:19:08
030300,저축은행,202607,0010358,HB저축은행,240004,정기예금,24,M,복리,3.10%,2.62%,"540,402",3.10%,영업점,1,제한없음,복리,,해당사항없음,- 만기 후 1개월 이하: 당초 약정금리와 만기시동일상품 동일계약기간의 고시금리중 낮은 금리 - 만기 후 1개월 초과: 보통예금 금리,영업점 가입 전용상품,,20260810,,202608100825,금융감독원 금융상품한눈에 Open API,2026-08-10T14:19:08
030300,저축은행,202607,0010358,HB저축은행,240004,정기예금,36,M,복리,3.20%,2.71%,"851,232",3.20%,영업점,1,제한없음,복리,,해당사항없음,- 만기 후 1개월 이하: 당초 약정금리와 만기시동일상품 동일계약기간의 고시금리중 낮은 금리 - 만기 후 1개월 초과: 보통예금 금리,영업점 가입 전용상품,,20260810,,202608100825,금융감독원 금융상품한눈에 Open API,2026-08-10T14:19:08
030300,저축은행,202607,0010358,HB저축은행,240018,e-정기예금,6,S,단리,3.80%,3.21%,"161,000",3.80%,인터넷,1,제한없음,단리,,해당사항없음,- 만기 후 1개월 이하: 당초 약정금리와 만기시동일상품 동일계약기간의 고시금리중 낮은 금리 - 만기 후 1개월 초과: 보통예금 금리,인터넷가입 전용상품,,20260807,,202608071715,금융감독원 금융상품한눈에 Open API,2026-08-10T14:19:08
030300,저축은행,202607,0010358,HB저축은행,240018,e-정기예금,12,S,단리,4.00%,3.38%,"338,000",4.00%,인터넷,1,제한없음,단리,,해당사항없음,- 만기 후 1개월 이하: 당초 약정금리와 만기시동일상품 동일계약기간의 고시금리중 낮은 금리 - 만기 후 1개월 초과: 보통예금 금리,인터넷가입 전용상품,,20260807,,202608071715,금융감독원 금융상품한눈에 Open API,2026-08-10T14:19:08
030300,저축은행,202607,0010358,HB저축은행,240018,e-정기예금,24,S,단리,3.20%,2.71%,"541,000",3.20%,인터넷,1,제한없음,단리,,해당사항없음,- 만기 후 1개월 이하: 당초 약정금리와 만기시동일상품 동일계약기간의 고시금리중 낮은 금리 - 만기 후 1개월 초과: 보통예금 금리,인터넷가입 전용상품,,20260807,,202608071715,금융감독원 금융상품한눈에 Open API,2026-08-10T14:19:08
030300,저축은행,202607,0010358,HB저축은행,240018,e-정기예금,36,S,단리,3.20%,2.71%,"812,000",3.20%,인터넷,1,제한없음,단리,,해당사항없음,- 만기 후 1개월 이하: 당초 약정금리와 만기시동일상품 동일계약기간의 고시금리중 낮은 금리 - 만기 후 1개월 초과: 보통예금 금리,인터넷가입 전용상품,,20260807,,202608071715,금융감독원 금융상품한눈에 Open API,2026-08-10T14:19:08
030300,저축은행,202607,0010358,HB저축은행,240018,e-정기예금,6,M,복리,3.80%,3.21%,"162,018",3.80%,인터넷,1,제한없음,복리,,해당사항없음,- 만기 후 1개월 이하: 당초 약정금리와 만기시동일상품 동일계약기간의 고시금리중 낮은 금리 - 만기 후 1개월 초과: 보통예금 금리,인터넷가입 전용상품,,20260807,,202608071715,금융감독원 금융상품한눈에 Open API,2026-08-10T14:19:08
030300,저축은행,202607,0010358,HB저축은행,240018,e-정기예금,12,M,복리,4.00%,3.38%,"344,673",4.00%,인터넷,1,제한없음,복리,,해당사항없음,- 만기 후 1개월 이하: 당초 약정금리와 만기시동일상품 동일계약기간의 고시금리중 낮은 금리 - 만기 후 1개월 초과: 보통예금 금리,인터넷가입 전용상품,,20260807,,202608071715,금융감독원 금융상품한눈에 Open API,2026-08-10T14:19:08
030300,저축은행,202607,0010358,HB저축은행,240018,e-정기예금,24,M,복리,3.20%,2.71%,"558,373",3.20%,인터넷,1,제한없음,복리,,해당사항없음,- 만기 후 1개월 이하: 당초 약정금리와 만기시동일상품 동일계약기간의 고시금리중 낮은 금리 - 만기 후 1개월 초과: 보통예금 금리,인터넷가입 전용상품,,20260807,,202608071715,금융감독원 금융상품한눈에 Open API,2026-08-10T14:19:08
030300,저축은행,202607,0010358,HB저축은행,240018,e-정기예금,36,M,복리,3.20%,2.71%,"851,232",3.20%,인터넷,1,제한없음,복리,,해당사항없음,- 만기 후 1개월 이하: 당초 약정금리와 만기시동일상품 동일계약기간의 고시금리중 낮은 금리 - 만기 후 1개월 초과: 보통예금 금리,인터넷가입 전용상품,,20260807,,202608071715,금융감독원 금융상품한눈에 Open API,2026-08-10T14:19:08
030300,저축은행,202607,0010358,HB저축은행,240021,스마트정기예금,6,S,단리,4.00%,3.38%,"169,000",4.00%,스마트폰,1,제한없음,단리,,해당사항없음,- 만기 후 1개월 이하: 당초 약정금리와 만기시동일상품 동일계약기간의 고시금리중 낮은 금리 - 만기 후 1개월 초과: 보통예금 금리,스마트폰가입 전용상품,,20260810,,202608100825,금융감독원 금융상품한눈에 Open API,2026-08-10T14:19:08
030300,저축은행,202607,0010358,HB저축은행,240021,스마트정기예금,12,S,단리,3.95%,3.34%,"334,000",3.95%,스마트폰,1,제한없음,단리,,해당사항없음,- 만기 후 1개월 이하: 당초 약정금리와 만기시동일상품 동일계약기간의 고시금리중 낮은 금리 - 만기 후 1개월 초과: 보통예금 금리,스마트폰가입 전용상품,,20260810,,202608100825,금융감독원 금융상품한눈에 Open API,2026-08-10T14:19:08
030300,저축은행,202607,0010358,HB저축은행,240021,스마트정기예금,24,S,단리,3.20%,2.71%,"541,000",3.20%,스마트폰,1,제한없음,단리,,해당사항없음,- 만기 후 1개월 이하: 당초 약정금리와 만기시동일상품 동일계약기간의 고시금리중 낮은 금리 - 만기 후 1개월 초과: 보통예금 금리,스마트폰가입 전용상품,,20260810,,202608100825,금융감독원 금융상품한눈에 Open API,2026-08-10T14:19:08
030300,저축은행,202607,0010358,HB저축은행,240021,스마트정기예금,36,S,단리,3.20%,2.71%,"812,000",3.20%,스마트폰,1,제한없음,단리,,해당사항없음,- 만기 후 1개월 이하: 당초 약정금리와 만기시동일상품 동일계약기간의 고시금리중 낮은 금리 - 만기 후 1개월 초과: 보통예금 금리,스마트폰가입 전용상품,,20260810,,202608100825,금융감독원 금융상품한눈에 Open API,2026-08-10T14:19:08
030300,저축은행,202607,0010358,HB저축은행,240021,스마트정기예금,6,M,복리,4.00%,3.38%,"170,616",4.00%,스마트폰,1,제한없음,복리,,해당사항없음,- 만기 후 1개월 이하: 당초 약정금리와 만기시동일상품 동일계약기간의 고시금리중 낮은 금리 - 만기 후 1개월 초과: 보통예금 금리,스마트폰가입 전용상품,,20260810,,202608100825,금융감독원 금융상품한눈에 Open API,2026-08-10T14:19:08
030300,저축은행,202607,0010358,HB저축은행,240021,스마트정기예금,12,M,복리,3.95%,3.34%,"340,287",3.95%,스마트폰,1,제한없음,복리,,해당사항없음,- 만기 후 1개월 이하: 당초 약정금리와 만기시동일상품 동일계약기간의 고시금리중 낮은 금리 - 만기 후 1개월 초과: 보통예금 금리,스마트폰가입 전용상품,,20260810,,202608100825,금융감독원 금융상품한눈에 Open API,2026-08-10T14:19:08
030300,저축은행,202607,0010358,HB저축은행,240021,스마트정기예금,24,M,복리,3.20%,2.71%,"558,373",3.20%,스마트폰,1,제한없음,복리,,해당사항없음,- 만기 후 1개월 이하: 당초 약정금리와 만기시동일상품 동일계약기간의 고시금리중 낮은 금리 - 만기 후 1개월 초과: 보통예금 금리,스마트폰가입 전용상품,,20260810,,202608100825,금융감독원 금융상품한눈에 Open API,2026-08-10T14:19:08
030300,저축은행,202607,0010358,HB저축은행,240021,스마트정기예금,36,M,복리,3.20%,2.71%,"851,232",3.20%,스마트폰,1,제한없음,복리,,해당사항없음,- 만기 후 1개월 이하: 당초 약정금리와 만기시동일상품 동일계약기간의 고시금리중 낮은 금리 - 만기 후 1개월 초과: 보통예금 금리,스마트폰가입 전용상품,,20260810,,202608100825,금융감독원 금융상품한눈에 Open API,2026-08-10T14:19:08
030300,저축은행,202607,0010358,HB저축은행,240023,회전정기예금,12,S,단리,3.95%,3.34%,"334,000",3.95%,영업점,1,제한없음,단리,,해당사항없음,- 만기 후 1개월 이하: 당초 약정금리와 만기시동일상품 동일계약기간의 고시금리중 낮은 금리 - 만기 후 1개월 초과: 보통예금 금리,영업점 가입 전용상품 / 계약기간 : 36개월 (회전주기 12개월),,20260807,,202608071715,금융감독원 금융상품한눈에 Open API,2026-08-10T14:19:08
030300,저축은행,202607,0010358,HB저축은행,240023,회전정기예금,12,M,복리,3.95%,3.34%,"340,287",3.95%,영업점,1,제한없음,복리,,해당사항없음,- 만기 후 1개월 이하: 당초 약정금리와 만기시동일상품 동일계약기간의 고시금리중 낮은 금리 - 만기 후 1개월 초과: 보통예금 금리,영업점 가입 전용상품 / 계약기간 : 36개월 (회전주기 12개월),,20260807,,202608071715,금융감독원 금융상품한눈에 Open API,2026-08-10T14:19:08
030300,저축은행,202607,0010358,HB저축은행,240025,e-회전정기예금,12,S,단리,4.03%,3.41%,"341,000",4.03%,인터넷,1,제한없음,단리,,해당사항없음,- 만기 후 1개월 이하: 당초 약정금리와 만기시동일상품 동일계약기간의 고시금리중 낮은 금리 - 만기 후 1개월 초과: 보통예금 금리,인터넷가입 전용상품 / 계약기간 : 36개월 (회전주기 12개월),,20260807,,202608071715,금융감독원 금융상품한눈에 Open API,2026-08-10T14:19:08
030300,저축은행,202607,0010358,HB저축은행,240025,e-회전정기예금,12,M,복리,4.03%,3.41%,"347,306",4.03%,인터넷,1,제한없음,복리,,해당사항없음,- 만기 후 1개월 이하: 당초 약정금리와 만기시동일상품 동일계약기간의 고시금리중 낮은 금리 - 만기 후 1개월 초과: 보통예금 금리,인터넷가입 전용상품 / 계약기간 : 36개월 (회전주기 12개월),,20260807,,202608071715,금융감독원 금융상품한눈에 Open API,2026-08-10T14:19:08
030300,저축은행,202607,0010358,HB저축은행,240027,스마트회전정기예금,12,S,단리,3.96%,3.35%,"335,000",3.96%,스마트폰,1,제한없음,단리,,해당사항없음,- 만기 후 1개월 이하: 당초 약정금리와 만기시동일상품 동일계약기간의 고시금리중 낮은 금리 - 만기 후 1개월 초과: 보통예금 금리,스마트폰가입 전용상품 / 계약기간 : 36개월 (회전주기 12개월),,20260810,,202608100825,금융감독원 금융상품한눈에 Open API,2026-08-10T14:19:08
030300,저축은행,202607,0010358,HB저축은행,240027,스마트회전정기예금,12,M,복리,3.96%,3.35%,"341,164",3.96%,스마트폰,1,제한없음,복리,,해당사항없음,- 만기 후 1개월 이하: 당초 약정금리와 만기시동일상품 동일계약기간의 고시금리중 낮은 금리 - 만기 후 1개월 초과: 보통예금 금리,스마트폰가입 전용상품 / 계약기간 : 36개월 (회전주기 12개월),,20260810,,202608100825,금융감독원 금융상품한눈에 Open API,2026-08-10T14:19:08
030300,저축은행,202607,0010358,HB저축은행,240032,6개월 회전정기예금,6,S,단리,4.00%,3.38%,"169,000",4.00%,영업점,1,제한없음,단리,,해당사항없음,- 만기 후 1개월 이하: 당초 약정금리와 만기시동일상품 동일계약기간의 고시금리중 낮은 금리 - 만기 후 1개월 초과: 보통예금 금리,영업점 가입 전용상품 / 계약기간 : 36개월 (회전주기 6개월),,20260810,,202608100825,금융감독원 금융상품한눈에 Open API,2026-08-10T14:19:08
030300,저축은행,202607,0010358,HB저축은행,240032,6개월 회전정기예금,6,M,복리,4.00%,3.38%,"170,616",4.00%,영업점,1,제한없음,복리,,해당사항없음,- 만기 후 1개월 이하: 당초 약정금리와 만기시동일상품 동일계약기간의 고시금리중 낮은 금리 - 만기 후 1개월 초과: 보통예금 금리,영업점 가입 전용상품 / 계약기간 : 36개월 (회전주기 6개월),,20260810,,202608100825,금융감독원 금융상품한눈에 Open API,2026-08-10T14:19:08
030300,저축은행,202607,0010358,HB저축은행,240033,e-6개월 회전정기예금,6,S,단리,4.00%,3.38%,"169,000",4.00%,인터넷,1,제한없음,단리,,해당사항없음,- 만기 후 1개월 이하: 당초 약정금리와 만기시동일상품 동일계약기간의 고시금리중 낮은 금리 - 만기 후 1개월 초과: 보통예금 금리,인터넷가입 전용상품 / 계약기간 : 36개월 (회전주기 6개월),,20260807,,202608071715,금융감독원 금융상품한눈에 Open API,2026-08-10T14:19:08
030300,저축은행,202607,0010358,HB저축은행,240033,e-6개월 회전정기예금,6,M,복리,4.00%,3.38%,"170,616",4.00%,인터넷,1,제한없음,복리,,해당사항없음,- 만기 후 1개월 이하: 당초 약정금리와 만기시동일상품 동일계약기간의 고시금리중 낮은 금리 - 만기 후 1개월 초과: 보통예금 금리,인터넷가입 전용상품 / 계약기간 : 36개월 (회전주기 6개월),,20260807,,202608071715,금융감독원 금융상품한눈에 Open API,2026-08-10T14:19:08
030300,저축은행,202607,0010358,HB저축은행,240035,스마트 6개월 회전정기예금,6,S,단리,4.00%,3.38%,"169,000",4.00%,스마트폰,1,제한없음,단리,,해당사항없음,- 만기 후 1개월 이하: 당초 약정금리와 만기시동일상품 동일계약기간의 고시금리중 낮은 금리 - 만기 후 1개월 초과: 보통예금 금리,스마트폰가입 전용상품 / 계약기간 : 36개월 (회전주기 6개월),,20260807,,202608071715,금융감독원 금융상품한눈에 Open API,2026-08-10T14:19:08
030300,저축은행,202607,0010358,HB저축은행,240035,스마트 6개월 회전정기예금,6,M,복리,4.00%,3.38%,"170,616",4.00%,스마트폰,1,제한없음,복리,,해당사항없음,- 만기 후 1개월 이하: 당초 약정금리와 만기시동일상품 동일계약기간의 고시금리중 낮은 금리 - 만기 후 1개월 초과: 보통예금 금리,스마트폰가입 전용상품 / 계약기간 : 36개월 (회전주기 6개월),,20260807,,202608071715,금융감독원 금융상품한눈에 Open API,2026-08-10T14:19:08
030300,저축은행,202607,0010359,키움예스저축은행,240029,정기예금,1,S,단리,1.20%,1.02%,"8,000",1.20%,영업점,1,제한없음,단리,,-,*만기후 1개월 이내 : 당초 약정금리 또는 만기시 동일상품 동일계약기간의 신규 약정금리 중 낮은 이율 *만기후 1개월 초과 : 만기시점 보통예금 이율,-,,20260810,,202608100812,금융감독원 금융상품한눈에 Open API,2026-08-10T14:19:08
030300,저축은행,202607,0010359,키움예스저축은행,240029,정기예금,3,S,단리,1.30%,1.10%,"27,000",1.30%,영업점,1,제한없음,단리,,-,*만기후 1개월 이내 : 당초 약정금리 또는 만기시 동일상품 동일계약기간의 신규 약정금리 중 낮은 이율 *만기후 1개월 초과 : 만기시점 보통예금 이율,-,,20260810,,202608100812,금융감독원 금융상품한눈에 Open API,2026-08-10T14:19:08
030300,저축은행,202607,0010359,키움예스저축은행,240029,정기예금,6,S,단리,2.40%,2.03%,"102,000",2.40%,영업점,1,제한없음,단리,,-,*만기후 1개월 이내 : 당초 약정금리 또는 만기시 동일상품 동일계약기간의 신규 약정금리 중 낮은 이율 *만기후 1개월 초과 : 만기시점 보통예금 이율,-,,20260810,,202608100812,금융감독원 금융상품한눈에 Open API,2026-08-10T14:19:08
030300,저축은행,202607,0010359,키움예스저축은행,240029,정기예금,12,S,단리,3.90%,3.30%,"330,000",3.90%,영업점,1,제한없음,단리,,-,*만기후 1개월 이내 : 당초 약정금리 또는 만기시 동일상품 동일계약기간의 신규 약정금리 중 낮은 이율 *만기후 1개월 초과 : 만기시점 보통예금 이율,-,,20260810,,202608100812,금융감독원 금융상품한눈에 Open API,2026-08-10T14:19:08
030300,저축은행,202607,0010359,키움예스저축은행,240029,정기예금,24,S,단리,2.80%,2.37%,"474,000",2.80%,영업점,1,제한없음,단리,,-,*만기후 1개월 이내 : 당초 약정금리 또는 만기시 동일상품 동일계약기간의 신규 약정금리 중 낮은 이율 *만기후 1개월 초과 : 만기시점 보통예금 이율,-,,20260810,,202608100812,금융감독원 금융상품한눈에 Open API,2026-08-10T14:19:08
030300,저축은행,202607,0010359,키움예스저축은행,240029,정기예금,36,S,단리,2.40%,2.03%,"609,000",2.40%,영업점,1,제한없음,단리,,-,*만기후 1개월 이내 : 당초 약정금리 또는 만기시 동일상품 동일계약기간의 신규 약정금리 중 낮은 이율 *만기후 1개월 초과 : 만기시점 보통예금 이율,-,,20260810,,202608100812,금융감독원 금융상품한눈에 Open API,2026-08-10T14:19:08
030300,저축은행,202607,0010359,키움예스저축은행,240029,정기예금,1,M,복리,1.20%,1.02%,"8,460",1.20%,영업점,1,제한없음,복리,,-,*만기후 1개월 이내 : 당초 약정금리 또는 만기시 동일상품 동일계약기간의 신규 약정금리 중 낮은 이율 *만기후 1개월 초과 : 만기시점 보통예금 이율,-,,20260810,,202608100812,금융감독원 금융상품한눈에 Open API,2026-08-10T14:19:08
030300,저축은행,202607,0010359,키움예스저축은행,240029,정기예금,3,M,복리,1.30%,1.10%,"27,525",1.30%,영업점,1,제한없음,복리,,-,*만기후 1개월 이내 : 당초 약정금리 또는 만기시 동일상품 동일계약기간의 신규 약정금리 중 낮은 이율 *만기후 1개월 초과 : 만기시점 보통예금 이율,-,,20260810,,202608100812,금융감독원 금융상품한눈에 Open API,2026-08-10T14:19:08
030300,저축은행,202607,0010359,키움예스저축은행,240029,정기예금,6,M,복리,2.40%,2.03%,"102,029",2.40%,영업점,1,제한없음,복리,,-,*만기후 1개월 이내 : 당초 약정금리 또는 만기시 동일상품 동일계약기간의 신규 약정금리 중 낮은 이율 *만기후 1개월 초과 : 만기시점 보통예금 이율,-,,20260810,,202608100812,금융감독원 금융상품한눈에 Open API,2026-08-10T14:19:08
030300,저축은행,202607,0010359,키움예스저축은행,240029,정기예금,12,M,복리,3.90%,3.30%,"335,902",3.90%,영업점,1,제한없음,복리,,-,*만기후 1개월 이내 : 당초 약정금리 또는 만기시 동일상품 동일계약기간의 신규 약정금리 중 낮은 이율 *만기후 1개월 초과 : 만기시점 보통예금 이율,-,,20260810,,202608100812,금융감독원 금융상품한눈에 Open API,2026-08-10T14:19:08
030300,저축은행,202607,0010359,키움예스저축은행,240029,정기예금,24,M,복리,2.80%,2.37%,"486,693",2.80%,영업점,1,제한없음,복리,,-,*만기후 1개월 이내 : 당초 약정금리 또는 만기시 동일상품 동일계약기간의 신규 약정금리 중 낮은 이율 *만기후 1개월 초과 : 만기시점 보통예금 이율,-,,20260810,,202608100812,금융감독원 금융상품한눈에 Open API,2026-08-10T14:19:08
030300,저축은행,202607,0010359,키움예스저축은행,240029,정기예금,36,M,복리,2.40%,2.03%,"630,931",2.40%,영업점,1,제한없음,복리,,-,*만기후 1개월 이내 : 당초 약정금리 또는 만기시 동일상품 동일계약기간의 신규 약정금리 중 낮은 이율 *만기후 1개월 초과 : 만기시점 보통예금 이율,-,,20260810,,202608100812,금융감독원 금융상품한눈에 Open API,2026-08-10T14:19:08
030300,저축은행,202607,0010359,키움예스저축은행,240031,"e-정기예금(인터넷뱅킹, 스마트뱅킹)",1,S,단리,1.20%,1.02%,"8,000",1.20%,"인터넷,스마트폰",1,제한없음,단리,,-,*만기후 1개월 이내 : 당초 약정금리 또는 만기시 동일상품 동일계약기간의 신규 약정금리 중 낮은 이율 *만기후 1개월 초과 : 만기시점 보통예금 이율,-,,20260810,,202608100812,금융감독원 금융상품한눈에 Open API,2026-08-10T14:19:08
030300,저축은행,202607,0010359,키움예스저축은행,240031,"e-정기예금(인터넷뱅킹, 스마트뱅킹)",3,S,단리,1.30%,1.10%,"27,000",1.30%,"인터넷,스마트폰",1,제한없음,단리,,-,*만기후 1개월 이내 : 당초 약정금리 또는 만기시 동일상품 동일계약기간의 신규 약정금리 중 낮은 이율 *만기후 1개월 초과 : 만기시점 보통예금 이율,-,,20260810,,202608100812,금융감독원 금융상품한눈에 Open API,2026-08-10T14:19:08
030300,저축은행,202607,0010359,키움예스저축은행,240031,"e-정기예금(인터넷뱅킹, 스마트뱅킹)",6,S,단리,2.90%,2.45%,"123,000",2.90%,"인터넷,스마트폰",1,제한없음,단리,,-,*만기후 1개월 이내 : 당초 약정금리 또는 만기시 동일상품 동일계약기간의 신규 약정금리 중 낮은 이율 *만기후 1개월 초과 : 만기시점 보통예금 이율,-,,20260810,,202608100812,금융감독원 금융상품한눈에 Open API,2026-08-10T14:19:08
030300,저축은행,202607,0010359,키움예스저축은행,240031,"e-정기예금(인터넷뱅킹, 스마트뱅킹)",12,S,단리,4.00%,3.38%,"338,000",4.00%,"인터넷,스마트폰",1,제한없음,단리,,-,*만기후 1개월 이내 : 당초 약정금리 또는 만기시 동일상품 동일계약기간의 신규 약정금리 중 낮은 이율 *만기후 1개월 초과 : 만기시점 보통예금 이율,-,,20260810,,202608100812,금융감독원 금융상품한눈에 Open API,2026-08-10T14:19:08
030300,저축은행,202607,0010359,키움예스저축은행,240031,"e-정기예금(인터넷뱅킹, 스마트뱅킹)",24,S,단리,2.90%,2.45%,"491,000",2.90%,"인터넷,스마트폰",1,제한없음,단리,,-,*만기후 1개월 이내 : 당초 약정금리 또는 만기시 동일상품 동일계약기간의 신규 약정금리 중 낮은 이율 *만기후 1개월 초과 : 만기시점 보통예금 이율,-,,20260810,,202608100812,금융감독원 금융상품한눈에 Open API,2026-08-10T14:19:08
030300,저축은행,202607,0010359,키움예스저축은행,240031,"e-정기예금(인터넷뱅킹, 스마트뱅킹)",36,S,단리,2.40%,2.03%,"609,000",2.40%,"인터넷,스마트폰",1,제한없음,단리,,-,*만기후 1개월 이내 : 당초 약정금리 또는 만기시 동일상품 동일계약기간의 신규 약정금리 중 낮은 이율 *만기후 1개월 초과 : 만기시점 보통예금 이율,-,,20260810,,202608100812,금융감독원 금융상품한눈에 Open API,2026-08-10T14:19:08
030300,저축은행,202607,0010359,키움예스저축은행,240031,"e-정기예금(인터넷뱅킹, 스마트뱅킹)",1,M,복리,1.20%,1.02%,"8,460",1.20%,"인터넷,스마트폰",1,제한없음,복리,,-,*만기후 1개월 이내 : 당초 약정금리 또는 만기시 동일상품 동일계약기간의 신규 약정금리 중 낮은 이율 *만기후 1개월 초과 : 만기시점 보통예금 이율,-,,20260810,,202608100812,금융감독원 금융상품한눈에 Open API,2026-08-10T14:19:08
030300,저축은행,202607,0010359,키움예스저축은행,240031,"e-정기예금(인터넷뱅킹, 스마트뱅킹)",3,M,복리,1.30%,1.10%,"27,525",1.30%,"인터넷,스마트폰",1,제한없음,복리,,-,*만기후 1개월 이내 : 당초 약정금리 또는 만기시 동일상품 동일계약기간의 신규 약정금리 중 낮은 이율 *만기후 1개월 초과 : 만기시점 보통예금 이율,-,,20260810,,202608100812,금융감독원 금융상품한눈에 Open API,2026-08-10T14:19:08
030300,저축은행,202607,0010359,키움예스저축은행,240031,"e-정기예금(인터넷뱅킹, 스마트뱅킹)",6,M,복리,2.90%,2.45%,"123,414",2.90%,"인터넷,스마트폰",1,제한없음,복리,,-,*만기후 1개월 이내 : 당초 약정금리 또는 만기시 동일상품 동일계약기간의 신규 약정금리 중 낮은 이율 *만기후 1개월 초과 : 만기시점 보통예금 이율,-,,20260810,,202608100812,금융감독원 금융상품한눈에 Open API,2026-08-10T14:19:08
030300,저축은행,202607,0010359,키움예스저축은행,240031,"e-정기예금(인터넷뱅킹, 스마트뱅킹)",12,M,복리,4.00%,3.38%,"344,673",4.00%,"인터넷,스마트폰",1,제한없음,복리,,-,*만기후 1개월 이내 : 당초 약정금리 또는 만기시 동일상품 동일계약기간의 신규 약정금리 중 낮은 이율 *만기후 1개월 초과 : 만기시점 보통예금 이율,-,,20260810,,202608100812,금융감독원 금융상품한눈에 Open API,2026-08-10T14:19:08
030300,저축은행,202607,0010359,키움예스저축은행,240031,"e-정기예금(인터넷뱅킹, 스마트뱅킹)",24,M,복리,2.90%,2.45%,"504,562",2.90%,"인터넷,스마트폰",1,제한없음,복리,,-,*만기후 1개월 이내 : 당초 약정금리 또는 만기시 동일상품 동일계약기간의 신규 약정금리 중 낮은 이율 *만기후 1개월 초과 : 만기시점 보통예금 이율,-,,20260810,,202608100812,금융감독원 금융상품한눈에 Open API,2026-08-10T14:19:08
030300,저축은행,202607,0010359,키움예스저축은행,240031,"e-정기예금(인터넷뱅킹, 스마트뱅킹)",36,M,복리,2.40%,2.03%,"630,931",2.40%,"인터넷,스마트폰",1,제한없음,복리,,-,*만기후 1개월 이내 : 당초 약정금리 또는 만기시 동일상품 동일계약기간의 신규 약정금리 중 낮은 이율 *만기후 1개월 초과 : 만기시점 보통예금 이율,-,,20260810,,202608100812,금융감독원 금융상품한눈에 Open API,2026-08-10T14:19:08
030300,저축은행,202607,0010359,키움예스저축은행,240033,SB톡톡 정기예금(비대면),1,S,단리,1.20%,1.02%,"8,000",1.20%,스마트폰,1,제한없음,단리,,-,*만기후 1개월 이내 : 당초 약정금리 또는 만기시 동일상품 동일계약기간의 신규 약정금리 중 낮은 이율 *만기후 1개월 초과 : 만기시점 보통예금 이율,-,,20260810,,202608100812,금융감독원 금융상품한눈에 Open API,2026-08-10T14:19:08
030300,저축은행,202607,0010359,키움예스저축은행,240033,SB톡톡 정기예금(비대면),3,S,단리,1.30%,1.10%,"27,000",1.30%,스마트폰,1,제한없음,단리,,-,*만기후 1개월 이내 : 당초 약정금리 또는 만기시 동일상품 동일계약기간의 신규 약정금리 중 낮은 이율 *만기후 1개월 초과 : 만기시점 보통예금 이율,-,,20260810,,202608100812,금융감독원 금융상품한눈에 Open API,2026-08-10T14:19:08
030300,저축은행,202607,0010359,키움예스저축은행,240033,SB톡톡 정기예금(비대면),6,S,단리,2.90%,2.45%,"123,000",2.90%,스마트폰,1,제한없음,단리,,-,*만기후 1개월 이내 : 당초 약정금리 또는 만기시 동일상품 동일계약기간의 신규 약정금리 중 낮은 이율 *만기후 1개월 초과 : 만기시점 보통예금 이율,-,,20260810,,202608100812,금융감독원 금융상품한눈에 Open API,2026-08-10T14:19:08
030300,저축은행,202607,0010359,키움예스저축은행,240033,SB톡톡 정기예금(비대면),12,S,단리,4.00%,3.38%,"338,000",4.00%,스마트폰,1,제한없음,단리,,-,*만기후 1개월 이내 : 당초 약정금리 또는 만기시 동일상품 동일계약기간의 신규 약정금리 중 낮은 이율 *만기후 1개월 초과 : 만기시점 보통예금 이율,-,,20260810,,202608100812,금융감독원 금융상품한눈에 Open API,2026-08-10T14:19:08
030300,저축은행,202607,0010359,키움예스저축은행,240033,SB톡톡 정기예금(비대면),24,S,단리,2.90%,2.45%,"491,000",2.90%,스마트폰,1,제한없음,단리,,-,*만기후 1개월 이내 : 당초 약정금리 또는 만기시 동일상품 동일계약기간의 신규 약정금리 중 낮은 이율 *만기후 1개월 초과 : 만기시점 보통예금 이율,-,,20260810,,202608100812,금융감독원 금융상품한눈에 Open API,2026-08-10T14:19:08
030300,저축은행,202607,0010359,키움예스저축은행,240033,SB톡톡 정기예금(비대면),36,S,단리,2.40%,2.03%,"609,000",2.40%,스마트폰,1,제한없음,단리,,-,*만기후 1개월 이내 : 당초 약정금리 또는 만기시 동일상품 동일계약기간의 신규 약정금리 중 낮은 이율 *만기후 1개월 초과 : 만기시점 보통예금 이율,-,,20260810,,202608100812,금융감독원 금융상품한눈에 Open API,2026-08-10T14:19:08
030300,저축은행,202607,0010359,키움예스저축은행,240033,SB톡톡 정기예금(비대면),1,M,복리,1.20%,1.02%,"8,460",1.20%,스마트폰,1,제한없음,복리,,-,*만기후 1개월 이내 : 당초 약정금리 또는 만기시 동일상품 동일계약기간의 신규 약정금리 중 낮은 이율 *만기후 1개월 초과 : 만기시점 보통예금 이율,-,,20260810,,202608100812,금융감독원 금융상품한눈에 Open API,2026-08-10T14:19:08
030300,저축은행,202607,0010359,키움예스저축은행,240033,SB톡톡 정기예금(비대면),3,M,복리,1.30%,1.10%,"27,525",1.30%,스마트폰,1,제한없음,복리,,-,*만기후 1개월 이내 : 당초 약정금리 또는 만기시 동일상품 동일계약기간의 신규 약정금리 중 낮은 이율 *만기후 1개월 초과 : 만기시점 보통예금 이율,-,,20260810,,202608100812,금융감독원 금융상품한눈에 Open API,2026-08-10T14:19:08
030300,저축은행,202607,0010359,키움예스저축은행,240033,SB톡톡 정기예금(비대면),6,M,복리,2.90%,2.45%,"123,414",2.90%,스마트폰,1,제한없음,복리,,-,*만기후 1개월 이내 : 당초 약정금리 또는 만기시 동일상품 동일계약기간의 신규 약정금리 중 낮은 이율 *만기후 1개월 초과 : 만기시점 보통예금 이율,-,,20260810,,202608100812,금융감독원 금융상품한눈에 Open API,2026-08-10T14:19:08
030300,저축은행,202607,0010359,키움예스저축은행,240033,SB톡톡 정기예금(비대면),12,M,복리,4.00%,3.38%,"344,673",4.00%,스마트폰,1,제한없음,복리,,-,*만기후 1개월 이내 : 당초 약정금리 또는 만기시 동일상품 동일계약기간의 신규 약정금리 중 낮은 이율 *만기후 1개월 초과 : 만기시점 보통예금 이율,-,,20260810,,202608100812,금융감독원 금융상품한눈에 Open API,2026-08-10T14:19:08
030300,저축은행,202607,0010359,키움예스저축은행,240033,SB톡톡 정기예금(비대면),24,M,복리,2.90%,2.45%,"504,562",2.90%,스마트폰,1,제한없음,복리,,-,*만기후 1개월 이내 : 당초 약정금리 또는 만기시 동일상품 동일계약기간의 신규 약정금리 중 낮은 이율 *만기후 1개월 초과 : 만기시점 보통예금 이율,-,,20260810,,202608100812,금융감독원 금융상품한눈에 Open API,2026-08-10T14:19:08
030300,저축은행,202607,0010359,키움예스저축은행,240033,SB톡톡 정기예금(비대면),36,M,복리,2.40%,2.03%,"630,931",2.40%,스마트폰,1,제한없음,복리,,-,*만기후 1개월 이내 : 당초 약정금리 또는 만기시 동일상품 동일계약기간의 신규 약정금리 중 낮은 이율 *만기후 1개월 초과 : 만기시점 보통예금 이율,-,,20260810,,202608100812,금융감독원 금융상품한눈에 Open API,2026-08-10T14:19:08
030300,저축은행,202607,0010359,키움예스저축은행,240037,회전yes정기예금(1년단위 변동금리상품),12,S,단리,3.95%,3.34%,"334,000",3.95%,영업점,1,제한없음,단리,,"*회전시점의 정기예금 12개월 금리 + 우대금리 0.1% 적용, 매1년 회전주기 단위로 약정이율이 변동 *중도해지시 회전주기 충족분에는 약정이율, 잔여기간에는 중도해지이율 적용",*만기후 1개월 이내 : 약정금리(최종회전금리) 또는 만기시 동일상품 신규 약정금리 중 낮은 금리 *만기후 1개월 초과 : 만기시점 보통예금 금리,*가입기간 36개월(회전주기 매1년),,20260810,,202608100812,금융감독원 금융상품한눈에 Open API,2026-08-10T14:19:08
030300,저축은행,202607,0010359,키움예스저축은행,240037,회전yes정기예금(1년단위 변동금리상품),12,M,복리,3.95%,3.34%,"340,287",3.95%,영업점,1,제한없음,복리,,"*회전시점의 정기예금 12개월 금리 + 우대금리 0.1% 적용, 매1년 회전주기 단위로 약정이율이 변동 *중도해지시 회전주기 충족분에는 약정이율, 잔여기간에는 중도해지이율 적용",*만기후 1개월 이내 : 약정금리(최종회전금리) 또는 만기시 동일상품 신규 약정금리 중 낮은 금리 *만기후 1개월 초과 : 만기시점 보통예금 금리,*가입기간 36개월(회전주기 매1년),,20260810,,202608100812,금융감독원 금융상품한눈에 Open API,2026-08-10T14:19:08
030300,저축은행,202607,0010359,키움예스저축은행,240039,"e-회전yes정기예금(1년단위 변동금리상품) (인터넷뱅킹, 스마트뱅킹)",12,S,단리,4.05%,3.43%,"343,000",4.05%,"인터넷,스마트폰",1,제한없음,단리,,"*회전시점의 정기예금 12개월 금리 + 우대금리 0.1% 적용, 매1년 회전주기 단위로 약정이율이 변동 *중도해지시 회전주기 충족분에는 약정이율, 잔여기간에는 중도해지이율 적용",*만기후 1개월 이내 : 약정금리(최종회전금리) 또는 만기시 동일상품 신규 약정금리 중 낮은 금리 *만기후 1개월 초과 : 만기시점 보통예금 금리,*가입기간 36개월(회전주기 매1년),,20260810,,202608100812,금융감독원 금융상품한눈에 Open API,2026-08-10T14:19:08
030300,저축은행,202607,0010359,키움예스저축은행,240039,"e-회전yes정기예금(1년단위 변동금리상품) (인터넷뱅킹, 스마트뱅킹)",12,M,복리,4.05%,3.43%,"349,062",4.05%,"인터넷,스마트폰",1,제한없음,복리,,"*회전시점의 정기예금 12개월 금리 + 우대금리 0.1% 적용, 매1년 회전주기 단위로 약정이율이 변동 *중도해지시 회전주기 충족분에는 약정이율, 잔여기간에는 중도해지이율 적용",*만기후 1개월 이내 : 약정금리(최종회전금리) 또는 만기시 동일상품 신규 약정금리 중 낮은 금리 *만기후 1개월 초과 : 만기시점 보통예금 금리,*가입기간 36개월(회전주기 매1년),,20260810,,202608100812,금융감독원 금융상품한눈에 Open API,2026-08-10T14:19:08
030300,저축은행,202607,0010359,키움예스저축은행,240041,SB톡톡 회전yes정기예금(1년단위 변동금리상품) (비대면),12,S,단리,4.05%,3.43%,"343,000",4.05%,스마트폰,1,제한없음,단리,,"*회전시점의 정기예금 12개월 금리 + 우대금리 0.1% 적용, 매1년 회전주기 단위로 약정이율이 변동 *중도해지시 회전주기 충족분에는 약정이율, 잔여기간에는 중도해지이율 적용",*만기후 1개월 이내 : 약정금리(최종회전금리) 또는 만기시 동일상품 신규 약정금리 중 낮은 금리 *만기후 1개월 초과 : 만기시점 보통예금 금리,*가입기간 36개월(회전주기 매1년),,20260810,,202608100812,금융감독원 금융상품한눈에 Open API,2026-08-10T14:19:08
030300,저축은행,202607,0010359,키움예스저축은행,240041,SB톡톡 회전yes정기예금(1년단위 변동금리상품) (비대면),12,M,복리,4.05%,3.43%,"349,062",4.05%,스마트폰,1,제한없음,복리,,"*회전시점의 정기예금 12개월 금리 + 우대금리 0.1% 적용, 매1년 회전주기 단위로 약정이율이 변동 *중도해지시 회전주기 충족분에는 약정이율, 잔여기간에는 중도해지이율 적용",*만기후 1개월 이내 : 약정금리(최종회전금리) 또는 만기시 동일상품 신규 약정금리 중 낮은 금리 *만기후 1개월 초과 : 만기시점 보통예금 금리,*가입기간 36개월(회전주기 매1년),,20260810,,202608100812,금융감독원 금융상품한눈에 Open API,2026-08-10T14:19:08
030300,저축은행,202607,0010363,더케이저축은행,240042,정기예금,1,S,단리,1.00%,0.85%,"7,000",1.00%,영업점,1,제한없음,단리,,없음,-30일 이내 : 약정금리와 현행 고시금리중 낮은 이율 -30일 이후 : 보통예금 이율,없음,,20260727,,202607270827,금융감독원 금융상품한눈에 Open API,2026-08-10T14:19:08
030300,저축은행,202607,0010363,더케이저축은행,240042,정기예금,3,S,단리,3.20%,2.71%,"68,000",3.20%,영업점,1,제한없음,단리,,없음,-30일 이내 : 약정금리와 현행 고시금리중 낮은 이율 -30일 이후 : 보통예금 이율,없음,,20260727,,202607270827,금융감독원 금융상품한눈에 Open API,2026-08-10T14:19:08
030300,저축은행,202607,0010363,더케이저축은행,240042,정기예금,6,S,단리,3.25%,2.75%,"137,000",3.25%,영업점,1,제한없음,단리,,없음,-30일 이내 : 약정금리와 현행 고시금리중 낮은 이율 -30일 이후 : 보통예금 이율,없음,,20260727,,202607270827,금융감독원 금융상품한눈에 Open API,2026-08-10T14:19:08
030300,저축은행,202607,0010363,더케이저축은행,240042,정기예금,12,S,단리,3.90%,3.30%,"330,000",3.90%,영업점,1,제한없음,단리,,없음,-30일 이내 : 약정금리와 현행 고시금리중 낮은 이율 -30일 이후 : 보통예금 이율,없음,,20260727,,202607270827,금융감독원 금융상품한눈에 Open API,2026-08-10T14:19:08
030300,저축은행,202607,0010363,더케이저축은행,240042,정기예금,24,S,단리,3.00%,2.54%,"508,000",3.00%,영업점,1,제한없음,단리,,없음,-30일 이내 : 약정금리와 현행 고시금리중 낮은 이율 -30일 이후 : 보통예금 이율,없음,,20260727,,202607270827,금융감독원 금융상품한눈에 Open API,2026-08-10T14:19:08
030300,저축은행,202607,0010363,더케이저축은행,240042,정기예금,36,S,단리,3.00%,2.54%,"761,000",3.00%,영업점,1,제한없음,단리,,없음,-30일 이내 : 약정금리와 현행 고시금리중 낮은 이율 -30일 이후 : 보통예금 이율,없음,,20260727,,202607270827,금융감독원 금융상품한눈에 Open API,2026-08-10T14:19:08
030300,저축은행,202607,0010363,더케이저축은행,240042,정기예금,1,M,복리,1.00%,0.85%,"7,050",1.00%,영업점,1,제한없음,복리,,없음,-30일 이내 : 약정금리와 현행 고시금리중 낮은 이율 -30일 이후 : 보통예금 이율,없음,,20260727,,202607270827,금융감독원 금융상품한눈에 Open API,2026-08-10T14:19:08
030300,저축은행,202607,0010363,더케이저축은행,240042,정기예금,3,M,복리,3.20%,2.71%,"67,861",3.20%,영업점,1,제한없음,복리,,없음,-30일 이내 : 약정금리와 현행 고시금리중 낮은 이율 -30일 이후 : 보통예금 이율,없음,,20260727,,202607270827,금융감독원 금융상품한눈에 Open API,2026-08-10T14:19:08
030300,저축은행,202607,0010363,더케이저축은행,240042,정기예금,6,M,복리,3.25%,2.75%,"138,409",3.25%,영업점,1,제한없음,복리,,없음,-30일 이내 : 약정금리와 현행 고시금리중 낮은 이율 -30일 이후 : 보통예금 이율,없음,,20260727,,202607270827,금융감독원 금융상품한눈에 Open API,2026-08-10T14:19:08
030300,저축은행,202607,0010363,더케이저축은행,240042,정기예금,12,M,복리,3.90%,3.30%,"335,902",3.90%,영업점,1,제한없음,복리,,없음,-30일 이내 : 약정금리와 현행 고시금리중 낮은 이율 -30일 이후 : 보통예금 이율,없음,,20260727,,202607270827,금융감독원 금융상품한눈에 Open API,2026-08-10T14:19:08
030300,저축은행,202607,0010363,더케이저축은행,240042,정기예금,24,M,복리,3.00%,2.54%,"522,465",3.00%,영업점,1,제한없음,복리,,없음,-30일 이내 : 약정금리와 현행 고시금리중 낮은 이율 -30일 이후 : 보통예금 이율,없음,,20260727,,202607270827,금융감독원 금융상품한눈에 Open API,2026-08-10T14:19:08
030300,저축은행,202607,0010363,더케이저축은행,240042,정기예금,36,M,복리,3.00%,2.54%,"795,675",3.00%,영업점,1,제한없음,복리,,없음,-30일 이내 : 약정금리와 현행 고시금리중 낮은 이율 -30일 이후 : 보통예금 이율,없음,,20260727,,202607270827,금융감독원 금융상품한눈에 Open API,2026-08-10T14:19:08
030300,저축은행,202607,0010363,더케이저축은행,240045,e-정기예금,1,S,단리,1.00%,0.85%,"7,000",1.00%,"인터넷,스마트폰",1,제한없음,단리,,없음,-30일 이내 : 약정금리와 현행 고시금리중 낮은 이율 -30일 이후 : 보통예금 이율,"-인터넷뱅킹, 스마트폰뱅킹 전용",,20260727,,202607270827,금융감독원 금융상품한눈에 Open API,2026-08-10T14:19:08
030300,저축은행,202607,0010363,더케이저축은행,240045,e-정기예금,3,S,단리,3.20%,2.71%,"68,000",3.20%,"인터넷,스마트폰",1,제한없음,단리,,없음,-30일 이내 : 약정금리와 현행 고시금리중 낮은 이율 -30일 이후 : 보통예금 이율,"-인터넷뱅킹, 스마트폰뱅킹 전용",,20260727,,202607270827,금융감독원 금융상품한눈에 Open API,2026-08-10T14:19:08
030300,저축은행,202607,0010363,더케이저축은행,240045,e-정기예금,6,S,단리,3.25%,2.75%,"137,000",3.25%,"인터넷,스마트폰",1,제한없음,단리,,없음,-30일 이내 : 약정금리와 현행 고시금리중 낮은 이율 -30일 이후 : 보통예금 이율,"-인터넷뱅킹, 스마트폰뱅킹 전용",,20260727,,202607270827,금융감독원 금융상품한눈에 Open API,2026-08-10T14:19:08
030300,저축은행,202607,0010363,더케이저축은행,240045,e-정기예금,12,S,단리,4.00%,3.38%,"338,000",4.00%,"인터넷,스마트폰",1,제한없음,단리,,없음,-30일 이내 : 약정금리와 현행 고시금리중 낮은 이율 -30일 이후 : 보통예금 이율,"-인터넷뱅킹, 스마트폰뱅킹 전용",,20260727,,202607270827,금융감독원 금융상품한눈에 Open API,2026-08-10T14:19:08
030300,저축은행,202607,0010363,더케이저축은행,240045,e-정기예금,24,S,단리,3.10%,2.62%,"525,000",3.10%,"인터넷,스마트폰",1,제한없음,단리,,없음,-30일 이내 : 약정금리와 현행 고시금리중 낮은 이율 -30일 이후 : 보통예금 이율,"-인터넷뱅킹, 스마트폰뱅킹 전용",,20260727,,202607270827,금융감독원 금융상품한눈에 Open API,2026-08-10T14:19:08
030300,저축은행,202607,0010363,더케이저축은행,240045,e-정기예금,36,S,단리,3.10%,2.62%,"787,000",3.10%,"인터넷,스마트폰",1,제한없음,단리,,없음,-30일 이내 : 약정금리와 현행 고시금리중 낮은 이율 -30일 이후 : 보통예금 이율,"-인터넷뱅킹, 스마트폰뱅킹 전용",,20260727,,202607270827,금융감독원 금융상품한눈에 Open API,2026-08-10T14:19:08
030300,저축은행,202607,0010363,더케이저축은행,240045,e-정기예금,1,M,복리,1.00%,0.85%,"7,050",1.00%,"인터넷,스마트폰",1,제한없음,복리,,없음,-30일 이내 : 약정금리와 현행 고시금리중 낮은 이율 -30일 이후 : 보통예금 이율,"-인터넷뱅킹, 스마트폰뱅킹 전용",,20260727,,202607270827,금융감독원 금융상품한눈에 Open API,2026-08-10T14:19:08
030300,저축은행,202607,0010363,더케이저축은행,240045,e-정기예금,3,M,복리,3.20%,2.71%,"67,861",3.20%,"인터넷,스마트폰",1,제한없음,복리,,없음,-30일 이내 : 약정금리와 현행 고시금리중 낮은 이율 -30일 이후 : 보통예금 이율,"-인터넷뱅킹, 스마트폰뱅킹 전용",,20260727,,202607270827,금융감독원 금융상품한눈에 Open API,2026-08-10T14:19:08
030300,저축은행,202607,0010363,더케이저축은행,240045,e-정기예금,6,M,복리,3.25%,2.75%,"138,409",3.25%,"인터넷,스마트폰",1,제한없음,복리,,없음,-30일 이내 : 약정금리와 현행 고시금리중 낮은 이율 -30일 이후 : 보통예금 이율,"-인터넷뱅킹, 스마트폰뱅킹 전용",,20260727,,202607270827,금융감독원 금융상품한눈에 Open API,2026-08-10T14:19:08
030300,저축은행,202607,0010363,더케이저축은행,240045,e-정기예금,12,M,복리,4.00%,3.38%,"344,673",4.00%,"인터넷,스마트폰",1,제한없음,복리,,없음,-30일 이내 : 약정금리와 현행 고시금리중 낮은 이율 -30일 이후 : 보통예금 이율,"-인터넷뱅킹, 스마트폰뱅킹 전용",,20260727,,202607270827,금융감독원 금융상품한눈에 Open API,2026-08-10T14:19:08
030300,저축은행,202607,0010363,더케이저축은행,240045,e-정기예금,24,M,복리,3.10%,2.62%,"540,402",3.10%,"인터넷,스마트폰",1,제한없음,복리,,없음,-30일 이내 : 약정금리와 현행 고시금리중 낮은 이율 -30일 이후 : 보통예금 이율,"-인터넷뱅킹, 스마트폰뱅킹 전용",,20260727,,202607270827,금융감독원 금융상품한눈에 Open API,2026-08-10T14:19:08
030300,저축은행,202607,0010363,더케이저축은행,240045,e-정기예금,36,M,복리,3.10%,2.62%,"823,413",3.10%,"인터넷,스마트폰",1,제한없음,복리,,없음,-30일 이내 : 약정금리와 현행 고시금리중 낮은 이율 -30일 이후 : 보통예금 이율,"-인터넷뱅킹, 스마트폰뱅킹 전용",,20260727,,202607270827,금융감독원 금융상품한눈에 Open API,2026-08-10T14:19:08
030300,저축은행,202607,0010363,더케이저축은행,240074,회전식정기예금(1년단위 변동금리상품),12,S,단리,3.90%,3.30%,"330,000",3.90%,영업점,1,제한없음,단리,,없음,-30일 이내 : 약정금리와 현행 고시금리중 낮은 이율 -30일 이후 : 보통예금 이율,변동금리,,20260727,,202607270827,금융감독원 금융상품한눈에 Open API,2026-08-10T14:19:08
030300,저축은행,202607,0010363,더케이저축은행,240074,회전식정기예금(1년단위 변동금리상품),12,M,복리,3.90%,3.30%,"335,902",3.90%,영업점,1,제한없음,복리,,없음,-30일 이내 : 약정금리와 현행 고시금리중 낮은 이율 -30일 이후 : 보통예금 이율,변동금리,,20260727,,202607270827,금융감독원 금융상품한눈에 Open API,2026-08-10T14:19:08
030300,저축은행,202607,0010363,더케이저축은행,240076,e-회전식정기예금(1년단위 변동금리상품),12,S,단리,4.00%,3.38%,"338,000",4.00%,"인터넷,스마트폰",1,제한없음,단리,,없음,-30일 이내 : 약정금리와 현행 고시금리중 낮은 이율 -30일 이후 : 보통예금 이율,변동금리,,20260727,,202607270827,금융감독원 금융상품한눈에 Open API,2026-08-10T14:19:08
030300,저축은행,202607,0010363,더케이저축은행,240076,e-회전식정기예금(1년단위 변동금리상품),12,M,복리,4.00%,3.38%,"344,673",4.00%,"인터넷,스마트폰",1,제한없음,복리,,없음,-30일 이내 : 약정금리와 현행 고시금리중 낮은 이율 -30일 이후 : 보통예금 이율,변동금리,,20260727,,202607270827,금융감독원 금융상품한눈에 Open API,2026-08-10T14:19:08
030300,저축은행,202607,0010366,조은저축은행,024240001,정기예금(서울본점),1,S,단리,1.30%,1.10%,"9,000",1.30%,영업점,1,제한없음,단리,,없음,- 1개월이내 해지: 만기시 동일상품 동일계약기간의 신규약정금리 '- 1개월초과 이후 해지: 보통예금 이율,없음,,20260731,,202607310845,금융감독원 금융상품한눈에 Open API,2026-08-10T14:19:08
030300,저축은행,202607,0010366,조은저축은행,024240001,정기예금(서울본점),3,S,단리,1.30%,1.10%,"27,000",1.30%,영업점,1,제한없음,단리,,없음,- 1개월이내 해지: 만기시 동일상품 동일계약기간의 신규약정금리 '- 1개월초과 이후 해지: 보통예금 이율,없음,,20260731,,202607310845,금융감독원 금융상품한눈에 Open API,2026-08-10T14:19:08
030300,저축은행,202607,0010366,조은저축은행,024240001,정기예금(서울본점),6,S,단리,2.90%,2.45%,"123,000",2.90%,영업점,1,제한없음,단리,,없음,- 1개월이내 해지: 만기시 동일상품 동일계약기간의 신규약정금리 '- 1개월초과 이후 해지: 보통예금 이율,없음,,20260731,,202607310845,금융감독원 금융상품한눈에 Open API,2026-08-10T14:19:08
030300,저축은행,202607,0010366,조은저축은행,024240001,정기예금(서울본점),12,S,단리,4.00%,3.38%,"338,000",4.00%,영업점,1,제한없음,단리,,없음,- 1개월이내 해지: 만기시 동일상품 동일계약기간의 신규약정금리 '- 1개월초과 이후 해지: 보통예금 이율,없음,,20260731,,202607310845,금융감독원 금융상품한눈에 Open API,2026-08-10T14:19:08
030300,저축은행,202607,0010366,조은저축은행,024240001,정기예금(서울본점),24,S,단리,2.00%,1.69%,"338,000",2.00%,영업점,1,제한없음,단리,,없음,- 1개월이내 해지: 만기시 동일상품 동일계약기간의 신규약정금리 '- 1개월초과 이후 해지: 보통예금 이율,없음,,20260731,,202607310845,금융감독원 금융상품한눈에 Open API,2026-08-10T14:19:08
030300,저축은행,202607,0010366,조은저축은행,024240001,정기예금(서울본점),36,S,단리,2.00%,1.69%,"508,000",2.00%,영업점,1,제한없음,단리,,없음,- 1개월이내 해지: 만기시 동일상품 동일계약기간의 신규약정금리 '- 1개월초과 이후 해지: 보통예금 이율,없음,,20260731,,202607310845,금융감독원 금융상품한눈에 Open API,2026-08-10T14:19:08
030300,저축은행,202607,0010366,조은저축은행,024240001,정기예금(서울본점),1,M,복리,1.30%,1.10%,"9,165",1.30%,영업점,1,제한없음,복리,,없음,- 1개월이내 해지: 만기시 동일상품 동일계약기간의 신규약정금리 '- 1개월초과 이후 해지: 보통예금 이율,없음,,20260731,,202607310845,금융감독원 금융상품한눈에 Open API,2026-08-10T14:19:08
030300,저축은행,202607,0010366,조은저축은행,024240001,정기예금(서울본점),3,M,복리,1.30%,1.10%,"27,525",1.30%,영업점,1,제한없음,복리,,없음,- 1개월이내 해지: 만기시 동일상품 동일계약기간의 신규약정금리 '- 1개월초과 이후 해지: 보통예금 이율,없음,,20260731,,202607310845,금융감독원 금융상품한눈에 Open API,2026-08-10T14:19:08
030300,저축은행,202607,0010366,조은저축은행,024240001,정기예금(서울본점),6,M,복리,2.90%,2.45%,"123,414",2.90%,영업점,1,제한없음,복리,,없음,- 1개월이내 해지: 만기시 동일상품 동일계약기간의 신규약정금리 '- 1개월초과 이후 해지: 보통예금 이율,없음,,20260731,,202607310845,금융감독원 금융상품한눈에 Open API,2026-08-10T14:19:08
030300,저축은행,202607,0010366,조은저축은행,024240001,정기예금(서울본점),12,M,복리,4.00%,3.38%,"344,673",4.00%,영업점,1,제한없음,복리,,없음,- 1개월이내 해지: 만기시 동일상품 동일계약기간의 신규약정금리 '- 1개월초과 이후 해지: 보통예금 이율,없음,,20260731,,202607310845,금융감독원 금융상품한눈에 Open API,2026-08-10T14:19:08
030300,저축은행,202607,0010366,조은저축은행,024240001,정기예금(서울본점),24,M,복리,2.00%,1.69%,"344,966",2.00%,영업점,1,제한없음,복리,,없음,- 1개월이내 해지: 만기시 동일상품 동일계약기간의 신규약정금리 '- 1개월초과 이후 해지: 보통예금 이율,없음,,20260731,,202607310845,금융감독원 금융상품한눈에 Open API,2026-08-10T14:19:08
030300,저축은행,202607,0010366,조은저축은행,024240001,정기예금(서울본점),36,M,복리,2.00%,1.69%,"522,689",2.00%,영업점,1,제한없음,복리,,없음,- 1개월이내 해지: 만기시 동일상품 동일계약기간의 신규약정금리 '- 1개월초과 이후 해지: 보통예금 이율,없음,,20260731,,202607310845,금융감독원 금융상품한눈에 Open API,2026-08-10T14:19:08
030300,저축은행,202607,0010366,조은저축은행,024241001,정기예금(여수지점),1,S,단리,1.30%,1.10%,"9,000",1.30%,영업점,1,제한없음,단리,,없음,- 1개월이내 해지: 만기시 동일상품 동일계약기간의 신규약정금리 '- 1개월초과 이후 해지: 보통예금 이율,없음,,20260731,,202607310845,금융감독원 금융상품한눈에 Open API,2026-08-10T14:19:08
030300,저축은행,202607,0010366,조은저축은행,024241001,정기예금(여수지점),3,S,단리,1.30%,1.10%,"27,000",1.30%,영업점,1,제한없음,단리,,없음,- 1개월이내 해지: 만기시 동일상품 동일계약기간의 신규약정금리 '- 1개월초과 이후 해지: 보통예금 이율,없음,,20260731,,202607310845,금융감독원 금융상품한눈에 Open API,2026-08-10T14:19:08
030300,저축은행,202607,0010366,조은저축은행,024241001,정기예금(여수지점),6,S,단리,2.50%,2.11%,"106,000",2.50%,영업점,1,제한없음,단리,,없음,- 1개월이내 해지: 만기시 동일상품 동일계약기간의 신규약정금리 '- 1개월초과 이후 해지: 보통예금 이율,없음,,20260731,,202607310845,금융감독원 금융상품한눈에 Open API,2026-08-10T14:19:08
030300,저축은행,202607,0010366,조은저축은행,024241001,정기예금(여수지점),12,S,단리,2.00%,1.69%,"169,000",2.00%,영업점,1,제한없음,단리,,없음,- 1개월이내 해지: 만기시 동일상품 동일계약기간의 신규약정금리 '- 1개월초과 이후 해지: 보통예금 이율,없음,,20260731,,202607310845,금융감독원 금융상품한눈에 Open API,2026-08-10T14:19:08
030300,저축은행,202607,0010366,조은저축은행,024241001,정기예금(여수지점),24,S,단리,2.00%,1.69%,"338,000",2.00%,영업점,1,제한없음,단리,,없음,- 1개월이내 해지: 만기시 동일상품 동일계약기간의 신규약정금리 '- 1개월초과 이후 해지: 보통예금 이율,없음,,20260731,,202607310845,금융감독원 금융상품한눈에 Open API,2026-08-10T14:19:08
030300,저축은행,202607,0010366,조은저축은행,024241001,정기예금(여수지점),36,S,단리,2.00%,1.69%,"508,000",2.00%,영업점,1,제한없음,단리,,없음,- 1개월이내 해지: 만기시 동일상품 동일계약기간의 신규약정금리 '- 1개월초과 이후 해지: 보통예금 이율,없음,,20260731,,202607310845,금융감독원 금융상품한눈에 Open API,2026-08-10T14:19:08
030300,저축은행,202607,0010366,조은저축은행,024241001,정기예금(여수지점),1,M,복리,1.30%,1.10%,"9,165",1.30%,영업점,1,제한없음,복리,,없음,- 1개월이내 해지: 만기시 동일상품 동일계약기간의 신규약정금리 '- 1개월초과 이후 해지: 보통예금 이율,없음,,20260731,,202607310845,금융감독원 금융상품한눈에 Open API,2026-08-10T14:19:08
030300,저축은행,202607,0010366,조은저축은행,024241001,정기예금(여수지점),3,M,복리,1.30%,1.10%,"27,525",1.30%,영업점,1,제한없음,복리,,없음,- 1개월이내 해지: 만기시 동일상품 동일계약기간의 신규약정금리 '- 1개월초과 이후 해지: 보통예금 이율,없음,,20260731,,202607310845,금융감독원 금융상품한눈에 Open API,2026-08-10T14:19:08
030300,저축은행,202607,0010366,조은저축은행,024241001,정기예금(여수지점),6,M,복리,2.50%,2.11%,"106,302",2.50%,영업점,1,제한없음,복리,,없음,- 1개월이내 해지: 만기시 동일상품 동일계약기간의 신규약정금리 '- 1개월초과 이후 해지: 보통예금 이율,없음,,20260731,,202607310845,금융감독원 금융상품한눈에 Open API,2026-08-10T14:19:08
030300,저축은행,202607,0010366,조은저축은행,024241001,정기예금(여수지점),12,M,복리,2.00%,1.69%,"170,760",2.00%,영업점,1,제한없음,복리,,없음,- 1개월이내 해지: 만기시 동일상품 동일계약기간의 신규약정금리 '- 1개월초과 이후 해지: 보통예금 이율,없음,,20260731,,202607310845,금융감독원 금융상품한눈에 Open API,2026-08-10T14:19:08
030300,저축은행,202607,0010366,조은저축은행,024241001,정기예금(여수지점),24,M,복리,2.00%,1.69%,"344,966",2.00%,영업점,1,제한없음,복리,,없음,- 1개월이내 해지: 만기시 동일상품 동일계약기간의 신규약정금리 '- 1개월초과 이후 해지: 보통예금 이율,없음,,20260731,,202607310845,금융감독원 금융상품한눈에 Open API,2026-08-10T14:19:08
030300,저축은행,202607,0010366,조은저축은행,024241001,정기예금(여수지점),36,M,복리,2.00%,1.69%,"522,689",2.00%,영업점,1,제한없음,복리,,없음,- 1개월이내 해지: 만기시 동일상품 동일계약기간의 신규약정금리 '- 1개월초과 이후 해지: 보통예금 이율,없음,,20260731,,202607310845,금융감독원 금융상품한눈에 Open API,2026-08-10T14:19:08
030300,저축은행,202607,0010366,조은저축은행,024242001,e-정기예금,1,S,단리,1.30%,1.10%,"9,000",1.30%,"인터넷,스마트폰",1,제한없음,단리,,없음,- 1개월이내 해지: 만기시 동일상품 동일계약기간의 신규약정금리 '- 1개월초과 이후 해지: 보통예금 이율,"인터넷, 스마트폰 전용",,20260731,,202607310845,금융감독원 금융상품한눈에 Open API,2026-08-10T14:19:08
030300,저축은행,202607,0010366,조은저축은행,024242001,e-정기예금,3,S,단리,1.30%,1.10%,"27,000",1.30%,"인터넷,스마트폰",1,제한없음,단리,,없음,- 1개월이내 해지: 만기시 동일상품 동일계약기간의 신규약정금리 '- 1개월초과 이후 해지: 보통예금 이율,"인터넷, 스마트폰 전용",,20260731,,202607310845,금융감독원 금융상품한눈에 Open API,2026-08-10T14:19:08
030300,저축은행,202607,0010366,조은저축은행,024242001,e-정기예금,6,S,단리,2.50%,2.11%,"106,000",2.50%,"인터넷,스마트폰",1,제한없음,단리,,없음,- 1개월이내 해지: 만기시 동일상품 동일계약기간의 신규약정금리 '- 1개월초과 이후 해지: 보통예금 이율,"인터넷, 스마트폰 전용",,20260731,,202607310845,금융감독원 금융상품한눈에 Open API,2026-08-10T14:19:08
030300,저축은행,202607,0010366,조은저축은행,024242001,e-정기예금,12,S,단리,2.50%,2.11%,"212,000",2.50%,"인터넷,스마트폰",1,제한없음,단리,,없음,- 1개월이내 해지: 만기시 동일상품 동일계약기간의 신규약정금리 '- 1개월초과 이후 해지: 보통예금 이율,"인터넷, 스마트폰 전용",,20260731,,202607310845,금융감독원 금융상품한눈에 Open API,2026-08-10T14:19:08
030300,저축은행,202607,0010366,조은저축은행,024242001,e-정기예금,24,S,단리,2.00%,1.69%,"338,000",2.00%,"인터넷,스마트폰",1,제한없음,단리,,없음,- 1개월이내 해지: 만기시 동일상품 동일계약기간의 신규약정금리 '- 1개월초과 이후 해지: 보통예금 이율,"인터넷, 스마트폰 전용",,20260731,,202607310845,금융감독원 금융상품한눈에 Open API,2026-08-10T14:19:08
030300,저축은행,202607,0010366,조은저축은행,024242001,e-정기예금,36,S,단리,2.00%,1.69%,"508,000",2.00%,"인터넷,스마트폰",1,제한없음,단리,,없음,- 1개월이내 해지: 만기시 동일상품 동일계약기간의 신규약정금리 '- 1개월초과 이후 해지: 보통예금 이율,"인터넷, 스마트폰 전용",,20260731,,202607310845,금융감독원 금융상품한눈에 Open API,2026-08-10T14:19:08
030300,저축은행,202607,0010366,조은저축은행,024242001,e-정기예금,1,M,복리,1.30%,1.10%,"9,165",1.30%,"인터넷,스마트폰",1,제한없음,복리,,없음,- 1개월이내 해지: 만기시 동일상품 동일계약기간의 신규약정금리 '- 1개월초과 이후 해지: 보통예금 이율,"인터넷, 스마트폰 전용",,20260731,,202607310845,금융감독원 금융상품한눈에 Open API,2026-08-10T14:19:08
030300,저축은행,202607,0010366,조은저축은행,024242001,e-정기예금,3,M,복리,1.30%,1.10%,"27,525",1.30%,"인터넷,스마트폰",1,제한없음,복리,,없음,- 1개월이내 해지: 만기시 동일상품 동일계약기간의 신규약정금리 '- 1개월초과 이후 해지: 보통예금 이율,"인터넷, 스마트폰 전용",,20260731,,202607310845,금융감독원 금융상품한눈에 Open API,2026-08-10T14:19:08
030300,저축은행,202607,0010366,조은저축은행,024242001,e-정기예금,6,M,복리,2.50%,2.11%,"106,302",2.50%,"인터넷,스마트폰",1,제한없음,복리,,없음,- 1개월이내 해지: 만기시 동일상품 동일계약기간의 신규약정금리 '- 1개월초과 이후 해지: 보통예금 이율,"인터넷, 스마트폰 전용",,20260731,,202607310845,금융감독원 금융상품한눈에 Open API,2026-08-10T14:19:08
030300,저축은행,202607,0010366,조은저축은행,024242001,e-정기예금,12,M,복리,2.50%,2.11%,"213,940",2.50%,"인터넷,스마트폰",1,제한없음,복리,,없음,- 1개월이내 해지: 만기시 동일상품 동일계약기간의 신규약정금리 '- 1개월초과 이후 해지: 보통예금 이율,"인터넷, 스마트폰 전용",,20260731,,202607310845,금융감독원 금융상품한눈에 Open API,2026-08-10T14:19:08
030300,저축은행,202607,0010366,조은저축은행,024242001,e-정기예금,24,M,복리,2.00%,1.69%,"344,966",2.00%,"인터넷,스마트폰",1,제한없음,복리,,없음,- 1개월이내 해지: 만기시 동일상품 동일계약기간의 신규약정금리 '- 1개월초과 이후 해지: 보통예금 이율,"인터넷, 스마트폰 전용",,20260731,,202607310845,금융감독원 금융상품한눈에 Open API,2026-08-10T14:19:08
030300,저축은행,202607,0010366,조은저축은행,024242001,e-정기예금,36,M,복리,2.00%,1.69%,"522,689",2.00%,"인터넷,스마트폰",1,제한없음,복리,,없음,- 1개월이내 해지: 만기시 동일상품 동일계약기간의 신규약정금리 '- 1개월초과 이후 해지: 보통예금 이율,"인터넷, 스마트폰 전용",,20260731,,202607310845,금융감독원 금융상품한눈에 Open API,2026-08-10T14:19:08
030300,저축은행,202607,0010370,SBI저축은행,250033,정기예금,1,S,단리,1.70%,1.44%,"12,000",1.80%,"영업점,인터넷,스마트폰",1,제한없음,단리,,"- 비대면(인터넷뱅킹 또는 사이다뱅크APP)우대금리 : 연0.1% - 자동연장 시 추가 우대금리 : 연0.05% - 장애인 등록고객 추가 우대금리 : 연 0.2% (1천만원 이하, 12개월 약정시)",- 만기 후 1개월 이하: 약정금리 - 만기 후 1개월 초과: 연0.2%,없음,,20260805,,202608050945,금융감독원 금융상품한눈에 Open API,2026-08-10T14:19:08
030300,저축은행,202607,0010370,SBI저축은행,250033,정기예금,3,S,단리,3.70%,3.13%,"78,000",3.80%,"영업점,인터넷,스마트폰",1,제한없음,단리,,"- 비대면(인터넷뱅킹 또는 사이다뱅크APP)우대금리 : 연0.1% - 자동연장 시 추가 우대금리 : 연0.05% - 장애인 등록고객 추가 우대금리 : 연 0.2% (1천만원 이하, 12개월 약정시)",- 만기 후 1개월 이하: 약정금리 - 만기 후 1개월 초과: 연0.2%,없음,,20260805,,202608050945,금융감독원 금융상품한눈에 Open API,2026-08-10T14:19:08
030300,저축은행,202607,0010370,SBI저축은행,250033,정기예금,6,S,단리,3.70%,3.13%,"157,000",3.80%,"영업점,인터넷,스마트폰",1,제한없음,단리,,"- 비대면(인터넷뱅킹 또는 사이다뱅크APP)우대금리 : 연0.1% - 자동연장 시 추가 우대금리 : 연0.05% - 장애인 등록고객 추가 우대금리 : 연 0.2% (1천만원 이하, 12개월 약정시)",- 만기 후 1개월 이하: 약정금리 - 만기 후 1개월 초과: 연0.2%,없음,,20260805,,202608050945,금융감독원 금융상품한눈에 Open API,2026-08-10T14:19:08
030300,저축은행,202607,0010370,SBI저축은행,250033,정기예금,12,S,단리,3.70%,3.13%,"313,000",3.80%,"영업점,인터넷,스마트폰",1,제한없음,단리,,"- 비대면(인터넷뱅킹 또는 사이다뱅크APP)우대금리 : 연0.1% - 자동연장 시 추가 우대금리 : 연0.05% - 장애인 등록고객 추가 우대금리 : 연 0.2% (1천만원 이하, 12개월 약정시)",- 만기 후 1개월 이하: 약정금리 - 만기 후 1개월 초과: 연0.2%,없음,,20260805,,202608050945,금융감독원 금융상품한눈에 Open API,2026-08-10T14:19:08
030300,저축은행,202607,0010370,SBI저축은행,250033,정기예금,24,S,단리,3.70%,3.13%,"626,000",3.80%,"영업점,인터넷,스마트폰",1,제한없음,단리,,"- 비대면(인터넷뱅킹 또는 사이다뱅크APP)우대금리 : 연0.1% - 자동연장 시 추가 우대금리 : 연0.05% - 장애인 등록고객 추가 우대금리 : 연 0.2% (1천만원 이하, 12개월 약정시)",- 만기 후 1개월 이하: 약정금리 - 만기 후 1개월 초과: 연0.2%,없음,,20260805,,202608050945,금융감독원 금융상품한눈에 Open API,2026-08-10T14:19:08
030300,저축은행,202607,0010370,SBI저축은행,250033,정기예금,36,S,단리,3.70%,3.13%,"939,000",3.80%,"영업점,인터넷,스마트폰",1,제한없음,단리,,"- 비대면(인터넷뱅킹 또는 사이다뱅크APP)우대금리 : 연0.1% - 자동연장 시 추가 우대금리 : 연0.05% - 장애인 등록고객 추가 우대금리 : 연 0.2% (1천만원 이하, 12개월 약정시)",- 만기 후 1개월 이하: 약정금리 - 만기 후 1개월 초과: 연0.2%,없음,,20260805,,202608050945,금융감독원 금융상품한눈에 Open API,2026-08-10T14:19:08
030300,저축은행,202607,0010370,SBI저축은행,250033,정기예금,1,M,복리,1.70%,1.44%,"11,985",1.80%,"영업점,인터넷,스마트폰",1,제한없음,복리,,"- 비대면(인터넷뱅킹 또는 사이다뱅크APP)우대금리 : 연0.1% - 자동연장 시 추가 우대금리 : 연0.05% - 장애인 등록고객 추가 우대금리 : 연 0.2% (1천만원 이하, 12개월 약정시)",- 만기 후 1개월 이하: 약정금리 - 만기 후 1개월 초과: 연0.2%,없음,,20260805,,202608050945,금융감독원 금융상품한눈에 Open API,2026-08-10T14:19:08
030300,저축은행,202607,0010370,SBI저축은행,250033,정기예금,3,M,복리,3.70%,3.13%,"78,497",3.80%,"영업점,인터넷,스마트폰",1,제한없음,복리,,"- 비대면(인터넷뱅킹 또는 사이다뱅크APP)우대금리 : 연0.1% - 자동연장 시 추가 우대금리 : 연0.05% - 장애인 등록고객 추가 우대금리 : 연 0.2% (1천만원 이하, 12개월 약정시)",- 만기 후 1개월 이하: 약정금리 - 만기 후 1개월 초과: 연0.2%,없음,,20260805,,202608050945,금융감독원 금융상품한눈에 Open API,2026-08-10T14:19:08
030300,저축은행,202607,0010370,SBI저축은행,250033,정기예금,6,M,복리,3.70%,3.13%,"157,721",3.80%,"영업점,인터넷,스마트폰",1,제한없음,복리,,"- 비대면(인터넷뱅킹 또는 사이다뱅크APP)우대금리 : 연0.1% - 자동연장 시 추가 우대금리 : 연0.05% - 장애인 등록고객 추가 우대금리 : 연 0.2% (1천만원 이하, 12개월 약정시)",- 만기 후 1개월 이하: 약정금리 - 만기 후 1개월 초과: 연0.2%,없음,,20260805,,202608050945,금융감독원 금융상품한눈에 Open API,2026-08-10T14:19:08
030300,저축은행,202607,0010370,SBI저축은행,250033,정기예금,12,M,복리,3.70%,3.13%,"318,383",3.80%,"영업점,인터넷,스마트폰",1,제한없음,복리,,"- 비대면(인터넷뱅킹 또는 사이다뱅크APP)우대금리 : 연0.1% - 자동연장 시 추가 우대금리 : 연0.05% - 장애인 등록고객 추가 우대금리 : 연 0.2% (1천만원 이하, 12개월 약정시)",- 만기 후 1개월 이하: 약정금리 - 만기 후 1개월 초과: 연0.2%,없음,,20260805,,202608050945,금융감독원 금융상품한눈에 Open API,2026-08-10T14:19:08
030300,저축은행,202607,0010370,SBI저축은행,250033,정기예금,24,M,복리,3.70%,3.13%,"648,748",3.80%,"영업점,인터넷,스마트폰",1,제한없음,복리,,"- 비대면(인터넷뱅킹 또는 사이다뱅크APP)우대금리 : 연0.1% - 자동연장 시 추가 우대금리 : 연0.05% - 장애인 등록고객 추가 우대금리 : 연 0.2% (1천만원 이하, 12개월 약정시)",- 만기 후 1개월 이하: 약정금리 - 만기 후 1개월 초과: 연0.2%,없음,,20260805,,202608050945,금융감독원 금융상품한눈에 Open API,2026-08-10T14:19:08
030300,저축은행,202607,0010370,SBI저축은행,250033,정기예금,36,M,복리,3.70%,3.13%,"991,547",3.80%,"영업점,인터넷,스마트폰",1,제한없음,복리,,"- 비대면(인터넷뱅킹 또는 사이다뱅크APP)우대금리 : 연0.1% - 자동연장 시 추가 우대금리 : 연0.05% - 장애인 등록고객 추가 우대금리 : 연 0.2% (1천만원 이하, 12개월 약정시)",- 만기 후 1개월 이하: 약정금리 - 만기 후 1개월 초과: 연0.2%,없음,,20260805,,202608050945,금융감독원 금융상품한눈에 Open API,2026-08-10T14:19:08
030300,저축은행,202607,0010370,SBI저축은행,250039,정기예금(1년변동금리),12,S,단리,3.70%,3.13%,"313,000",3.90%,"영업점,인터넷,스마트폰",1,제한없음,단리,,- 비대면(인터넷뱅킹 또는 사이다뱅크APP)우대금리 : 연0.1% - 금리변동주기우대금리 : 연0.1%,- 만기 후 1개월 이하: 마지막 금리변동주기 약정금리 - 만기 후 1개월 초과: 연0.2%,-1년 마다 고시이율이 적용되는 변동금리 상품,,20260805,,202608050945,금융감독원 금융상품한눈에 Open API,2026-08-10T14:19:08
030300,저축은행,202607,0010370,SBI저축은행,250039,정기예금(1년변동금리),12,M,복리,3.70%,3.13%,"318,383",3.90%,"영업점,인터넷,스마트폰",1,제한없음,복리,,- 비대면(인터넷뱅킹 또는 사이다뱅크APP)우대금리 : 연0.1% - 금리변동주기우대금리 : 연0.1%,- 만기 후 1개월 이하: 마지막 금리변동주기 약정금리 - 만기 후 1개월 초과: 연0.2%,-1년 마다 고시이율이 적용되는 변동금리 상품,,20260805,,202608050945,금융감독원 금융상품한눈에 Open API,2026-08-10T14:19:08
030300,저축은행,202607,0010378,바로저축은행,240001,정기예금,1,S,단리,1.00%,0.85%,"7,000",1.00%,영업점,1,제한없음,단리,,없음,* 만기후 1개월 이내 : 약정금리와 현행금리 중 낮은 금리 * 만기후 1개월 초과 : 보통예금 금리,"1. 최소가입금액: 10만원이상 2. 정기예금 12개월 초과 시 : 2.70%, 24개월 초과 시 : 2.60% (정기예금 12개월만 3.90% 적용)",,20260810,,202608100713,금융감독원 금융상품한눈에 Open API,2026-08-10T14:19:08
030300,저축은행,202607,0010378,바로저축은행,240001,정기예금,3,S,단리,2.30%,1.95%,"49,000",2.30%,영업점,1,제한없음,단리,,없음,* 만기후 1개월 이내 : 약정금리와 현행금리 중 낮은 금리 * 만기후 1개월 초과 : 보통예금 금리,"1. 최소가입금액: 10만원이상 2. 정기예금 12개월 초과 시 : 2.70%, 24개월 초과 시 : 2.60% (정기예금 12개월만 3.90% 적용)",,20260810,,202608100713,금융감독원 금융상품한눈에 Open API,2026-08-10T14:19:08
030300,저축은행,202607,0010378,바로저축은행,240001,정기예금,6,S,단리,2.80%,2.37%,"118,000",2.80%,영업점,1,제한없음,단리,,없음,* 만기후 1개월 이내 : 약정금리와 현행금리 중 낮은 금리 * 만기후 1개월 초과 : 보통예금 금리,"1. 최소가입금액: 10만원이상 2. 정기예금 12개월 초과 시 : 2.70%, 24개월 초과 시 : 2.60% (정기예금 12개월만 3.90% 적용)",,20260810,,202608100713,금융감독원 금융상품한눈에 Open API,2026-08-10T14:19:08
030300,저축은행,202607,0010378,바로저축은행,240001,정기예금,12,S,단리,3.90%,3.30%,"330,000",3.90%,영업점,1,제한없음,단리,,없음,* 만기후 1개월 이내 : 약정금리와 현행금리 중 낮은 금리 * 만기후 1개월 초과 : 보통예금 금리,"1. 최소가입금액: 10만원이상 2. 정기예금 12개월 초과 시 : 2.70%, 24개월 초과 시 : 2.60% (정기예금 12개월만 3.90% 적용)",,20260810,,202608100713,금융감독원 금융상품한눈에 Open API,2026-08-10T14:19:08
030300,저축은행,202607,0010378,바로저축은행,240001,정기예금,24,S,단리,3.20%,2.71%,"541,000",3.20%,영업점,1,제한없음,단리,,없음,* 만기후 1개월 이내 : 약정금리와 현행금리 중 낮은 금리 * 만기후 1개월 초과 : 보통예금 금리,"1. 최소가입금액: 10만원이상 2. 정기예금 12개월 초과 시 : 2.70%, 24개월 초과 시 : 2.60% (정기예금 12개월만 3.90% 적용)",,20260810,,202608100713,금융감독원 금융상품한눈에 Open API,2026-08-10T14:19:08
030300,저축은행,202607,0010378,바로저축은행,240001,정기예금,36,S,단리,3.00%,2.54%,"761,000",3.00%,영업점,1,제한없음,단리,,없음,* 만기후 1개월 이내 : 약정금리와 현행금리 중 낮은 금리 * 만기후 1개월 초과 : 보통예금 금리,"1. 최소가입금액: 10만원이상 2. 정기예금 12개월 초과 시 : 2.70%, 24개월 초과 시 : 2.60% (정기예금 12개월만 3.90% 적용)",,20260810,,202608100713,금융감독원 금융상품한눈에 Open API,2026-08-10T14:19:08
030300,저축은행,202607,0010378,바로저축은행,240001,정기예금,1,M,복리,1.00%,0.85%,"7,050",1.00%,영업점,1,제한없음,복리,,없음,* 만기후 1개월 이내 : 약정금리와 현행금리 중 낮은 금리 * 만기후 1개월 초과 : 보통예금 금리,"1. 최소가입금액: 10만원이상 2. 정기예금 12개월 초과 시 : 2.70%, 24개월 초과 시 : 2.60% (정기예금 12개월만 3.90% 적용)",,20260810,,202608100713,금융감독원 금융상품한눈에 Open API,2026-08-10T14:19:08
030300,저축은행,202607,0010378,바로저축은행,240001,정기예금,3,M,복리,2.30%,1.95%,"48,738",2.30%,영업점,1,제한없음,복리,,없음,* 만기후 1개월 이내 : 약정금리와 현행금리 중 낮은 금리 * 만기후 1개월 초과 : 보통예금 금리,"1. 최소가입금액: 10만원이상 2. 정기예금 12개월 초과 시 : 2.70%, 24개월 초과 시 : 2.60% (정기예금 12개월만 3.90% 적용)",,20260810,,202608100713,금융감독원 금융상품한눈에 Open API,2026-08-10T14:19:08
030300,저축은행,202607,0010378,바로저축은행,240001,정기예금,6,M,복리,2.80%,2.37%,"119,133",2.80%,영업점,1,제한없음,복리,,없음,* 만기후 1개월 이내 : 약정금리와 현행금리 중 낮은 금리 * 만기후 1개월 초과 : 보통예금 금리,"1. 최소가입금액: 10만원이상 2. 정기예금 12개월 초과 시 : 2.70%, 24개월 초과 시 : 2.60% (정기예금 12개월만 3.90% 적용)",,20260810,,202608100713,금융감독원 금융상품한눈에 Open API,2026-08-10T14:19:08
030300,저축은행,202607,0010378,바로저축은행,240001,정기예금,12,M,복리,3.90%,3.30%,"335,902",3.90%,영업점,1,제한없음,복리,,없음,* 만기후 1개월 이내 : 약정금리와 현행금리 중 낮은 금리 * 만기후 1개월 초과 : 보통예금 금리,"1. 최소가입금액: 10만원이상 2. 정기예금 12개월 초과 시 : 2.70%, 24개월 초과 시 : 2.60% (정기예금 12개월만 3.90% 적용)",,20260810,,202608100713,금융감독원 금융상품한눈에 Open API,2026-08-10T14:19:08
030300,저축은행,202607,0010378,바로저축은행,240001,정기예금,24,M,복리,3.20%,2.71%,"558,373",3.20%,영업점,1,제한없음,복리,,없음,* 만기후 1개월 이내 : 약정금리와 현행금리 중 낮은 금리 * 만기후 1개월 초과 : 보통예금 금리,"1. 최소가입금액: 10만원이상 2. 정기예금 12개월 초과 시 : 2.70%, 24개월 초과 시 : 2.60% (정기예금 12개월만 3.90% 적용)",,20260810,,202608100713,금융감독원 금융상품한눈에 Open API,2026-08-10T14:19:08
030300,저축은행,202607,0010378,바로저축은행,240001,정기예금,36,M,복리,3.00%,2.54%,"795,675",3.00%,영업점,1,제한없음,복리,,없음,* 만기후 1개월 이내 : 약정금리와 현행금리 중 낮은 금리 * 만기후 1개월 초과 : 보통예금 금리,"1. 최소가입금액: 10만원이상 2. 정기예금 12개월 초과 시 : 2.70%, 24개월 초과 시 : 2.60% (정기예금 12개월만 3.90% 적용)",,20260810,,202608100713,금융감독원 금융상품한눈에 Open API,2026-08-10T14:19:08
030300,저축은행,202607,0010378,바로저축은행,240002,스마트정기예금(인터넷),1,S,단리,1.00%,0.85%,"7,000",1.00%,인터넷,1,제한없음,단리,,없음,* 만기후 1개월 이내 : 약정금리와 현행금리 중 낮은 금리 * 만기후 1개월 초과 : 보통예금 금리,"1. 최소가입금액: 10만원이상 2. 정기예금 12개월 초과 시 : 2.70%, 24개월 초과 시 : 2.60% (정기예금 12개월만 3.95% 적용)",,20260810,,202608100713,금융감독원 금융상품한눈에 Open API,2026-08-10T14:19:08
030300,저축은행,202607,0010378,바로저축은행,240002,스마트정기예금(인터넷),3,S,단리,2.30%,1.95%,"49,000",2.30%,인터넷,1,제한없음,단리,,없음,* 만기후 1개월 이내 : 약정금리와 현행금리 중 낮은 금리 * 만기후 1개월 초과 : 보통예금 금리,"1. 최소가입금액: 10만원이상 2. 정기예금 12개월 초과 시 : 2.70%, 24개월 초과 시 : 2.60% (정기예금 12개월만 3.95% 적용)",,20260810,,202608100713,금융감독원 금융상품한눈에 Open API,2026-08-10T14:19:08
030300,저축은행,202607,0010378,바로저축은행,240002,스마트정기예금(인터넷),6,S,단리,2.80%,2.37%,"118,000",2.80%,인터넷,1,제한없음,단리,,없음,* 만기후 1개월 이내 : 약정금리와 현행금리 중 낮은 금리 * 만기후 1개월 초과 : 보통예금 금리,"1. 최소가입금액: 10만원이상 2. 정기예금 12개월 초과 시 : 2.70%, 24개월 초과 시 : 2.60% (정기예금 12개월만 3.95% 적용)",,20260810,,202608100713,금융감독원 금융상품한눈에 Open API,2026-08-10T14:19:08
030300,저축은행,202607,0010378,바로저축은행,240002,스마트정기예금(인터넷),12,S,단리,3.95%,3.34%,"334,000",3.95%,인터넷,1,제한없음,단리,,없음,* 만기후 1개월 이내 : 약정금리와 현행금리 중 낮은 금리 * 만기후 1개월 초과 : 보통예금 금리,"1. 최소가입금액: 10만원이상 2. 정기예금 12개월 초과 시 : 2.70%, 24개월 초과 시 : 2.60% (정기예금 12개월만 3.95% 적용)",,20260810,,202608100713,금융감독원 금융상품한눈에 Open API,2026-08-10T14:19:08
030300,저축은행,202607,0010378,바로저축은행,240002,스마트정기예금(인터넷),24,S,단리,3.20%,2.71%,"541,000",3.20%,인터넷,1,제한없음,단리,,없음,* 만기후 1개월 이내 : 약정금리와 현행금리 중 낮은 금리 * 만기후 1개월 초과 : 보통예금 금리,"1. 최소가입금액: 10만원이상 2. 정기예금 12개월 초과 시 : 2.70%, 24개월 초과 시 : 2.60% (정기예금 12개월만 3.95% 적용)",,20260810,,202608100713,금융감독원 금융상품한눈에 Open API,2026-08-10T14:19:08
030300,저축은행,202607,0010378,바로저축은행,240002,스마트정기예금(인터넷),36,S,단리,3.00%,2.54%,"761,000",3.00%,인터넷,1,제한없음,단리,,없음,* 만기후 1개월 이내 : 약정금리와 현행금리 중 낮은 금리 * 만기후 1개월 초과 : 보통예금 금리,"1. 최소가입금액: 10만원이상 2. 정기예금 12개월 초과 시 : 2.70%, 24개월 초과 시 : 2.60% (정기예금 12개월만 3.95% 적용)",,20260810,,202608100713,금융감독원 금융상품한눈에 Open API,2026-08-10T14:19:08
030300,저축은행,202607,0010378,바로저축은행,240002,스마트정기예금(인터넷),1,M,복리,1.00%,0.85%,"7,050",1.00%,인터넷,1,제한없음,복리,,없음,* 만기후 1개월 이내 : 약정금리와 현행금리 중 낮은 금리 * 만기후 1개월 초과 : 보통예금 금리,"1. 최소가입금액: 10만원이상 2. 정기예금 12개월 초과 시 : 2.70%, 24개월 초과 시 : 2.60% (정기예금 12개월만 3.95% 적용)",,20260810,,202608100713,금융감독원 금융상품한눈에 Open API,2026-08-10T14:19:08
030300,저축은행,202607,0010378,바로저축은행,240002,스마트정기예금(인터넷),3,M,복리,2.30%,1.95%,"48,738",2.30%,인터넷,1,제한없음,복리,,없음,* 만기후 1개월 이내 : 약정금리와 현행금리 중 낮은 금리 * 만기후 1개월 초과 : 보통예금 금리,"1. 최소가입금액: 10만원이상 2. 정기예금 12개월 초과 시 : 2.70%, 24개월 초과 시 : 2.60% (정기예금 12개월만 3.95% 적용)",,20260810,,202608100713,금융감독원 금융상품한눈에 Open API,2026-08-10T14:19:08
030300,저축은행,202607,0010378,바로저축은행,240002,스마트정기예금(인터넷),6,M,복리,2.80%,2.37%,"119,133",2.80%,인터넷,1,제한없음,복리,,없음,* 만기후 1개월 이내 : 약정금리와 현행금리 중 낮은 금리 * 만기후 1개월 초과 : 보통예금 금리,"1. 최소가입금액: 10만원이상 2. 정기예금 12개월 초과 시 : 2.70%, 24개월 초과 시 : 2.60% (정기예금 12개월만 3.95% 적용)",,20260810,,202608100713,금융감독원 금융상품한눈에 Open API,2026-08-10T14:19:08
030300,저축은행,202607,0010378,바로저축은행,240002,스마트정기예금(인터넷),12,M,복리,3.95%,3.34%,"340,287",3.95%,인터넷,1,제한없음,복리,,없음,* 만기후 1개월 이내 : 약정금리와 현행금리 중 낮은 금리 * 만기후 1개월 초과 : 보통예금 금리,"1. 최소가입금액: 10만원이상 2. 정기예금 12개월 초과 시 : 2.70%, 24개월 초과 시 : 2.60% (정기예금 12개월만 3.95% 적용)",,20260810,,202608100713,금융감독원 금융상품한눈에 Open API,2026-08-10T14:19:08
030300,저축은행,202607,0010378,바로저축은행,240002,스마트정기예금(인터넷),24,M,복리,3.20%,2.71%,"558,373",3.20%,인터넷,1,제한없음,복리,,없음,* 만기후 1개월 이내 : 약정금리와 현행금리 중 낮은 금리 * 만기후 1개월 초과 : 보통예금 금리,"1. 최소가입금액: 10만원이상 2. 정기예금 12개월 초과 시 : 2.70%, 24개월 초과 시 : 2.60% (정기예금 12개월만 3.95% 적용)",,20260810,,202608100713,금융감독원 금융상품한눈에 Open API,2026-08-10T14:19:08
030300,저축은행,202607,0010378,바로저축은행,240002,스마트정기예금(인터넷),36,M,복리,3.00%,2.54%,"795,675",3.00%,인터넷,1,제한없음,복리,,없음,* 만기후 1개월 이내 : 약정금리와 현행금리 중 낮은 금리 * 만기후 1개월 초과 : 보통예금 금리,"1. 최소가입금액: 10만원이상 2. 정기예금 12개월 초과 시 : 2.70%, 24개월 초과 시 : 2.60% (정기예금 12개월만 3.95% 적용)",,20260810,,202608100713,금융감독원 금융상품한눈에 Open API,2026-08-10T14:19:08
030300,저축은행,202607,0010378,바로저축은행,240010,SB톡톡 정기예금(비대면),1,S,단리,1.00%,0.85%,"7,000",1.00%,스마트폰,1,제한없음,단리,,없음,* 만기후 1개월 이내 : 약정금리와 현행금리 중 낮은 금리 * 만기후 1개월 초과 : 보통예금 금리,"1. 최소가입금액: 10만원이상 2. 정기예금 12개월 초과 시 : 2.70%, 24개월 초과 시 : 2.60% (정기예금 12개월만 3.95% 적용)",,20260810,,202608100713,금융감독원 금융상품한눈에 Open API,2026-08-10T14:19:08
030300,저축은행,202607,0010378,바로저축은행,240010,SB톡톡 정기예금(비대면),3,S,단리,2.30%,1.95%,"49,000",2.30%,스마트폰,1,제한없음,단리,,없음,* 만기후 1개월 이내 : 약정금리와 현행금리 중 낮은 금리 * 만기후 1개월 초과 : 보통예금 금리,"1. 최소가입금액: 10만원이상 2. 정기예금 12개월 초과 시 : 2.70%, 24개월 초과 시 : 2.60% (정기예금 12개월만 3.95% 적용)",,20260810,,202608100713,금융감독원 금융상품한눈에 Open API,2026-08-10T14:19:08
030300,저축은행,202607,0010378,바로저축은행,240010,SB톡톡 정기예금(비대면),6,S,단리,2.80%,2.37%,"118,000",2.80%,스마트폰,1,제한없음,단리,,없음,* 만기후 1개월 이내 : 약정금리와 현행금리 중 낮은 금리 * 만기후 1개월 초과 : 보통예금 금리,"1. 최소가입금액: 10만원이상 2. 정기예금 12개월 초과 시 : 2.70%, 24개월 초과 시 : 2.60% (정기예금 12개월만 3.95% 적용)",,20260810,,202608100713,금융감독원 금융상품한눈에 Open API,2026-08-10T14:19:08
030300,저축은행,202607,0010378,바로저축은행,240010,SB톡톡 정기예금(비대면),12,S,단리,3.95%,3.34%,"334,000",3.95%,스마트폰,1,제한없음,단리,,없음,* 만기후 1개월 이내 : 약정금리와 현행금리 중 낮은 금리 * 만기후 1개월 초과 : 보통예금 금리,"1. 최소가입금액: 10만원이상 2. 정기예금 12개월 초과 시 : 2.70%, 24개월 초과 시 : 2.60% (정기예금 12개월만 3.95% 적용)",,20260810,,202608100713,금융감독원 금융상품한눈에 Open API,2026-08-10T14:19:08
030300,저축은행,202607,0010378,바로저축은행,240010,SB톡톡 정기예금(비대면),24,S,단리,3.20%,2.71%,"541,000",3.20%,스마트폰,1,제한없음,단리,,없음,* 만기후 1개월 이내 : 약정금리와 현행금리 중 낮은 금리 * 만기후 1개월 초과 : 보통예금 금리,"1. 최소가입금액: 10만원이상 2. 정기예금 12개월 초과 시 : 2.70%, 24개월 초과 시 : 2.60% (정기예금 12개월만 3.95% 적용)",,20260810,,202608100713,금융감독원 금융상품한눈에 Open API,2026-08-10T14:19:08
030300,저축은행,202607,0010378,바로저축은행,240010,SB톡톡 정기예금(비대면),36,S,단리,3.00%,2.54%,"761,000",3.00%,스마트폰,1,제한없음,단리,,없음,* 만기후 1개월 이내 : 약정금리와 현행금리 중 낮은 금리 * 만기후 1개월 초과 : 보통예금 금리,"1. 최소가입금액: 10만원이상 2. 정기예금 12개월 초과 시 : 2.70%, 24개월 초과 시 : 2.60% (정기예금 12개월만 3.95% 적용)",,20260810,,202608100713,금융감독원 금융상품한눈에 Open API,2026-08-10T14:19:08
030300,저축은행,202607,0010378,바로저축은행,240010,SB톡톡 정기예금(비대면),1,M,복리,1.00%,0.85%,"7,050",1.00%,스마트폰,1,제한없음,복리,,없음,* 만기후 1개월 이내 : 약정금리와 현행금리 중 낮은 금리 * 만기후 1개월 초과 : 보통예금 금리,"1. 최소가입금액: 10만원이상 2. 정기예금 12개월 초과 시 : 2.70%, 24개월 초과 시 : 2.60% (정기예금 12개월만 3.95% 적용)",,20260810,,202608100713,금융감독원 금융상품한눈에 Open API,2026-08-10T14:19:08
030300,저축은행,202607,0010378,바로저축은행,240010,SB톡톡 정기예금(비대면),3,M,복리,2.30%,1.95%,"48,738",2.30%,스마트폰,1,제한없음,복리,,없음,* 만기후 1개월 이내 : 약정금리와 현행금리 중 낮은 금리 * 만기후 1개월 초과 : 보통예금 금리,"1. 최소가입금액: 10만원이상 2. 정기예금 12개월 초과 시 : 2.70%, 24개월 초과 시 : 2.60% (정기예금 12개월만 3.95% 적용)",,20260810,,202608100713,금융감독원 금융상품한눈에 Open API,2026-08-10T14:19:08
030300,저축은행,202607,0010378,바로저축은행,240010,SB톡톡 정기예금(비대면),6,M,복리,2.80%,2.37%,"119,133",2.80%,스마트폰,1,제한없음,복리,,없음,* 만기후 1개월 이내 : 약정금리와 현행금리 중 낮은 금리 * 만기후 1개월 초과 : 보통예금 금리,"1. 최소가입금액: 10만원이상 2. 정기예금 12개월 초과 시 : 2.70%, 24개월 초과 시 : 2.60% (정기예금 12개월만 3.95% 적용)",,20260810,,202608100713,금융감독원 금융상품한눈에 Open API,2026-08-10T14:19:08
030300,저축은행,202607,0010378,바로저축은행,240010,SB톡톡 정기예금(비대면),12,M,복리,3.95%,3.34%,"340,287",3.95%,스마트폰,1,제한없음,복리,,없음,* 만기후 1개월 이내 : 약정금리와 현행금리 중 낮은 금리 * 만기후 1개월 초과 : 보통예금 금리,"1. 최소가입금액: 10만원이상 2. 정기예금 12개월 초과 시 : 2.70%, 24개월 초과 시 : 2.60% (정기예금 12개월만 3.95% 적용)",,20260810,,202608100713,금융감독원 금융상품한눈에 Open API,2026-08-10T14:19:08
030300,저축은행,202607,0010378,바로저축은행,240010,SB톡톡 정기예금(비대면),24,M,복리,3.20%,2.71%,"558,373",3.20%,스마트폰,1,제한없음,복리,,없음,* 만기후 1개월 이내 : 약정금리와 현행금리 중 낮은 금리 * 만기후 1개월 초과 : 보통예금 금리,"1. 최소가입금액: 10만원이상 2. 정기예금 12개월 초과 시 : 2.70%, 24개월 초과 시 : 2.60% (정기예금 12개월만 3.95% 적용)",,20260810,,202608100713,금융감독원 금융상품한눈에 Open API,2026-08-10T14:19:08
030300,저축은행,202607,0010378,바로저축은행,240010,SB톡톡 정기예금(비대면),36,M,복리,3.00%,2.54%,"795,675",3.00%,스마트폰,1,제한없음,복리,,없음,* 만기후 1개월 이내 : 약정금리와 현행금리 중 낮은 금리 * 만기후 1개월 초과 : 보통예금 금리,"1. 최소가입금액: 10만원이상 2. 정기예금 12개월 초과 시 : 2.70%, 24개월 초과 시 : 2.60% (정기예금 12개월만 3.95% 적용)",,20260810,,202608100713,금융감독원 금융상품한눈에 Open API,2026-08-10T14:19:08
030300,저축은행,202607,0010378,바로저축은행,240033,바로6개월 정기예금,6,S,단리,3.50%,2.96%,"148,000",3.50%,영업점,1,제한없음,단리,,없음,* 만기후 1개월 이내 : 약정금리와 현행금리 중 낮은 금리 * 만기후 1개월 초과 : 보통예금 금리,1. 최소가입금액: 10만원이상,,20260810,,202608100713,금융감독원 금융상품한눈에 Open API,2026-08-10T14:19:08
030300,저축은행,202607,0010378,바로저축은행,240033,바로6개월 정기예금,6,M,복리,3.50%,2.96%,"149,134",3.50%,영업점,1,제한없음,복리,,없음,* 만기후 1개월 이내 : 약정금리와 현행금리 중 낮은 금리 * 만기후 1개월 초과 : 보통예금 금리,1. 최소가입금액: 10만원이상,,20260810,,202608100713,금융감독원 금융상품한눈에 Open API,2026-08-10T14:19:08
030300,저축은행,202607,0010378,바로저축은행,240035,바로6개월 정기예금(비대면),6,S,단리,3.50%,2.96%,"148,000",3.50%,"인터넷,스마트폰",1,제한없음,단리,,없음,* 만기후 1개월 이내 : 약정금리와 현행금리 중 낮은 금리 * 만기후 1개월 초과 : 보통예금 금리,1. 최소가입금액: 10만원이상,,20260810,,202608100713,금융감독원 금융상품한눈에 Open API,2026-08-10T14:19:08
030300,저축은행,202607,0010378,바로저축은행,240035,바로6개월 정기예금(비대면),6,M,복리,3.50%,2.96%,"149,134",3.50%,"인터넷,스마트폰",1,제한없음,복리,,없음,* 만기후 1개월 이내 : 약정금리와 현행금리 중 낮은 금리 * 만기후 1개월 초과 : 보통예금 금리,1. 최소가입금액: 10만원이상,,20260810,,202608100713,금융감독원 금융상품한눈에 Open API,2026-08-10T14:19:08
030300,저축은행,202607,0010388,다올저축은행,240044,Fi 정기예금 (대면),1,S,단리,2.20%,1.86%,"16,000",2.20%,"인터넷,스마트폰",1,제한없음,단리,,없음,- 1개월 까지 : 당초 약정이율과 만기시점 고시이율을 비교하여 낮은 금리 적용 - 1개월 초과 : 연0.1%,"* 중도해지이율 (경과기간별 차등 적용) - 1개월미만 : 가입일의 보통예금 금리, 6개월미만 : 약정이율X50%, 9개월미만 : 약정이율X55%, 12개월미만 : 약정이율X60%, 12개월이상 : 약정이율X70%",,20260720,,202607201300,금융감독원 금융상품한눈에 Open API,2026-08-10T14:19:08
030300,저축은행,202607,0010388,다올저축은행,240044,Fi 정기예금 (대면),3,S,단리,2.30%,1.95%,"49,000",2.30%,"인터넷,스마트폰",1,제한없음,단리,,없음,- 1개월 까지 : 당초 약정이율과 만기시점 고시이율을 비교하여 낮은 금리 적용 - 1개월 초과 : 연0.1%,"* 중도해지이율 (경과기간별 차등 적용) - 1개월미만 : 가입일의 보통예금 금리, 6개월미만 : 약정이율X50%, 9개월미만 : 약정이율X55%, 12개월미만 : 약정이율X60%, 12개월이상 : 약정이율X70%",,20260720,,202607201300,금융감독원 금융상품한눈에 Open API,2026-08-10T14:19:08
030300,저축은행,202607,0010388,다올저축은행,240044,Fi 정기예금 (대면),6,S,단리,2.50%,2.11%,"106,000",2.50%,"인터넷,스마트폰",1,제한없음,단리,,없음,- 1개월 까지 : 당초 약정이율과 만기시점 고시이율을 비교하여 낮은 금리 적용 - 1개월 초과 : 연0.1%,"* 중도해지이율 (경과기간별 차등 적용) - 1개월미만 : 가입일의 보통예금 금리, 6개월미만 : 약정이율X50%, 9개월미만 : 약정이율X55%, 12개월미만 : 약정이율X60%, 12개월이상 : 약정이율X70%",,20260720,,202607201300,금융감독원 금융상품한눈에 Open API,2026-08-10T14:19:08
030300,저축은행,202607,0010388,다올저축은행,240044,Fi 정기예금 (대면),12,S,단리,3.65%,3.09%,"309,000",3.65%,"인터넷,스마트폰",1,제한없음,단리,,없음,- 1개월 까지 : 당초 약정이율과 만기시점 고시이율을 비교하여 낮은 금리 적용 - 1개월 초과 : 연0.1%,"* 중도해지이율 (경과기간별 차등 적용) - 1개월미만 : 가입일의 보통예금 금리, 6개월미만 : 약정이율X50%, 9개월미만 : 약정이율X55%, 12개월미만 : 약정이율X60%, 12개월이상 : 약정이율X70%",,20260720,,202607201300,금융감독원 금융상품한눈에 Open API,2026-08-10T14:19:08
030300,저축은행,202607,0010388,다올저축은행,240044,Fi 정기예금 (대면),24,S,단리,2.50%,2.11%,"423,000",2.50%,"인터넷,스마트폰",1,제한없음,단리,,없음,- 1개월 까지 : 당초 약정이율과 만기시점 고시이율을 비교하여 낮은 금리 적용 - 1개월 초과 : 연0.1%,"* 중도해지이율 (경과기간별 차등 적용) - 1개월미만 : 가입일의 보통예금 금리, 6개월미만 : 약정이율X50%, 9개월미만 : 약정이율X55%, 12개월미만 : 약정이율X60%, 12개월이상 : 약정이율X70%",,20260720,,202607201300,금융감독원 금융상품한눈에 Open API,2026-08-10T14:19:08
030300,저축은행,202607,0010388,다올저축은행,240044,Fi 정기예금 (대면),1,M,복리,2.20%,1.86%,"15,510",2.20%,"인터넷,스마트폰",1,제한없음,복리,,없음,- 1개월 까지 : 당초 약정이율과 만기시점 고시이율을 비교하여 낮은 금리 적용 - 1개월 초과 : 연0.1%,"* 중도해지이율 (경과기간별 차등 적용) - 1개월미만 : 가입일의 보통예금 금리, 6개월미만 : 약정이율X50%, 9개월미만 : 약정이율X55%, 12개월미만 : 약정이율X60%, 12개월이상 : 약정이율X70%",,20260720,,202607201300,금융감독원 금융상품한눈에 Open API,2026-08-10T14:19:08
030300,저축은행,202607,0010388,다올저축은행,240044,Fi 정기예금 (대면),3,M,복리,2.30%,1.95%,"48,738",2.30%,"인터넷,스마트폰",1,제한없음,복리,,없음,- 1개월 까지 : 당초 약정이율과 만기시점 고시이율을 비교하여 낮은 금리 적용 - 1개월 초과 : 연0.1%,"* 중도해지이율 (경과기간별 차등 적용) - 1개월미만 : 가입일의 보통예금 금리, 6개월미만 : 약정이율X50%, 9개월미만 : 약정이율X55%, 12개월미만 : 약정이율X60%, 12개월이상 : 약정이율X70%",,20260720,,202607201300,금융감독원 금융상품한눈에 Open API,2026-08-10T14:19:08
030300,저축은행,202607,0010388,다올저축은행,240044,Fi 정기예금 (대면),6,M,복리,2.50%,2.11%,"106,302",2.50%,"인터넷,스마트폰",1,제한없음,복리,,없음,- 1개월 까지 : 당초 약정이율과 만기시점 고시이율을 비교하여 낮은 금리 적용 - 1개월 초과 : 연0.1%,"* 중도해지이율 (경과기간별 차등 적용) - 1개월미만 : 가입일의 보통예금 금리, 6개월미만 : 약정이율X50%, 9개월미만 : 약정이율X55%, 12개월미만 : 약정이율X60%, 12개월이상 : 약정이율X70%",,20260720,,202607201300,금융감독원 금융상품한눈에 Open API,2026-08-10T14:19:08
030300,저축은행,202607,0010388,다올저축은행,240044,Fi 정기예금 (대면),12,M,복리,3.65%,3.09%,"314,009",3.65%,"인터넷,스마트폰",1,제한없음,복리,,없음,- 1개월 까지 : 당초 약정이율과 만기시점 고시이율을 비교하여 낮은 금리 적용 - 1개월 초과 : 연0.1%,"* 중도해지이율 (경과기간별 차등 적용) - 1개월미만 : 가입일의 보통예금 금리, 6개월미만 : 약정이율X50%, 9개월미만 : 약정이율X55%, 12개월미만 : 약정이율X60%, 12개월이상 : 약정이율X70%",,20260720,,202607201300,금융감독원 금융상품한눈에 Open API,2026-08-10T14:19:08
030300,저축은행,202607,0010388,다올저축은행,240044,Fi 정기예금 (대면),24,M,복리,2.50%,2.11%,"433,291",2.50%,"인터넷,스마트폰",1,제한없음,복리,,없음,- 1개월 까지 : 당초 약정이율과 만기시점 고시이율을 비교하여 낮은 금리 적용 - 1개월 초과 : 연0.1%,"* 중도해지이율 (경과기간별 차등 적용) - 1개월미만 : 가입일의 보통예금 금리, 6개월미만 : 약정이율X50%, 9개월미만 : 약정이율X55%, 12개월미만 : 약정이율X60%, 12개월이상 : 약정이율X70%",,20260720,,202607201300,금융감독원 금융상품한눈에 Open API,2026-08-10T14:19:08
030300,저축은행,202607,0010388,다올저축은행,240046,Fi 정기예금 (비대면),1,S,단리,2.20%,1.86%,"16,000",2.20%,"인터넷,스마트폰",1,제한없음,단리,,없음,- 1개월 까지 : 당초 약정이율과 만기시점 고시이율을 비교하여 낮은 금리 적용 - 1개월 초과 : 연0.1%,"* 중도해지이율 (경과기간별 차등 적용) - 1개월미만 : 가입일의 보통예금 금리, 6개월미만 : 약정이율X50%, 9개월미만 : 약정이율X55%, 12개월미만 : 약정이율X60%, 12개월이상 : 약정이율X70%",,20260806,,202608060841,금융감독원 금융상품한눈에 Open API,2026-08-10T14:19:08
030300,저축은행,202607,0010388,다올저축은행,240046,Fi 정기예금 (비대면),3,S,단리,2.30%,1.95%,"49,000",2.30%,"인터넷,스마트폰",1,제한없음,단리,,없음,- 1개월 까지 : 당초 약정이율과 만기시점 고시이율을 비교하여 낮은 금리 적용 - 1개월 초과 : 연0.1%,"* 중도해지이율 (경과기간별 차등 적용) - 1개월미만 : 가입일의 보통예금 금리, 6개월미만 : 약정이율X50%, 9개월미만 : 약정이율X55%, 12개월미만 : 약정이율X60%, 12개월이상 : 약정이율X70%",,20260806,,202608060841,금융감독원 금융상품한눈에 Open API,2026-08-10T14:19:08
030300,저축은행,202607,0010388,다올저축은행,240046,Fi 정기예금 (비대면),6,S,단리,2.50%,2.11%,"106,000",2.50%,"인터넷,스마트폰",1,제한없음,단리,,없음,- 1개월 까지 : 당초 약정이율과 만기시점 고시이율을 비교하여 낮은 금리 적용 - 1개월 초과 : 연0.1%,"* 중도해지이율 (경과기간별 차등 적용) - 1개월미만 : 가입일의 보통예금 금리, 6개월미만 : 약정이율X50%, 9개월미만 : 약정이율X55%, 12개월미만 : 약정이율X60%, 12개월이상 : 약정이율X70%",,20260806,,202608060841,금융감독원 금융상품한눈에 Open API,2026-08-10T14:19:08
030300,저축은행,202607,0010388,다올저축은행,240046,Fi 정기예금 (비대면),12,S,단리,3.65%,3.09%,"309,000",3.65%,"인터넷,스마트폰",1,제한없음,단리,,없음,- 1개월 까지 : 당초 약정이율과 만기시점 고시이율을 비교하여 낮은 금리 적용 - 1개월 초과 : 연0.1%,"* 중도해지이율 (경과기간별 차등 적용) - 1개월미만 : 가입일의 보통예금 금리, 6개월미만 : 약정이율X50%, 9개월미만 : 약정이율X55%, 12개월미만 : 약정이율X60%, 12개월이상 : 약정이율X70%",,20260806,,202608060841,금융감독원 금융상품한눈에 Open API,2026-08-10T14:19:08
030300,저축은행,202607,0010388,다올저축은행,240046,Fi 정기예금 (비대면),24,S,단리,2.50%,2.11%,"423,000",2.50%,"인터넷,스마트폰",1,제한없음,단리,,없음,- 1개월 까지 : 당초 약정이율과 만기시점 고시이율을 비교하여 낮은 금리 적용 - 1개월 초과 : 연0.1%,"* 중도해지이율 (경과기간별 차등 적용) - 1개월미만 : 가입일의 보통예금 금리, 6개월미만 : 약정이율X50%, 9개월미만 : 약정이율X55%, 12개월미만 : 약정이율X60%, 12개월이상 : 약정이율X70%",,20260806,,202608060841,금융감독원 금융상품한눈에 Open API,2026-08-10T14:19:08
030300,저축은행,202607,0010388,다올저축은행,240046,Fi 정기예금 (비대면),1,M,복리,2.20%,1.86%,"15,510",2.20%,"인터넷,스마트폰",1,제한없음,복리,,없음,- 1개월 까지 : 당초 약정이율과 만기시점 고시이율을 비교하여 낮은 금리 적용 - 1개월 초과 : 연0.1%,"* 중도해지이율 (경과기간별 차등 적용) - 1개월미만 : 가입일의 보통예금 금리, 6개월미만 : 약정이율X50%, 9개월미만 : 약정이율X55%, 12개월미만 : 약정이율X60%, 12개월이상 : 약정이율X70%",,20260806,,202608060841,금융감독원 금융상품한눈에 Open API,2026-08-10T14:19:08
030300,저축은행,202607,0010388,다올저축은행,240046,Fi 정기예금 (비대면),3,M,복리,2.30%,1.95%,"48,738",2.30%,"인터넷,스마트폰",1,제한없음,복리,,없음,- 1개월 까지 : 당초 약정이율과 만기시점 고시이율을 비교하여 낮은 금리 적용 - 1개월 초과 : 연0.1%,"* 중도해지이율 (경과기간별 차등 적용) - 1개월미만 : 가입일의 보통예금 금리, 6개월미만 : 약정이율X50%, 9개월미만 : 약정이율X55%, 12개월미만 : 약정이율X60%, 12개월이상 : 약정이율X70%",,20260806,,202608060841,금융감독원 금융상품한눈에 Open API,2026-08-10T14:19:08
030300,저축은행,202607,0010388,다올저축은행,240046,Fi 정기예금 (비대면),6,M,복리,2.50%,2.11%,"106,302",2.50%,"인터넷,스마트폰",1,제한없음,복리,,없음,- 1개월 까지 : 당초 약정이율과 만기시점 고시이율을 비교하여 낮은 금리 적용 - 1개월 초과 : 연0.1%,"* 중도해지이율 (경과기간별 차등 적용) - 1개월미만 : 가입일의 보통예금 금리, 6개월미만 : 약정이율X50%, 9개월미만 : 약정이율X55%, 12개월미만 : 약정이율X60%, 12개월이상 : 약정이율X70%",,20260806,,202608060841,금융감독원 금융상품한눈에 Open API,2026-08-10T14:19:08
030300,저축은행,202607,0010388,다올저축은행,240046,Fi 정기예금 (비대면),12,M,복리,3.65%,3.09%,"314,009",3.65%,"인터넷,스마트폰",1,제한없음,복리,,없음,- 1개월 까지 : 당초 약정이율과 만기시점 고시이율을 비교하여 낮은 금리 적용 - 1개월 초과 : 연0.1%,"* 중도해지이율 (경과기간별 차등 적용) - 1개월미만 : 가입일의 보통예금 금리, 6개월미만 : 약정이율X50%, 9개월미만 : 약정이율X55%, 12개월미만 : 약정이율X60%, 12개월이상 : 약정이율X70%",,20260806,,202608060841,금융감독원 금융상품한눈에 Open API,2026-08-10T14:19:08
030300,저축은행,202607,0010388,다올저축은행,240046,Fi 정기예금 (비대면),24,M,복리,2.50%,2.11%,"433,291",2.50%,"인터넷,스마트폰",1,제한없음,복리,,없음,- 1개월 까지 : 당초 약정이율과 만기시점 고시이율을 비교하여 낮은 금리 적용 - 1개월 초과 : 연0.1%,"* 중도해지이율 (경과기간별 차등 적용) - 1개월미만 : 가입일의 보통예금 금리, 6개월미만 : 약정이율X50%, 9개월미만 : 약정이율X55%, 12개월미만 : 약정이율X60%, 12개월이상 : 약정이율X70%",,20260806,,202608060841,금융감독원 금융상품한눈에 Open API,2026-08-10T14:19:08
030300,저축은행,202607,0010388,다올저축은행,240050,Fi 리볼빙 정기예금 (대면),12,S,단리,3.70%,3.13%,"313,000",3.70%,영업점,1,제한없음,단리,,없음,- 1개월 까지 : 마지막 회전도래 시 약정이율과 만기시점 고시이율을 비교하여 낮은 금리 적용 - 1개월 초과 : 연0.1%,"* 변동금리 상품 :가입기간36개월(가입 후 매1년 회전주기 단위로 약정이율 변동) /약정이율 : 회전시점의 Fi정기예금(대면) 12개월 금리+0.05% / 중도해지이율 : 1개월미만 : 신규일(또는 최종회전일)의 보통예금 금리, 6개월미만 : 약정이율X50%, 9개월미만 : 약정이율X55%, 12개월미만 : 약정이율X60%",,20260720,,202607201300,금융감독원 금융상품한눈에 Open API,2026-08-10T14:19:08
030300,저축은행,202607,0010388,다올저축은행,240050,Fi 리볼빙 정기예금 (대면),12,M,복리,3.70%,3.13%,"318,383",3.70%,영업점,1,제한없음,복리,,없음,- 1개월 까지 : 마지막 회전도래 시 약정이율과 만기시점 고시이율을 비교하여 낮은 금리 적용 - 1개월 초과 : 연0.1%,"* 변동금리 상품 :가입기간36개월(가입 후 매1년 회전주기 단위로 약정이율 변동) /약정이율 : 회전시점의 Fi정기예금(대면) 12개월 금리+0.05% / 중도해지이율 : 1개월미만 : 신규일(또는 최종회전일)의 보통예금 금리, 6개월미만 : 약정이율X50%, 9개월미만 : 약정이율X55%, 12개월미만 : 약정이율X60%",,20260720,,202607201300,금융감독원 금융상품한눈에 Open API,2026-08-10T14:19:08
030300,저축은행,202607,0010388,다올저축은행,240052,Fi 리볼빙 정기예금 (비대면),12,S,단리,3.70%,3.13%,"313,000",3.70%,"인터넷,스마트폰",1,제한없음,단리,,없음,- 1개월 까지 : 마지막 회전도래 시 약정이율과 만기시점 고시이율을 비교하여 낮은 금리 적용 - 1개월 초과 : 연0.1%,"* 변동금리 상품 :가입기간은 36개월(가입 후 매1년 회전주기 단위로 약정이율 변동) /약정이율 : 회전시점의 Fi정기예금(비대면) 12개월 금리+0.05% /중도해지이율 : 1개월미만 : 신규일(또는 최종회전일)의 보통예금 금리, 6개월미만 : 약정이율X50%, 9개월미만 : 약정이율X55%, 12개월미만 : 약정이율X60%",,20260806,,202608060841,금융감독원 금융상품한눈에 Open API,2026-08-10T14:19:08
030300,저축은행,202607,0010388,다올저축은행,240052,Fi 리볼빙 정기예금 (비대면),12,M,복리,3.70%,3.13%,"318,383",3.70%,"인터넷,스마트폰",1,제한없음,복리,,없음,- 1개월 까지 : 마지막 회전도래 시 약정이율과 만기시점 고시이율을 비교하여 낮은 금리 적용 - 1개월 초과 : 연0.1%,"* 변동금리 상품 :가입기간은 36개월(가입 후 매1년 회전주기 단위로 약정이율 변동) /약정이율 : 회전시점의 Fi정기예금(비대면) 12개월 금리+0.05% /중도해지이율 : 1개월미만 : 신규일(또는 최종회전일)의 보통예금 금리, 6개월미만 : 약정이율X50%, 9개월미만 : 약정이율X55%, 12개월미만 : 약정이율X60%",,20260806,,202608060841,금융감독원 금융상품한눈에 Open API,2026-08-10T14:19:08
030300,저축은행,202607,0010388,다올저축은행,240061,Fi 자유해지 정기예금(변동) (대면),3,M,복리,3.30%,2.79%,"69,987",3.30%,영업점,1,제한없음,복리,,없음,- 1개월 까지 : 마지막 회전도래 시 약정이율과 만기시점 고시이율을 비교하여 낮은 금리 적용 - 1개월 초과 : 연0.1%,* 변동금리상품: 가입기간은 36개월(가입후 매 3개월 단위로 약정이율 변동) / 약정이율 : 회전시점의 동일채널별 'Fi저축예금' 금리+0.30% / 중도해지이율 : 중도해지 시점 해당계좌의 약정금리와 동일,,20260720,,202607201300,금융감독원 금융상품한눈에 Open API,2026-08-10T14:19:08
030300,저축은행,202607,0010388,다올저축은행,240062,Fi 자유해지 정기예금(변동) (비대면),3,M,복리,3.30%,2.79%,"69,987",3.30%,"인터넷,스마트폰",1,제한없음,복리,,없음,- 1개월 까지 : 마지막 회전도래 시 약정이율과 만기시점 고시이율을 비교하여 낮은 금리 적용 - 1개월 초과 : 연0.1%,* 변동금리상품: 가입기간은 36개월(가입후 매 3개월 단위로 약정이율 변동) / 약정이율 : 회전시점의 동일채널별 'Fi저축예금' 금리+0.30% / 중도해지이율 : 중도해지 시점 해당계좌의 약정금리와 동일,,20260720,,202607201300,금융감독원 금융상품한눈에 Open API,2026-08-10T14:19:08
030300,저축은행,202607,0010388,다올저축은행,240065,Fi 하이브리드 정기예금 (대면),12,M,복리,2.40%,2.03%,"205,288",3.90%,영업점,1,제한없음,복리,,없음,- 1개월 까지 : 당초 기본금리와 만기시점 기본금리를 비교하여 낮은 금리 적용 - 1개월 초과 : 연0.1%,"* 하루만 맡겨도 기본금리 적용, 만기시에는 추가금리가 더해지는 12개월 정기예금 *중도해지이율 : 기본금리 *만기해지이율 : 기본금리+추가금리",,20260806,,202608060841,금융감독원 금융상품한눈에 Open API,2026-08-10T14:19:08
030300,저축은행,202607,0010388,다올저축은행,240066,Fi 하이브리드 정기예금 (비대면),12,M,복리,2.40%,2.03%,"205,288",3.90%,"인터넷,스마트폰",1,제한없음,복리,,없음,- 1개월 까지 : 당초 기본금리와 만기시점 기본금리를 비교하여 낮은 금리 적용 - 1개월 초과 : 연0.1%,"* 하루만 맡겨도 기본금리 적용, 만기시에는 추가금리가 더해지는 12개월 정기예금 *중도해지이율 : 기본금리 *만기해지이율 : 기본금리+추가금리",,20260806,,202608060841,금융감독원 금융상품한눈에 Open API,2026-08-10T14:19:08
030300,저축은행,202607,0010388,다올저축은행,240069,Fi 리볼빙 정기예금(6M)(대면),6,S,단리,3.60%,3.05%,"152,000",3.60%,영업점,1,제한없음,단리,,없음,- 만기후 1개월이내 : 마지막 회전도래시 약정이율 또는 만기시점 동일상품의 신규 약정이율 중 낮은 이율 - 만기후 1개월초과 : 연 0.1%,"* 변동금리 상품 : 가입기간 36개월 (가입 후 매 6개월 회전주기 단위로 약정이율 변동) * 중도해지이율 : 1개월미만 - 신규일의 보통예금 금리, 6개월미만 : 약정이율X50%,",,20260806,,202608060841,금융감독원 금융상품한눈에 Open API,2026-08-10T14:19:08
030300,저축은행,202607,0010388,다올저축은행,240069,Fi 리볼빙 정기예금(6M)(대면),6,M,복리,3.60%,3.05%,"153,427",3.60%,영업점,1,제한없음,복리,,없음,- 만기후 1개월이내 : 마지막 회전도래시 약정이율 또는 만기시점 동일상품의 신규 약정이율 중 낮은 이율 - 만기후 1개월초과 : 연 0.1%,"* 변동금리 상품 : 가입기간 36개월 (가입 후 매 6개월 회전주기 단위로 약정이율 변동) * 중도해지이율 : 1개월미만 - 신규일의 보통예금 금리, 6개월미만 : 약정이율X50%,",,20260806,,202608060841,금융감독원 금융상품한눈에 Open API,2026-08-10T14:19:08
030300,저축은행,202607,0010388,다올저축은행,240071,Fi 리볼빙 정기예금(6M)(비대면),6,S,단리,3.60%,3.05%,"152,000",3.60%,"인터넷,스마트폰",1,제한없음,단리,,없음,- 만기후 1개월이내 : 마지막 회전도래시 약정이율 또는 만기시점 동일상품의 신규 약정이율 중 낮은 이율 - 만기후 1개월초과 : 연 0.1%,"* 변동금리 상품 : 가입기간 36개월 (가입 후 매 6개월 회전주기 단위로 약정이율 변동) * 중도해지이율 : 1개월미만 - 신규일의 보통예금 금리, 6개월미만 : 약정이율X50%,",,20260806,,202608060841,금융감독원 금융상품한눈에 Open API,2026-08-10T14:19:08
030300,저축은행,202607,0010388,다올저축은행,240071,Fi 리볼빙 정기예금(6M)(비대면),6,M,복리,3.60%,3.05%,"153,427",3.60%,"인터넷,스마트폰",1,제한없음,복리,,없음,- 만기후 1개월이내 : 마지막 회전도래시 약정이율 또는 만기시점 동일상품의 신규 약정이율 중 낮은 이율 - 만기후 1개월초과 : 연 0.1%,"* 변동금리 상품 : 가입기간 36개월 (가입 후 매 6개월 회전주기 단위로 약정이율 변동) * 중도해지이율 : 1개월미만 - 신규일의 보통예금 금리, 6개월미만 : 약정이율X50%,",,20260806,,202608060841,금융감독원 금융상품한눈에 Open API,2026-08-10T14:19:08
030300,저축은행,202607,0010388,다올저축은행,240075,Fi 프리스타일 정기예금 (대면),24,M,복리,3.00%,2.54%,"522,465",3.00%,영업점,1,제한없음,복리,,없음,-1개월 까지 : 당초 약정이율과 만기시점 고시이율을 비교하여 낮은금리 적용 - 1개월 초과 : 연0.1%,"*중도해지이율 :신규일로부터 해지일 전일까지 기간에 대하여, 약정이율 적용",,20260720,,202607201300,금융감독원 금융상품한눈에 Open API,2026-08-10T14:19:08
030300,저축은행,202607,0010388,다올저축은행,240076,Fi 프리스타일 정기예금 (비대면),24,M,복리,3.00%,2.54%,"522,465",3.00%,"인터넷,스마트폰",1,제한없음,복리,,없음,-1개월 까지 : 당초 약정이율과 만기시점 고시이율을 비교하여 낮은금리 적용 - 1개월 초과 : 연0.1%,"*중도해지이율 :신규일로부터 해지일 전일까지 기간에 대하여, 약정이율 적용",,20260720,,202607201300,금융감독원 금융상품한눈에 Open API,2026-08-10T14:19:08
030300,저축은행,202607,0010389,유안타저축은행,24,정기예금,1,S,단리,2.00%,1.69%,"14,000",2.00%,영업점,1,제한없음,단리,,없음,만기후 1개월이하: 약정금리와 현행금리 중 낮은 금리 만기후 1개월초과: 현행 보통예금금리,없음,,20260729,,202607290827,금융감독원 금융상품한눈에 Open API,2026-08-10T14:19:08
030300,저축은행,202607,0010389,유안타저축은행,24,정기예금,3,S,단리,2.50%,2.11%,"53,000",2.50%,영업점,1,제한없음,단리,,없음,만기후 1개월이하: 약정금리와 현행금리 중 낮은 금리 만기후 1개월초과: 현행 보통예금금리,없음,,20260729,,202607290827,금융감독원 금융상품한눈에 Open API,2026-08-10T14:19:08
030300,저축은행,202607,0010389,유안타저축은행,24,정기예금,6,S,단리,2.80%,2.37%,"118,000",2.80%,영업점,1,제한없음,단리,,없음,만기후 1개월이하: 약정금리와 현행금리 중 낮은 금리 만기후 1개월초과: 현행 보통예금금리,없음,,20260729,,202607290827,금융감독원 금융상품한눈에 Open API,2026-08-10T14:19:08
030300,저축은행,202607,0010389,유안타저축은행,24,정기예금,12,S,단리,3.91%,3.31%,"331,000",3.91%,영업점,1,제한없음,단리,,없음,만기후 1개월이하: 약정금리와 현행금리 중 낮은 금리 만기후 1개월초과: 현행 보통예금금리,없음,,20260729,,202607290827,금융감독원 금융상품한눈에 Open API,2026-08-10T14:19:08
030300,저축은행,202607,0010389,유안타저축은행,24,정기예금,24,S,단리,3.71%,3.14%,"628,000",3.71%,영업점,1,제한없음,단리,,없음,만기후 1개월이하: 약정금리와 현행금리 중 낮은 금리 만기후 1개월초과: 현행 보통예금금리,없음,,20260729,,202607290827,금융감독원 금융상품한눈에 Open API,2026-08-10T14:19:08
030300,저축은행,202607,0010389,유안타저축은행,24,정기예금,36,S,단리,3.51%,2.97%,"891,000",3.51%,영업점,1,제한없음,단리,,없음,만기후 1개월이하: 약정금리와 현행금리 중 낮은 금리 만기후 1개월초과: 현행 보통예금금리,없음,,20260729,,202607290827,금융감독원 금융상품한눈에 Open API,2026-08-10T14:19:08
030300,저축은행,202607,0010389,유안타저축은행,24,정기예금,1,M,복리,2.00%,1.69%,"14,100",2.00%,영업점,1,제한없음,복리,,없음,만기후 1개월이하: 약정금리와 현행금리 중 낮은 금리 만기후 1개월초과: 현행 보통예금금리,없음,,20260729,,202607290827,금융감독원 금융상품한눈에 Open API,2026-08-10T14:19:08
030300,저축은행,202607,0010389,유안타저축은행,24,정기예금,3,M,복리,2.50%,2.11%,"52,985",2.50%,영업점,1,제한없음,복리,,없음,만기후 1개월이하: 약정금리와 현행금리 중 낮은 금리 만기후 1개월초과: 현행 보통예금금리,없음,,20260729,,202607290827,금융감독원 금융상품한눈에 Open API,2026-08-10T14:19:08
030300,저축은행,202607,0010389,유안타저축은행,24,정기예금,6,M,복리,2.80%,2.37%,"119,133",2.80%,영업점,1,제한없음,복리,,없음,만기후 1개월이하: 약정금리와 현행금리 중 낮은 금리 만기후 1개월초과: 현행 보통예금금리,없음,,20260729,,202607290827,금융감독원 금융상품한눈에 Open API,2026-08-10T14:19:08
030300,저축은행,202607,0010389,유안타저축은행,24,정기예금,12,M,복리,3.91%,3.31%,"336,779",3.91%,영업점,1,제한없음,복리,,없음,만기후 1개월이하: 약정금리와 현행금리 중 낮은 금리 만기후 1개월초과: 현행 보통예금금리,없음,,20260729,,202607290827,금융감독원 금융상품한눈에 Open API,2026-08-10T14:19:08
030300,저축은행,202607,0010389,유안타저축은행,24,정기예금,24,M,복리,3.71%,3.14%,"650,565",3.71%,영업점,1,제한없음,복리,,없음,만기후 1개월이하: 약정금리와 현행금리 중 낮은 금리 만기후 1개월초과: 현행 보통예금금리,없음,,20260729,,202607290827,금융감독원 금융상품한눈에 Open API,2026-08-10T14:19:08
030300,저축은행,202607,0010389,유안타저축은행,24,정기예금,36,M,복리,3.51%,2.97%,"937,987",3.51%,영업점,1,제한없음,복리,,없음,만기후 1개월이하: 약정금리와 현행금리 중 낮은 금리 만기후 1개월초과: 현행 보통예금금리,없음,,20260729,,202607290827,금융감독원 금융상품한눈에 Open API,2026-08-10T14:19:08
030300,저축은행,202607,0010389,유안타저축은행,24-1,e-정기예금,1,S,단리,2.00%,1.69%,"14,000",2.00%,"인터넷,스마트폰",1,제한없음,단리,,없음,만기후 1개월이하: 약정금리와 현행금리 중 낮은 금리 만기후 1개월초과: 현행 보통예금금리,없음,,20260729,,202607290827,금융감독원 금융상품한눈에 Open API,2026-08-10T14:19:08
030300,저축은행,202607,0010389,유안타저축은행,24-1,e-정기예금,3,S,단리,2.50%,2.11%,"53,000",2.50%,"인터넷,스마트폰",1,제한없음,단리,,없음,만기후 1개월이하: 약정금리와 현행금리 중 낮은 금리 만기후 1개월초과: 현행 보통예금금리,없음,,20260729,,202607290827,금융감독원 금융상품한눈에 Open API,2026-08-10T14:19:08
030300,저축은행,202607,0010389,유안타저축은행,24-1,e-정기예금,6,S,단리,2.80%,2.37%,"118,000",2.80%,"인터넷,스마트폰",1,제한없음,단리,,없음,만기후 1개월이하: 약정금리와 현행금리 중 낮은 금리 만기후 1개월초과: 현행 보통예금금리,없음,,20260729,,202607290827,금융감독원 금융상품한눈에 Open API,2026-08-10T14:19:08
030300,저축은행,202607,0010389,유안타저축은행,24-1,e-정기예금,12,S,단리,3.91%,3.31%,"331,000",3.91%,"인터넷,스마트폰",1,제한없음,단리,,없음,만기후 1개월이하: 약정금리와 현행금리 중 낮은 금리 만기후 1개월초과: 현행 보통예금금리,없음,,20260729,,202607290827,금융감독원 금융상품한눈에 Open API,2026-08-10T14:19:08
030300,저축은행,202607,0010389,유안타저축은행,24-1,e-정기예금,24,S,단리,3.71%,3.14%,"628,000",3.71%,"인터넷,스마트폰",1,제한없음,단리,,없음,만기후 1개월이하: 약정금리와 현행금리 중 낮은 금리 만기후 1개월초과: 현행 보통예금금리,없음,,20260729,,202607290827,금융감독원 금융상품한눈에 Open API,2026-08-10T14:19:08
030300,저축은행,202607,0010389,유안타저축은행,24-1,e-정기예금,36,S,단리,3.51%,2.97%,"891,000",3.51%,"인터넷,스마트폰",1,제한없음,단리,,없음,만기후 1개월이하: 약정금리와 현행금리 중 낮은 금리 만기후 1개월초과: 현행 보통예금금리,없음,,20260729,,202607290827,금융감독원 금융상품한눈에 Open API,2026-08-10T14:19:08
030300,저축은행,202607,0010389,유안타저축은행,24-1,e-정기예금,1,M,복리,2.00%,1.69%,"14,100",2.00%,"인터넷,스마트폰",1,제한없음,복리,,없음,만기후 1개월이하: 약정금리와 현행금리 중 낮은 금리 만기후 1개월초과: 현행 보통예금금리,없음,,20260729,,202607290827,금융감독원 금융상품한눈에 Open API,2026-08-10T14:19:08
030300,저축은행,202607,0010389,유안타저축은행,24-1,e-정기예금,3,M,복리,2.50%,2.11%,"52,985",2.50%,"인터넷,스마트폰",1,제한없음,복리,,없음,만기후 1개월이하: 약정금리와 현행금리 중 낮은 금리 만기후 1개월초과: 현행 보통예금금리,없음,,20260729,,202607290827,금융감독원 금융상품한눈에 Open API,2026-08-10T14:19:08
030300,저축은행,202607,0010389,유안타저축은행,24-1,e-정기예금,6,M,복리,2.80%,2.37%,"119,133",2.80%,"인터넷,스마트폰",1,제한없음,복리,,없음,만기후 1개월이하: 약정금리와 현행금리 중 낮은 금리 만기후 1개월초과: 현행 보통예금금리,없음,,20260729,,202607290827,금융감독원 금융상품한눈에 Open API,2026-08-10T14:19:08
030300,저축은행,202607,0010389,유안타저축은행,24-1,e-정기예금,12,M,복리,3.91%,3.31%,"336,779",3.91%,"인터넷,스마트폰",1,제한없음,복리,,없음,만기후 1개월이하: 약정금리와 현행금리 중 낮은 금리 만기후 1개월초과: 현행 보통예금금리,없음,,20260729,,202607290827,금융감독원 금융상품한눈에 Open API,2026-08-10T14:19:08
030300,저축은행,202607,0010389,유안타저축은행,24-1,e-정기예금,24,M,복리,3.71%,3.14%,"650,565",3.71%,"인터넷,스마트폰",1,제한없음,복리,,없음,만기후 1개월이하: 약정금리와 현행금리 중 낮은 금리 만기후 1개월초과: 현행 보통예금금리,없음,,20260729,,202607290827,금융감독원 금융상품한눈에 Open API,2026-08-10T14:19:08
030300,저축은행,202607,0010389,유안타저축은행,24-1,e-정기예금,36,M,복리,3.51%,2.97%,"937,987",3.51%,"인터넷,스마트폰",1,제한없음,복리,,없음,만기후 1개월이하: 약정금리와 현행금리 중 낮은 금리 만기후 1개월초과: 현행 보통예금금리,없음,,20260729,,202607290827,금융감독원 금융상품한눈에 Open API,2026-08-10T14:19:08
030300,저축은행,202607,0010389,유안타저축은행,24-2,회전정기예금 (변동금리),12,S,단리,3.96%,3.35%,"335,000",3.96%,영업점,1,제한없음,단리,,없음,만기후 1개월이하: 약정금리와 현행금리 중 낮은 금리 만기후 1개월초과: 현행 보통예금금리,없음,,20260729,,202607290827,금융감독원 금융상품한눈에 Open API,2026-08-10T14:19:08
030300,저축은행,202607,0010389,유안타저축은행,24-2,회전정기예금 (변동금리),12,M,복리,3.96%,3.35%,"341,164",3.96%,영업점,1,제한없음,복리,,없음,만기후 1개월이하: 약정금리와 현행금리 중 낮은 금리 만기후 1개월초과: 현행 보통예금금리,없음,,20260729,,202607290827,금융감독원 금융상품한눈에 Open API,2026-08-10T14:19:08
030300,저축은행,202607,0010389,유안타저축은행,24-3,SB톡톡 정기예금 (비대면),1,S,단리,2.00%,1.69%,"14,000",2.00%,스마트폰,1,제한없음,단리,,없음,만기후 1개월이하: 약정금리와 현행금리 중 낮은 금리 만기후 1개월초과: 현행 보통예금금리,없음,,20260729,,202607290827,금융감독원 금융상품한눈에 Open API,2026-08-10T14:19:08
030300,저축은행,202607,0010389,유안타저축은행,24-3,SB톡톡 정기예금 (비대면),3,S,단리,2.50%,2.11%,"53,000",2.50%,스마트폰,1,제한없음,단리,,없음,만기후 1개월이하: 약정금리와 현행금리 중 낮은 금리 만기후 1개월초과: 현행 보통예금금리,없음,,20260729,,202607290827,금융감독원 금융상품한눈에 Open API,2026-08-10T14:19:08
030300,저축은행,202607,0010389,유안타저축은행,24-3,SB톡톡 정기예금 (비대면),6,S,단리,2.80%,2.37%,"118,000",2.80%,스마트폰,1,제한없음,단리,,없음,만기후 1개월이하: 약정금리와 현행금리 중 낮은 금리 만기후 1개월초과: 현행 보통예금금리,없음,,20260729,,202607290827,금융감독원 금융상품한눈에 Open API,2026-08-10T14:19:08
030300,저축은행,202607,0010389,유안타저축은행,24-3,SB톡톡 정기예금 (비대면),12,S,단리,3.91%,3.31%,"331,000",3.91%,스마트폰,1,제한없음,단리,,없음,만기후 1개월이하: 약정금리와 현행금리 중 낮은 금리 만기후 1개월초과: 현행 보통예금금리,없음,,20260729,,202607290827,금융감독원 금융상품한눈에 Open API,2026-08-10T14:19:08
030300,저축은행,202607,0010389,유안타저축은행,24-3,SB톡톡 정기예금 (비대면),24,S,단리,3.71%,3.14%,"628,000",3.71%,스마트폰,1,제한없음,단리,,없음,만기후 1개월이하: 약정금리와 현행금리 중 낮은 금리 만기후 1개월초과: 현행 보통예금금리,없음,,20260729,,202607290827,금융감독원 금융상품한눈에 Open API,2026-08-10T14:19:08
030300,저축은행,202607,0010389,유안타저축은행,24-3,SB톡톡 정기예금 (비대면),36,S,단리,3.51%,2.97%,"891,000",3.51%,스마트폰,1,제한없음,단리,,없음,만기후 1개월이하: 약정금리와 현행금리 중 낮은 금리 만기후 1개월초과: 현행 보통예금금리,없음,,20260729,,202607290827,금융감독원 금융상품한눈에 Open API,2026-08-10T14:19:08
030300,저축은행,202607,0010389,유안타저축은행,24-3,SB톡톡 정기예금 (비대면),1,M,복리,2.00%,1.69%,"14,100",2.00%,스마트폰,1,제한없음,복리,,없음,만기후 1개월이하: 약정금리와 현행금리 중 낮은 금리 만기후 1개월초과: 현행 보통예금금리,없음,,20260729,,202607290827,금융감독원 금융상품한눈에 Open API,2026-08-10T14:19:08
030300,저축은행,202607,0010389,유안타저축은행,24-3,SB톡톡 정기예금 (비대면),3,M,복리,2.50%,2.11%,"52,985",2.50%,스마트폰,1,제한없음,복리,,없음,만기후 1개월이하: 약정금리와 현행금리 중 낮은 금리 만기후 1개월초과: 현행 보통예금금리,없음,,20260729,,202607290827,금융감독원 금융상품한눈에 Open API,2026-08-10T14:19:08
030300,저축은행,202607,0010389,유안타저축은행,24-3,SB톡톡 정기예금 (비대면),6,M,복리,2.80%,2.37%,"119,133",2.80%,스마트폰,1,제한없음,복리,,없음,만기후 1개월이하: 약정금리와 현행금리 중 낮은 금리 만기후 1개월초과: 현행 보통예금금리,없음,,20260729,,202607290827,금융감독원 금융상품한눈에 Open API,2026-08-10T14:19:08
030300,저축은행,202607,0010389,유안타저축은행,24-3,SB톡톡 정기예금 (비대면),12,M,복리,3.91%,3.31%,"336,779",3.91%,스마트폰,1,제한없음,복리,,없음,만기후 1개월이하: 약정금리와 현행금리 중 낮은 금리 만기후 1개월초과: 현행 보통예금금리,없음,,20260729,,202607290827,금융감독원 금융상품한눈에 Open API,2026-08-10T14:19:08
030300,저축은행,202607,0010389,유안타저축은행,24-3,SB톡톡 정기예금 (비대면),24,M,복리,3.71%,3.14%,"650,565",3.71%,스마트폰,1,제한없음,복리,,없음,만기후 1개월이하: 약정금리와 현행금리 중 낮은 금리 만기후 1개월초과: 현행 보통예금금리,없음,,20260729,,202607290827,금융감독원 금융상품한눈에 Open API,2026-08-10T14:19:08
030300,저축은행,202607,0010389,유안타저축은행,24-3,SB톡톡 정기예금 (비대면),36,M,복리,3.51%,2.97%,"937,987",3.51%,스마트폰,1,제한없음,복리,,없음,만기후 1개월이하: 약정금리와 현행금리 중 낮은 금리 만기후 1개월초과: 현행 보통예금금리,없음,,20260729,,202607290827,금융감독원 금융상품한눈에 Open API,2026-08-10T14:19:08
030300,저축은행,202607,0010389,유안타저축은행,24-4,e-회전정기예금 (변동금리),12,S,단리,3.96%,3.35%,"335,000",3.96%,"인터넷,스마트폰",1,제한없음,단리,,없음,만기후 1개월이하: 약정금리와 현행금리 중 낮은 금리 만기후 1개월초과: 현행 보통예금금리,없음,,20260729,,202607290827,금융감독원 금융상품한눈에 Open API,2026-08-10T14:19:08
030300,저축은행,202607,0010389,유안타저축은행,24-4,e-회전정기예금 (변동금리),12,M,복리,3.96%,3.35%,"341,164",3.96%,"인터넷,스마트폰",1,제한없음,복리,,없음,만기후 1개월이하: 약정금리와 현행금리 중 낮은 금리 만기후 1개월초과: 현행 보통예금금리,없음,,20260729,,202607290827,금융감독원 금융상품한눈에 Open API,2026-08-10T14:19:08
030300,저축은행,202607,0010389,유안타저축은행,24-5,SB톡톡 회전정기예금 (비대면),12,S,단리,3.96%,3.35%,"335,000",3.96%,스마트폰,1,제한없음,단리,,없음,만기후 1개월이하: 약정금리와 현행금리 중 낮은 금리 만기후 1개월초과: 현행 보통예금금리,없음,,20260729,,202607290827,금융감독원 금융상품한눈에 Open API,2026-08-10T14:19:08
030300,저축은행,202607,0010389,유안타저축은행,24-5,SB톡톡 회전정기예금 (비대면),12,M,복리,3.96%,3.35%,"341,164",3.96%,스마트폰,1,제한없음,복리,,없음,만기후 1개월이하: 약정금리와 현행금리 중 낮은 금리 만기후 1개월초과: 현행 보통예금금리,없음,,20260729,,202607290827,금융감독원 금융상품한눈에 Open API,2026-08-10T14:19:08
030300,저축은행,202607,0010390,고려저축은행,240036,정기예금,1,S,단리,1.30%,1.10%,"9,000",1.30%,영업점,1,제한없음 (비거주 외국인 외 제한없음),단리,,없음,*2019.06.30 가입분까지 만기시점 보통예금이자율(현재0.1%) *2019.07.01 가입분부터 1개월이내: 당초 약정금리와 만기시 동일상품 동일계약기간의 신규약정금리 중 낮은이율 1개월초과: 보통예금이자율(현재0.1%),없음,,20260729,,202607291752,금융감독원 금융상품한눈에 Open API,2026-08-10T14:19:08
030300,저축은행,202607,0010390,고려저축은행,240036,정기예금,3,S,단리,2.00%,1.69%,"42,000",2.00%,영업점,1,제한없음 (비거주 외국인 외 제한없음),단리,,없음,*2019.06.30 가입분까지 만기시점 보통예금이자율(현재0.1%) *2019.07.01 가입분부터 1개월이내: 당초 약정금리와 만기시 동일상품 동일계약기간의 신규약정금리 중 낮은이율 1개월초과: 보통예금이자율(현재0.1%),없음,,20260729,,202607291752,금융감독원 금융상품한눈에 Open API,2026-08-10T14:19:08
030300,저축은행,202607,0010390,고려저축은행,240036,정기예금,6,S,단리,3.50%,2.96%,"148,000",3.50%,영업점,1,제한없음 (비거주 외국인 외 제한없음),단리,,없음,*2019.06.30 가입분까지 만기시점 보통예금이자율(현재0.1%) *2019.07.01 가입분부터 1개월이내: 당초 약정금리와 만기시 동일상품 동일계약기간의 신규약정금리 중 낮은이율 1개월초과: 보통예금이자율(현재0.1%),없음,,20260729,,202607291752,금융감독원 금융상품한눈에 Open API,2026-08-10T14:19:08
030300,저축은행,202607,0010390,고려저축은행,240036,정기예금,12,S,단리,3.90%,3.30%,"330,000",3.90%,영업점,1,제한없음 (비거주 외국인 외 제한없음),단리,,없음,*2019.06.30 가입분까지 만기시점 보통예금이자율(현재0.1%) *2019.07.01 가입분부터 1개월이내: 당초 약정금리와 만기시 동일상품 동일계약기간의 신규약정금리 중 낮은이율 1개월초과: 보통예금이자율(현재0.1%),없음,,20260729,,202607291752,금융감독원 금융상품한눈에 Open API,2026-08-10T14:19:08
030300,저축은행,202607,0010390,고려저축은행,240036,정기예금,24,S,단리,3.00%,2.54%,"508,000",3.00%,영업점,1,제한없음 (비거주 외국인 외 제한없음),단리,,없음,*2019.06.30 가입분까지 만기시점 보통예금이자율(현재0.1%) *2019.07.01 가입분부터 1개월이내: 당초 약정금리와 만기시 동일상품 동일계약기간의 신규약정금리 중 낮은이율 1개월초과: 보통예금이자율(현재0.1%),없음,,20260729,,202607291752,금융감독원 금융상품한눈에 Open API,2026-08-10T14:19:08
030300,저축은행,202607,0010390,고려저축은행,240036,정기예금,36,S,단리,3.00%,2.54%,"761,000",3.00%,영업점,1,제한없음 (비거주 외국인 외 제한없음),단리,,없음,*2019.06.30 가입분까지 만기시점 보통예금이자율(현재0.1%) *2019.07.01 가입분부터 1개월이내: 당초 약정금리와 만기시 동일상품 동일계약기간의 신규약정금리 중 낮은이율 1개월초과: 보통예금이자율(현재0.1%),없음,,20260729,,202607291752,금융감독원 금융상품한눈에 Open API,2026-08-10T14:19:08
030300,저축은행,202607,0010390,고려저축은행,240036,정기예금,1,M,복리,1.30%,1.10%,"9,165",1.30%,영업점,1,제한없음 (비거주 외국인 외 제한없음),복리,,없음,*2019.06.30 가입분까지 만기시점 보통예금이자율(현재0.1%) *2019.07.01 가입분부터 1개월이내: 당초 약정금리와 만기시 동일상품 동일계약기간의 신규약정금리 중 낮은이율 1개월초과: 보통예금이자율(현재0.1%),없음,,20260729,,202607291752,금융감독원 금융상품한눈에 Open API,2026-08-10T14:19:08
030300,저축은행,202607,0010390,고려저축은행,240036,정기예금,3,M,복리,2.00%,1.69%,"42,371",2.00%,영업점,1,제한없음 (비거주 외국인 외 제한없음),복리,,없음,*2019.06.30 가입분까지 만기시점 보통예금이자율(현재0.1%) *2019.07.01 가입분부터 1개월이내: 당초 약정금리와 만기시 동일상품 동일계약기간의 신규약정금리 중 낮은이율 1개월초과: 보통예금이자율(현재0.1%),없음,,20260729,,202607291752,금융감독원 금융상품한눈에 Open API,2026-08-10T14:19:08
030300,저축은행,202607,0010390,고려저축은행,240036,정기예금,6,M,복리,3.50%,2.96%,"149,134",3.50%,영업점,1,제한없음 (비거주 외국인 외 제한없음),복리,,없음,*2019.06.30 가입분까지 만기시점 보통예금이자율(현재0.1%) *2019.07.01 가입분부터 1개월이내: 당초 약정금리와 만기시 동일상품 동일계약기간의 신규약정금리 중 낮은이율 1개월초과: 보통예금이자율(현재0.1%),없음,,20260729,,202607291752,금융감독원 금융상품한눈에 Open API,2026-08-10T14:19:08
030300,저축은행,202607,0010390,고려저축은행,240036,정기예금,12,M,복리,3.90%,3.30%,"335,902",3.90%,영업점,1,제한없음 (비거주 외국인 외 제한없음),복리,,없음,*2019.06.30 가입분까지 만기시점 보통예금이자율(현재0.1%) *2019.07.01 가입분부터 1개월이내: 당초 약정금리와 만기시 동일상품 동일계약기간의 신규약정금리 중 낮은이율 1개월초과: 보통예금이자율(현재0.1%),없음,,20260729,,202607291752,금융감독원 금융상품한눈에 Open API,2026-08-10T14:19:08
030300,저축은행,202607,0010390,고려저축은행,240036,정기예금,24,M,복리,3.00%,2.54%,"522,465",3.00%,영업점,1,제한없음 (비거주 외국인 외 제한없음),복리,,없음,*2019.06.30 가입분까지 만기시점 보통예금이자율(현재0.1%) *2019.07.01 가입분부터 1개월이내: 당초 약정금리와 만기시 동일상품 동일계약기간의 신규약정금리 중 낮은이율 1개월초과: 보통예금이자율(현재0.1%),없음,,20260729,,202607291752,금융감독원 금융상품한눈에 Open API,2026-08-10T14:19:08
030300,저축은행,202607,0010390,고려저축은행,240036,정기예금,36,M,복리,3.00%,2.54%,"795,675",3.00%,영업점,1,제한없음 (비거주 외국인 외 제한없음),복리,,없음,*2019.06.30 가입분까지 만기시점 보통예금이자율(현재0.1%) *2019.07.01 가입분부터 1개월이내: 당초 약정금리와 만기시 동일상품 동일계약기간의 신규약정금리 중 낮은이율 1개월초과: 보통예금이자율(현재0.1%),없음,,20260729,,202607291752,금융감독원 금융상품한눈에 Open API,2026-08-10T14:19:08
030300,저축은행,202607,0010390,고려저축은행,240038,정기예금(비대면),1,S,단리,1.30%,1.10%,"9,000",1.30%,"인터넷,스마트폰",1,제한없음 (비거주 외국인 외 제한없음),단리,,없음,*2019.06.30 가입분까지 만기시점 보통예금이자율(현재0.1%) *2019.07.01 가입분부터 1개월이내: 당초 약정금리와 만기시 동일상품 동일계약기간의 신규약정금리 중 낮은이율 1개월초과: 보통예금이자율(현재0.1%),없음,,20260729,,202607291752,금융감독원 금융상품한눈에 Open API,2026-08-10T14:19:08
030300,저축은행,202607,0010390,고려저축은행,240038,정기예금(비대면),3,S,단리,2.10%,1.78%,"44,000",2.10%,"인터넷,스마트폰",1,제한없음 (비거주 외국인 외 제한없음),단리,,없음,*2019.06.30 가입분까지 만기시점 보통예금이자율(현재0.1%) *2019.07.01 가입분부터 1개월이내: 당초 약정금리와 만기시 동일상품 동일계약기간의 신규약정금리 중 낮은이율 1개월초과: 보통예금이자율(현재0.1%),없음,,20260729,,202607291752,금융감독원 금융상품한눈에 Open API,2026-08-10T14:19:08
030300,저축은행,202607,0010390,고려저축은행,240038,정기예금(비대면),6,S,단리,3.50%,2.96%,"148,000",3.50%,"인터넷,스마트폰",1,제한없음 (비거주 외국인 외 제한없음),단리,,없음,*2019.06.30 가입분까지 만기시점 보통예금이자율(현재0.1%) *2019.07.01 가입분부터 1개월이내: 당초 약정금리와 만기시 동일상품 동일계약기간의 신규약정금리 중 낮은이율 1개월초과: 보통예금이자율(현재0.1%),없음,,20260729,,202607291752,금융감독원 금융상품한눈에 Open API,2026-08-10T14:19:08
030300,저축은행,202607,0010390,고려저축은행,240038,정기예금(비대면),12,S,단리,3.90%,3.30%,"330,000",3.90%,"인터넷,스마트폰",1,제한없음 (비거주 외국인 외 제한없음),단리,,없음,*2019.06.30 가입분까지 만기시점 보통예금이자율(현재0.1%) *2019.07.01 가입분부터 1개월이내: 당초 약정금리와 만기시 동일상품 동일계약기간의 신규약정금리 중 낮은이율 1개월초과: 보통예금이자율(현재0.1%),없음,,20260729,,202607291752,금융감독원 금융상품한눈에 Open API,2026-08-10T14:19:08
030300,저축은행,202607,0010390,고려저축은행,240038,정기예금(비대면),24,S,단리,3.00%,2.54%,"508,000",3.00%,"인터넷,스마트폰",1,제한없음 (비거주 외국인 외 제한없음),단리,,없음,*2019.06.30 가입분까지 만기시점 보통예금이자율(현재0.1%) *2019.07.01 가입분부터 1개월이내: 당초 약정금리와 만기시 동일상품 동일계약기간의 신규약정금리 중 낮은이율 1개월초과: 보통예금이자율(현재0.1%),없음,,20260729,,202607291752,금융감독원 금융상품한눈에 Open API,2026-08-10T14:19:08
030300,저축은행,202607,0010390,고려저축은행,240038,정기예금(비대면),36,S,단리,3.00%,2.54%,"761,000",3.00%,"인터넷,스마트폰",1,제한없음 (비거주 외국인 외 제한없음),단리,,없음,*2019.06.30 가입분까지 만기시점 보통예금이자율(현재0.1%) *2019.07.01 가입분부터 1개월이내: 당초 약정금리와 만기시 동일상품 동일계약기간의 신규약정금리 중 낮은이율 1개월초과: 보통예금이자율(현재0.1%),없음,,20260729,,202607291752,금융감독원 금융상품한눈에 Open API,2026-08-10T14:19:08
030300,저축은행,202607,0010390,고려저축은행,240038,정기예금(비대면),1,M,복리,1.30%,1.10%,"9,165",1.30%,"인터넷,스마트폰",1,제한없음 (비거주 외국인 외 제한없음),복리,,없음,*2019.06.30 가입분까지 만기시점 보통예금이자율(현재0.1%) *2019.07.01 가입분부터 1개월이내: 당초 약정금리와 만기시 동일상품 동일계약기간의 신규약정금리 중 낮은이율 1개월초과: 보통예금이자율(현재0.1%),없음,,20260729,,202607291752,금융감독원 금융상품한눈에 Open API,2026-08-10T14:19:08
030300,저축은행,202607,0010390,고려저축은행,240038,정기예금(비대면),3,M,복리,2.10%,1.78%,"44,493",2.10%,"인터넷,스마트폰",1,제한없음 (비거주 외국인 외 제한없음),복리,,없음,*2019.06.30 가입분까지 만기시점 보통예금이자율(현재0.1%) *2019.07.01 가입분부터 1개월이내: 당초 약정금리와 만기시 동일상품 동일계약기간의 신규약정금리 중 낮은이율 1개월초과: 보통예금이자율(현재0.1%),없음,,20260729,,202607291752,금융감독원 금융상품한눈에 Open API,2026-08-10T14:19:08
030300,저축은행,202607,0010390,고려저축은행,240038,정기예금(비대면),6,M,복리,3.50%,2.96%,"149,134",3.50%,"인터넷,스마트폰",1,제한없음 (비거주 외국인 외 제한없음),복리,,없음,*2019.06.30 가입분까지 만기시점 보통예금이자율(현재0.1%) *2019.07.01 가입분부터 1개월이내: 당초 약정금리와 만기시 동일상품 동일계약기간의 신규약정금리 중 낮은이율 1개월초과: 보통예금이자율(현재0.1%),없음,,20260729,,202607291752,금융감독원 금융상품한눈에 Open API,2026-08-10T14:19:08
030300,저축은행,202607,0010390,고려저축은행,240038,정기예금(비대면),12,M,복리,3.90%,3.30%,"335,902",3.90%,"인터넷,스마트폰",1,제한없음 (비거주 외국인 외 제한없음),복리,,없음,*2019.06.30 가입분까지 만기시점 보통예금이자율(현재0.1%) *2019.07.01 가입분부터 1개월이내: 당초 약정금리와 만기시 동일상품 동일계약기간의 신규약정금리 중 낮은이율 1개월초과: 보통예금이자율(현재0.1%),없음,,20260729,,202607291752,금융감독원 금융상품한눈에 Open API,2026-08-10T14:19:08
030300,저축은행,202607,0010390,고려저축은행,240038,정기예금(비대면),24,M,복리,3.00%,2.54%,"522,465",3.00%,"인터넷,스마트폰",1,제한없음 (비거주 외국인 외 제한없음),복리,,없음,*2019.06.30 가입분까지 만기시점 보통예금이자율(현재0.1%) *2019.07.01 가입분부터 1개월이내: 당초 약정금리와 만기시 동일상품 동일계약기간의 신규약정금리 중 낮은이율 1개월초과: 보통예금이자율(현재0.1%),없음,,20260729,,202607291752,금융감독원 금융상품한눈에 Open API,2026-08-10T14:19:08
030300,저축은행,202607,0010390,고려저축은행,240038,정기예금(비대면),36,M,복리,3.00%,2.54%,"795,675",3.00%,"인터넷,스마트폰",1,제한없음 (비거주 외국인 외 제한없음),복리,,없음,*2019.06.30 가입분까지 만기시점 보통예금이자율(현재0.1%) *2019.07.01 가입분부터 1개월이내: 당초 약정금리와 만기시 동일상품 동일계약기간의 신규약정금리 중 낮은이율 1개월초과: 보통예금이자율(현재0.1%),없음,,20260729,,202607291752,금융감독원 금융상품한눈에 Open API,2026-08-10T14:19:08
030300,저축은행,202607,0010390,고려저축은행,240042,회전정기예금,12,S,단리,3.90%,3.30%,"330,000",3.90%,영업점,1,제한없음 (비거주 외국인 외 제한없음),단리,,없음,*2019.06.30 가입분까지 만기시점 보통예금이자율(현재0.1%) *2019.07.01 가입분부터 1개월이내: 당초 약정금리와 만기시 동일상품 동일계약기간의 신규약정금리 중 낮은이율 1개월초과: 보통예금이자율(현재0.1%),없음,,20260729,,202607291752,금융감독원 금융상품한눈에 Open API,2026-08-10T14:19:08
030300,저축은행,202607,0010390,고려저축은행,240042,회전정기예금,24,S,단리,3.90%,3.30%,"660,000",3.90%,영업점,1,제한없음 (비거주 외국인 외 제한없음),단리,,없음,*2019.06.30 가입분까지 만기시점 보통예금이자율(현재0.1%) *2019.07.01 가입분부터 1개월이내: 당초 약정금리와 만기시 동일상품 동일계약기간의 신규약정금리 중 낮은이율 1개월초과: 보통예금이자율(현재0.1%),없음,,20260729,,202607291752,금융감독원 금융상품한눈에 Open API,2026-08-10T14:19:08
030300,저축은행,202607,0010390,고려저축은행,240042,회전정기예금,36,S,단리,3.90%,3.30%,"990,000",3.90%,영업점,1,제한없음 (비거주 외국인 외 제한없음),단리,,없음,*2019.06.30 가입분까지 만기시점 보통예금이자율(현재0.1%) *2019.07.01 가입분부터 1개월이내: 당초 약정금리와 만기시 동일상품 동일계약기간의 신규약정금리 중 낮은이율 1개월초과: 보통예금이자율(현재0.1%),없음,,20260729,,202607291752,금융감독원 금융상품한눈에 Open API,2026-08-10T14:19:08
030300,저축은행,202607,0010390,고려저축은행,240042,회전정기예금,12,M,복리,3.90%,3.30%,"335,902",3.90%,영업점,1,제한없음 (비거주 외국인 외 제한없음),복리,,없음,*2019.06.30 가입분까지 만기시점 보통예금이자율(현재0.1%) *2019.07.01 가입분부터 1개월이내: 당초 약정금리와 만기시 동일상품 동일계약기간의 신규약정금리 중 낮은이율 1개월초과: 보통예금이자율(현재0.1%),없음,,20260729,,202607291752,금융감독원 금융상품한눈에 Open API,2026-08-10T14:19:08
030300,저축은행,202607,0010390,고려저축은행,240042,회전정기예금,24,M,복리,3.90%,3.30%,"685,141",3.90%,영업점,1,제한없음 (비거주 외국인 외 제한없음),복리,,없음,*2019.06.30 가입분까지 만기시점 보통예금이자율(현재0.1%) *2019.07.01 가입분부터 1개월이내: 당초 약정금리와 만기시 동일상품 동일계약기간의 신규약정금리 중 낮은이율 1개월초과: 보통예금이자율(현재0.1%),없음,,20260729,,202607291752,금융감독원 금융상품한눈에 Open API,2026-08-10T14:19:08
030300,저축은행,202607,0010390,고려저축은행,240042,회전정기예금,36,M,복리,3.90%,3.30%,"1,048,246",3.90%,영업점,1,제한없음 (비거주 외국인 외 제한없음),복리,,없음,*2019.06.30 가입분까지 만기시점 보통예금이자율(현재0.1%) *2019.07.01 가입분부터 1개월이내: 당초 약정금리와 만기시 동일상품 동일계약기간의 신규약정금리 중 낮은이율 1개월초과: 보통예금이자율(현재0.1%),없음,,20260729,,202607291752,금융감독원 금융상품한눈에 Open API,2026-08-10T14:19:08
030300,저축은행,202607,0010390,고려저축은행,240043,회전정기예금(비대면),12,S,단리,3.90%,3.30%,"330,000",3.90%,"인터넷,스마트폰",1,제한없음 (비거주 외국인 외 제한없음),단리,,없음,*2019.06.30 가입분까지 만기시점 보통예금이자율(현재0.1%) *2019.07.01 가입분부터 1개월이내: 당초 약정금리와 만기시 동일상품 동일계약기간의 신규약정금리 중 낮은이율 1개월초과: 보통예금이자율(현재0.1%),없음,,20260729,,202607291752,금융감독원 금융상품한눈에 Open API,2026-08-10T14:19:08
030300,저축은행,202607,0010390,고려저축은행,240043,회전정기예금(비대면),24,S,단리,3.90%,3.30%,"660,000",3.90%,"인터넷,스마트폰",1,제한없음 (비거주 외국인 외 제한없음),단리,,없음,*2019.06.30 가입분까지 만기시점 보통예금이자율(현재0.1%) *2019.07.01 가입분부터 1개월이내: 당초 약정금리와 만기시 동일상품 동일계약기간의 신규약정금리 중 낮은이율 1개월초과: 보통예금이자율(현재0.1%),없음,,20260729,,202607291752,금융감독원 금융상품한눈에 Open API,2026-08-10T14:19:08
030300,저축은행,202607,0010390,고려저축은행,240043,회전정기예금(비대면),36,S,단리,3.90%,3.30%,"990,000",3.90%,"인터넷,스마트폰",1,제한없음 (비거주 외국인 외 제한없음),단리,,없음,*2019.06.30 가입분까지 만기시점 보통예금이자율(현재0.1%) *2019.07.01 가입분부터 1개월이내: 당초 약정금리와 만기시 동일상품 동일계약기간의 신규약정금리 중 낮은이율 1개월초과: 보통예금이자율(현재0.1%),없음,,20260729,,202607291752,금융감독원 금융상품한눈에 Open API,2026-08-10T14:19:08
030300,저축은행,202607,0010390,고려저축은행,240043,회전정기예금(비대면),12,M,복리,3.90%,3.30%,"335,902",3.90%,"인터넷,스마트폰",1,제한없음 (비거주 외국인 외 제한없음),복리,,없음,*2019.06.30 가입분까지 만기시점 보통예금이자율(현재0.1%) *2019.07.01 가입분부터 1개월이내: 당초 약정금리와 만기시 동일상품 동일계약기간의 신규약정금리 중 낮은이율 1개월초과: 보통예금이자율(현재0.1%),없음,,20260729,,202607291752,금융감독원 금융상품한눈에 Open API,2026-08-10T14:19:08
030300,저축은행,202607,0010390,고려저축은행,240043,회전정기예금(비대면),24,M,복리,3.90%,3.30%,"685,141",3.90%,"인터넷,스마트폰",1,제한없음 (비거주 외국인 외 제한없음),복리,,없음,*2019.06.30 가입분까지 만기시점 보통예금이자율(현재0.1%) *2019.07.01 가입분부터 1개월이내: 당초 약정금리와 만기시 동일상품 동일계약기간의 신규약정금리 중 낮은이율 1개월초과: 보통예금이자율(현재0.1%),없음,,20260729,,202607291752,금융감독원 금융상품한눈에 Open API,2026-08-10T14:19:08
030300,저축은행,202607,0010390,고려저축은행,240043,회전정기예금(비대면),36,M,복리,3.90%,3.30%,"1,048,246",3.90%,"인터넷,스마트폰",1,제한없음 (비거주 외국인 외 제한없음),복리,,없음,*2019.06.30 가입분까지 만기시점 보통예금이자율(현재0.1%) *2019.07.01 가입분부터 1개월이내: 당초 약정금리와 만기시 동일상품 동일계약기간의 신규약정금리 중 낮은이율 1개월초과: 보통예금이자율(현재0.1%),없음,,20260729,,202607291752,금융감독원 금융상품한눈에 Open API,2026-08-10T14:19:08
030300,저축은행,202607,0010390,고려저축은행,240058,GPS 정기예금(비대면),6,S,단리,3.50%,2.96%,"148,000",3.50%,"인터넷,스마트폰",1,제한없음 (비거주 외국인 외 제한없음),단리,,없음,*2019.06.30 가입분까지 만기시점 보통예금이자율(현재0.1%) *2019.07.01 가입분부터 1개월이내: 당초 약정금리와 만기시 동일상품 동일계약기간의 신규약정금리 중 낮은이율 1개월초과: 보통예금이자율(현재0.1%),없음,,20260729,,202607291752,금융감독원 금융상품한눈에 Open API,2026-08-10T14:19:08
030300,저축은행,202607,0010390,고려저축은행,240058,GPS 정기예금(비대면),12,S,단리,3.90%,3.30%,"330,000",3.90%,"인터넷,스마트폰",1,제한없음 (비거주 외국인 외 제한없음),단리,,없음,*2019.06.30 가입분까지 만기시점 보통예금이자율(현재0.1%) *2019.07.01 가입분부터 1개월이내: 당초 약정금리와 만기시 동일상품 동일계약기간의 신규약정금리 중 낮은이율 1개월초과: 보통예금이자율(현재0.1%),없음,,20260729,,202607291752,금융감독원 금융상품한눈에 Open API,2026-08-10T14:19:08
030300,저축은행,202607,0010390,고려저축은행,240058,GPS 정기예금(비대면),24,S,단리,3.00%,2.54%,"508,000",3.00%,"인터넷,스마트폰",1,제한없음 (비거주 외국인 외 제한없음),단리,,없음,*2019.06.30 가입분까지 만기시점 보통예금이자율(현재0.1%) *2019.07.01 가입분부터 1개월이내: 당초 약정금리와 만기시 동일상품 동일계약기간의 신규약정금리 중 낮은이율 1개월초과: 보통예금이자율(현재0.1%),없음,,20260729,,202607291752,금융감독원 금융상품한눈에 Open API,2026-08-10T14:19:08
030300,저축은행,202607,0010390,고려저축은행,240058,GPS 정기예금(비대면),36,S,단리,3.00%,2.54%,"761,000",3.00%,"인터넷,스마트폰",1,제한없음 (비거주 외국인 외 제한없음),단리,,없음,*2019.06.30 가입분까지 만기시점 보통예금이자율(현재0.1%) *2019.07.01 가입분부터 1개월이내: 당초 약정금리와 만기시 동일상품 동일계약기간의 신규약정금리 중 낮은이율 1개월초과: 보통예금이자율(현재0.1%),없음,,20260729,,202607291752,금융감독원 금융상품한눈에 Open API,2026-08-10T14:19:08
030300,저축은행,202607,0010390,고려저축은행,240058,GPS 정기예금(비대면),6,M,복리,3.50%,2.96%,"149,134",3.50%,"인터넷,스마트폰",1,제한없음 (비거주 외국인 외 제한없음),복리,,없음,*2019.06.30 가입분까지 만기시점 보통예금이자율(현재0.1%) *2019.07.01 가입분부터 1개월이내: 당초 약정금리와 만기시 동일상품 동일계약기간의 신규약정금리 중 낮은이율 1개월초과: 보통예금이자율(현재0.1%),없음,,20260729,,202607291752,금융감독원 금융상품한눈에 Open API,2026-08-10T14:19:08
030300,저축은행,202607,0010390,고려저축은행,240058,GPS 정기예금(비대면),12,M,복리,3.90%,3.30%,"335,902",3.90%,"인터넷,스마트폰",1,제한없음 (비거주 외국인 외 제한없음),복리,,없음,*2019.06.30 가입분까지 만기시점 보통예금이자율(현재0.1%) *2019.07.01 가입분부터 1개월이내: 당초 약정금리와 만기시 동일상품 동일계약기간의 신규약정금리 중 낮은이율 1개월초과: 보통예금이자율(현재0.1%),없음,,20260729,,202607291752,금융감독원 금융상품한눈에 Open API,2026-08-10T14:19:08
030300,저축은행,202607,0010390,고려저축은행,240058,GPS 정기예금(비대면),24,M,복리,3.00%,2.54%,"522,465",3.00%,"인터넷,스마트폰",1,제한없음 (비거주 외국인 외 제한없음),복리,,없음,*2019.06.30 가입분까지 만기시점 보통예금이자율(현재0.1%) *2019.07.01 가입분부터 1개월이내: 당초 약정금리와 만기시 동일상품 동일계약기간의 신규약정금리 중 낮은이율 1개월초과: 보통예금이자율(현재0.1%),없음,,20260729,,202607291752,금융감독원 금융상품한눈에 Open API,2026-08-10T14:19:08
030300,저축은행,202607,0010390,고려저축은행,240058,GPS 정기예금(비대면),36,M,복리,3.00%,2.54%,"795,675",3.00%,"인터넷,스마트폰",1,제한없음 (비거주 외국인 외 제한없음),복리,,없음,*2019.06.30 가입분까지 만기시점 보통예금이자율(현재0.1%) *2019.07.01 가입분부터 1개월이내: 당초 약정금리와 만기시 동일상품 동일계약기간의 신규약정금리 중 낮은이율 1개월초과: 보통예금이자율(현재0.1%),없음,,20260729,,202607291752,금융감독원 금융상품한눈에 Open API,2026-08-10T14:19:08
030300,저축은행,202607,0010390,고려저축은행,240060,GPS회전정기예금(비대면),12,S,단리,3.90%,3.30%,"330,000",3.90%,"인터넷,스마트폰",1,제한없음 (비거주 외국인 외 제한없음),단리,,없음,*2019.06.30 가입분까지 만기시점 보통예금이자율(현재0.1%) *2019.07.01 가입분부터 1개월이내: 당초 약정금리와 만기시 동일상품 동일계약기간의 신규약정금리 중 낮은이율 1개월초과: 보통예금이자율(현재0.1%),없음,,20260729,,202607291752,금융감독원 금융상품한눈에 Open API,2026-08-10T14:19:08
030300,저축은행,202607,0010390,고려저축은행,240060,GPS회전정기예금(비대면),24,S,단리,3.90%,3.30%,"660,000",3.90%,"인터넷,스마트폰",1,제한없음 (비거주 외국인 외 제한없음),단리,,없음,*2019.06.30 가입분까지 만기시점 보통예금이자율(현재0.1%) *2019.07.01 가입분부터 1개월이내: 당초 약정금리와 만기시 동일상품 동일계약기간의 신규약정금리 중 낮은이율 1개월초과: 보통예금이자율(현재0.1%),없음,,20260729,,202607291752,금융감독원 금융상품한눈에 Open API,2026-08-10T14:19:08
030300,저축은행,202607,0010390,고려저축은행,240060,GPS회전정기예금(비대면),36,S,단리,3.90%,3.30%,"990,000",3.90%,"인터넷,스마트폰",1,제한없음 (비거주 외국인 외 제한없음),단리,,없음,*2019.06.30 가입분까지 만기시점 보통예금이자율(현재0.1%) *2019.07.01 가입분부터 1개월이내: 당초 약정금리와 만기시 동일상품 동일계약기간의 신규약정금리 중 낮은이율 1개월초과: 보통예금이자율(현재0.1%),없음,,20260729,,202607291752,금융감독원 금융상품한눈에 Open API,2026-08-10T14:19:08
030300,저축은행,202607,0010390,고려저축은행,240060,GPS회전정기예금(비대면),12,M,복리,3.90%,3.30%,"335,902",3.90%,"인터넷,스마트폰",1,제한없음 (비거주 외국인 외 제한없음),복리,,없음,*2019.06.30 가입분까지 만기시점 보통예금이자율(현재0.1%) *2019.07.01 가입분부터 1개월이내: 당초 약정금리와 만기시 동일상품 동일계약기간의 신규약정금리 중 낮은이율 1개월초과: 보통예금이자율(현재0.1%),없음,,20260729,,202607291752,금융감독원 금융상품한눈에 Open API,2026-08-10T14:19:08
030300,저축은행,202607,0010390,고려저축은행,240060,GPS회전정기예금(비대면),24,M,복리,3.90%,3.30%,"685,141",3.90%,"인터넷,스마트폰",1,제한없음 (비거주 외국인 외 제한없음),복리,,없음,*2019.06.30 가입분까지 만기시점 보통예금이자율(현재0.1%) *2019.07.01 가입분부터 1개월이내: 당초 약정금리와 만기시 동일상품 동일계약기간의 신규약정금리 중 낮은이율 1개월초과: 보통예금이자율(현재0.1%),없음,,20260729,,202607291752,금융감독원 금융상품한눈에 Open API,2026-08-10T14:19:08
030300,저축은행,202607,0010390,고려저축은행,240060,GPS회전정기예금(비대면),36,M,복리,3.90%,3.30%,"1,048,246",3.90%,"인터넷,스마트폰",1,제한없음 (비거주 외국인 외 제한없음),복리,,없음,*2019.06.30 가입분까지 만기시점 보통예금이자율(현재0.1%) *2019.07.01 가입분부터 1개월이내: 당초 약정금리와 만기시 동일상품 동일계약기간의 신규약정금리 중 낮은이율 1개월초과: 보통예금이자율(현재0.1%),없음,,20260729,,202607291752,금융감독원 금융상품한눈에 Open API,2026-08-10T14:19:08
030300,저축은행,202607,0010391,국제저축은행,KJ0001A,꿈 찾아 정기예금,1,S,단리,1.00%,0.85%,"7,000",1.00%,영업점,1,제한없음,단리,,없음,만기후 1개월까지는 계약당시 금리와 만기시점 해당금리를 비교하여 낮은 금리 적용 만기후 1개월 초과 이후로는 보통예금 금리 적용,만기후 1개월까지는 계약당시 금리와 만기시점 해당금리를 비교하여 낮은 금리 적용 만기후 1개월 초과 이후로는 보통예금 금리 적용,,20260720,,202607201300,금융감독원 금융상품한눈에 Open API,2026-08-10T14:19:08
030300,저축은행,202607,0010391,국제저축은행,KJ0001A,꿈 찾아 정기예금,3,S,단리,2.00%,1.69%,"42,000",2.00%,영업점,1,제한없음,단리,,없음,만기후 1개월까지는 계약당시 금리와 만기시점 해당금리를 비교하여 낮은 금리 적용 만기후 1개월 초과 이후로는 보통예금 금리 적용,만기후 1개월까지는 계약당시 금리와 만기시점 해당금리를 비교하여 낮은 금리 적용 만기후 1개월 초과 이후로는 보통예금 금리 적용,,20260720,,202607201300,금융감독원 금융상품한눈에 Open API,2026-08-10T14:19:08
030300,저축은행,202607,0010391,국제저축은행,KJ0001A,꿈 찾아 정기예금,6,S,단리,2.20%,1.86%,"93,000",2.20%,영업점,1,제한없음,단리,,없음,만기후 1개월까지는 계약당시 금리와 만기시점 해당금리를 비교하여 낮은 금리 적용 만기후 1개월 초과 이후로는 보통예금 금리 적용,만기후 1개월까지는 계약당시 금리와 만기시점 해당금리를 비교하여 낮은 금리 적용 만기후 1개월 초과 이후로는 보통예금 금리 적용,,20260720,,202607201300,금융감독원 금융상품한눈에 Open API,2026-08-10T14:19:08
030300,저축은행,202607,0010391,국제저축은행,KJ0001A,꿈 찾아 정기예금,12,S,단리,3.30%,2.79%,"279,000",3.30%,영업점,1,제한없음,단리,,없음,만기후 1개월까지는 계약당시 금리와 만기시점 해당금리를 비교하여 낮은 금리 적용 만기후 1개월 초과 이후로는 보통예금 금리 적용,만기후 1개월까지는 계약당시 금리와 만기시점 해당금리를 비교하여 낮은 금리 적용 만기후 1개월 초과 이후로는 보통예금 금리 적용,,20260720,,202607201300,금융감독원 금융상품한눈에 Open API,2026-08-10T14:19:08
030300,저축은행,202607,0010391,국제저축은행,KJ0001A,꿈 찾아 정기예금,24,S,단리,2.20%,1.86%,"372,000",2.20%,영업점,1,제한없음,단리,,없음,만기후 1개월까지는 계약당시 금리와 만기시점 해당금리를 비교하여 낮은 금리 적용 만기후 1개월 초과 이후로는 보통예금 금리 적용,만기후 1개월까지는 계약당시 금리와 만기시점 해당금리를 비교하여 낮은 금리 적용 만기후 1개월 초과 이후로는 보통예금 금리 적용,,20260720,,202607201300,금융감독원 금융상품한눈에 Open API,2026-08-10T14:19:08
030300,저축은행,202607,0010391,국제저축은행,KJ0001A,꿈 찾아 정기예금,1,M,복리,1.00%,0.85%,"7,050",1.00%,영업점,1,제한없음,복리,,없음,만기후 1개월까지는 계약당시 금리와 만기시점 해당금리를 비교하여 낮은 금리 적용 만기후 1개월 초과 이후로는 보통예금 금리 적용,만기후 1개월까지는 계약당시 금리와 만기시점 해당금리를 비교하여 낮은 금리 적용 만기후 1개월 초과 이후로는 보통예금 금리 적용,,20260720,,202607201300,금융감독원 금융상품한눈에 Open API,2026-08-10T14:19:08
030300,저축은행,202607,0010391,국제저축은행,KJ0001A,꿈 찾아 정기예금,3,M,복리,2.00%,1.69%,"42,371",2.00%,영업점,1,제한없음,복리,,없음,만기후 1개월까지는 계약당시 금리와 만기시점 해당금리를 비교하여 낮은 금리 적용 만기후 1개월 초과 이후로는 보통예금 금리 적용,만기후 1개월까지는 계약당시 금리와 만기시점 해당금리를 비교하여 낮은 금리 적용 만기후 1개월 초과 이후로는 보통예금 금리 적용,,20260720,,202607201300,금융감독원 금융상품한눈에 Open API,2026-08-10T14:19:08
030300,저축은행,202607,0010391,국제저축은행,KJ0001A,꿈 찾아 정기예금,6,M,복리,2.20%,1.86%,"93,488",2.20%,영업점,1,제한없음,복리,,없음,만기후 1개월까지는 계약당시 금리와 만기시점 해당금리를 비교하여 낮은 금리 적용 만기후 1개월 초과 이후로는 보통예금 금리 적용,만기후 1개월까지는 계약당시 금리와 만기시점 해당금리를 비교하여 낮은 금리 적용 만기후 1개월 초과 이후로는 보통예금 금리 적용,,20260720,,202607201300,금융감독원 금융상품한눈에 Open API,2026-08-10T14:19:08
030300,저축은행,202607,0010391,국제저축은행,KJ0001A,꿈 찾아 정기예금,12,M,복리,3.30%,2.79%,"283,442",3.30%,영업점,1,제한없음,복리,,없음,만기후 1개월까지는 계약당시 금리와 만기시점 해당금리를 비교하여 낮은 금리 적용 만기후 1개월 초과 이후로는 보통예금 금리 적용,만기후 1개월까지는 계약당시 금리와 만기시점 해당금리를 비교하여 낮은 금리 적용 만기후 1개월 초과 이후로는 보통예금 금리 적용,,20260720,,202607201300,금융감독원 금융상품한눈에 Open API,2026-08-10T14:19:08
030300,저축은행,202607,0010391,국제저축은행,KJ0001A,꿈 찾아 정기예금,24,M,복리,2.20%,1.86%,"380,195",2.20%,영업점,1,제한없음,복리,,없음,만기후 1개월까지는 계약당시 금리와 만기시점 해당금리를 비교하여 낮은 금리 적용 만기후 1개월 초과 이후로는 보통예금 금리 적용,만기후 1개월까지는 계약당시 금리와 만기시점 해당금리를 비교하여 낮은 금리 적용 만기후 1개월 초과 이후로는 보통예금 금리 적용,,20260720,,202607201300,금융감독원 금융상품한눈에 Open API,2026-08-10T14:19:08
030300,저축은행,202607,0010391,국제저축은행,KJ0004A,꿈 찾아 정기예금(비대면),1,S,단리,1.00%,0.85%,"7,000",1.00%,스마트폰,1,제한없음 (만 19세 이상의 개인),단리,,없음,만기후 1개월까지는 계약당시 금리와 만기시점 해당금리를 비교하여 낮은 금리 적용 만기후 1개월 초과 이후로는 보통예금 금리 적용,만기후 1개월까지는 계약당시 금리와 만기시점 해당금리를 비교하여 낮은 금리 적용 만기후 1개월 초과 이후로는 보통예금 금리 적용,100000000,20260724,,202607240820,금융감독원 금융상품한눈에 Open API,2026-08-10T14:19:08
030300,저축은행,202607,0010391,국제저축은행,KJ0004A,꿈 찾아 정기예금(비대면),3,S,단리,2.00%,1.69%,"42,000",2.00%,스마트폰,1,제한없음 (만 19세 이상의 개인),단리,,없음,만기후 1개월까지는 계약당시 금리와 만기시점 해당금리를 비교하여 낮은 금리 적용 만기후 1개월 초과 이후로는 보통예금 금리 적용,만기후 1개월까지는 계약당시 금리와 만기시점 해당금리를 비교하여 낮은 금리 적용 만기후 1개월 초과 이후로는 보통예금 금리 적용,100000000,20260724,,202607240820,금융감독원 금융상품한눈에 Open API,2026-08-10T14:19:08
030300,저축은행,202607,0010391,국제저축은행,KJ0004A,꿈 찾아 정기예금(비대면),6,S,단리,2.20%,1.86%,"93,000",2.20%,스마트폰,1,제한없음 (만 19세 이상의 개인),단리,,없음,만기후 1개월까지는 계약당시 금리와 만기시점 해당금리를 비교하여 낮은 금리 적용 만기후 1개월 초과 이후로는 보통예금 금리 적용,만기후 1개월까지는 계약당시 금리와 만기시점 해당금리를 비교하여 낮은 금리 적용 만기후 1개월 초과 이후로는 보통예금 금리 적용,100000000,20260724,,202607240820,금융감독원 금융상품한눈에 Open API,2026-08-10T14:19:08
030300,저축은행,202607,0010391,국제저축은행,KJ0004A,꿈 찾아 정기예금(비대면),12,S,단리,3.90%,3.30%,"330,000",3.90%,스마트폰,1,제한없음 (만 19세 이상의 개인),단리,,없음,만기후 1개월까지는 계약당시 금리와 만기시점 해당금리를 비교하여 낮은 금리 적용 만기후 1개월 초과 이후로는 보통예금 금리 적용,만기후 1개월까지는 계약당시 금리와 만기시점 해당금리를 비교하여 낮은 금리 적용 만기후 1개월 초과 이후로는 보통예금 금리 적용,100000000,20260724,,202607240820,금융감독원 금융상품한눈에 Open API,2026-08-10T14:19:08
030300,저축은행,202607,0010391,국제저축은행,KJ0004A,꿈 찾아 정기예금(비대면),24,S,단리,2.20%,1.86%,"372,000",2.20%,스마트폰,1,제한없음 (만 19세 이상의 개인),단리,,없음,만기후 1개월까지는 계약당시 금리와 만기시점 해당금리를 비교하여 낮은 금리 적용 만기후 1개월 초과 이후로는 보통예금 금리 적용,만기후 1개월까지는 계약당시 금리와 만기시점 해당금리를 비교하여 낮은 금리 적용 만기후 1개월 초과 이후로는 보통예금 금리 적용,100000000,20260724,,202607240820,금융감독원 금융상품한눈에 Open API,2026-08-10T14:19:08
030300,저축은행,202607,0010391,국제저축은행,KJ0004A,꿈 찾아 정기예금(비대면),1,M,복리,1.00%,0.85%,"7,050",1.00%,스마트폰,1,제한없음 (만 19세 이상의 개인),복리,,없음,만기후 1개월까지는 계약당시 금리와 만기시점 해당금리를 비교하여 낮은 금리 적용 만기후 1개월 초과 이후로는 보통예금 금리 적용,만기후 1개월까지는 계약당시 금리와 만기시점 해당금리를 비교하여 낮은 금리 적용 만기후 1개월 초과 이후로는 보통예금 금리 적용,100000000,20260724,,202607240820,금융감독원 금융상품한눈에 Open API,2026-08-10T14:19:08
030300,저축은행,202607,0010391,국제저축은행,KJ0004A,꿈 찾아 정기예금(비대면),3,M,복리,2.00%,1.69%,"42,371",2.00%,스마트폰,1,제한없음 (만 19세 이상의 개인),복리,,없음,만기후 1개월까지는 계약당시 금리와 만기시점 해당금리를 비교하여 낮은 금리 적용 만기후 1개월 초과 이후로는 보통예금 금리 적용,만기후 1개월까지는 계약당시 금리와 만기시점 해당금리를 비교하여 낮은 금리 적용 만기후 1개월 초과 이후로는 보통예금 금리 적용,100000000,20260724,,202607240820,금융감독원 금융상품한눈에 Open API,2026-08-10T14:19:08
030300,저축은행,202607,0010391,국제저축은행,KJ0004A,꿈 찾아 정기예금(비대면),6,M,복리,2.20%,1.86%,"93,488",2.20%,스마트폰,1,제한없음 (만 19세 이상의 개인),복리,,없음,만기후 1개월까지는 계약당시 금리와 만기시점 해당금리를 비교하여 낮은 금리 적용 만기후 1개월 초과 이후로는 보통예금 금리 적용,만기후 1개월까지는 계약당시 금리와 만기시점 해당금리를 비교하여 낮은 금리 적용 만기후 1개월 초과 이후로는 보통예금 금리 적용,100000000,20260724,,202607240820,금융감독원 금융상품한눈에 Open API,2026-08-10T14:19:08
030300,저축은행,202607,0010391,국제저축은행,KJ0004A,꿈 찾아 정기예금(비대면),12,M,복리,3.90%,3.30%,"335,902",3.90%,스마트폰,1,제한없음 (만 19세 이상의 개인),복리,,없음,만기후 1개월까지는 계약당시 금리와 만기시점 해당금리를 비교하여 낮은 금리 적용 만기후 1개월 초과 이후로는 보통예금 금리 적용,만기후 1개월까지는 계약당시 금리와 만기시점 해당금리를 비교하여 낮은 금리 적용 만기후 1개월 초과 이후로는 보통예금 금리 적용,100000000,20260724,,202607240820,금융감독원 금융상품한눈에 Open API,2026-08-10T14:19:08
030300,저축은행,202607,0010391,국제저축은행,KJ0004A,꿈 찾아 정기예금(비대면),24,M,복리,2.20%,1.86%,"380,195",2.20%,스마트폰,1,제한없음 (만 19세 이상의 개인),복리,,없음,만기후 1개월까지는 계약당시 금리와 만기시점 해당금리를 비교하여 낮은 금리 적용 만기후 1개월 초과 이후로는 보통예금 금리 적용,만기후 1개월까지는 계약당시 금리와 만기시점 해당금리를 비교하여 낮은 금리 적용 만기후 1개월 초과 이후로는 보통예금 금리 적용,100000000,20260724,,202607240820,금융감독원 금융상품한눈에 Open API,2026-08-10T14:19:08
030300,저축은행,202607,0010404,DH저축은행,DH001,정기예금,1,S,단리,2.00%,1.69%,"14,000",2.00%,영업점,1,제한없음,단리,,없음,*1개월이하 : 약정이율 범위 내 현행이율 *1개월초과: 보통예금 이율,없음,,20260807,,202608071835,금융감독원 금융상품한눈에 Open API,2026-08-10T14:19:08
030300,저축은행,202607,0010404,DH저축은행,DH001,정기예금,3,S,단리,2.20%,1.86%,"47,000",2.20%,영업점,1,제한없음,단리,,없음,*1개월이하 : 약정이율 범위 내 현행이율 *1개월초과: 보통예금 이율,없음,,20260807,,202608071835,금융감독원 금융상품한눈에 Open API,2026-08-10T14:19:08
030300,저축은행,202607,0010404,DH저축은행,DH001,정기예금,6,S,단리,2.30%,1.95%,"97,000",2.30%,영업점,1,제한없음,단리,,없음,*1개월이하 : 약정이율 범위 내 현행이율 *1개월초과: 보통예금 이율,없음,,20260807,,202608071835,금융감독원 금융상품한눈에 Open API,2026-08-10T14:19:08
030300,저축은행,202607,0010404,DH저축은행,DH001,정기예금,12,S,단리,3.85%,3.26%,"326,000",3.85%,영업점,1,제한없음,단리,,없음,*1개월이하 : 약정이율 범위 내 현행이율 *1개월초과: 보통예금 이율,없음,,20260807,,202608071835,금융감독원 금융상품한눈에 Open API,2026-08-10T14:19:08
030300,저축은행,202607,0010404,DH저축은행,DH001,정기예금,24,S,단리,2.30%,1.95%,"389,000",2.30%,영업점,1,제한없음,단리,,없음,*1개월이하 : 약정이율 범위 내 현행이율 *1개월초과: 보통예금 이율,없음,,20260807,,202608071835,금융감독원 금융상품한눈에 Open API,2026-08-10T14:19:08
030300,저축은행,202607,0010404,DH저축은행,DH001,정기예금,1,M,복리,2.00%,1.69%,"14,100",2.00%,영업점,1,제한없음,복리,,없음,*1개월이하 : 약정이율 범위 내 현행이율 *1개월초과: 보통예금 이율,없음,,20260807,,202608071835,금융감독원 금융상품한눈에 Open API,2026-08-10T14:19:08
030300,저축은행,202607,0010404,DH저축은행,DH001,정기예금,3,M,복리,2.20%,1.86%,"46,615",2.20%,영업점,1,제한없음,복리,,없음,*1개월이하 : 약정이율 범위 내 현행이율 *1개월초과: 보통예금 이율,없음,,20260807,,202608071835,금융감독원 금융상품한눈에 Open API,2026-08-10T14:19:08
030300,저축은행,202607,0010404,DH저축은행,DH001,정기예금,6,M,복리,2.30%,1.95%,"97,757",2.30%,영업점,1,제한없음,복리,,없음,*1개월이하 : 약정이율 범위 내 현행이율 *1개월초과: 보통예금 이율,없음,,20260807,,202608071835,금융감독원 금융상품한눈에 Open API,2026-08-10T14:19:08
030300,저축은행,202607,0010404,DH저축은행,DH001,정기예금,12,M,복리,3.85%,3.26%,"331,519",3.85%,영업점,1,제한없음,복리,,없음,*1개월이하 : 약정이율 범위 내 현행이율 *1개월초과: 보통예금 이율,없음,,20260807,,202608071835,금융감독원 금융상품한눈에 Open API,2026-08-10T14:19:08
030300,저축은행,202607,0010404,DH저축은행,DH001,정기예금,24,M,복리,2.30%,1.95%,"397,860",2.30%,영업점,1,제한없음,복리,,없음,*1개월이하 : 약정이율 범위 내 현행이율 *1개월초과: 보통예금 이율,없음,,20260807,,202608071835,금융감독원 금융상품한눈에 Open API,2026-08-10T14:19:08
030300,저축은행,202607,0010404,DH저축은행,DH002,정기예금(비대면),1,S,단리,2.00%,1.69%,"14,000",2.00%,"인터넷,스마트폰",1,제한없음,단리,,없음,*1개월이하 : 약정이율 범위 내 현행이율 *1개월초과: 보통예금 이율,없음,,20260807,,202608071835,금융감독원 금융상품한눈에 Open API,2026-08-10T14:19:08
030300,저축은행,202607,0010404,DH저축은행,DH002,정기예금(비대면),3,S,단리,2.20%,1.86%,"47,000",2.20%,"인터넷,스마트폰",1,제한없음,단리,,없음,*1개월이하 : 약정이율 범위 내 현행이율 *1개월초과: 보통예금 이율,없음,,20260807,,202608071835,금융감독원 금융상품한눈에 Open API,2026-08-10T14:19:08
030300,저축은행,202607,0010404,DH저축은행,DH002,정기예금(비대면),6,S,단리,2.30%,1.95%,"97,000",2.30%,"인터넷,스마트폰",1,제한없음,단리,,없음,*1개월이하 : 약정이율 범위 내 현행이율 *1개월초과: 보통예금 이율,없음,,20260807,,202608071835,금융감독원 금융상품한눈에 Open API,2026-08-10T14:19:08
030300,저축은행,202607,0010404,DH저축은행,DH002,정기예금(비대면),12,S,단리,3.70%,3.13%,"313,000",3.70%,"인터넷,스마트폰",1,제한없음,단리,,없음,*1개월이하 : 약정이율 범위 내 현행이율 *1개월초과: 보통예금 이율,없음,,20260807,,202608071835,금융감독원 금융상품한눈에 Open API,2026-08-10T14:19:08
030300,저축은행,202607,0010404,DH저축은행,DH002,정기예금(비대면),1,M,복리,2.00%,1.69%,"14,100",2.00%,"인터넷,스마트폰",1,제한없음,복리,,없음,*1개월이하 : 약정이율 범위 내 현행이율 *1개월초과: 보통예금 이율,없음,,20260807,,202608071835,금융감독원 금융상품한눈에 Open API,2026-08-10T14:19:08
030300,저축은행,202607,0010404,DH저축은행,DH002,정기예금(비대면),3,M,복리,2.20%,1.86%,"46,615",2.20%,"인터넷,스마트폰",1,제한없음,복리,,없음,*1개월이하 : 약정이율 범위 내 현행이율 *1개월초과: 보통예금 이율,없음,,20260807,,202608071835,금융감독원 금융상품한눈에 Open API,2026-08-10T14:19:08
030300,저축은행,202607,0010404,DH저축은행,DH002,정기예금(비대면),6,M,복리,2.30%,1.95%,"97,757",2.30%,"인터넷,스마트폰",1,제한없음,복리,,없음,*1개월이하 : 약정이율 범위 내 현행이율 *1개월초과: 보통예금 이율,없음,,20260807,,202608071835,금융감독원 금융상품한눈에 Open API,2026-08-10T14:19:08
030300,저축은행,202607,0010404,DH저축은행,DH002,정기예금(비대면),12,M,복리,3.70%,3.13%,"318,383",3.70%,"인터넷,스마트폰",1,제한없음,복리,,없음,*1개월이하 : 약정이율 범위 내 현행이율 *1개월초과: 보통예금 이율,없음,,20260807,,202608071835,금융감독원 금융상품한눈에 Open API,2026-08-10T14:19:08
030300,저축은행,202607,0010416,흥국저축은행,240001,정기예금(부산),1,S,단리,2.00%,1.69%,"14,000",2.00%,영업점,1,제한없음,단리,,없음,- 만기 후 1개월 이하: 약정금리와 만기일 현재 정기예금 금리중 낮은 금리 적용 - 만기 후 1개월 초과: 보통예금 이율,없음,,20260731,,202607310805,금융감독원 금융상품한눈에 Open API,2026-08-10T14:19:08
030300,저축은행,202607,0010416,흥국저축은행,240001,정기예금(부산),3,S,단리,2.20%,1.86%,"47,000",2.20%,영업점,1,제한없음,단리,,없음,- 만기 후 1개월 이하: 약정금리와 만기일 현재 정기예금 금리중 낮은 금리 적용 - 만기 후 1개월 초과: 보통예금 이율,없음,,20260731,,202607310805,금융감독원 금융상품한눈에 Open API,2026-08-10T14:19:08
030300,저축은행,202607,0010416,흥국저축은행,240001,정기예금(부산),6,S,단리,2.90%,2.45%,"123,000",2.90%,영업점,1,제한없음,단리,,없음,- 만기 후 1개월 이하: 약정금리와 만기일 현재 정기예금 금리중 낮은 금리 적용 - 만기 후 1개월 초과: 보통예금 이율,없음,,20260731,,202607310805,금융감독원 금융상품한눈에 Open API,2026-08-10T14:19:08
030300,저축은행,202607,0010416,흥국저축은행,240001,정기예금(부산),12,S,단리,3.90%,3.30%,"330,000",3.90%,영업점,1,제한없음,단리,,없음,- 만기 후 1개월 이하: 약정금리와 만기일 현재 정기예금 금리중 낮은 금리 적용 - 만기 후 1개월 초과: 보통예금 이율,없음,,20260731,,202607310805,금융감독원 금융상품한눈에 Open API,2026-08-10T14:19:08
030300,저축은행,202607,0010416,흥국저축은행,240001,정기예금(부산),24,S,단리,3.70%,3.13%,"626,000",3.70%,영업점,1,제한없음,단리,,없음,- 만기 후 1개월 이하: 약정금리와 만기일 현재 정기예금 금리중 낮은 금리 적용 - 만기 후 1개월 초과: 보통예금 이율,없음,,20260731,,202607310805,금융감독원 금융상품한눈에 Open API,2026-08-10T14:19:08
030300,저축은행,202607,0010416,흥국저축은행,240001,정기예금(부산),1,M,복리,2.00%,1.69%,"14,100",2.00%,영업점,1,제한없음,복리,,없음,- 만기 후 1개월 이하: 약정금리와 만기일 현재 정기예금 금리중 낮은 금리 적용 - 만기 후 1개월 초과: 보통예금 이율,없음,,20260731,,202607310805,금융감독원 금융상품한눈에 Open API,2026-08-10T14:19:08
030300,저축은행,202607,0010416,흥국저축은행,240001,정기예금(부산),3,M,복리,2.20%,1.86%,"46,615",2.20%,영업점,1,제한없음,복리,,없음,- 만기 후 1개월 이하: 약정금리와 만기일 현재 정기예금 금리중 낮은 금리 적용 - 만기 후 1개월 초과: 보통예금 이율,없음,,20260731,,202607310805,금융감독원 금융상품한눈에 Open API,2026-08-10T14:19:08
030300,저축은행,202607,0010416,흥국저축은행,240001,정기예금(부산),6,M,복리,2.90%,2.45%,"123,414",2.90%,영업점,1,제한없음,복리,,없음,- 만기 후 1개월 이하: 약정금리와 만기일 현재 정기예금 금리중 낮은 금리 적용 - 만기 후 1개월 초과: 보통예금 이율,없음,,20260731,,202607310805,금융감독원 금융상품한눈에 Open API,2026-08-10T14:19:08
030300,저축은행,202607,0010416,흥국저축은행,240001,정기예금(부산),12,M,복리,3.90%,3.30%,"335,902",3.90%,영업점,1,제한없음,복리,,없음,- 만기 후 1개월 이하: 약정금리와 만기일 현재 정기예금 금리중 낮은 금리 적용 - 만기 후 1개월 초과: 보통예금 이율,없음,,20260731,,202607310805,금융감독원 금융상품한눈에 Open API,2026-08-10T14:19:08
030300,저축은행,202607,0010416,흥국저축은행,240001,정기예금(부산),24,M,복리,3.70%,3.13%,"648,748",3.70%,영업점,1,제한없음,복리,,없음,- 만기 후 1개월 이하: 약정금리와 만기일 현재 정기예금 금리중 낮은 금리 적용 - 만기 후 1개월 초과: 보통예금 이율,없음,,20260731,,202607310805,금융감독원 금융상품한눈에 Open API,2026-08-10T14:19:08
030300,저축은행,202607,0010416,흥국저축은행,240005,E-정기예금,1,S,단리,2.00%,1.69%,"14,000",2.00%,인터넷,1,제한없음,단리,,없음,- 만기 후 1개월 이하: 약정금리와 만기일 현재 정기예금 금리중 낮은 금리 적용 - 만기 후 1개월 초과: 보통예금 이율,없음,,20260731,,202607310805,금융감독원 금융상품한눈에 Open API,2026-08-10T14:19:08
030300,저축은행,202607,0010416,흥국저축은행,240005,E-정기예금,3,S,단리,2.20%,1.86%,"47,000",2.20%,인터넷,1,제한없음,단리,,없음,- 만기 후 1개월 이하: 약정금리와 만기일 현재 정기예금 금리중 낮은 금리 적용 - 만기 후 1개월 초과: 보통예금 이율,없음,,20260731,,202607310805,금융감독원 금융상품한눈에 Open API,2026-08-10T14:19:08
030300,저축은행,202607,0010416,흥국저축은행,240005,E-정기예금,6,S,단리,2.90%,2.45%,"123,000",2.90%,인터넷,1,제한없음,단리,,없음,- 만기 후 1개월 이하: 약정금리와 만기일 현재 정기예금 금리중 낮은 금리 적용 - 만기 후 1개월 초과: 보통예금 이율,없음,,20260731,,202607310805,금융감독원 금융상품한눈에 Open API,2026-08-10T14:19:08
030300,저축은행,202607,0010416,흥국저축은행,240005,E-정기예금,12,S,단리,3.90%,3.30%,"330,000",3.90%,인터넷,1,제한없음,단리,,없음,- 만기 후 1개월 이하: 약정금리와 만기일 현재 정기예금 금리중 낮은 금리 적용 - 만기 후 1개월 초과: 보통예금 이율,없음,,20260731,,202607310805,금융감독원 금융상품한눈에 Open API,2026-08-10T14:19:08
030300,저축은행,202607,0010416,흥국저축은행,240005,E-정기예금,24,S,단리,2.70%,2.28%,"457,000",2.70%,인터넷,1,제한없음,단리,,없음,- 만기 후 1개월 이하: 약정금리와 만기일 현재 정기예금 금리중 낮은 금리 적용 - 만기 후 1개월 초과: 보통예금 이율,없음,,20260731,,202607310805,금융감독원 금융상품한눈에 Open API,2026-08-10T14:19:08
030300,저축은행,202607,0010416,흥국저축은행,240005,E-정기예금,1,M,복리,2.00%,1.69%,"14,100",2.00%,인터넷,1,제한없음,복리,,없음,- 만기 후 1개월 이하: 약정금리와 만기일 현재 정기예금 금리중 낮은 금리 적용 - 만기 후 1개월 초과: 보통예금 이율,없음,,20260731,,202607310805,금융감독원 금융상품한눈에 Open API,2026-08-10T14:19:08
030300,저축은행,202607,0010416,흥국저축은행,240005,E-정기예금,3,M,복리,2.20%,1.86%,"46,615",2.20%,인터넷,1,제한없음,복리,,없음,- 만기 후 1개월 이하: 약정금리와 만기일 현재 정기예금 금리중 낮은 금리 적용 - 만기 후 1개월 초과: 보통예금 이율,없음,,20260731,,202607310805,금융감독원 금융상품한눈에 Open API,2026-08-10T14:19:08
030300,저축은행,202607,0010416,흥국저축은행,240005,E-정기예금,6,M,복리,2.90%,2.45%,"123,414",2.90%,인터넷,1,제한없음,복리,,없음,- 만기 후 1개월 이하: 약정금리와 만기일 현재 정기예금 금리중 낮은 금리 적용 - 만기 후 1개월 초과: 보통예금 이율,없음,,20260731,,202607310805,금융감독원 금융상품한눈에 Open API,2026-08-10T14:19:08
030300,저축은행,202607,0010416,흥국저축은행,240005,E-정기예금,12,M,복리,3.90%,3.30%,"335,902",3.90%,인터넷,1,제한없음,복리,,없음,- 만기 후 1개월 이하: 약정금리와 만기일 현재 정기예금 금리중 낮은 금리 적용 - 만기 후 1개월 초과: 보통예금 이율,없음,,20260731,,202607310805,금융감독원 금융상품한눈에 Open API,2026-08-10T14:19:08
030300,저축은행,202607,0010416,흥국저축은행,240005,E-정기예금,24,M,복리,2.70%,2.28%,"468,858",2.70%,인터넷,1,제한없음,복리,,없음,- 만기 후 1개월 이하: 약정금리와 만기일 현재 정기예금 금리중 낮은 금리 적용 - 만기 후 1개월 초과: 보통예금 이율,없음,,20260731,,202607310805,금융감독원 금융상품한눈에 Open API,2026-08-10T14:19:08
030300,저축은행,202607,0010416,흥국저축은행,240007,S-정기예금,1,S,단리,2.00%,1.69%,"14,000",2.00%,스마트폰,1,제한없음,단리,,없음,- 만기 후 1개월 이하: 약정금리와 만기일 현재 정기예금 금리중 낮은 금리 적용 - 만기 후 1개월 초과: 보통예금 이율,없음,,20260731,,202607310805,금융감독원 금융상품한눈에 Open API,2026-08-10T14:19:08
030300,저축은행,202607,0010416,흥국저축은행,240007,S-정기예금,3,S,단리,2.20%,1.86%,"47,000",2.20%,스마트폰,1,제한없음,단리,,없음,- 만기 후 1개월 이하: 약정금리와 만기일 현재 정기예금 금리중 낮은 금리 적용 - 만기 후 1개월 초과: 보통예금 이율,없음,,20260731,,202607310805,금융감독원 금융상품한눈에 Open API,2026-08-10T14:19:08
030300,저축은행,202607,0010416,흥국저축은행,240007,S-정기예금,6,S,단리,2.90%,2.45%,"123,000",2.90%,스마트폰,1,제한없음,단리,,없음,- 만기 후 1개월 이하: 약정금리와 만기일 현재 정기예금 금리중 낮은 금리 적용 - 만기 후 1개월 초과: 보통예금 이율,없음,,20260731,,202607310805,금융감독원 금융상품한눈에 Open API,2026-08-10T14:19:08
030300,저축은행,202607,0010416,흥국저축은행,240007,S-정기예금,12,S,단리,3.90%,3.30%,"330,000",3.90%,스마트폰,1,제한없음,단리,,없음,- 만기 후 1개월 이하: 약정금리와 만기일 현재 정기예금 금리중 낮은 금리 적용 - 만기 후 1개월 초과: 보통예금 이율,없음,,20260731,,202607310805,금융감독원 금융상품한눈에 Open API,2026-08-10T14:19:08
030300,저축은행,202607,0010416,흥국저축은행,240007,S-정기예금,24,S,단리,2.70%,2.28%,"457,000",2.70%,스마트폰,1,제한없음,단리,,없음,- 만기 후 1개월 이하: 약정금리와 만기일 현재 정기예금 금리중 낮은 금리 적용 - 만기 후 1개월 초과: 보통예금 이율,없음,,20260731,,202607310805,금융감독원 금융상품한눈에 Open API,2026-08-10T14:19:08
030300,저축은행,202607,0010416,흥국저축은행,240007,S-정기예금,1,M,복리,2.00%,1.69%,"14,100",2.00%,스마트폰,1,제한없음,복리,,없음,- 만기 후 1개월 이하: 약정금리와 만기일 현재 정기예금 금리중 낮은 금리 적용 - 만기 후 1개월 초과: 보통예금 이율,없음,,20260731,,202607310805,금융감독원 금융상품한눈에 Open API,2026-08-10T14:19:08
030300,저축은행,202607,0010416,흥국저축은행,240007,S-정기예금,3,M,복리,2.20%,1.86%,"46,615",2.20%,스마트폰,1,제한없음,복리,,없음,- 만기 후 1개월 이하: 약정금리와 만기일 현재 정기예금 금리중 낮은 금리 적용 - 만기 후 1개월 초과: 보통예금 이율,없음,,20260731,,202607310805,금융감독원 금융상품한눈에 Open API,2026-08-10T14:19:08
030300,저축은행,202607,0010416,흥국저축은행,240007,S-정기예금,6,M,복리,2.90%,2.45%,"123,414",2.90%,스마트폰,1,제한없음,복리,,없음,- 만기 후 1개월 이하: 약정금리와 만기일 현재 정기예금 금리중 낮은 금리 적용 - 만기 후 1개월 초과: 보통예금 이율,없음,,20260731,,202607310805,금융감독원 금융상품한눈에 Open API,2026-08-10T14:19:08
030300,저축은행,202607,0010416,흥국저축은행,240007,S-정기예금,12,M,복리,3.90%,3.30%,"335,902",3.90%,스마트폰,1,제한없음,복리,,없음,- 만기 후 1개월 이하: 약정금리와 만기일 현재 정기예금 금리중 낮은 금리 적용 - 만기 후 1개월 초과: 보통예금 이율,없음,,20260731,,202607310805,금융감독원 금융상품한눈에 Open API,2026-08-10T14:19:08
030300,저축은행,202607,0010416,흥국저축은행,240007,S-정기예금,24,M,복리,2.70%,2.28%,"468,858",2.70%,스마트폰,1,제한없음,복리,,없음,- 만기 후 1개월 이하: 약정금리와 만기일 현재 정기예금 금리중 낮은 금리 적용 - 만기 후 1개월 초과: 보통예금 이율,없음,,20260731,,202607310805,금융감독원 금융상품한눈에 Open API,2026-08-10T14:19:08
030300,저축은행,202607,0010416,흥국저축은행,240010,비대면 정기예금,1,S,단리,2.00%,1.69%,"14,000",2.00%,스마트폰,1,제한없음,단리,,없음,- 만기 후 1개월 이하: 약정금리와 만기일 현재 정기예금 금리중 낮은 금리 적용 - 만기 후 1개월 초과: 보통예금 이율,없음,,20260731,,202607310805,금융감독원 금융상품한눈에 Open API,2026-08-10T14:19:08
030300,저축은행,202607,0010416,흥국저축은행,240010,비대면 정기예금,3,S,단리,2.20%,1.86%,"47,000",2.20%,스마트폰,1,제한없음,단리,,없음,- 만기 후 1개월 이하: 약정금리와 만기일 현재 정기예금 금리중 낮은 금리 적용 - 만기 후 1개월 초과: 보통예금 이율,없음,,20260731,,202607310805,금융감독원 금융상품한눈에 Open API,2026-08-10T14:19:08
030300,저축은행,202607,0010416,흥국저축은행,240010,비대면 정기예금,6,S,단리,2.90%,2.45%,"123,000",2.90%,스마트폰,1,제한없음,단리,,없음,- 만기 후 1개월 이하: 약정금리와 만기일 현재 정기예금 금리중 낮은 금리 적용 - 만기 후 1개월 초과: 보통예금 이율,없음,,20260731,,202607310805,금융감독원 금융상품한눈에 Open API,2026-08-10T14:19:08
030300,저축은행,202607,0010416,흥국저축은행,240010,비대면 정기예금,12,S,단리,3.90%,3.30%,"330,000",3.90%,스마트폰,1,제한없음,단리,,없음,- 만기 후 1개월 이하: 약정금리와 만기일 현재 정기예금 금리중 낮은 금리 적용 - 만기 후 1개월 초과: 보통예금 이율,없음,,20260731,,202607310805,금융감독원 금융상품한눈에 Open API,2026-08-10T14:19:08
030300,저축은행,202607,0010416,흥국저축은행,240010,비대면 정기예금,24,S,단리,2.70%,2.28%,"457,000",2.70%,스마트폰,1,제한없음,단리,,없음,- 만기 후 1개월 이하: 약정금리와 만기일 현재 정기예금 금리중 낮은 금리 적용 - 만기 후 1개월 초과: 보통예금 이율,없음,,20260731,,202607310805,금융감독원 금융상품한눈에 Open API,2026-08-10T14:19:08
030300,저축은행,202607,0010416,흥국저축은행,240010,비대면 정기예금,1,M,복리,2.00%,1.69%,"14,100",2.00%,스마트폰,1,제한없음,복리,,없음,- 만기 후 1개월 이하: 약정금리와 만기일 현재 정기예금 금리중 낮은 금리 적용 - 만기 후 1개월 초과: 보통예금 이율,없음,,20260731,,202607310805,금융감독원 금융상품한눈에 Open API,2026-08-10T14:19:08
030300,저축은행,202607,0010416,흥국저축은행,240010,비대면 정기예금,3,M,복리,2.20%,1.86%,"46,615",2.20%,스마트폰,1,제한없음,복리,,없음,- 만기 후 1개월 이하: 약정금리와 만기일 현재 정기예금 금리중 낮은 금리 적용 - 만기 후 1개월 초과: 보통예금 이율,없음,,20260731,,202607310805,금융감독원 금융상품한눈에 Open API,2026-08-10T14:19:08
030300,저축은행,202607,0010416,흥국저축은행,240010,비대면 정기예금,6,M,복리,2.90%,2.45%,"123,414",2.90%,스마트폰,1,제한없음,복리,,없음,- 만기 후 1개월 이하: 약정금리와 만기일 현재 정기예금 금리중 낮은 금리 적용 - 만기 후 1개월 초과: 보통예금 이율,없음,,20260731,,202607310805,금융감독원 금융상품한눈에 Open API,2026-08-10T14:19:08
030300,저축은행,202607,0010416,흥국저축은행,240010,비대면 정기예금,12,M,복리,3.90%,3.30%,"335,902",3.90%,스마트폰,1,제한없음,복리,,없음,- 만기 후 1개월 이하: 약정금리와 만기일 현재 정기예금 금리중 낮은 금리 적용 - 만기 후 1개월 초과: 보통예금 이율,없음,,20260731,,202607310805,금융감독원 금융상품한눈에 Open API,2026-08-10T14:19:08
030300,저축은행,202607,0010416,흥국저축은행,240010,비대면 정기예금,24,M,복리,2.70%,2.28%,"468,858",2.70%,스마트폰,1,제한없음,복리,,없음,- 만기 후 1개월 이하: 약정금리와 만기일 현재 정기예금 금리중 낮은 금리 적용 - 만기 후 1개월 초과: 보통예금 이율,없음,,20260731,,202607310805,금융감독원 금융상품한눈에 Open API,2026-08-10T14:19:08
030300,저축은행,202607,0010416,흥국저축은행,240016,정기예금(강남),1,S,단리,2.00%,1.69%,"14,000",2.00%,영업점,1,제한없음,단리,,없음,- 만기 후 1개월 이하: 약정금리와 만기일 현재 정기예금 금리중 낮은 금리 적용 - 만기 후 1개월 초과: 보통예금 이율,없음,,20260731,,202607310805,금융감독원 금융상품한눈에 Open API,2026-08-10T14:19:08
030300,저축은행,202607,0010416,흥국저축은행,240016,정기예금(강남),3,S,단리,2.20%,1.86%,"47,000",2.20%,영업점,1,제한없음,단리,,없음,- 만기 후 1개월 이하: 약정금리와 만기일 현재 정기예금 금리중 낮은 금리 적용 - 만기 후 1개월 초과: 보통예금 이율,없음,,20260731,,202607310805,금융감독원 금융상품한눈에 Open API,2026-08-10T14:19:08
030300,저축은행,202607,0010416,흥국저축은행,240016,정기예금(강남),6,S,단리,2.90%,2.45%,"123,000",2.90%,영업점,1,제한없음,단리,,없음,- 만기 후 1개월 이하: 약정금리와 만기일 현재 정기예금 금리중 낮은 금리 적용 - 만기 후 1개월 초과: 보통예금 이율,없음,,20260731,,202607310805,금융감독원 금융상품한눈에 Open API,2026-08-10T14:19:08
030300,저축은행,202607,0010416,흥국저축은행,240016,정기예금(강남),12,S,단리,3.90%,3.30%,"330,000",3.90%,영업점,1,제한없음,단리,,없음,- 만기 후 1개월 이하: 약정금리와 만기일 현재 정기예금 금리중 낮은 금리 적용 - 만기 후 1개월 초과: 보통예금 이율,없음,,20260731,,202607310805,금융감독원 금융상품한눈에 Open API,2026-08-10T14:19:08
030300,저축은행,202607,0010416,흥국저축은행,240016,정기예금(강남),24,S,단리,3.70%,3.13%,"626,000",3.70%,영업점,1,제한없음,단리,,없음,- 만기 후 1개월 이하: 약정금리와 만기일 현재 정기예금 금리중 낮은 금리 적용 - 만기 후 1개월 초과: 보통예금 이율,없음,,20260731,,202607310805,금융감독원 금융상품한눈에 Open API,2026-08-10T14:19:08
030300,저축은행,202607,0010416,흥국저축은행,240016,정기예금(강남),1,M,복리,2.00%,1.69%,"14,100",2.00%,영업점,1,제한없음,복리,,없음,- 만기 후 1개월 이하: 약정금리와 만기일 현재 정기예금 금리중 낮은 금리 적용 - 만기 후 1개월 초과: 보통예금 이율,없음,,20260731,,202607310805,금융감독원 금융상품한눈에 Open API,2026-08-10T14:19:08
030300,저축은행,202607,0010416,흥국저축은행,240016,정기예금(강남),3,M,복리,2.20%,1.86%,"46,615",2.20%,영업점,1,제한없음,복리,,없음,- 만기 후 1개월 이하: 약정금리와 만기일 현재 정기예금 금리중 낮은 금리 적용 - 만기 후 1개월 초과: 보통예금 이율,없음,,20260731,,202607310805,금융감독원 금융상품한눈에 Open API,2026-08-10T14:19:08
030300,저축은행,202607,0010416,흥국저축은행,240016,정기예금(강남),6,M,복리,2.90%,2.45%,"123,414",2.90%,영업점,1,제한없음,복리,,없음,- 만기 후 1개월 이하: 약정금리와 만기일 현재 정기예금 금리중 낮은 금리 적용 - 만기 후 1개월 초과: 보통예금 이율,없음,,20260731,,202607310805,금융감독원 금융상품한눈에 Open API,2026-08-10T14:19:08
030300,저축은행,202607,0010416,흥국저축은행,240016,정기예금(강남),12,M,복리,3.90%,3.30%,"335,902",3.90%,영업점,1,제한없음,복리,,없음,- 만기 후 1개월 이하: 약정금리와 만기일 현재 정기예금 금리중 낮은 금리 적용 - 만기 후 1개월 초과: 보통예금 이율,없음,,20260731,,202607310805,금융감독원 금융상품한눈에 Open API,2026-08-10T14:19:08
030300,저축은행,202607,0010416,흥국저축은행,240016,정기예금(강남),24,M,복리,3.70%,3.13%,"648,748",3.70%,영업점,1,제한없음,복리,,없음,- 만기 후 1개월 이하: 약정금리와 만기일 현재 정기예금 금리중 낮은 금리 적용 - 만기 후 1개월 초과: 보통예금 이율,없음,,20260731,,202607310805,금융감독원 금융상품한눈에 Open API,2026-08-10T14:19:08
030300,저축은행,202607,0010418,우리저축은행,240004,정기예금,1,S,단리,1.00%,0.85%,"7,000",1.00%,영업점,1,제한없음,단리,,없음,- 만기 후 1개월 이하: 약정금리와 만기일 현재 정기예금 금리중 낮은 금리 적용 - 만기 후 1개월 초과: 보통예금 이율,없음,,20260720,,202607201300,금융감독원 금융상품한눈에 Open API,2026-08-10T14:19:08
030300,저축은행,202607,0010418,우리저축은행,240004,정기예금,3,S,단리,1.50%,1.27%,"32,000",1.50%,영업점,1,제한없음,단리,,없음,- 만기 후 1개월 이하: 약정금리와 만기일 현재 정기예금 금리중 낮은 금리 적용 - 만기 후 1개월 초과: 보통예금 이율,없음,,20260720,,202607201300,금융감독원 금융상품한눈에 Open API,2026-08-10T14:19:08
030300,저축은행,202607,0010418,우리저축은행,240004,정기예금,6,S,단리,2.20%,1.86%,"93,000",2.20%,영업점,1,제한없음,단리,,없음,- 만기 후 1개월 이하: 약정금리와 만기일 현재 정기예금 금리중 낮은 금리 적용 - 만기 후 1개월 초과: 보통예금 이율,없음,,20260720,,202607201300,금융감독원 금융상품한눈에 Open API,2026-08-10T14:19:08
030300,저축은행,202607,0010418,우리저축은행,240004,정기예금,12,S,단리,4.00%,3.38%,"338,000",4.00%,영업점,1,제한없음,단리,,없음,- 만기 후 1개월 이하: 약정금리와 만기일 현재 정기예금 금리중 낮은 금리 적용 - 만기 후 1개월 초과: 보통예금 이율,없음,,20260720,,202607201300,금융감독원 금융상품한눈에 Open API,2026-08-10T14:19:08
030300,저축은행,202607,0010418,우리저축은행,240004,정기예금,24,S,단리,2.00%,1.69%,"338,000",2.00%,영업점,1,제한없음,단리,,없음,- 만기 후 1개월 이하: 약정금리와 만기일 현재 정기예금 금리중 낮은 금리 적용 - 만기 후 1개월 초과: 보통예금 이율,없음,,20260720,,202607201300,금융감독원 금융상품한눈에 Open API,2026-08-10T14:19:08
030300,저축은행,202607,0010418,우리저축은행,240004,정기예금,1,M,복리,1.00%,0.85%,"7,050",1.00%,영업점,1,제한없음,복리,,없음,- 만기 후 1개월 이하: 약정금리와 만기일 현재 정기예금 금리중 낮은 금리 적용 - 만기 후 1개월 초과: 보통예금 이율,없음,,20260720,,202607201300,금융감독원 금융상품한눈에 Open API,2026-08-10T14:19:08
030300,저축은행,202607,0010418,우리저축은행,240004,정기예금,3,M,복리,1.50%,1.27%,"31,765",1.50%,영업점,1,제한없음,복리,,없음,- 만기 후 1개월 이하: 약정금리와 만기일 현재 정기예금 금리중 낮은 금리 적용 - 만기 후 1개월 초과: 보통예금 이율,없음,,20260720,,202607201300,금융감독원 금융상품한눈에 Open API,2026-08-10T14:19:08
030300,저축은행,202607,0010418,우리저축은행,240004,정기예금,6,M,복리,2.20%,1.86%,"93,488",2.20%,영업점,1,제한없음,복리,,없음,- 만기 후 1개월 이하: 약정금리와 만기일 현재 정기예금 금리중 낮은 금리 적용 - 만기 후 1개월 초과: 보통예금 이율,없음,,20260720,,202607201300,금융감독원 금융상품한눈에 Open API,2026-08-10T14:19:08
030300,저축은행,202607,0010418,우리저축은행,240004,정기예금,12,M,복리,4.00%,3.38%,"344,673",4.00%,영업점,1,제한없음,복리,,없음,- 만기 후 1개월 이하: 약정금리와 만기일 현재 정기예금 금리중 낮은 금리 적용 - 만기 후 1개월 초과: 보통예금 이율,없음,,20260720,,202607201300,금융감독원 금융상품한눈에 Open API,2026-08-10T14:19:08
030300,저축은행,202607,0010418,우리저축은행,240004,정기예금,24,M,복리,2.00%,1.69%,"344,966",2.00%,영업점,1,제한없음,복리,,없음,- 만기 후 1개월 이하: 약정금리와 만기일 현재 정기예금 금리중 낮은 금리 적용 - 만기 후 1개월 초과: 보통예금 이율,없음,,20260720,,202607201300,금융감독원 금융상품한눈에 Open API,2026-08-10T14:19:08
030300,저축은행,202607,0010418,우리저축은행,240006,정기예금(비대면),1,S,단리,1.00%,0.85%,"7,000",1.00%,"인터넷,스마트폰",1,제한없음,단리,,없음,- 만기 후 1개월 이하: 약정금리와 만기일 현재 정기예금 금리중 낮은 금리 적용 - 만기 후 1개월 초과: 보통예금 이율,없음,,20260810,,202608100821,금융감독원 금융상품한눈에 Open API,2026-08-10T14:19:08
030300,저축은행,202607,0010418,우리저축은행,240006,정기예금(비대면),3,S,단리,1.50%,1.27%,"32,000",1.50%,"인터넷,스마트폰",1,제한없음,단리,,없음,- 만기 후 1개월 이하: 약정금리와 만기일 현재 정기예금 금리중 낮은 금리 적용 - 만기 후 1개월 초과: 보통예금 이율,없음,,20260810,,202608100821,금융감독원 금융상품한눈에 Open API,2026-08-10T14:19:08
030300,저축은행,202607,0010418,우리저축은행,240006,정기예금(비대면),6,S,단리,2.20%,1.86%,"93,000",2.20%,"인터넷,스마트폰",1,제한없음,단리,,없음,- 만기 후 1개월 이하: 약정금리와 만기일 현재 정기예금 금리중 낮은 금리 적용 - 만기 후 1개월 초과: 보통예금 이율,없음,,20260810,,202608100821,금융감독원 금융상품한눈에 Open API,2026-08-10T14:19:08
030300,저축은행,202607,0010418,우리저축은행,240006,정기예금(비대면),12,S,단리,4.06%,3.43%,"343,000",4.06%,"인터넷,스마트폰",1,제한없음,단리,,없음,- 만기 후 1개월 이하: 약정금리와 만기일 현재 정기예금 금리중 낮은 금리 적용 - 만기 후 1개월 초과: 보통예금 이율,없음,,20260810,,202608100821,금융감독원 금융상품한눈에 Open API,2026-08-10T14:19:08
030300,저축은행,202607,0010418,우리저축은행,240006,정기예금(비대면),24,S,단리,2.00%,1.69%,"338,000",2.00%,"인터넷,스마트폰",1,제한없음,단리,,없음,- 만기 후 1개월 이하: 약정금리와 만기일 현재 정기예금 금리중 낮은 금리 적용 - 만기 후 1개월 초과: 보통예금 이율,없음,,20260810,,202608100821,금융감독원 금융상품한눈에 Open API,2026-08-10T14:19:08
030300,저축은행,202607,0010418,우리저축은행,240006,정기예금(비대면),1,M,복리,1.00%,0.85%,"7,050",1.00%,"인터넷,스마트폰",1,제한없음,복리,,없음,- 만기 후 1개월 이하: 약정금리와 만기일 현재 정기예금 금리중 낮은 금리 적용 - 만기 후 1개월 초과: 보통예금 이율,없음,,20260810,,202608100821,금융감독원 금융상품한눈에 Open API,2026-08-10T14:19:08
030300,저축은행,202607,0010418,우리저축은행,240006,정기예금(비대면),3,M,복리,1.50%,1.27%,"31,765",1.50%,"인터넷,스마트폰",1,제한없음,복리,,없음,- 만기 후 1개월 이하: 약정금리와 만기일 현재 정기예금 금리중 낮은 금리 적용 - 만기 후 1개월 초과: 보통예금 이율,없음,,20260810,,202608100821,금융감독원 금융상품한눈에 Open API,2026-08-10T14:19:08
030300,저축은행,202607,0010418,우리저축은행,240006,정기예금(비대면),6,M,복리,2.20%,1.86%,"93,488",2.20%,"인터넷,스마트폰",1,제한없음,복리,,없음,- 만기 후 1개월 이하: 약정금리와 만기일 현재 정기예금 금리중 낮은 금리 적용 - 만기 후 1개월 초과: 보통예금 이율,없음,,20260810,,202608100821,금융감독원 금융상품한눈에 Open API,2026-08-10T14:19:08
030300,저축은행,202607,0010418,우리저축은행,240006,정기예금(비대면),12,M,복리,4.06%,3.43%,"349,940",4.06%,"인터넷,스마트폰",1,제한없음,복리,,없음,- 만기 후 1개월 이하: 약정금리와 만기일 현재 정기예금 금리중 낮은 금리 적용 - 만기 후 1개월 초과: 보통예금 이율,없음,,20260810,,202608100821,금융감독원 금융상품한눈에 Open API,2026-08-10T14:19:08
030300,저축은행,202607,0010418,우리저축은행,240006,정기예금(비대면),24,M,복리,2.00%,1.69%,"344,966",2.00%,"인터넷,스마트폰",1,제한없음,복리,,없음,- 만기 후 1개월 이하: 약정금리와 만기일 현재 정기예금 금리중 낮은 금리 적용 - 만기 후 1개월 초과: 보통예금 이율,없음,,20260810,,202608100821,금융감독원 금융상품한눈에 Open API,2026-08-10T14:19:08
030300,저축은행,202607,0010419,인성저축은행,240013,정기예금,1,S,단리,1.90%,1.61%,"13,000",1.90%,영업점,1,제한없음 (-제한없음),단리,,없음,-1개월이내 : 약정이율 -1개월초과 : 보통예금이율,-없음,,20260720,,202607201300,금융감독원 금융상품한눈에 Open API,2026-08-10T14:19:08
030300,저축은행,202607,0010419,인성저축은행,240013,정기예금,3,S,단리,2.30%,1.95%,"49,000",2.30%,영업점,1,제한없음 (-제한없음),단리,,없음,-1개월이내 : 약정이율 -1개월초과 : 보통예금이율,-없음,,20260720,,202607201300,금융감독원 금융상품한눈에 Open API,2026-08-10T14:19:08
030300,저축은행,202607,0010419,인성저축은행,240013,정기예금,6,S,단리,3.00%,2.54%,"127,000",3.00%,영업점,1,제한없음 (-제한없음),단리,,없음,-1개월이내 : 약정이율 -1개월초과 : 보통예금이율,-없음,,20260720,,202607201300,금융감독원 금융상품한눈에 Open API,2026-08-10T14:19:08
030300,저축은행,202607,0010419,인성저축은행,240013,정기예금,12,S,단리,3.90%,3.30%,"330,000",3.90%,영업점,1,제한없음 (-제한없음),단리,,없음,-1개월이내 : 약정이율 -1개월초과 : 보통예금이율,-없음,,20260720,,202607201300,금융감독원 금융상품한눈에 Open API,2026-08-10T14:19:08
030300,저축은행,202607,0010419,인성저축은행,240013,정기예금,24,S,단리,3.40%,2.88%,"575,000",3.40%,영업점,1,제한없음 (-제한없음),단리,,없음,-1개월이내 : 약정이율 -1개월초과 : 보통예금이율,-없음,,20260720,,202607201300,금융감독원 금융상품한눈에 Open API,2026-08-10T14:19:08
030300,저축은행,202607,0010419,인성저축은행,240013,정기예금,36,S,단리,3.40%,2.88%,"863,000",3.40%,영업점,1,제한없음 (-제한없음),단리,,없음,-1개월이내 : 약정이율 -1개월초과 : 보통예금이율,-없음,,20260720,,202607201300,금융감독원 금융상품한눈에 Open API,2026-08-10T14:19:08
030300,저축은행,202607,0010419,인성저축은행,240013,정기예금,1,M,복리,1.90%,1.61%,"13,395",1.90%,영업점,1,제한없음 (-제한없음),복리,,없음,-1개월이내 : 약정이율 -1개월초과 : 보통예금이율,-없음,,20260720,,202607201300,금융감독원 금융상품한눈에 Open API,2026-08-10T14:19:08
030300,저축은행,202607,0010419,인성저축은행,240013,정기예금,3,M,복리,2.30%,1.95%,"48,738",2.30%,영업점,1,제한없음 (-제한없음),복리,,없음,-1개월이내 : 약정이율 -1개월초과 : 보통예금이율,-없음,,20260720,,202607201300,금융감독원 금융상품한눈에 Open API,2026-08-10T14:19:08
030300,저축은행,202607,0010419,인성저축은행,240013,정기예금,6,M,복리,3.00%,2.54%,"127,696",3.00%,영업점,1,제한없음 (-제한없음),복리,,없음,-1개월이내 : 약정이율 -1개월초과 : 보통예금이율,-없음,,20260720,,202607201300,금융감독원 금융상품한눈에 Open API,2026-08-10T14:19:08
030300,저축은행,202607,0010419,인성저축은행,240013,정기예금,12,M,복리,3.90%,3.30%,"335,902",3.90%,영업점,1,제한없음 (-제한없음),복리,,없음,-1개월이내 : 약정이율 -1개월초과 : 보통예금이율,-없음,,20260720,,202607201300,금융감독원 금융상품한눈에 Open API,2026-08-10T14:19:08
030300,저축은행,202607,0010419,인성저축은행,240013,정기예금,24,M,복리,3.40%,2.88%,"594,420",3.40%,영업점,1,제한없음 (-제한없음),복리,,없음,-1개월이내 : 약정이율 -1개월초과 : 보통예금이율,-없음,,20260720,,202607201300,금융감독원 금융상품한눈에 Open API,2026-08-10T14:19:08
030300,저축은행,202607,0010419,인성저축은행,240013,정기예금,36,M,복리,3.40%,2.88%,"907,113",3.40%,영업점,1,제한없음 (-제한없음),복리,,없음,-1개월이내 : 약정이율 -1개월초과 : 보통예금이율,-없음,,20260720,,202607201300,금융감독원 금융상품한눈에 Open API,2026-08-10T14:19:08
030300,저축은행,202607,0010419,인성저축은행,240015,e-정기예금,1,S,단리,1.90%,1.61%,"13,000",1.90%,"인터넷,스마트폰",1,제한없음 (-만19세이상의 개인),단리,,없음,-1개월이내 : 약정이율 -1개월초과 : 보통예금이율,-통장을 발급하지 않는 온라인 전용상품으로 영업점 해지시 우대금리 적용불가,,20260720,,202607201300,금융감독원 금융상품한눈에 Open API,2026-08-10T14:19:08
030300,저축은행,202607,0010419,인성저축은행,240015,e-정기예금,3,S,단리,2.30%,1.95%,"49,000",2.30%,"인터넷,스마트폰",1,제한없음 (-만19세이상의 개인),단리,,없음,-1개월이내 : 약정이율 -1개월초과 : 보통예금이율,-통장을 발급하지 않는 온라인 전용상품으로 영업점 해지시 우대금리 적용불가,,20260720,,202607201300,금융감독원 금융상품한눈에 Open API,2026-08-10T14:19:08
030300,저축은행,202607,0010419,인성저축은행,240015,e-정기예금,6,S,단리,3.00%,2.54%,"127,000",3.00%,"인터넷,스마트폰",1,제한없음 (-만19세이상의 개인),단리,,없음,-1개월이내 : 약정이율 -1개월초과 : 보통예금이율,-통장을 발급하지 않는 온라인 전용상품으로 영업점 해지시 우대금리 적용불가,,20260720,,202607201300,금융감독원 금융상품한눈에 Open API,2026-08-10T14:19:08
030300,저축은행,202607,0010419,인성저축은행,240015,e-정기예금,12,S,단리,3.80%,3.21%,"321,000",3.80%,"인터넷,스마트폰",1,제한없음 (-만19세이상의 개인),단리,,없음,-1개월이내 : 약정이율 -1개월초과 : 보통예금이율,-통장을 발급하지 않는 온라인 전용상품으로 영업점 해지시 우대금리 적용불가,,20260720,,202607201300,금융감독원 금융상품한눈에 Open API,2026-08-10T14:19:08
030300,저축은행,202607,0010419,인성저축은행,240015,e-정기예금,24,S,단리,3.40%,2.88%,"575,000",3.40%,"인터넷,스마트폰",1,제한없음 (-만19세이상의 개인),단리,,없음,-1개월이내 : 약정이율 -1개월초과 : 보통예금이율,-통장을 발급하지 않는 온라인 전용상품으로 영업점 해지시 우대금리 적용불가,,20260720,,202607201300,금융감독원 금융상품한눈에 Open API,2026-08-10T14:19:08
030300,저축은행,202607,0010419,인성저축은행,240015,e-정기예금,36,S,단리,3.40%,2.88%,"863,000",3.40%,"인터넷,스마트폰",1,제한없음 (-만19세이상의 개인),단리,,없음,-1개월이내 : 약정이율 -1개월초과 : 보통예금이율,-통장을 발급하지 않는 온라인 전용상품으로 영업점 해지시 우대금리 적용불가,,20260720,,202607201300,금융감독원 금융상품한눈에 Open API,2026-08-10T14:19:08
030300,저축은행,202607,0010419,인성저축은행,240015,e-정기예금,1,M,복리,1.90%,1.61%,"13,395",1.90%,"인터넷,스마트폰",1,제한없음 (-만19세이상의 개인),복리,,없음,-1개월이내 : 약정이율 -1개월초과 : 보통예금이율,-통장을 발급하지 않는 온라인 전용상품으로 영업점 해지시 우대금리 적용불가,,20260720,,202607201300,금융감독원 금융상품한눈에 Open API,2026-08-10T14:19:08
030300,저축은행,202607,0010419,인성저축은행,240015,e-정기예금,3,M,복리,2.30%,1.95%,"48,738",2.30%,"인터넷,스마트폰",1,제한없음 (-만19세이상의 개인),복리,,없음,-1개월이내 : 약정이율 -1개월초과 : 보통예금이율,-통장을 발급하지 않는 온라인 전용상품으로 영업점 해지시 우대금리 적용불가,,20260720,,202607201300,금융감독원 금융상품한눈에 Open API,2026-08-10T14:19:08
030300,저축은행,202607,0010419,인성저축은행,240015,e-정기예금,6,M,복리,3.00%,2.54%,"127,696",3.00%,"인터넷,스마트폰",1,제한없음 (-만19세이상의 개인),복리,,없음,-1개월이내 : 약정이율 -1개월초과 : 보통예금이율,-통장을 발급하지 않는 온라인 전용상품으로 영업점 해지시 우대금리 적용불가,,20260720,,202607201300,금융감독원 금융상품한눈에 Open API,2026-08-10T14:19:08
030300,저축은행,202607,0010419,인성저축은행,240015,e-정기예금,12,M,복리,3.80%,3.21%,"327,139",3.80%,"인터넷,스마트폰",1,제한없음 (-만19세이상의 개인),복리,,없음,-1개월이내 : 약정이율 -1개월초과 : 보통예금이율,-통장을 발급하지 않는 온라인 전용상품으로 영업점 해지시 우대금리 적용불가,,20260720,,202607201300,금융감독원 금융상품한눈에 Open API,2026-08-10T14:19:08
030300,저축은행,202607,0010419,인성저축은행,240015,e-정기예금,24,M,복리,3.40%,2.88%,"594,420",3.40%,"인터넷,스마트폰",1,제한없음 (-만19세이상의 개인),복리,,없음,-1개월이내 : 약정이율 -1개월초과 : 보통예금이율,-통장을 발급하지 않는 온라인 전용상품으로 영업점 해지시 우대금리 적용불가,,20260720,,202607201300,금융감독원 금융상품한눈에 Open API,2026-08-10T14:19:08
030300,저축은행,202607,0010419,인성저축은행,240015,e-정기예금,36,M,복리,3.40%,2.88%,"907,113",3.40%,"인터넷,스마트폰",1,제한없음 (-만19세이상의 개인),복리,,없음,-1개월이내 : 약정이율 -1개월초과 : 보통예금이율,-통장을 발급하지 않는 온라인 전용상품으로 영업점 해지시 우대금리 적용불가,,20260720,,202607201300,금융감독원 금융상품한눈에 Open API,2026-08-10T14:19:08
030300,저축은행,202607,0010419,인성저축은행,240017,회전정기예금,12,S,단리,3.90%,3.30%,"330,000",3.90%,영업점,1,제한없음 (-제한없음),단리,,없음,-1개월이내 : 약정이율 -1개월초과 : 보통예금이율,"- 상품최초 가입일자부터 1년이 경과하여 해지하는 경우에는 금번 금리변경＊전 일자까지는 약정이율이 적용되고, 금번 금리변경일 이후 1년 경과 전 중도해지 시 위 기간별 중도해지이율이 적용됩니다. * 본건 회전식정기예금 금리는 최초가입 일부터 1년 단위로 변경 적용되며, 적용되는 약정이율은 금리변경일의 당행 회전식 정기예금 금리가 적용됩니다.",,20260720,,202607201300,금융감독원 금융상품한눈에 Open API,2026-08-10T14:19:08
030300,저축은행,202607,0010419,인성저축은행,240017,회전정기예금,12,M,복리,3.90%,3.30%,"335,902",3.90%,영업점,1,제한없음 (-제한없음),복리,,없음,-1개월이내 : 약정이율 -1개월초과 : 보통예금이율,"- 상품최초 가입일자부터 1년이 경과하여 해지하는 경우에는 금번 금리변경＊전 일자까지는 약정이율이 적용되고, 금번 금리변경일 이후 1년 경과 전 중도해지 시 위 기간별 중도해지이율이 적용됩니다. * 본건 회전식정기예금 금리는 최초가입 일부터 1년 단위로 변경 적용되며, 적용되는 약정이율은 금리변경일의 당행 회전식 정기예금 금리가 적용됩니다.",,20260720,,202607201300,금융감독원 금융상품한눈에 Open API,2026-08-10T14:19:08
030300,저축은행,202607,0010419,인성저축은행,240019,e-회전정기예금,12,S,단리,3.80%,3.21%,"321,000",3.80%,"인터넷,스마트폰",1,제한없음 (-만19세이상의 개인),단리,,없음,-1개월이내 : 약정이율 -1개월초과 : 보통예금이율,"- 상품최초 가입일자부터 1년이 경과하여 해지하는 경우에는 금번 금리변경＊전 일자까지는 약정이율이 적용되고, 금번 금리변경일 이후 1년 경과 전 중도해지 시 위 기간별 중도해지이율이 적용됩니다. * 본건 회전식정기예금 금리는 최초가입 일부터 1년 단위로 변경 적용되며, 적용되는 약정이율은 금리변경일의 당행 e-회전식 정기예금 금리가 적용됩니다.",,20260720,,202607201300,금융감독원 금융상품한눈에 Open API,2026-08-10T14:19:08
030300,저축은행,202607,0010419,인성저축은행,240019,e-회전정기예금,12,M,복리,3.80%,3.21%,"327,139",3.80%,"인터넷,스마트폰",1,제한없음 (-만19세이상의 개인),복리,,없음,-1개월이내 : 약정이율 -1개월초과 : 보통예금이율,"- 상품최초 가입일자부터 1년이 경과하여 해지하는 경우에는 금번 금리변경＊전 일자까지는 약정이율이 적용되고, 금번 금리변경일 이후 1년 경과 전 중도해지 시 위 기간별 중도해지이율이 적용됩니다. * 본건 회전식정기예금 금리는 최초가입 일부터 1년 단위로 변경 적용되며, 적용되는 약정이율은 금리변경일의 당행 e-회전식 정기예금 금리가 적용됩니다.",,20260720,,202607201300,금융감독원 금융상품한눈에 Open API,2026-08-10T14:19:08
030300,저축은행,202607,0010421,금화저축은행,KH2400,정기예금,1,S,단리,1.70%,1.44%,"12,000",1.70%,영업점,1,제한없음,단리,,창구전용상품,① 만기 후 1개월 이내 : 약정금리 ② 만기 후 1개월 초과 : 보통예금 이율 (0.2%),중도해지이율 - ① 1개월 미만 : 보통예금이율 (0.2%) ② 1개월이상~6개월미만 : 약정이율X50% ③ 6개월이상~12개월미만 : 약정이율X55% ④ 12개월이상~24개월미만 : 약정이율X60% ⑤ 24개월이상~36개월미만 : 약정이율X70%,,20260720,,202607201300,금융감독원 금융상품한눈에 Open API,2026-08-10T14:19:08
030300,저축은행,202607,0010421,금화저축은행,KH2400,정기예금,3,S,단리,2.20%,1.86%,"47,000",2.20%,영업점,1,제한없음,단리,,창구전용상품,① 만기 후 1개월 이내 : 약정금리 ② 만기 후 1개월 초과 : 보통예금 이율 (0.2%),중도해지이율 - ① 1개월 미만 : 보통예금이율 (0.2%) ② 1개월이상~6개월미만 : 약정이율X50% ③ 6개월이상~12개월미만 : 약정이율X55% ④ 12개월이상~24개월미만 : 약정이율X60% ⑤ 24개월이상~36개월미만 : 약정이율X70%,,20260720,,202607201300,금융감독원 금융상품한눈에 Open API,2026-08-10T14:19:08
030300,저축은행,202607,0010421,금화저축은행,KH2400,정기예금,6,S,단리,3.50%,2.96%,"148,000",3.50%,영업점,1,제한없음,단리,,창구전용상품,① 만기 후 1개월 이내 : 약정금리 ② 만기 후 1개월 초과 : 보통예금 이율 (0.2%),중도해지이율 - ① 1개월 미만 : 보통예금이율 (0.2%) ② 1개월이상~6개월미만 : 약정이율X50% ③ 6개월이상~12개월미만 : 약정이율X55% ④ 12개월이상~24개월미만 : 약정이율X60% ⑤ 24개월이상~36개월미만 : 약정이율X70%,,20260720,,202607201300,금융감독원 금융상품한눈에 Open API,2026-08-10T14:19:08
030300,저축은행,202607,0010421,금화저축은행,KH2400,정기예금,12,S,단리,4.00%,3.38%,"338,000",4.00%,영업점,1,제한없음,단리,,창구전용상품,① 만기 후 1개월 이내 : 약정금리 ② 만기 후 1개월 초과 : 보통예금 이율 (0.2%),중도해지이율 - ① 1개월 미만 : 보통예금이율 (0.2%) ② 1개월이상~6개월미만 : 약정이율X50% ③ 6개월이상~12개월미만 : 약정이율X55% ④ 12개월이상~24개월미만 : 약정이율X60% ⑤ 24개월이상~36개월미만 : 약정이율X70%,,20260720,,202607201300,금융감독원 금융상품한눈에 Open API,2026-08-10T14:19:08
030300,저축은행,202607,0010421,금화저축은행,KH2400,정기예금,24,S,단리,4.00%,3.38%,"677,000",4.00%,영업점,1,제한없음,단리,,창구전용상품,① 만기 후 1개월 이내 : 약정금리 ② 만기 후 1개월 초과 : 보통예금 이율 (0.2%),중도해지이율 - ① 1개월 미만 : 보통예금이율 (0.2%) ② 1개월이상~6개월미만 : 약정이율X50% ③ 6개월이상~12개월미만 : 약정이율X55% ④ 12개월이상~24개월미만 : 약정이율X60% ⑤ 24개월이상~36개월미만 : 약정이율X70%,,20260720,,202607201300,금융감독원 금융상품한눈에 Open API,2026-08-10T14:19:08
030300,저축은행,202607,0010421,금화저축은행,KH2400,정기예금,36,S,단리,3.00%,2.54%,"761,000",3.00%,영업점,1,제한없음,단리,,창구전용상품,① 만기 후 1개월 이내 : 약정금리 ② 만기 후 1개월 초과 : 보통예금 이율 (0.2%),중도해지이율 - ① 1개월 미만 : 보통예금이율 (0.2%) ② 1개월이상~6개월미만 : 약정이율X50% ③ 6개월이상~12개월미만 : 약정이율X55% ④ 12개월이상~24개월미만 : 약정이율X60% ⑤ 24개월이상~36개월미만 : 약정이율X70%,,20260720,,202607201300,금융감독원 금융상품한눈에 Open API,2026-08-10T14:19:08
030300,저축은행,202607,0010421,금화저축은행,KH2400,정기예금,1,M,복리,1.70%,1.44%,"11,985",1.70%,영업점,1,제한없음,복리,,창구전용상품,① 만기 후 1개월 이내 : 약정금리 ② 만기 후 1개월 초과 : 보통예금 이율 (0.2%),중도해지이율 - ① 1개월 미만 : 보통예금이율 (0.2%) ② 1개월이상~6개월미만 : 약정이율X50% ③ 6개월이상~12개월미만 : 약정이율X55% ④ 12개월이상~24개월미만 : 약정이율X60% ⑤ 24개월이상~36개월미만 : 약정이율X70%,,20260720,,202607201300,금융감독원 금융상품한눈에 Open API,2026-08-10T14:19:08
030300,저축은행,202607,0010421,금화저축은행,KH2400,정기예금,3,M,복리,2.20%,1.86%,"46,615",2.20%,영업점,1,제한없음,복리,,창구전용상품,① 만기 후 1개월 이내 : 약정금리 ② 만기 후 1개월 초과 : 보통예금 이율 (0.2%),중도해지이율 - ① 1개월 미만 : 보통예금이율 (0.2%) ② 1개월이상~6개월미만 : 약정이율X50% ③ 6개월이상~12개월미만 : 약정이율X55% ④ 12개월이상~24개월미만 : 약정이율X60% ⑤ 24개월이상~36개월미만 : 약정이율X70%,,20260720,,202607201300,금융감독원 금융상품한눈에 Open API,2026-08-10T14:19:08
030300,저축은행,202607,0010421,금화저축은행,KH2400,정기예금,6,M,복리,3.50%,2.96%,"149,134",3.50%,영업점,1,제한없음,복리,,창구전용상품,① 만기 후 1개월 이내 : 약정금리 ② 만기 후 1개월 초과 : 보통예금 이율 (0.2%),중도해지이율 - ① 1개월 미만 : 보통예금이율 (0.2%) ② 1개월이상~6개월미만 : 약정이율X50% ③ 6개월이상~12개월미만 : 약정이율X55% ④ 12개월이상~24개월미만 : 약정이율X60% ⑤ 24개월이상~36개월미만 : 약정이율X70%,,20260720,,202607201300,금융감독원 금융상품한눈에 Open API,2026-08-10T14:19:08
030300,저축은행,202607,0010421,금화저축은행,KH2400,정기예금,12,M,복리,4.00%,3.38%,"344,673",4.00%,영업점,1,제한없음,복리,,창구전용상품,① 만기 후 1개월 이내 : 약정금리 ② 만기 후 1개월 초과 : 보통예금 이율 (0.2%),중도해지이율 - ① 1개월 미만 : 보통예금이율 (0.2%) ② 1개월이상~6개월미만 : 약정이율X50% ③ 6개월이상~12개월미만 : 약정이율X55% ④ 12개월이상~24개월미만 : 약정이율X60% ⑤ 24개월이상~36개월미만 : 약정이율X70%,,20260720,,202607201300,금융감독원 금융상품한눈에 Open API,2026-08-10T14:19:08
030300,저축은행,202607,0010421,금화저축은행,KH2400,정기예금,24,M,복리,4.00%,3.38%,"703,389",4.00%,영업점,1,제한없음,복리,,창구전용상품,① 만기 후 1개월 이내 : 약정금리 ② 만기 후 1개월 초과 : 보통예금 이율 (0.2%),중도해지이율 - ① 1개월 미만 : 보통예금이율 (0.2%) ② 1개월이상~6개월미만 : 약정이율X50% ③ 6개월이상~12개월미만 : 약정이율X55% ④ 12개월이상~24개월미만 : 약정이율X60% ⑤ 24개월이상~36개월미만 : 약정이율X70%,,20260720,,202607201300,금융감독원 금융상품한눈에 Open API,2026-08-10T14:19:08
030300,저축은행,202607,0010421,금화저축은행,KH2400,정기예금,36,M,복리,3.00%,2.54%,"795,675",3.00%,영업점,1,제한없음,복리,,창구전용상품,① 만기 후 1개월 이내 : 약정금리 ② 만기 후 1개월 초과 : 보통예금 이율 (0.2%),중도해지이율 - ① 1개월 미만 : 보통예금이율 (0.2%) ② 1개월이상~6개월미만 : 약정이율X50% ③ 6개월이상~12개월미만 : 약정이율X55% ④ 12개월이상~24개월미만 : 약정이율X60% ⑤ 24개월이상~36개월미만 : 약정이율X70%,,20260720,,202607201300,금융감독원 금융상품한눈에 Open API,2026-08-10T14:19:08
030300,저축은행,202607,0010421,금화저축은행,KH2401,e-정기예금,1,S,단리,1.70%,1.44%,"12,000",1.70%,"인터넷,스마트폰",1,제한없음 (인터넷 및 모바일뱅킹 사용자),단리,,-,① 만기 후 1개월 이내 : 약정금리 ② 만기 후 1개월 초과 : 보통예금 이율 (0.2%),중도해지이율 - ① 1개월 미만 : 보통예금이율 (0.2%) ② 1개월이상~6개월미만 : 약정이율X50% ③ 6개월이상~12개월미만 : 약정이율X55% ④ 12개월이상~24개월미만 : 약정이율X60% ⑤ 24개월이상~36개월미만 : 약정이율X70%,,20260720,,202607201300,금융감독원 금융상품한눈에 Open API,2026-08-10T14:19:08
030300,저축은행,202607,0010421,금화저축은행,KH2401,e-정기예금,3,S,단리,2.20%,1.86%,"47,000",2.20%,"인터넷,스마트폰",1,제한없음 (인터넷 및 모바일뱅킹 사용자),단리,,-,① 만기 후 1개월 이내 : 약정금리 ② 만기 후 1개월 초과 : 보통예금 이율 (0.2%),중도해지이율 - ① 1개월 미만 : 보통예금이율 (0.2%) ② 1개월이상~6개월미만 : 약정이율X50% ③ 6개월이상~12개월미만 : 약정이율X55% ④ 12개월이상~24개월미만 : 약정이율X60% ⑤ 24개월이상~36개월미만 : 약정이율X70%,,20260720,,202607201300,금융감독원 금융상품한눈에 Open API,2026-08-10T14:19:08
030300,저축은행,202607,0010421,금화저축은행,KH2401,e-정기예금,6,S,단리,3.50%,2.96%,"148,000",3.50%,"인터넷,스마트폰",1,제한없음 (인터넷 및 모바일뱅킹 사용자),단리,,-,① 만기 후 1개월 이내 : 약정금리 ② 만기 후 1개월 초과 : 보통예금 이율 (0.2%),중도해지이율 - ① 1개월 미만 : 보통예금이율 (0.2%) ② 1개월이상~6개월미만 : 약정이율X50% ③ 6개월이상~12개월미만 : 약정이율X55% ④ 12개월이상~24개월미만 : 약정이율X60% ⑤ 24개월이상~36개월미만 : 약정이율X70%,,20260720,,202607201300,금융감독원 금융상품한눈에 Open API,2026-08-10T14:19:08
030300,저축은행,202607,0010421,금화저축은행,KH2401,e-정기예금,12,S,단리,4.00%,3.38%,"338,000",4.00%,"인터넷,스마트폰",1,제한없음 (인터넷 및 모바일뱅킹 사용자),단리,,-,① 만기 후 1개월 이내 : 약정금리 ② 만기 후 1개월 초과 : 보통예금 이율 (0.2%),중도해지이율 - ① 1개월 미만 : 보통예금이율 (0.2%) ② 1개월이상~6개월미만 : 약정이율X50% ③ 6개월이상~12개월미만 : 약정이율X55% ④ 12개월이상~24개월미만 : 약정이율X60% ⑤ 24개월이상~36개월미만 : 약정이율X70%,,20260720,,202607201300,금융감독원 금융상품한눈에 Open API,2026-08-10T14:19:08
030300,저축은행,202607,0010421,금화저축은행,KH2401,e-정기예금,24,S,단리,4.00%,3.38%,"677,000",4.00%,"인터넷,스마트폰",1,제한없음 (인터넷 및 모바일뱅킹 사용자),단리,,-,① 만기 후 1개월 이내 : 약정금리 ② 만기 후 1개월 초과 : 보통예금 이율 (0.2%),중도해지이율 - ① 1개월 미만 : 보통예금이율 (0.2%) ② 1개월이상~6개월미만 : 약정이율X50% ③ 6개월이상~12개월미만 : 약정이율X55% ④ 12개월이상~24개월미만 : 약정이율X60% ⑤ 24개월이상~36개월미만 : 약정이율X70%,,20260720,,202607201300,금융감독원 금융상품한눈에 Open API,2026-08-10T14:19:08
030300,저축은행,202607,0010421,금화저축은행,KH2401,e-정기예금,36,S,단리,3.00%,2.54%,"761,000",3.00%,"인터넷,스마트폰",1,제한없음 (인터넷 및 모바일뱅킹 사용자),단리,,-,① 만기 후 1개월 이내 : 약정금리 ② 만기 후 1개월 초과 : 보통예금 이율 (0.2%),중도해지이율 - ① 1개월 미만 : 보통예금이율 (0.2%) ② 1개월이상~6개월미만 : 약정이율X50% ③ 6개월이상~12개월미만 : 약정이율X55% ④ 12개월이상~24개월미만 : 약정이율X60% ⑤ 24개월이상~36개월미만 : 약정이율X70%,,20260720,,202607201300,금융감독원 금융상품한눈에 Open API,2026-08-10T14:19:08
030300,저축은행,202607,0010421,금화저축은행,KH2401,e-정기예금,1,M,복리,1.70%,1.44%,"11,985",1.70%,"인터넷,스마트폰",1,제한없음 (인터넷 및 모바일뱅킹 사용자),복리,,-,① 만기 후 1개월 이내 : 약정금리 ② 만기 후 1개월 초과 : 보통예금 이율 (0.2%),중도해지이율 - ① 1개월 미만 : 보통예금이율 (0.2%) ② 1개월이상~6개월미만 : 약정이율X50% ③ 6개월이상~12개월미만 : 약정이율X55% ④ 12개월이상~24개월미만 : 약정이율X60% ⑤ 24개월이상~36개월미만 : 약정이율X70%,,20260720,,202607201300,금융감독원 금융상품한눈에 Open API,2026-08-10T14:19:08
030300,저축은행,202607,0010421,금화저축은행,KH2401,e-정기예금,3,M,복리,2.20%,1.86%,"46,615",2.20%,"인터넷,스마트폰",1,제한없음 (인터넷 및 모바일뱅킹 사용자),복리,,-,① 만기 후 1개월 이내 : 약정금리 ② 만기 후 1개월 초과 : 보통예금 이율 (0.2%),중도해지이율 - ① 1개월 미만 : 보통예금이율 (0.2%) ② 1개월이상~6개월미만 : 약정이율X50% ③ 6개월이상~12개월미만 : 약정이율X55% ④ 12개월이상~24개월미만 : 약정이율X60% ⑤ 24개월이상~36개월미만 : 약정이율X70%,,20260720,,202607201300,금융감독원 금융상품한눈에 Open API,2026-08-10T14:19:08
030300,저축은행,202607,0010421,금화저축은행,KH2401,e-정기예금,6,M,복리,3.50%,2.96%,"149,134",3.50%,"인터넷,스마트폰",1,제한없음 (인터넷 및 모바일뱅킹 사용자),복리,,-,① 만기 후 1개월 이내 : 약정금리 ② 만기 후 1개월 초과 : 보통예금 이율 (0.2%),중도해지이율 - ① 1개월 미만 : 보통예금이율 (0.2%) ② 1개월이상~6개월미만 : 약정이율X50% ③ 6개월이상~12개월미만 : 약정이율X55% ④ 12개월이상~24개월미만 : 약정이율X60% ⑤ 24개월이상~36개월미만 : 약정이율X70%,,20260720,,202607201300,금융감독원 금융상품한눈에 Open API,2026-08-10T14:19:08
030300,저축은행,202607,0010421,금화저축은행,KH2401,e-정기예금,12,M,복리,4.00%,3.38%,"344,673",4.00%,"인터넷,스마트폰",1,제한없음 (인터넷 및 모바일뱅킹 사용자),복리,,-,① 만기 후 1개월 이내 : 약정금리 ② 만기 후 1개월 초과 : 보통예금 이율 (0.2%),중도해지이율 - ① 1개월 미만 : 보통예금이율 (0.2%) ② 1개월이상~6개월미만 : 약정이율X50% ③ 6개월이상~12개월미만 : 약정이율X55% ④ 12개월이상~24개월미만 : 약정이율X60% ⑤ 24개월이상~36개월미만 : 약정이율X70%,,20260720,,202607201300,금융감독원 금융상품한눈에 Open API,2026-08-10T14:19:08
030300,저축은행,202607,0010421,금화저축은행,KH2401,e-정기예금,24,M,복리,4.00%,3.38%,"703,389",4.00%,"인터넷,스마트폰",1,제한없음 (인터넷 및 모바일뱅킹 사용자),복리,,-,① 만기 후 1개월 이내 : 약정금리 ② 만기 후 1개월 초과 : 보통예금 이율 (0.2%),중도해지이율 - ① 1개월 미만 : 보통예금이율 (0.2%) ② 1개월이상~6개월미만 : 약정이율X50% ③ 6개월이상~12개월미만 : 약정이율X55% ④ 12개월이상~24개월미만 : 약정이율X60% ⑤ 24개월이상~36개월미만 : 약정이율X70%,,20260720,,202607201300,금융감독원 금융상품한눈에 Open API,2026-08-10T14:19:08
030300,저축은행,202607,0010421,금화저축은행,KH2401,e-정기예금,36,M,복리,3.00%,2.54%,"795,675",3.00%,"인터넷,스마트폰",1,제한없음 (인터넷 및 모바일뱅킹 사용자),복리,,-,① 만기 후 1개월 이내 : 약정금리 ② 만기 후 1개월 초과 : 보통예금 이율 (0.2%),중도해지이율 - ① 1개월 미만 : 보통예금이율 (0.2%) ② 1개월이상~6개월미만 : 약정이율X50% ③ 6개월이상~12개월미만 : 약정이율X55% ④ 12개월이상~24개월미만 : 약정이율X60% ⑤ 24개월이상~36개월미만 : 약정이율X70%,,20260720,,202607201300,금융감독원 금융상품한눈에 Open API,2026-08-10T14:19:08
030300,저축은행,202607,0010421,금화저축은행,KH2402,비대면-정기예금,1,S,단리,1.70%,1.44%,"12,000",1.70%,스마트폰,1,제한없음 (비대면 어플사용자),단리,,-,① 만기 후 1개월 이내 : 약정금리 ② 만기 후 1개월 초과 : 보통예금 이율 (0.2%),중도해지이율 - ① 1개월 미만 : 보통예금이율 (0.2%) ② 1개월이상~6개월미만 : 약정이율X50% ③ 6개월이상~12개월미만 : 약정이율X55% ④ 12개월이상~24개월미만 : 약정이율X60% ⑤ 24개월이상~36개월미만 : 약정이율X70%,,20260720,,202607201300,금융감독원 금융상품한눈에 Open API,2026-08-10T14:19:08
030300,저축은행,202607,0010421,금화저축은행,KH2402,비대면-정기예금,3,S,단리,2.20%,1.86%,"47,000",2.20%,스마트폰,1,제한없음 (비대면 어플사용자),단리,,-,① 만기 후 1개월 이내 : 약정금리 ② 만기 후 1개월 초과 : 보통예금 이율 (0.2%),중도해지이율 - ① 1개월 미만 : 보통예금이율 (0.2%) ② 1개월이상~6개월미만 : 약정이율X50% ③ 6개월이상~12개월미만 : 약정이율X55% ④ 12개월이상~24개월미만 : 약정이율X60% ⑤ 24개월이상~36개월미만 : 약정이율X70%,,20260720,,202607201300,금융감독원 금융상품한눈에 Open API,2026-08-10T14:19:08
030300,저축은행,202607,0010421,금화저축은행,KH2402,비대면-정기예금,6,S,단리,3.50%,2.96%,"148,000",3.50%,스마트폰,1,제한없음 (비대면 어플사용자),단리,,-,① 만기 후 1개월 이내 : 약정금리 ② 만기 후 1개월 초과 : 보통예금 이율 (0.2%),중도해지이율 - ① 1개월 미만 : 보통예금이율 (0.2%) ② 1개월이상~6개월미만 : 약정이율X50% ③ 6개월이상~12개월미만 : 약정이율X55% ④ 12개월이상~24개월미만 : 약정이율X60% ⑤ 24개월이상~36개월미만 : 약정이율X70%,,20260720,,202607201300,금융감독원 금융상품한눈에 Open API,2026-08-10T14:19:08
030300,저축은행,202607,0010421,금화저축은행,KH2402,비대면-정기예금,12,S,단리,4.00%,3.38%,"338,000",4.00%,스마트폰,1,제한없음 (비대면 어플사용자),단리,,-,① 만기 후 1개월 이내 : 약정금리 ② 만기 후 1개월 초과 : 보통예금 이율 (0.2%),중도해지이율 - ① 1개월 미만 : 보통예금이율 (0.2%) ② 1개월이상~6개월미만 : 약정이율X50% ③ 6개월이상~12개월미만 : 약정이율X55% ④ 12개월이상~24개월미만 : 약정이율X60% ⑤ 24개월이상~36개월미만 : 약정이율X70%,,20260720,,202607201300,금융감독원 금융상품한눈에 Open API,2026-08-10T14:19:08
030300,저축은행,202607,0010421,금화저축은행,KH2402,비대면-정기예금,24,S,단리,4.00%,3.38%,"677,000",4.00%,스마트폰,1,제한없음 (비대면 어플사용자),단리,,-,① 만기 후 1개월 이내 : 약정금리 ② 만기 후 1개월 초과 : 보통예금 이율 (0.2%),중도해지이율 - ① 1개월 미만 : 보통예금이율 (0.2%) ② 1개월이상~6개월미만 : 약정이율X50% ③ 6개월이상~12개월미만 : 약정이율X55% ④ 12개월이상~24개월미만 : 약정이율X60% ⑤ 24개월이상~36개월미만 : 약정이율X70%,,20260720,,202607201300,금융감독원 금융상품한눈에 Open API,2026-08-10T14:19:08
030300,저축은행,202607,0010421,금화저축은행,KH2402,비대면-정기예금,36,S,단리,3.00%,2.54%,"761,000",3.00%,스마트폰,1,제한없음 (비대면 어플사용자),단리,,-,① 만기 후 1개월 이내 : 약정금리 ② 만기 후 1개월 초과 : 보통예금 이율 (0.2%),중도해지이율 - ① 1개월 미만 : 보통예금이율 (0.2%) ② 1개월이상~6개월미만 : 약정이율X50% ③ 6개월이상~12개월미만 : 약정이율X55% ④ 12개월이상~24개월미만 : 약정이율X60% ⑤ 24개월이상~36개월미만 : 약정이율X70%,,20260720,,202607201300,금융감독원 금융상품한눈에 Open API,2026-08-10T14:19:08
030300,저축은행,202607,0010421,금화저축은행,KH2402,비대면-정기예금,1,M,복리,1.70%,1.44%,"11,985",1.70%,스마트폰,1,제한없음 (비대면 어플사용자),복리,,-,① 만기 후 1개월 이내 : 약정금리 ② 만기 후 1개월 초과 : 보통예금 이율 (0.2%),중도해지이율 - ① 1개월 미만 : 보통예금이율 (0.2%) ② 1개월이상~6개월미만 : 약정이율X50% ③ 6개월이상~12개월미만 : 약정이율X55% ④ 12개월이상~24개월미만 : 약정이율X60% ⑤ 24개월이상~36개월미만 : 약정이율X70%,,20260720,,202607201300,금융감독원 금융상품한눈에 Open API,2026-08-10T14:19:08
030300,저축은행,202607,0010421,금화저축은행,KH2402,비대면-정기예금,3,M,복리,2.20%,1.86%,"46,615",2.20%,스마트폰,1,제한없음 (비대면 어플사용자),복리,,-,① 만기 후 1개월 이내 : 약정금리 ② 만기 후 1개월 초과 : 보통예금 이율 (0.2%),중도해지이율 - ① 1개월 미만 : 보통예금이율 (0.2%) ② 1개월이상~6개월미만 : 약정이율X50% ③ 6개월이상~12개월미만 : 약정이율X55% ④ 12개월이상~24개월미만 : 약정이율X60% ⑤ 24개월이상~36개월미만 : 약정이율X70%,,20260720,,202607201300,금융감독원 금융상품한눈에 Open API,2026-08-10T14:19:08
030300,저축은행,202607,0010421,금화저축은행,KH2402,비대면-정기예금,6,M,복리,3.50%,2.96%,"149,134",3.50%,스마트폰,1,제한없음 (비대면 어플사용자),복리,,-,① 만기 후 1개월 이내 : 약정금리 ② 만기 후 1개월 초과 : 보통예금 이율 (0.2%),중도해지이율 - ① 1개월 미만 : 보통예금이율 (0.2%) ② 1개월이상~6개월미만 : 약정이율X50% ③ 6개월이상~12개월미만 : 약정이율X55% ④ 12개월이상~24개월미만 : 약정이율X60% ⑤ 24개월이상~36개월미만 : 약정이율X70%,,20260720,,202607201300,금융감독원 금융상품한눈에 Open API,2026-08-10T14:19:08
030300,저축은행,202607,0010421,금화저축은행,KH2402,비대면-정기예금,12,M,복리,4.00%,3.38%,"344,673",4.00%,스마트폰,1,제한없음 (비대면 어플사용자),복리,,-,① 만기 후 1개월 이내 : 약정금리 ② 만기 후 1개월 초과 : 보통예금 이율 (0.2%),중도해지이율 - ① 1개월 미만 : 보통예금이율 (0.2%) ② 1개월이상~6개월미만 : 약정이율X50% ③ 6개월이상~12개월미만 : 약정이율X55% ④ 12개월이상~24개월미만 : 약정이율X60% ⑤ 24개월이상~36개월미만 : 약정이율X70%,,20260720,,202607201300,금융감독원 금융상품한눈에 Open API,2026-08-10T14:19:08
030300,저축은행,202607,0010421,금화저축은행,KH2402,비대면-정기예금,24,M,복리,4.00%,3.38%,"703,389",4.00%,스마트폰,1,제한없음 (비대면 어플사용자),복리,,-,① 만기 후 1개월 이내 : 약정금리 ② 만기 후 1개월 초과 : 보통예금 이율 (0.2%),중도해지이율 - ① 1개월 미만 : 보통예금이율 (0.2%) ② 1개월이상~6개월미만 : 약정이율X50% ③ 6개월이상~12개월미만 : 약정이율X55% ④ 12개월이상~24개월미만 : 약정이율X60% ⑤ 24개월이상~36개월미만 : 약정이율X70%,,20260720,,202607201300,금융감독원 금융상품한눈에 Open API,2026-08-10T14:19:08
030300,저축은행,202607,0010421,금화저축은행,KH2402,비대면-정기예금,36,M,복리,3.00%,2.54%,"795,675",3.00%,스마트폰,1,제한없음 (비대면 어플사용자),복리,,-,① 만기 후 1개월 이내 : 약정금리 ② 만기 후 1개월 초과 : 보통예금 이율 (0.2%),중도해지이율 - ① 1개월 미만 : 보통예금이율 (0.2%) ② 1개월이상~6개월미만 : 약정이율X50% ③ 6개월이상~12개월미만 : 약정이율X55% ④ 12개월이상~24개월미만 : 약정이율X60% ⑤ 24개월이상~36개월미만 : 약정이율X70%,,20260720,,202607201300,금융감독원 금융상품한눈에 Open API,2026-08-10T14:19:08
030300,저축은행,202607,0010421,금화저축은행,KH2403,"회전정기예금(1년단위,변동금리)",12,S,단리,4.00%,3.38%,"338,000",4.00%,영업점,1,제한없음,단리,,창구전용상품,① 만기 후 1개월 이내 : 최종회전금리와 만기시 동일상품 신규 약정금리 중 낮은 금리 ② 만기 후 1개월 초과 : 보통예금 이율 (0.2%),"변동금리상품 : 가입기간은 36개월이며, 매1년 회전주기 단위로 약정이율 변동 중도해지이율 - ① 1개월 미만 : 보통예금이율 (0.2%) ② 1개월이상~6개월미만 : 약정이율X50% ③ 6개월이상~12개월미만 : 약정이율X55% ④ 완료된 회전주기기간(12개월) : 약정이율(12개월주기마다 변동이율 적용)",,20260720,,202607201300,금융감독원 금융상품한눈에 Open API,2026-08-10T14:19:08
030300,저축은행,202607,0010421,금화저축은행,KH2403,"회전정기예금(1년단위,변동금리)",12,M,복리,4.00%,3.38%,"344,673",4.00%,영업점,1,제한없음,복리,,창구전용상품,① 만기 후 1개월 이내 : 최종회전금리와 만기시 동일상품 신규 약정금리 중 낮은 금리 ② 만기 후 1개월 초과 : 보통예금 이율 (0.2%),"변동금리상품 : 가입기간은 36개월이며, 매1년 회전주기 단위로 약정이율 변동 중도해지이율 - ① 1개월 미만 : 보통예금이율 (0.2%) ② 1개월이상~6개월미만 : 약정이율X50% ③ 6개월이상~12개월미만 : 약정이율X55% ④ 완료된 회전주기기간(12개월) : 약정이율(12개월주기마다 변동이율 적용)",,20260720,,202607201300,금융감독원 금융상품한눈에 Open API,2026-08-10T14:19:08
030300,저축은행,202607,0010421,금화저축은행,KH2404,"e-회전정기예금(1년단위,변동금리)",12,S,단리,4.00%,3.38%,"338,000",4.00%,"인터넷,스마트폰",1,제한없음 (인터넷 및 모바일뱅킹 사용자),단리,,-,① 만기 후 1개월 이내 : 최종회전금리와 만기시 동일상품 신규 약정금리 중 낮은 금리 ② 만기 후 1개월 초과 : 보통예금 이율 (0.2%),"변동금리상품 : 가입기간은 36개월이며, 매1년 회전주기 단위로 약정이율 변동 중도해지이율 - ① 1개월 미만 : 보통예금이율 (0.2%) ② 1개월이상~6개월미만 : 약정이율X50% ③ 6개월이상~12개월미만 : 약정이율X55% ④ 완료된 회전주기기간(12개월) : 약정이율(12개월주기마다 변동이율 적용)",,20260720,,202607201300,금융감독원 금융상품한눈에 Open API,2026-08-10T14:19:08
030300,저축은행,202607,0010421,금화저축은행,KH2404,"e-회전정기예금(1년단위,변동금리)",12,M,복리,4.00%,3.38%,"344,673",4.00%,"인터넷,스마트폰",1,제한없음 (인터넷 및 모바일뱅킹 사용자),복리,,-,① 만기 후 1개월 이내 : 최종회전금리와 만기시 동일상품 신규 약정금리 중 낮은 금리 ② 만기 후 1개월 초과 : 보통예금 이율 (0.2%),"변동금리상품 : 가입기간은 36개월이며, 매1년 회전주기 단위로 약정이율 변동 중도해지이율 - ① 1개월 미만 : 보통예금이율 (0.2%) ② 1개월이상~6개월미만 : 약정이율X50% ③ 6개월이상~12개월미만 : 약정이율X55% ④ 완료된 회전주기기간(12개월) : 약정이율(12개월주기마다 변동이율 적용)",,20260720,,202607201300,금융감독원 금융상품한눈에 Open API,2026-08-10T14:19:08
030300,저축은행,202607,0010426,인천저축은행,240012,정기예금,1,S,단리,1.70%,1.44%,"12,000",1.70%,영업점,1,제한없음,단리,,창구전용상품,1. 1개월이내 : 최초약정이율 / 2. 1개월초과 : 연 0.1%,예금가입금액 10만원이상,,20260729,,202607290831,금융감독원 금융상품한눈에 Open API,2026-08-10T14:19:08
030300,저축은행,202607,0010426,인천저축은행,240012,정기예금,3,S,단리,3.10%,2.62%,"66,000",3.10%,영업점,1,제한없음,단리,,창구전용상품,1. 1개월이내 : 최초약정이율 / 2. 1개월초과 : 연 0.1%,예금가입금액 10만원이상,,20260729,,202607290831,금융감독원 금융상품한눈에 Open API,2026-08-10T14:19:08
030300,저축은행,202607,0010426,인천저축은행,240012,정기예금,6,S,단리,3.10%,2.62%,"131,000",3.10%,영업점,1,제한없음,단리,,창구전용상품,1. 1개월이내 : 최초약정이율 / 2. 1개월초과 : 연 0.1%,예금가입금액 10만원이상,,20260729,,202607290831,금융감독원 금융상품한눈에 Open API,2026-08-10T14:19:08
030300,저축은행,202607,0010426,인천저축은행,240012,정기예금,12,S,단리,3.95%,3.34%,"334,000",3.95%,영업점,1,제한없음,단리,,창구전용상품,1. 1개월이내 : 최초약정이율 / 2. 1개월초과 : 연 0.1%,예금가입금액 10만원이상,,20260729,,202607290831,금융감독원 금융상품한눈에 Open API,2026-08-10T14:19:08
030300,저축은행,202607,0010426,인천저축은행,240012,정기예금,24,S,단리,2.50%,2.11%,"423,000",2.50%,영업점,1,제한없음,단리,,창구전용상품,1. 1개월이내 : 최초약정이율 / 2. 1개월초과 : 연 0.1%,예금가입금액 10만원이상,,20260729,,202607290831,금융감독원 금융상품한눈에 Open API,2026-08-10T14:19:08
030300,저축은행,202607,0010426,인천저축은행,240012,정기예금,36,S,단리,2.50%,2.11%,"634,000",2.50%,영업점,1,제한없음,단리,,창구전용상품,1. 1개월이내 : 최초약정이율 / 2. 1개월초과 : 연 0.1%,예금가입금액 10만원이상,,20260729,,202607290831,금융감독원 금융상품한눈에 Open API,2026-08-10T14:19:08
030300,저축은행,202607,0010426,인천저축은행,240012,정기예금,1,M,복리,1.70%,1.44%,"11,985",1.70%,영업점,1,제한없음,복리,,창구전용상품,1. 1개월이내 : 최초약정이율 / 2. 1개월초과 : 연 0.1%,예금가입금액 10만원이상,,20260729,,202607290831,금융감독원 금융상품한눈에 Open API,2026-08-10T14:19:08
030300,저축은행,202607,0010426,인천저축은행,240012,정기예금,3,M,복리,3.10%,2.62%,"65,735",3.10%,영업점,1,제한없음,복리,,창구전용상품,1. 1개월이내 : 최초약정이율 / 2. 1개월초과 : 연 0.1%,예금가입금액 10만원이상,,20260729,,202607290831,금융감독원 금융상품한눈에 Open API,2026-08-10T14:19:08
030300,저축은행,202607,0010426,인천저축은행,240012,정기예금,6,M,복리,3.10%,2.62%,"131,980",3.10%,영업점,1,제한없음,복리,,창구전용상품,1. 1개월이내 : 최초약정이율 / 2. 1개월초과 : 연 0.1%,예금가입금액 10만원이상,,20260729,,202607290831,금융감독원 금융상품한눈에 Open API,2026-08-10T14:19:08
030300,저축은행,202607,0010426,인천저축은행,240012,정기예금,12,M,복리,3.95%,3.34%,"340,287",3.95%,영업점,1,제한없음,복리,,창구전용상품,1. 1개월이내 : 최초약정이율 / 2. 1개월초과 : 연 0.1%,예금가입금액 10만원이상,,20260729,,202607290831,금융감독원 금융상품한눈에 Open API,2026-08-10T14:19:08
030300,저축은행,202607,0010426,인천저축은행,240012,정기예금,24,M,복리,2.50%,2.11%,"433,291",2.50%,영업점,1,제한없음,복리,,창구전용상품,1. 1개월이내 : 최초약정이율 / 2. 1개월초과 : 연 0.1%,예금가입금액 10만원이상,,20260729,,202607290831,금융감독원 금융상품한눈에 Open API,2026-08-10T14:19:08
030300,저축은행,202607,0010426,인천저축은행,240012,정기예금,36,M,복리,2.50%,2.11%,"658,189",2.50%,영업점,1,제한없음,복리,,창구전용상품,1. 1개월이내 : 최초약정이율 / 2. 1개월초과 : 연 0.1%,예금가입금액 10만원이상,,20260729,,202607290831,금융감독원 금융상품한눈에 Open API,2026-08-10T14:19:08
030300,저축은행,202607,0010426,인천저축은행,240014,e-보다 정기예금,1,S,단리,1.70%,1.44%,"12,000",1.70%,"인터넷,스마트폰",1,제한없음,단리,,인터넷뱅킹 전용상품,1. 1개월이내 : 최초약정이율 / 2. 1개월초과 : 연 0.1%,예금가입금액 10만원이상,,20260729,,202607290831,금융감독원 금융상품한눈에 Open API,2026-08-10T14:19:08
030300,저축은행,202607,0010426,인천저축은행,240014,e-보다 정기예금,3,S,단리,3.10%,2.62%,"66,000",3.10%,"인터넷,스마트폰",1,제한없음,단리,,인터넷뱅킹 전용상품,1. 1개월이내 : 최초약정이율 / 2. 1개월초과 : 연 0.1%,예금가입금액 10만원이상,,20260729,,202607290831,금융감독원 금융상품한눈에 Open API,2026-08-10T14:19:08
030300,저축은행,202607,0010426,인천저축은행,240014,e-보다 정기예금,6,S,단리,3.10%,2.62%,"131,000",3.10%,"인터넷,스마트폰",1,제한없음,단리,,인터넷뱅킹 전용상품,1. 1개월이내 : 최초약정이율 / 2. 1개월초과 : 연 0.1%,예금가입금액 10만원이상,,20260729,,202607290831,금융감독원 금융상품한눈에 Open API,2026-08-10T14:19:08
030300,저축은행,202607,0010426,인천저축은행,240014,e-보다 정기예금,12,S,단리,3.95%,3.34%,"334,000",3.95%,"인터넷,스마트폰",1,제한없음,단리,,인터넷뱅킹 전용상품,1. 1개월이내 : 최초약정이율 / 2. 1개월초과 : 연 0.1%,예금가입금액 10만원이상,,20260729,,202607290831,금융감독원 금융상품한눈에 Open API,2026-08-10T14:19:08
030300,저축은행,202607,0010426,인천저축은행,240014,e-보다 정기예금,24,S,단리,2.50%,2.11%,"423,000",2.50%,"인터넷,스마트폰",1,제한없음,단리,,인터넷뱅킹 전용상품,1. 1개월이내 : 최초약정이율 / 2. 1개월초과 : 연 0.1%,예금가입금액 10만원이상,,20260729,,202607290831,금융감독원 금융상품한눈에 Open API,2026-08-10T14:19:08
030300,저축은행,202607,0010426,인천저축은행,240014,e-보다 정기예금,36,S,단리,2.50%,2.11%,"634,000",2.50%,"인터넷,스마트폰",1,제한없음,단리,,인터넷뱅킹 전용상품,1. 1개월이내 : 최초약정이율 / 2. 1개월초과 : 연 0.1%,예금가입금액 10만원이상,,20260729,,202607290831,금융감독원 금융상품한눈에 Open API,2026-08-10T14:19:08
030300,저축은행,202607,0010426,인천저축은행,240014,e-보다 정기예금,1,M,복리,1.70%,1.44%,"11,985",1.70%,"인터넷,스마트폰",1,제한없음,복리,,인터넷뱅킹 전용상품,1. 1개월이내 : 최초약정이율 / 2. 1개월초과 : 연 0.1%,예금가입금액 10만원이상,,20260729,,202607290831,금융감독원 금융상품한눈에 Open API,2026-08-10T14:19:08
030300,저축은행,202607,0010426,인천저축은행,240014,e-보다 정기예금,3,M,복리,3.10%,2.62%,"65,735",3.10%,"인터넷,스마트폰",1,제한없음,복리,,인터넷뱅킹 전용상품,1. 1개월이내 : 최초약정이율 / 2. 1개월초과 : 연 0.1%,예금가입금액 10만원이상,,20260729,,202607290831,금융감독원 금융상품한눈에 Open API,2026-08-10T14:19:08
030300,저축은행,202607,0010426,인천저축은행,240014,e-보다 정기예금,6,M,복리,3.10%,2.62%,"131,980",3.10%,"인터넷,스마트폰",1,제한없음,복리,,인터넷뱅킹 전용상품,1. 1개월이내 : 최초약정이율 / 2. 1개월초과 : 연 0.1%,예금가입금액 10만원이상,,20260729,,202607290831,금융감독원 금융상품한눈에 Open API,2026-08-10T14:19:08
030300,저축은행,202607,0010426,인천저축은행,240014,e-보다 정기예금,12,M,복리,3.95%,3.34%,"340,287",3.95%,"인터넷,스마트폰",1,제한없음,복리,,인터넷뱅킹 전용상품,1. 1개월이내 : 최초약정이율 / 2. 1개월초과 : 연 0.1%,예금가입금액 10만원이상,,20260729,,202607290831,금융감독원 금융상품한눈에 Open API,2026-08-10T14:19:08
030300,저축은행,202607,0010426,인천저축은행,240014,e-보다 정기예금,24,M,복리,2.50%,2.11%,"433,291",2.50%,"인터넷,스마트폰",1,제한없음,복리,,인터넷뱅킹 전용상품,1. 1개월이내 : 최초약정이율 / 2. 1개월초과 : 연 0.1%,예금가입금액 10만원이상,,20260729,,202607290831,금융감독원 금융상품한눈에 Open API,2026-08-10T14:19:08
030300,저축은행,202607,0010426,인천저축은행,240014,e-보다 정기예금,36,M,복리,2.50%,2.11%,"658,189",2.50%,"인터넷,스마트폰",1,제한없음,복리,,인터넷뱅킹 전용상품,1. 1개월이내 : 최초약정이율 / 2. 1개월초과 : 연 0.1%,예금가입금액 10만원이상,,20260729,,202607290831,금융감독원 금융상품한눈에 Open API,2026-08-10T14:19:08
030300,저축은행,202607,0010426,인천저축은행,240018,회전정기예금,12,S,단리,3.95%,3.34%,"334,000",3.95%,영업점,1,제한없음,단리,,창구전용상품,1. 1개월이내 : 만기시점 동일상품 신규 약정금리 / 2. 1개월초과 : 연 0.1%,예금가입금액 10만원이상,,20260729,,202607290831,금융감독원 금융상품한눈에 Open API,2026-08-10T14:19:08
030300,저축은행,202607,0010426,인천저축은행,240018,회전정기예금,12,M,복리,3.95%,3.34%,"340,287",3.95%,영업점,1,제한없음,복리,,창구전용상품,1. 1개월이내 : 만기시점 동일상품 신규 약정금리 / 2. 1개월초과 : 연 0.1%,예금가입금액 10만원이상,,20260729,,202607290831,금융감독원 금융상품한눈에 Open API,2026-08-10T14:19:08
030300,저축은행,202607,0010426,인천저축은행,240020,e-보다회전정기예금,12,S,단리,3.95%,3.34%,"334,000",3.95%,"인터넷,스마트폰",1,제한없음,단리,,인터넷뱅킹 전용상품,1. 1개월이내 : 만기시점 동일상품 신규 약정금리 / 2. 1개월초과 : 연 0.1%,예금가입금액 10만원이상,,20260729,,202607290831,금융감독원 금융상품한눈에 Open API,2026-08-10T14:19:08
030300,저축은행,202607,0010426,인천저축은행,240020,e-보다회전정기예금,12,M,복리,3.95%,3.34%,"340,287",3.95%,"인터넷,스마트폰",1,제한없음,복리,,인터넷뱅킹 전용상품,1. 1개월이내 : 만기시점 동일상품 신규 약정금리 / 2. 1개월초과 : 연 0.1%,예금가입금액 10만원이상,,20260729,,202607290831,금융감독원 금융상품한눈에 Open API,2026-08-10T14:19:08
030300,저축은행,202607,0010430,모아저축은행,240072,정기예금,1,S,단리,2.20%,1.86%,"16,000",2.20%,영업점,1,제한없음,단리,,없음,1. 만기 후 1개월 이내 : 당초 약정이율과 만기시점 동일상품 동일기간제 금리 중 낮은 금리 / 2. 만기 후 1개월 초과 : 신규일 시점의 보통예금 이율,1인당 가입금액 : 10만원 이상,,20260722,,202607220844,금융감독원 금융상품한눈에 Open API,2026-08-10T14:19:08
030300,저축은행,202607,0010430,모아저축은행,240072,정기예금,3,S,단리,2.30%,1.95%,"49,000",2.30%,영업점,1,제한없음,단리,,없음,1. 만기 후 1개월 이내 : 당초 약정이율과 만기시점 동일상품 동일기간제 금리 중 낮은 금리 / 2. 만기 후 1개월 초과 : 신규일 시점의 보통예금 이율,1인당 가입금액 : 10만원 이상,,20260722,,202607220844,금융감독원 금융상품한눈에 Open API,2026-08-10T14:19:08
030300,저축은행,202607,0010430,모아저축은행,240072,정기예금,6,S,단리,3.50%,2.96%,"148,000",3.50%,영업점,1,제한없음,단리,,없음,1. 만기 후 1개월 이내 : 당초 약정이율과 만기시점 동일상품 동일기간제 금리 중 낮은 금리 / 2. 만기 후 1개월 초과 : 신규일 시점의 보통예금 이율,1인당 가입금액 : 10만원 이상,,20260722,,202607220844,금융감독원 금융상품한눈에 Open API,2026-08-10T14:19:08
030300,저축은행,202607,0010430,모아저축은행,240072,정기예금,12,S,단리,3.85%,3.26%,"326,000",3.85%,영업점,1,제한없음,단리,,없음,1. 만기 후 1개월 이내 : 당초 약정이율과 만기시점 동일상품 동일기간제 금리 중 낮은 금리 / 2. 만기 후 1개월 초과 : 신규일 시점의 보통예금 이율,1인당 가입금액 : 10만원 이상,,20260722,,202607220844,금융감독원 금융상품한눈에 Open API,2026-08-10T14:19:08
030300,저축은행,202607,0010430,모아저축은행,240072,정기예금,24,S,단리,3.30%,2.79%,"558,000",3.30%,영업점,1,제한없음,단리,,없음,1. 만기 후 1개월 이내 : 당초 약정이율과 만기시점 동일상품 동일기간제 금리 중 낮은 금리 / 2. 만기 후 1개월 초과 : 신규일 시점의 보통예금 이율,1인당 가입금액 : 10만원 이상,,20260722,,202607220844,금융감독원 금융상품한눈에 Open API,2026-08-10T14:19:08
030300,저축은행,202607,0010430,모아저축은행,240072,정기예금,1,M,복리,2.20%,1.86%,"15,510",2.20%,영업점,1,제한없음,복리,,없음,1. 만기 후 1개월 이내 : 당초 약정이율과 만기시점 동일상품 동일기간제 금리 중 낮은 금리 / 2. 만기 후 1개월 초과 : 신규일 시점의 보통예금 이율,1인당 가입금액 : 10만원 이상,,20260722,,202607220844,금융감독원 금융상품한눈에 Open API,2026-08-10T14:19:08
030300,저축은행,202607,0010430,모아저축은행,240072,정기예금,3,M,복리,2.30%,1.95%,"48,738",2.30%,영업점,1,제한없음,복리,,없음,1. 만기 후 1개월 이내 : 당초 약정이율과 만기시점 동일상품 동일기간제 금리 중 낮은 금리 / 2. 만기 후 1개월 초과 : 신규일 시점의 보통예금 이율,1인당 가입금액 : 10만원 이상,,20260722,,202607220844,금융감독원 금융상품한눈에 Open API,2026-08-10T14:19:08
030300,저축은행,202607,0010430,모아저축은행,240072,정기예금,6,M,복리,3.50%,2.96%,"149,134",3.50%,영업점,1,제한없음,복리,,없음,1. 만기 후 1개월 이내 : 당초 약정이율과 만기시점 동일상품 동일기간제 금리 중 낮은 금리 / 2. 만기 후 1개월 초과 : 신규일 시점의 보통예금 이율,1인당 가입금액 : 10만원 이상,,20260722,,202607220844,금융감독원 금융상품한눈에 Open API,2026-08-10T14:19:08
030300,저축은행,202607,0010430,모아저축은행,240072,정기예금,12,M,복리,3.85%,3.26%,"331,519",3.85%,영업점,1,제한없음,복리,,없음,1. 만기 후 1개월 이내 : 당초 약정이율과 만기시점 동일상품 동일기간제 금리 중 낮은 금리 / 2. 만기 후 1개월 초과 : 신규일 시점의 보통예금 이율,1인당 가입금액 : 10만원 이상,,20260722,,202607220844,금융감독원 금융상품한눈에 Open API,2026-08-10T14:19:08
030300,저축은행,202607,0010430,모아저축은행,240072,정기예금,24,M,복리,3.30%,2.79%,"576,379",3.30%,영업점,1,제한없음,복리,,없음,1. 만기 후 1개월 이내 : 당초 약정이율과 만기시점 동일상품 동일기간제 금리 중 낮은 금리 / 2. 만기 후 1개월 초과 : 신규일 시점의 보통예금 이율,1인당 가입금액 : 10만원 이상,,20260722,,202607220844,금융감독원 금융상품한눈에 Open API,2026-08-10T14:19:08
030300,저축은행,202607,0010430,모아저축은행,240074,e-모아 정기예금,1,S,단리,2.20%,1.86%,"16,000",2.20%,"인터넷,스마트폰",1,제한없음,단리,,없음,1. 만기 후 1개월 이내 : 당초 약정이율과 만기시점 동일상품 동일기간제 금리 중 낮은 금리 / 2. 만기 후 1개월 초과 : 신규일 시점의 보통예금 이율,1인당 가입금액 : 10만원 이상,,20260722,,202607220844,금융감독원 금융상품한눈에 Open API,2026-08-10T14:19:08
030300,저축은행,202607,0010430,모아저축은행,240074,e-모아 정기예금,3,S,단리,2.30%,1.95%,"49,000",2.30%,"인터넷,스마트폰",1,제한없음,단리,,없음,1. 만기 후 1개월 이내 : 당초 약정이율과 만기시점 동일상품 동일기간제 금리 중 낮은 금리 / 2. 만기 후 1개월 초과 : 신규일 시점의 보통예금 이율,1인당 가입금액 : 10만원 이상,,20260722,,202607220844,금융감독원 금융상품한눈에 Open API,2026-08-10T14:19:08
030300,저축은행,202607,0010430,모아저축은행,240074,e-모아 정기예금,6,S,단리,3.50%,2.96%,"148,000",3.50%,"인터넷,스마트폰",1,제한없음,단리,,없음,1. 만기 후 1개월 이내 : 당초 약정이율과 만기시점 동일상품 동일기간제 금리 중 낮은 금리 / 2. 만기 후 1개월 초과 : 신규일 시점의 보통예금 이율,1인당 가입금액 : 10만원 이상,,20260722,,202607220844,금융감독원 금융상품한눈에 Open API,2026-08-10T14:19:08
030300,저축은행,202607,0010430,모아저축은행,240074,e-모아 정기예금,12,S,단리,3.95%,3.34%,"334,000",3.95%,"인터넷,스마트폰",1,제한없음,단리,,없음,1. 만기 후 1개월 이내 : 당초 약정이율과 만기시점 동일상품 동일기간제 금리 중 낮은 금리 / 2. 만기 후 1개월 초과 : 신규일 시점의 보통예금 이율,1인당 가입금액 : 10만원 이상,,20260722,,202607220844,금융감독원 금융상품한눈에 Open API,2026-08-10T14:19:08
030300,저축은행,202607,0010430,모아저축은행,240074,e-모아 정기예금,24,S,단리,3.30%,2.79%,"558,000",3.30%,"인터넷,스마트폰",1,제한없음,단리,,없음,1. 만기 후 1개월 이내 : 당초 약정이율과 만기시점 동일상품 동일기간제 금리 중 낮은 금리 / 2. 만기 후 1개월 초과 : 신규일 시점의 보통예금 이율,1인당 가입금액 : 10만원 이상,,20260722,,202607220844,금융감독원 금융상품한눈에 Open API,2026-08-10T14:19:08
030300,저축은행,202607,0010430,모아저축은행,240074,e-모아 정기예금,1,M,복리,2.20%,1.86%,"15,510",2.20%,"인터넷,스마트폰",1,제한없음,복리,,없음,1. 만기 후 1개월 이내 : 당초 약정이율과 만기시점 동일상품 동일기간제 금리 중 낮은 금리 / 2. 만기 후 1개월 초과 : 신규일 시점의 보통예금 이율,1인당 가입금액 : 10만원 이상,,20260722,,202607220844,금융감독원 금융상품한눈에 Open API,2026-08-10T14:19:08
030300,저축은행,202607,0010430,모아저축은행,240074,e-모아 정기예금,3,M,복리,2.30%,1.95%,"48,738",2.30%,"인터넷,스마트폰",1,제한없음,복리,,없음,1. 만기 후 1개월 이내 : 당초 약정이율과 만기시점 동일상품 동일기간제 금리 중 낮은 금리 / 2. 만기 후 1개월 초과 : 신규일 시점의 보통예금 이율,1인당 가입금액 : 10만원 이상,,20260722,,202607220844,금융감독원 금융상품한눈에 Open API,2026-08-10T14:19:08
030300,저축은행,202607,0010430,모아저축은행,240074,e-모아 정기예금,6,M,복리,3.50%,2.96%,"149,134",3.50%,"인터넷,스마트폰",1,제한없음,복리,,없음,1. 만기 후 1개월 이내 : 당초 약정이율과 만기시점 동일상품 동일기간제 금리 중 낮은 금리 / 2. 만기 후 1개월 초과 : 신규일 시점의 보통예금 이율,1인당 가입금액 : 10만원 이상,,20260722,,202607220844,금융감독원 금융상품한눈에 Open API,2026-08-10T14:19:08
030300,저축은행,202607,0010430,모아저축은행,240074,e-모아 정기예금,12,M,복리,3.95%,3.34%,"340,287",3.95%,"인터넷,스마트폰",1,제한없음,복리,,없음,1. 만기 후 1개월 이내 : 당초 약정이율과 만기시점 동일상품 동일기간제 금리 중 낮은 금리 / 2. 만기 후 1개월 초과 : 신규일 시점의 보통예금 이율,1인당 가입금액 : 10만원 이상,,20260722,,202607220844,금융감독원 금융상품한눈에 Open API,2026-08-10T14:19:08
030300,저축은행,202607,0010430,모아저축은행,240074,e-모아 정기예금,24,M,복리,3.30%,2.79%,"576,379",3.30%,"인터넷,스마트폰",1,제한없음,복리,,없음,1. 만기 후 1개월 이내 : 당초 약정이율과 만기시점 동일상품 동일기간제 금리 중 낮은 금리 / 2. 만기 후 1개월 초과 : 신규일 시점의 보통예금 이율,1인당 가입금액 : 10만원 이상,,20260722,,202607220844,금융감독원 금융상품한눈에 Open API,2026-08-10T14:19:08
030300,저축은행,202607,0010430,모아저축은행,240078,회전 정기예금,12,S,단리,3.95%,3.34%,"334,000",3.95%,영업점,1,제한없음,단리,,없음,1. 만기 후 1개월 이내 : 당초 약정이율과 만기시점 동일상품 동일기간제 금리 중 낮은 금리 / 2. 만기 후 1개월 초과 : 신규일 시점의 보통예금 이율,1인당 가입금액 : 10만원 이상,,20260722,,202607220844,금융감독원 금융상품한눈에 Open API,2026-08-10T14:19:08
030300,저축은행,202607,0010430,모아저축은행,240078,회전 정기예금,12,M,복리,3.95%,3.34%,"340,287",3.95%,영업점,1,제한없음,복리,,없음,1. 만기 후 1개월 이내 : 당초 약정이율과 만기시점 동일상품 동일기간제 금리 중 낮은 금리 / 2. 만기 후 1개월 초과 : 신규일 시점의 보통예금 이율,1인당 가입금액 : 10만원 이상,,20260722,,202607220844,금융감독원 금융상품한눈에 Open API,2026-08-10T14:19:08
030300,저축은행,202607,0010430,모아저축은행,240080,e-회전 정기예금,12,S,단리,4.05%,3.43%,"343,000",4.05%,"인터넷,스마트폰",1,제한없음,단리,,없음,1. 만기 후 1개월 이내 : 당초 약정이율과 만기시점 동일상품 동일기간제 금리 중 낮은 금리 / 2. 만기 후 1개월 초과 : 신규일 시점의 보통예금 이율,1인당 가입금액 : 10만원 이상,,20260722,,202607220844,금융감독원 금융상품한눈에 Open API,2026-08-10T14:19:08
030300,저축은행,202607,0010430,모아저축은행,240080,e-회전 정기예금,12,M,복리,4.05%,3.43%,"349,062",4.05%,"인터넷,스마트폰",1,제한없음,복리,,없음,1. 만기 후 1개월 이내 : 당초 약정이율과 만기시점 동일상품 동일기간제 금리 중 낮은 금리 / 2. 만기 후 1개월 초과 : 신규일 시점의 보통예금 이율,1인당 가입금액 : 10만원 이상,,20260722,,202607220844,금융감독원 금융상품한눈에 Open API,2026-08-10T14:19:08
030300,저축은행,202607,0010430,모아저축은행,240086,앱전용 회전 정기예금,12,S,단리,4.05%,3.43%,"343,000",4.05%,스마트폰,1,제한없음,단리,,없음,1. 만기 후 1개월 이내 : 당초 약정이율과 만기시점 동일상품 동일기간제 금리 중 낮은 금리 / 2. 만기 후 1개월 초과 : 신규일 시점의 보통예금 이율,1인당 가입금액 : 10만원 이상,,20260722,,202607220844,금융감독원 금융상품한눈에 Open API,2026-08-10T14:19:08
030300,저축은행,202607,0010430,모아저축은행,240086,앱전용 회전 정기예금,12,M,복리,4.05%,3.43%,"349,062",4.05%,스마트폰,1,제한없음,복리,,없음,1. 만기 후 1개월 이내 : 당초 약정이율과 만기시점 동일상품 동일기간제 금리 중 낮은 금리 / 2. 만기 후 1개월 초과 : 신규일 시점의 보통예금 이율,1인당 가입금액 : 10만원 이상,,20260722,,202607220844,금융감독원 금융상품한눈에 Open API,2026-08-10T14:19:08
030300,저축은행,202607,0010430,모아저축은행,240090,앱전용 6개월 회전 정기예금,6,S,단리,3.50%,2.96%,"148,000",3.50%,스마트폰,1,제한없음,단리,,없음,1. 만기 후 1개월 이내 : 당초 약정이율과 만기시점 동일상품 동일기간제 금리 중 낮은 금리 / 2. 만기 후 1개월 초과 : 신규일 시점의 보통예금 이율,1인당 가입금액 : 10만원 이상,,20260722,,202607220844,금융감독원 금융상품한눈에 Open API,2026-08-10T14:19:08
030300,저축은행,202607,0010430,모아저축은행,240090,앱전용 6개월 회전 정기예금,6,M,복리,3.50%,2.96%,"149,134",3.50%,스마트폰,1,제한없음,복리,,없음,1. 만기 후 1개월 이내 : 당초 약정이율과 만기시점 동일상품 동일기간제 금리 중 낮은 금리 / 2. 만기 후 1개월 초과 : 신규일 시점의 보통예금 이율,1인당 가입금액 : 10만원 이상,,20260722,,202607220844,금융감독원 금융상품한눈에 Open API,2026-08-10T14:19:08
030300,저축은행,202607,0010430,모아저축은행,240092,생일축하 회전 정기예금,12,S,단리,4.05%,3.43%,"343,000",4.05%,영업점,3,일부제한 (예금 가입월과 주민등록상 생일월이 일치하는 개인),단리,,없음,1. 만기 후 1개월 이내 : 당초 약정이율과 만기시점 동일상품 동일기간제 금리 중 낮은 금리 / 2. 만기 후 1개월 초과 : 신규일 시점의 보통예금 이율,"1인당 가입금액 : 10만원 이상~1,000만원 이하, 1인 1계좌",,20260722,,202607220844,금융감독원 금융상품한눈에 Open API,2026-08-10T14:19:08
030300,저축은행,202607,0010430,모아저축은행,240092,생일축하 회전 정기예금,12,M,복리,4.05%,3.43%,"349,062",4.05%,영업점,3,일부제한 (예금 가입월과 주민등록상 생일월이 일치하는 개인),복리,,없음,1. 만기 후 1개월 이내 : 당초 약정이율과 만기시점 동일상품 동일기간제 금리 중 낮은 금리 / 2. 만기 후 1개월 초과 : 신규일 시점의 보통예금 이율,"1인당 가입금액 : 10만원 이상~1,000만원 이하, 1인 1계좌",,20260722,,202607220844,금융감독원 금융상품한눈에 Open API,2026-08-10T14:19:08
030300,저축은행,202607,0010437,대백저축은행,240000,정기예금,1,S,단리,2.60%,2.20%,"18,000",2.60%,영업점,1,제한없음,단리,,없음,1개월이내-약정이율과 현행이율중 낮은이율 1개월 초과-보통예금이율(0.2%),해당없음,,20260806,,202608060817,금융감독원 금융상품한눈에 Open API,2026-08-10T14:19:08
030300,저축은행,202607,0010437,대백저축은행,240000,정기예금,3,S,단리,3.00%,2.54%,"63,000",3.00%,영업점,1,제한없음,단리,,없음,1개월이내-약정이율과 현행이율중 낮은이율 1개월 초과-보통예금이율(0.2%),해당없음,,20260806,,202608060817,금융감독원 금융상품한눈에 Open API,2026-08-10T14:19:08
030300,저축은행,202607,0010437,대백저축은행,240000,정기예금,6,S,단리,3.40%,2.88%,"144,000",3.40%,영업점,1,제한없음,단리,,없음,1개월이내-약정이율과 현행이율중 낮은이율 1개월 초과-보통예금이율(0.2%),해당없음,,20260806,,202608060817,금융감독원 금융상품한눈에 Open API,2026-08-10T14:19:08
030300,저축은행,202607,0010437,대백저축은행,240000,정기예금,12,S,단리,4.00%,3.38%,"338,000",4.00%,영업점,1,제한없음,단리,,없음,1개월이내-약정이율과 현행이율중 낮은이율 1개월 초과-보통예금이율(0.2%),해당없음,,20260806,,202608060817,금융감독원 금융상품한눈에 Open API,2026-08-10T14:19:08
030300,저축은행,202607,0010437,대백저축은행,240000,정기예금,24,S,단리,2.00%,1.69%,"338,000",2.00%,영업점,1,제한없음,단리,,없음,1개월이내-약정이율과 현행이율중 낮은이율 1개월 초과-보통예금이율(0.2%),해당없음,,20260806,,202608060817,금융감독원 금융상품한눈에 Open API,2026-08-10T14:19:08
030300,저축은행,202607,0010437,대백저축은행,240000,정기예금,36,S,단리,2.00%,1.69%,"508,000",2.00%,영업점,1,제한없음,단리,,없음,1개월이내-약정이율과 현행이율중 낮은이율 1개월 초과-보통예금이율(0.2%),해당없음,,20260806,,202608060817,금융감독원 금융상품한눈에 Open API,2026-08-10T14:19:08
030300,저축은행,202607,0010437,대백저축은행,240000,정기예금,1,M,복리,2.60%,2.20%,"18,330",2.60%,영업점,1,제한없음,복리,,없음,1개월이내-약정이율과 현행이율중 낮은이율 1개월 초과-보통예금이율(0.2%),해당없음,,20260806,,202608060817,금융감독원 금융상품한눈에 Open API,2026-08-10T14:19:08
030300,저축은행,202607,0010437,대백저축은행,240000,정기예금,3,M,복리,3.00%,2.54%,"63,609",3.00%,영업점,1,제한없음,복리,,없음,1개월이내-약정이율과 현행이율중 낮은이율 1개월 초과-보통예금이율(0.2%),해당없음,,20260806,,202608060817,금융감독원 금융상품한눈에 Open API,2026-08-10T14:19:08
030300,저축은행,202607,0010437,대백저축은행,240000,정기예금,6,M,복리,3.40%,2.88%,"144,843",3.40%,영업점,1,제한없음,복리,,없음,1개월이내-약정이율과 현행이율중 낮은이율 1개월 초과-보통예금이율(0.2%),해당없음,,20260806,,202608060817,금융감독원 금융상품한눈에 Open API,2026-08-10T14:19:08
030300,저축은행,202607,0010437,대백저축은행,240000,정기예금,12,M,복리,4.00%,3.38%,"344,673",4.00%,영업점,1,제한없음,복리,,없음,1개월이내-약정이율과 현행이율중 낮은이율 1개월 초과-보통예금이율(0.2%),해당없음,,20260806,,202608060817,금융감독원 금융상품한눈에 Open API,2026-08-10T14:19:08
030300,저축은행,202607,0010437,대백저축은행,240000,정기예금,24,M,복리,2.00%,1.69%,"344,966",2.00%,영업점,1,제한없음,복리,,없음,1개월이내-약정이율과 현행이율중 낮은이율 1개월 초과-보통예금이율(0.2%),해당없음,,20260806,,202608060817,금융감독원 금융상품한눈에 Open API,2026-08-10T14:19:08
030300,저축은행,202607,0010437,대백저축은행,240000,정기예금,36,M,복리,2.00%,1.69%,"522,689",2.00%,영업점,1,제한없음,복리,,없음,1개월이내-약정이율과 현행이율중 낮은이율 1개월 초과-보통예금이율(0.2%),해당없음,,20260806,,202608060817,금융감독원 금융상품한눈에 Open API,2026-08-10T14:19:08
030300,저축은행,202607,0010437,대백저축은행,240007,애플정기예금,6,S,단리,3.40%,2.88%,"144,000",3.40%,"인터넷,스마트폰",1,제한없음,단리,,없음,1개월이내-약정이율과 현행이율중 낮은이율 1개월 초과-보통예금이율(0.2%),해당없음,,20260806,,202608060817,금융감독원 금융상품한눈에 Open API,2026-08-10T14:19:08
030300,저축은행,202607,0010437,대백저축은행,240007,애플정기예금,12,S,단리,4.00%,3.38%,"338,000",4.00%,"인터넷,스마트폰",1,제한없음,단리,,없음,1개월이내-약정이율과 현행이율중 낮은이율 1개월 초과-보통예금이율(0.2%),해당없음,,20260806,,202608060817,금융감독원 금융상품한눈에 Open API,2026-08-10T14:19:08
030300,저축은행,202607,0010437,대백저축은행,240007,애플정기예금,24,S,단리,2.00%,1.69%,"338,000",2.00%,"인터넷,스마트폰",1,제한없음,단리,,없음,1개월이내-약정이율과 현행이율중 낮은이율 1개월 초과-보통예금이율(0.2%),해당없음,,20260806,,202608060817,금융감독원 금융상품한눈에 Open API,2026-08-10T14:19:08
030300,저축은행,202607,0010437,대백저축은행,240007,애플정기예금,36,S,단리,2.00%,1.69%,"508,000",2.00%,"인터넷,스마트폰",1,제한없음,단리,,없음,1개월이내-약정이율과 현행이율중 낮은이율 1개월 초과-보통예금이율(0.2%),해당없음,,20260806,,202608060817,금융감독원 금융상품한눈에 Open API,2026-08-10T14:19:08
030300,저축은행,202607,0010437,대백저축은행,240007,애플정기예금,6,M,복리,3.40%,2.88%,"144,843",3.40%,"인터넷,스마트폰",1,제한없음,복리,,없음,1개월이내-약정이율과 현행이율중 낮은이율 1개월 초과-보통예금이율(0.2%),해당없음,,20260806,,202608060817,금융감독원 금융상품한눈에 Open API,2026-08-10T14:19:08
030300,저축은행,202607,0010437,대백저축은행,240007,애플정기예금,12,M,복리,4.00%,3.38%,"344,673",4.00%,"인터넷,스마트폰",1,제한없음,복리,,없음,1개월이내-약정이율과 현행이율중 낮은이율 1개월 초과-보통예금이율(0.2%),해당없음,,20260806,,202608060817,금융감독원 금융상품한눈에 Open API,2026-08-10T14:19:08
030300,저축은행,202607,0010437,대백저축은행,240007,애플정기예금,24,M,복리,2.00%,1.69%,"344,966",2.00%,"인터넷,스마트폰",1,제한없음,복리,,없음,1개월이내-약정이율과 현행이율중 낮은이율 1개월 초과-보통예금이율(0.2%),해당없음,,20260806,,202608060817,금융감독원 금융상품한눈에 Open API,2026-08-10T14:19:08
030300,저축은행,202607,0010437,대백저축은행,240007,애플정기예금,36,M,복리,2.00%,1.69%,"522,689",2.00%,"인터넷,스마트폰",1,제한없음,복리,,없음,1개월이내-약정이율과 현행이율중 낮은이율 1개월 초과-보통예금이율(0.2%),해당없음,,20260806,,202608060817,금융감독원 금융상품한눈에 Open API,2026-08-10T14:19:08
030300,저축은행,202607,0010438,유니온저축은행,240014,정기예금,3,S,단리,1.50%,1.27%,"32,000",1.50%,영업점,1,제한없음,단리,,없음,* 1개월 이내 : 약정이율과 현행이율 중에 낮은 금리 * 1개월 초과 : 보통예금 이율,2019년 7월 1일 이후 신규분 *1개월미만 :계약일의 보통예금 이율 *1개월~3개월 미만 :약정이율의 50% *3개월~6개월 미만 :약정이율의 55% * 6개월~24개월 미만 :약정이율의 60% * 24개월 이상 :약정이율의 70%,,20260806,,202608060857,금융감독원 금융상품한눈에 Open API,2026-08-10T14:19:08
030300,저축은행,202607,0010438,유니온저축은행,240014,정기예금,6,S,단리,2.50%,2.11%,"106,000",2.50%,영업점,1,제한없음,단리,,없음,* 1개월 이내 : 약정이율과 현행이율 중에 낮은 금리 * 1개월 초과 : 보통예금 이율,2019년 7월 1일 이후 신규분 *1개월미만 :계약일의 보통예금 이율 *1개월~3개월 미만 :약정이율의 50% *3개월~6개월 미만 :약정이율의 55% * 6개월~24개월 미만 :약정이율의 60% * 24개월 이상 :약정이율의 70%,,20260806,,202608060857,금융감독원 금융상품한눈에 Open API,2026-08-10T14:19:08
030300,저축은행,202607,0010438,유니온저축은행,240014,정기예금,12,S,단리,4.00%,3.38%,"338,000",4.00%,영업점,1,제한없음,단리,,없음,* 1개월 이내 : 약정이율과 현행이율 중에 낮은 금리 * 1개월 초과 : 보통예금 이율,2019년 7월 1일 이후 신규분 *1개월미만 :계약일의 보통예금 이율 *1개월~3개월 미만 :약정이율의 50% *3개월~6개월 미만 :약정이율의 55% * 6개월~24개월 미만 :약정이율의 60% * 24개월 이상 :약정이율의 70%,,20260806,,202608060857,금융감독원 금융상품한눈에 Open API,2026-08-10T14:19:08
030300,저축은행,202607,0010438,유니온저축은행,240014,정기예금,24,S,단리,2.50%,2.11%,"423,000",2.50%,영업점,1,제한없음,단리,,없음,* 1개월 이내 : 약정이율과 현행이율 중에 낮은 금리 * 1개월 초과 : 보통예금 이율,2019년 7월 1일 이후 신규분 *1개월미만 :계약일의 보통예금 이율 *1개월~3개월 미만 :약정이율의 50% *3개월~6개월 미만 :약정이율의 55% * 6개월~24개월 미만 :약정이율의 60% * 24개월 이상 :약정이율의 70%,,20260806,,202608060857,금융감독원 금융상품한눈에 Open API,2026-08-10T14:19:08
030300,저축은행,202607,0010438,유니온저축은행,240014,정기예금,3,M,복리,1.50%,1.27%,"31,765",1.50%,영업점,1,제한없음,복리,,없음,* 1개월 이내 : 약정이율과 현행이율 중에 낮은 금리 * 1개월 초과 : 보통예금 이율,2019년 7월 1일 이후 신규분 *1개월미만 :계약일의 보통예금 이율 *1개월~3개월 미만 :약정이율의 50% *3개월~6개월 미만 :약정이율의 55% * 6개월~24개월 미만 :약정이율의 60% * 24개월 이상 :약정이율의 70%,,20260806,,202608060857,금융감독원 금융상품한눈에 Open API,2026-08-10T14:19:08
030300,저축은행,202607,0010438,유니온저축은행,240014,정기예금,6,M,복리,2.50%,2.11%,"106,302",2.50%,영업점,1,제한없음,복리,,없음,* 1개월 이내 : 약정이율과 현행이율 중에 낮은 금리 * 1개월 초과 : 보통예금 이율,2019년 7월 1일 이후 신규분 *1개월미만 :계약일의 보통예금 이율 *1개월~3개월 미만 :약정이율의 50% *3개월~6개월 미만 :약정이율의 55% * 6개월~24개월 미만 :약정이율의 60% * 24개월 이상 :약정이율의 70%,,20260806,,202608060857,금융감독원 금융상품한눈에 Open API,2026-08-10T14:19:08
030300,저축은행,202607,0010438,유니온저축은행,240014,정기예금,12,M,복리,4.00%,3.38%,"344,673",4.00%,영업점,1,제한없음,복리,,없음,* 1개월 이내 : 약정이율과 현행이율 중에 낮은 금리 * 1개월 초과 : 보통예금 이율,2019년 7월 1일 이후 신규분 *1개월미만 :계약일의 보통예금 이율 *1개월~3개월 미만 :약정이율의 50% *3개월~6개월 미만 :약정이율의 55% * 6개월~24개월 미만 :약정이율의 60% * 24개월 이상 :약정이율의 70%,,20260806,,202608060857,금융감독원 금융상품한눈에 Open API,2026-08-10T14:19:08
030300,저축은행,202607,0010438,유니온저축은행,240014,정기예금,24,M,복리,2.50%,2.11%,"433,291",2.50%,영업점,1,제한없음,복리,,없음,* 1개월 이내 : 약정이율과 현행이율 중에 낮은 금리 * 1개월 초과 : 보통예금 이율,2019년 7월 1일 이후 신규분 *1개월미만 :계약일의 보통예금 이율 *1개월~3개월 미만 :약정이율의 50% *3개월~6개월 미만 :약정이율의 55% * 6개월~24개월 미만 :약정이율의 60% * 24개월 이상 :약정이율의 70%,,20260806,,202608060857,금융감독원 금융상품한눈에 Open API,2026-08-10T14:19:08
030300,저축은행,202607,0010438,유니온저축은행,240016,e-정기예금,3,S,단리,1.50%,1.27%,"32,000",1.50%,"인터넷,스마트폰",1,제한없음,단리,,없음,* 1개월 이내 : 약정이율과 현행이율 중에 낮은 금리 * 1개월 초과 : 보통예금 이율,2019년 7월 1일 이후 신규분 *1개월미만 :계약일의 보통예금 이율 *1개월~3개월 미만 :약정이율의 50% *3개월~6개월 미만 :약정이율의 55% * 6개월~24개월 미만 :약정이율의 60% * 24개월 이상 :약정이율의 70%,,20260805,,202608050852,금융감독원 금융상품한눈에 Open API,2026-08-10T14:19:08
030300,저축은행,202607,0010438,유니온저축은행,240016,e-정기예금,6,S,단리,2.50%,2.11%,"106,000",2.50%,"인터넷,스마트폰",1,제한없음,단리,,없음,* 1개월 이내 : 약정이율과 현행이율 중에 낮은 금리 * 1개월 초과 : 보통예금 이율,2019년 7월 1일 이후 신규분 *1개월미만 :계약일의 보통예금 이율 *1개월~3개월 미만 :약정이율의 50% *3개월~6개월 미만 :약정이율의 55% * 6개월~24개월 미만 :약정이율의 60% * 24개월 이상 :약정이율의 70%,,20260805,,202608050852,금융감독원 금융상품한눈에 Open API,2026-08-10T14:19:08
030300,저축은행,202607,0010438,유니온저축은행,240016,e-정기예금,12,S,단리,4.10%,3.47%,"347,000",4.10%,"인터넷,스마트폰",1,제한없음,단리,,없음,* 1개월 이내 : 약정이율과 현행이율 중에 낮은 금리 * 1개월 초과 : 보통예금 이율,2019년 7월 1일 이후 신규분 *1개월미만 :계약일의 보통예금 이율 *1개월~3개월 미만 :약정이율의 50% *3개월~6개월 미만 :약정이율의 55% * 6개월~24개월 미만 :약정이율의 60% * 24개월 이상 :약정이율의 70%,,20260805,,202608050852,금융감독원 금융상품한눈에 Open API,2026-08-10T14:19:08
030300,저축은행,202607,0010438,유니온저축은행,240016,e-정기예금,24,S,단리,2.50%,2.11%,"423,000",2.50%,"인터넷,스마트폰",1,제한없음,단리,,없음,* 1개월 이내 : 약정이율과 현행이율 중에 낮은 금리 * 1개월 초과 : 보통예금 이율,2019년 7월 1일 이후 신규분 *1개월미만 :계약일의 보통예금 이율 *1개월~3개월 미만 :약정이율의 50% *3개월~6개월 미만 :약정이율의 55% * 6개월~24개월 미만 :약정이율의 60% * 24개월 이상 :약정이율의 70%,,20260805,,202608050852,금융감독원 금융상품한눈에 Open API,2026-08-10T14:19:08
030300,저축은행,202607,0010438,유니온저축은행,240016,e-정기예금,3,M,복리,1.50%,1.27%,"31,765",1.50%,"인터넷,스마트폰",1,제한없음,복리,,없음,* 1개월 이내 : 약정이율과 현행이율 중에 낮은 금리 * 1개월 초과 : 보통예금 이율,2019년 7월 1일 이후 신규분 *1개월미만 :계약일의 보통예금 이율 *1개월~3개월 미만 :약정이율의 50% *3개월~6개월 미만 :약정이율의 55% * 6개월~24개월 미만 :약정이율의 60% * 24개월 이상 :약정이율의 70%,,20260805,,202608050852,금융감독원 금융상품한눈에 Open API,2026-08-10T14:19:08
030300,저축은행,202607,0010438,유니온저축은행,240016,e-정기예금,6,M,복리,2.50%,2.11%,"106,302",2.50%,"인터넷,스마트폰",1,제한없음,복리,,없음,* 1개월 이내 : 약정이율과 현행이율 중에 낮은 금리 * 1개월 초과 : 보통예금 이율,2019년 7월 1일 이후 신규분 *1개월미만 :계약일의 보통예금 이율 *1개월~3개월 미만 :약정이율의 50% *3개월~6개월 미만 :약정이율의 55% * 6개월~24개월 미만 :약정이율의 60% * 24개월 이상 :약정이율의 70%,,20260805,,202608050852,금융감독원 금융상품한눈에 Open API,2026-08-10T14:19:08
030300,저축은행,202607,0010438,유니온저축은행,240016,e-정기예금,12,M,복리,4.10%,3.47%,"353,453",4.10%,"인터넷,스마트폰",1,제한없음,복리,,없음,* 1개월 이내 : 약정이율과 현행이율 중에 낮은 금리 * 1개월 초과 : 보통예금 이율,2019년 7월 1일 이후 신규분 *1개월미만 :계약일의 보통예금 이율 *1개월~3개월 미만 :약정이율의 50% *3개월~6개월 미만 :약정이율의 55% * 6개월~24개월 미만 :약정이율의 60% * 24개월 이상 :약정이율의 70%,,20260805,,202608050852,금융감독원 금융상품한눈에 Open API,2026-08-10T14:19:08
030300,저축은행,202607,0010438,유니온저축은행,240016,e-정기예금,24,M,복리,2.50%,2.11%,"433,291",2.50%,"인터넷,스마트폰",1,제한없음,복리,,없음,* 1개월 이내 : 약정이율과 현행이율 중에 낮은 금리 * 1개월 초과 : 보통예금 이율,2019년 7월 1일 이후 신규분 *1개월미만 :계약일의 보통예금 이율 *1개월~3개월 미만 :약정이율의 50% *3개월~6개월 미만 :약정이율의 55% * 6개월~24개월 미만 :약정이율의 60% * 24개월 이상 :약정이율의 70%,,20260805,,202608050852,금융감독원 금융상품한눈에 Open API,2026-08-10T14:19:08
030300,저축은행,202607,0010438,유니온저축은행,240020,회전식 정기예금,36,S,단리,3.80%,3.21%,"964,000",3.80%,영업점,1,제한없음,단리,,없음,* 1개월 이내 : 약정이율과 현행이율 중에 낮은 금리 * 1개월 초과 : 보통예금 이율,계약기간:36개월(회전주기 12개월) 2019년 7월 1일 이후 신규분 *1개월미만 :계약일의 보통예금 이율 *1개월~3개월 미만 :약정이율의 50% *3개월~6개월 미만 :약정이율의 55% * 6개월~24개월 미만 :약정이율의 60% * 24개월 이상 :약정이율의 70%,,20260722,,202607221433,금융감독원 금융상품한눈에 Open API,2026-08-10T14:19:08
030300,저축은행,202607,0010438,유니온저축은행,240020,회전식 정기예금,36,M,복리,3.80%,3.21%,"1,019,855",3.80%,영업점,1,제한없음,복리,,없음,* 1개월 이내 : 약정이율과 현행이율 중에 낮은 금리 * 1개월 초과 : 보통예금 이율,계약기간:36개월(회전주기 12개월) 2019년 7월 1일 이후 신규분 *1개월미만 :계약일의 보통예금 이율 *1개월~3개월 미만 :약정이율의 50% *3개월~6개월 미만 :약정이율의 55% * 6개월~24개월 미만 :약정이율의 60% * 24개월 이상 :약정이율의 70%,,20260722,,202607221433,금융감독원 금융상품한눈에 Open API,2026-08-10T14:19:08
030300,저축은행,202607,0010438,유니온저축은행,240022,e-회전식 정기예금,36,S,단리,3.80%,3.21%,"964,000",3.80%,"인터넷,스마트폰",1,제한없음,단리,,없음,* 1개월 이내 : 약정이율과 현행이율 중에 낮은 금리 * 1개월 초과 : 보통예금 이율,계약기간:36개월(회전주기 12개월) 2019년 7월 1일 이후 신규분 *1개월미만 :계약일의 보통예금 이율 *1개월~3개월 미만 :약정이율의 50% *3개월~6개월 미만 :약정이율의 55% * 6개월~24개월 미만 :약정이율의 60% * 24개월 이상 :약정이율의 70%,,20260722,,202607221433,금융감독원 금융상품한눈에 Open API,2026-08-10T14:19:08
030300,저축은행,202607,0010438,유니온저축은행,240022,e-회전식 정기예금,36,M,복리,3.80%,3.21%,"1,019,855",3.80%,"인터넷,스마트폰",1,제한없음,복리,,없음,* 1개월 이내 : 약정이율과 현행이율 중에 낮은 금리 * 1개월 초과 : 보통예금 이율,계약기간:36개월(회전주기 12개월) 2019년 7월 1일 이후 신규분 *1개월미만 :계약일의 보통예금 이율 *1개월~3개월 미만 :약정이율의 50% *3개월~6개월 미만 :약정이율의 55% * 6개월~24개월 미만 :약정이율의 60% * 24개월 이상 :약정이율의 70%,,20260722,,202607221433,금융감독원 금융상품한눈에 Open API,2026-08-10T14:19:08
030300,저축은행,202607,0010439,MS저축은행,240001,정기예금,1,S,단리,2.00%,1.69%,"14,000",2.00%,영업점,1,제한없음,단리,,없음,- 1개월내 : 당초 약정금리와 당초 약정기간에 해당하는 현행금리 중 낮은 금리 - 1개월이후 : 보통예금이자율,해당없음,,20260804,,202608040942,금융감독원 금융상품한눈에 Open API,2026-08-10T14:19:08
030300,저축은행,202607,0010439,MS저축은행,240001,정기예금,3,S,단리,2.50%,2.11%,"53,000",2.50%,영업점,1,제한없음,단리,,없음,- 1개월내 : 당초 약정금리와 당초 약정기간에 해당하는 현행금리 중 낮은 금리 - 1개월이후 : 보통예금이자율,해당없음,,20260804,,202608040942,금융감독원 금융상품한눈에 Open API,2026-08-10T14:19:08
030300,저축은행,202607,0010439,MS저축은행,240001,정기예금,6,S,단리,2.70%,2.28%,"114,000",2.70%,영업점,1,제한없음,단리,,없음,- 1개월내 : 당초 약정금리와 당초 약정기간에 해당하는 현행금리 중 낮은 금리 - 1개월이후 : 보통예금이자율,해당없음,,20260804,,202608040942,금융감독원 금융상품한눈에 Open API,2026-08-10T14:19:08
030300,저축은행,202607,0010439,MS저축은행,240001,정기예금,12,S,단리,3.81%,3.22%,"322,000",3.81%,영업점,1,제한없음,단리,,없음,- 1개월내 : 당초 약정금리와 당초 약정기간에 해당하는 현행금리 중 낮은 금리 - 1개월이후 : 보통예금이자율,해당없음,,20260804,,202608040942,금융감독원 금융상품한눈에 Open API,2026-08-10T14:19:08
030300,저축은행,202607,0010439,MS저축은행,240001,정기예금,24,S,단리,2.30%,1.95%,"389,000",2.30%,영업점,1,제한없음,단리,,없음,- 1개월내 : 당초 약정금리와 당초 약정기간에 해당하는 현행금리 중 낮은 금리 - 1개월이후 : 보통예금이자율,해당없음,,20260804,,202608040942,금융감독원 금융상품한눈에 Open API,2026-08-10T14:19:08
030300,저축은행,202607,0010439,MS저축은행,240001,정기예금,36,S,단리,2.00%,1.69%,"508,000",2.00%,영업점,1,제한없음,단리,,없음,- 1개월내 : 당초 약정금리와 당초 약정기간에 해당하는 현행금리 중 낮은 금리 - 1개월이후 : 보통예금이자율,해당없음,,20260804,,202608040942,금융감독원 금융상품한눈에 Open API,2026-08-10T14:19:08
030300,저축은행,202607,0010439,MS저축은행,240001,정기예금,1,M,복리,2.00%,1.69%,"14,100",2.00%,영업점,1,제한없음,복리,,없음,- 1개월내 : 당초 약정금리와 당초 약정기간에 해당하는 현행금리 중 낮은 금리 - 1개월이후 : 보통예금이자율,해당없음,,20260804,,202608040942,금융감독원 금융상품한눈에 Open API,2026-08-10T14:19:08
030300,저축은행,202607,0010439,MS저축은행,240001,정기예금,3,M,복리,2.50%,2.11%,"52,985",2.50%,영업점,1,제한없음,복리,,없음,- 1개월내 : 당초 약정금리와 당초 약정기간에 해당하는 현행금리 중 낮은 금리 - 1개월이후 : 보통예금이자율,해당없음,,20260804,,202608040942,금융감독원 금융상품한눈에 Open API,2026-08-10T14:19:08
030300,저축은행,202607,0010439,MS저축은행,240001,정기예금,6,M,복리,2.70%,2.28%,"114,854",2.70%,영업점,1,제한없음,복리,,없음,- 1개월내 : 당초 약정금리와 당초 약정기간에 해당하는 현행금리 중 낮은 금리 - 1개월이후 : 보통예금이자율,해당없음,,20260804,,202608040942,금융감독원 금융상품한눈에 Open API,2026-08-10T14:19:08
030300,저축은행,202607,0010439,MS저축은행,240001,정기예금,12,M,복리,3.81%,3.22%,"328,015",3.81%,영업점,1,제한없음,복리,,없음,- 1개월내 : 당초 약정금리와 당초 약정기간에 해당하는 현행금리 중 낮은 금리 - 1개월이후 : 보통예금이자율,해당없음,,20260804,,202608040942,금융감독원 금융상품한눈에 Open API,2026-08-10T14:19:08
030300,저축은행,202607,0010439,MS저축은행,240001,정기예금,24,M,복리,2.30%,1.95%,"397,860",2.30%,영업점,1,제한없음,복리,,없음,- 1개월내 : 당초 약정금리와 당초 약정기간에 해당하는 현행금리 중 낮은 금리 - 1개월이후 : 보통예금이자율,해당없음,,20260804,,202608040942,금융감독원 금융상품한눈에 Open API,2026-08-10T14:19:08
030300,저축은행,202607,0010439,MS저축은행,240001,정기예금,36,M,복리,2.00%,1.69%,"522,689",2.00%,영업점,1,제한없음,복리,,없음,- 1개월내 : 당초 약정금리와 당초 약정기간에 해당하는 현행금리 중 낮은 금리 - 1개월이후 : 보통예금이자율,해당없음,,20260804,,202608040942,금융감독원 금융상품한눈에 Open API,2026-08-10T14:19:08
030300,저축은행,202607,0010439,MS저축은행,240009,e-정기예금,1,S,단리,2.00%,1.69%,"14,000",2.00%,"인터넷,스마트폰",1,제한없음 (인터넷뱅킹 및 스마트폰 뱅킹 신청자),단리,,없음,- 1개월내 : 당초 약정금리와 당초 약정기간에 해당하는 현행금리 중 낮은 금리 - 1개월이후 : 보통예금이자율,해당없음,,20260804,,202608040942,금융감독원 금융상품한눈에 Open API,2026-08-10T14:19:08
030300,저축은행,202607,0010439,MS저축은행,240009,e-정기예금,3,S,단리,3.55%,3.00%,"75,000",3.55%,"인터넷,스마트폰",1,제한없음 (인터넷뱅킹 및 스마트폰 뱅킹 신청자),단리,,없음,- 1개월내 : 당초 약정금리와 당초 약정기간에 해당하는 현행금리 중 낮은 금리 - 1개월이후 : 보통예금이자율,해당없음,,20260804,,202608040942,금융감독원 금융상품한눈에 Open API,2026-08-10T14:19:08
030300,저축은행,202607,0010439,MS저축은행,240009,e-정기예금,6,S,단리,3.60%,3.05%,"152,000",3.60%,"인터넷,스마트폰",1,제한없음 (인터넷뱅킹 및 스마트폰 뱅킹 신청자),단리,,없음,- 1개월내 : 당초 약정금리와 당초 약정기간에 해당하는 현행금리 중 낮은 금리 - 1개월이후 : 보통예금이자율,해당없음,,20260804,,202608040942,금융감독원 금융상품한눈에 Open API,2026-08-10T14:19:08
030300,저축은행,202607,0010439,MS저축은행,240009,e-정기예금,12,S,단리,3.81%,3.22%,"322,000",3.81%,"인터넷,스마트폰",1,제한없음 (인터넷뱅킹 및 스마트폰 뱅킹 신청자),단리,,없음,- 1개월내 : 당초 약정금리와 당초 약정기간에 해당하는 현행금리 중 낮은 금리 - 1개월이후 : 보통예금이자율,해당없음,,20260804,,202608040942,금융감독원 금융상품한눈에 Open API,2026-08-10T14:19:08
030300,저축은행,202607,0010439,MS저축은행,240009,e-정기예금,24,S,단리,2.20%,1.86%,"372,000",2.20%,"인터넷,스마트폰",1,제한없음 (인터넷뱅킹 및 스마트폰 뱅킹 신청자),단리,,없음,- 1개월내 : 당초 약정금리와 당초 약정기간에 해당하는 현행금리 중 낮은 금리 - 1개월이후 : 보통예금이자율,해당없음,,20260804,,202608040942,금융감독원 금융상품한눈에 Open API,2026-08-10T14:19:08
030300,저축은행,202607,0010439,MS저축은행,240009,e-정기예금,36,S,단리,2.00%,1.69%,"508,000",2.00%,"인터넷,스마트폰",1,제한없음 (인터넷뱅킹 및 스마트폰 뱅킹 신청자),단리,,없음,- 1개월내 : 당초 약정금리와 당초 약정기간에 해당하는 현행금리 중 낮은 금리 - 1개월이후 : 보통예금이자율,해당없음,,20260804,,202608040942,금융감독원 금융상품한눈에 Open API,2026-08-10T14:19:08
030300,저축은행,202607,0010439,MS저축은행,240009,e-정기예금,1,M,복리,2.00%,1.69%,"14,100",2.00%,"인터넷,스마트폰",1,제한없음 (인터넷뱅킹 및 스마트폰 뱅킹 신청자),복리,,없음,- 1개월내 : 당초 약정금리와 당초 약정기간에 해당하는 현행금리 중 낮은 금리 - 1개월이후 : 보통예금이자율,해당없음,,20260804,,202608040942,금융감독원 금융상품한눈에 Open API,2026-08-10T14:19:08
030300,저축은행,202607,0010439,MS저축은행,240009,e-정기예금,3,M,복리,3.55%,3.00%,"75,305",3.55%,"인터넷,스마트폰",1,제한없음 (인터넷뱅킹 및 스마트폰 뱅킹 신청자),복리,,없음,- 1개월내 : 당초 약정금리와 당초 약정기간에 해당하는 현행금리 중 낮은 금리 - 1개월이후 : 보통예금이자율,해당없음,,20260804,,202608040942,금융감독원 금융상품한눈에 Open API,2026-08-10T14:19:08
030300,저축은행,202607,0010439,MS저축은행,240009,e-정기예금,6,M,복리,3.60%,3.05%,"153,427",3.60%,"인터넷,스마트폰",1,제한없음 (인터넷뱅킹 및 스마트폰 뱅킹 신청자),복리,,없음,- 1개월내 : 당초 약정금리와 당초 약정기간에 해당하는 현행금리 중 낮은 금리 - 1개월이후 : 보통예금이자율,해당없음,,20260804,,202608040942,금융감독원 금융상품한눈에 Open API,2026-08-10T14:19:08
030300,저축은행,202607,0010439,MS저축은행,240009,e-정기예금,12,M,복리,3.81%,3.22%,"328,015",3.81%,"인터넷,스마트폰",1,제한없음 (인터넷뱅킹 및 스마트폰 뱅킹 신청자),복리,,없음,- 1개월내 : 당초 약정금리와 당초 약정기간에 해당하는 현행금리 중 낮은 금리 - 1개월이후 : 보통예금이자율,해당없음,,20260804,,202608040942,금융감독원 금융상품한눈에 Open API,2026-08-10T14:19:08
030300,저축은행,202607,0010439,MS저축은행,240009,e-정기예금,24,M,복리,2.20%,1.86%,"380,195",2.20%,"인터넷,스마트폰",1,제한없음 (인터넷뱅킹 및 스마트폰 뱅킹 신청자),복리,,없음,- 1개월내 : 당초 약정금리와 당초 약정기간에 해당하는 현행금리 중 낮은 금리 - 1개월이후 : 보통예금이자율,해당없음,,20260804,,202608040942,금융감독원 금융상품한눈에 Open API,2026-08-10T14:19:08
030300,저축은행,202607,0010439,MS저축은행,240009,e-정기예금,36,M,복리,2.00%,1.69%,"522,689",2.00%,"인터넷,스마트폰",1,제한없음 (인터넷뱅킹 및 스마트폰 뱅킹 신청자),복리,,없음,- 1개월내 : 당초 약정금리와 당초 약정기간에 해당하는 현행금리 중 낮은 금리 - 1개월이후 : 보통예금이자율,해당없음,,20260804,,202608040942,금융감독원 금융상품한눈에 Open API,2026-08-10T14:19:08
030300,저축은행,202607,0010448,안국저축은행,24-0001,정기예금,1,S,단리,1.50%,1.27%,"11,000",1.50%,영업점,1,제한없음,단리,,없음,"1.만기후 1개월 이내 : 신규시점 해당 정기예금 이율 적용 (단, 신규시점이율과 만기시점이율을 비교하여 낮은금리적용), 만기후 1개월 이후 : 보통예금 이율",없음,,20260807,,202608070824,금융감독원 금융상품한눈에 Open API,2026-08-10T14:19:08
030300,저축은행,202607,0010448,안국저축은행,24-0001,정기예금,3,S,단리,2.00%,1.69%,"42,000",2.00%,영업점,1,제한없음,단리,,없음,"1.만기후 1개월 이내 : 신규시점 해당 정기예금 이율 적용 (단, 신규시점이율과 만기시점이율을 비교하여 낮은금리적용), 만기후 1개월 이후 : 보통예금 이율",없음,,20260807,,202608070824,금융감독원 금융상품한눈에 Open API,2026-08-10T14:19:08
030300,저축은행,202607,0010448,안국저축은행,24-0001,정기예금,6,S,단리,2.50%,2.11%,"106,000",2.50%,영업점,1,제한없음,단리,,없음,"1.만기후 1개월 이내 : 신규시점 해당 정기예금 이율 적용 (단, 신규시점이율과 만기시점이율을 비교하여 낮은금리적용), 만기후 1개월 이후 : 보통예금 이율",없음,,20260807,,202608070824,금융감독원 금융상품한눈에 Open API,2026-08-10T14:19:08
030300,저축은행,202607,0010448,안국저축은행,24-0001,정기예금,12,S,단리,3.80%,3.21%,"321,000",3.80%,영업점,1,제한없음,단리,,없음,"1.만기후 1개월 이내 : 신규시점 해당 정기예금 이율 적용 (단, 신규시점이율과 만기시점이율을 비교하여 낮은금리적용), 만기후 1개월 이후 : 보통예금 이율",없음,,20260807,,202608070824,금융감독원 금융상품한눈에 Open API,2026-08-10T14:19:08
030300,저축은행,202607,0010448,안국저축은행,24-0001,정기예금,24,S,단리,2.50%,2.11%,"423,000",2.50%,영업점,1,제한없음,단리,,없음,"1.만기후 1개월 이내 : 신규시점 해당 정기예금 이율 적용 (단, 신규시점이율과 만기시점이율을 비교하여 낮은금리적용), 만기후 1개월 이후 : 보통예금 이율",없음,,20260807,,202608070824,금융감독원 금융상품한눈에 Open API,2026-08-10T14:19:08
030300,저축은행,202607,0010448,안국저축은행,24-0001,정기예금,1,M,복리,1.50%,1.27%,"10,575",1.50%,영업점,1,제한없음,복리,,없음,"1.만기후 1개월 이내 : 신규시점 해당 정기예금 이율 적용 (단, 신규시점이율과 만기시점이율을 비교하여 낮은금리적용), 만기후 1개월 이후 : 보통예금 이율",없음,,20260807,,202608070824,금융감독원 금융상품한눈에 Open API,2026-08-10T14:19:08
030300,저축은행,202607,0010448,안국저축은행,24-0001,정기예금,3,M,복리,2.00%,1.69%,"42,371",2.00%,영업점,1,제한없음,복리,,없음,"1.만기후 1개월 이내 : 신규시점 해당 정기예금 이율 적용 (단, 신규시점이율과 만기시점이율을 비교하여 낮은금리적용), 만기후 1개월 이후 : 보통예금 이율",없음,,20260807,,202608070824,금융감독원 금융상품한눈에 Open API,2026-08-10T14:19:08
030300,저축은행,202607,0010448,안국저축은행,24-0001,정기예금,6,M,복리,2.50%,2.11%,"106,302",2.50%,영업점,1,제한없음,복리,,없음,"1.만기후 1개월 이내 : 신규시점 해당 정기예금 이율 적용 (단, 신규시점이율과 만기시점이율을 비교하여 낮은금리적용), 만기후 1개월 이후 : 보통예금 이율",없음,,20260807,,202608070824,금융감독원 금융상품한눈에 Open API,2026-08-10T14:19:08
030300,저축은행,202607,0010448,안국저축은행,24-0001,정기예금,12,M,복리,3.80%,3.21%,"327,139",3.80%,영업점,1,제한없음,복리,,없음,"1.만기후 1개월 이내 : 신규시점 해당 정기예금 이율 적용 (단, 신규시점이율과 만기시점이율을 비교하여 낮은금리적용), 만기후 1개월 이후 : 보통예금 이율",없음,,20260807,,202608070824,금융감독원 금융상품한눈에 Open API,2026-08-10T14:19:08
030300,저축은행,202607,0010448,안국저축은행,24-0001,정기예금,24,M,복리,2.50%,2.11%,"433,291",2.50%,영업점,1,제한없음,복리,,없음,"1.만기후 1개월 이내 : 신규시점 해당 정기예금 이율 적용 (단, 신규시점이율과 만기시점이율을 비교하여 낮은금리적용), 만기후 1개월 이후 : 보통예금 이율",없음,,20260807,,202608070824,금융감독원 금융상품한눈에 Open API,2026-08-10T14:19:08
030300,저축은행,202607,0010448,안국저축은행,24-0002,e-정기예금,1,S,단리,1.50%,1.27%,"11,000",1.50%,"인터넷,스마트폰",1,제한없음,단리,,없음,"1.만기후 1개월 이내 : 신규시점 해당 정기예금 이율 적용 (단, 신규시점이율과 만기시점이율을 비교하여 낮은금리적용), 만기후 1개월 이후 : 보통예금 이율",없음,,20260807,,202608070824,금융감독원 금융상품한눈에 Open API,2026-08-10T14:19:08
030300,저축은행,202607,0010448,안국저축은행,24-0002,e-정기예금,3,S,단리,2.00%,1.69%,"42,000",2.00%,"인터넷,스마트폰",1,제한없음,단리,,없음,"1.만기후 1개월 이내 : 신규시점 해당 정기예금 이율 적용 (단, 신규시점이율과 만기시점이율을 비교하여 낮은금리적용), 만기후 1개월 이후 : 보통예금 이율",없음,,20260807,,202608070824,금융감독원 금융상품한눈에 Open API,2026-08-10T14:19:08
030300,저축은행,202607,0010448,안국저축은행,24-0002,e-정기예금,6,S,단리,2.50%,2.11%,"106,000",2.50%,"인터넷,스마트폰",1,제한없음,단리,,없음,"1.만기후 1개월 이내 : 신규시점 해당 정기예금 이율 적용 (단, 신규시점이율과 만기시점이율을 비교하여 낮은금리적용), 만기후 1개월 이후 : 보통예금 이율",없음,,20260807,,202608070824,금융감독원 금융상품한눈에 Open API,2026-08-10T14:19:08
030300,저축은행,202607,0010448,안국저축은행,24-0002,e-정기예금,12,S,단리,3.80%,3.21%,"321,000",3.80%,"인터넷,스마트폰",1,제한없음,단리,,없음,"1.만기후 1개월 이내 : 신규시점 해당 정기예금 이율 적용 (단, 신규시점이율과 만기시점이율을 비교하여 낮은금리적용), 만기후 1개월 이후 : 보통예금 이율",없음,,20260807,,202608070824,금융감독원 금융상품한눈에 Open API,2026-08-10T14:19:08
030300,저축은행,202607,0010448,안국저축은행,24-0002,e-정기예금,24,S,단리,2.50%,2.11%,"423,000",2.50%,"인터넷,스마트폰",1,제한없음,단리,,없음,"1.만기후 1개월 이내 : 신규시점 해당 정기예금 이율 적용 (단, 신규시점이율과 만기시점이율을 비교하여 낮은금리적용), 만기후 1개월 이후 : 보통예금 이율",없음,,20260807,,202608070824,금융감독원 금융상품한눈에 Open API,2026-08-10T14:19:08
030300,저축은행,202607,0010448,안국저축은행,24-0002,e-정기예금,1,M,복리,1.50%,1.27%,"10,575",1.50%,"인터넷,스마트폰",1,제한없음,복리,,없음,"1.만기후 1개월 이내 : 신규시점 해당 정기예금 이율 적용 (단, 신규시점이율과 만기시점이율을 비교하여 낮은금리적용), 만기후 1개월 이후 : 보통예금 이율",없음,,20260807,,202608070824,금융감독원 금융상품한눈에 Open API,2026-08-10T14:19:08
030300,저축은행,202607,0010448,안국저축은행,24-0002,e-정기예금,3,M,복리,2.00%,1.69%,"42,371",2.00%,"인터넷,스마트폰",1,제한없음,복리,,없음,"1.만기후 1개월 이내 : 신규시점 해당 정기예금 이율 적용 (단, 신규시점이율과 만기시점이율을 비교하여 낮은금리적용), 만기후 1개월 이후 : 보통예금 이율",없음,,20260807,,202608070824,금융감독원 금융상품한눈에 Open API,2026-08-10T14:19:08
030300,저축은행,202607,0010448,안국저축은행,24-0002,e-정기예금,6,M,복리,2.50%,2.11%,"106,302",2.50%,"인터넷,스마트폰",1,제한없음,복리,,없음,"1.만기후 1개월 이내 : 신규시점 해당 정기예금 이율 적용 (단, 신규시점이율과 만기시점이율을 비교하여 낮은금리적용), 만기후 1개월 이후 : 보통예금 이율",없음,,20260807,,202608070824,금융감독원 금융상품한눈에 Open API,2026-08-10T14:19:08
030300,저축은행,202607,0010448,안국저축은행,24-0002,e-정기예금,12,M,복리,3.80%,3.21%,"327,139",3.80%,"인터넷,스마트폰",1,제한없음,복리,,없음,"1.만기후 1개월 이내 : 신규시점 해당 정기예금 이율 적용 (단, 신규시점이율과 만기시점이율을 비교하여 낮은금리적용), 만기후 1개월 이후 : 보통예금 이율",없음,,20260807,,202608070824,금융감독원 금융상품한눈에 Open API,2026-08-10T14:19:08
030300,저축은행,202607,0010448,안국저축은행,24-0002,e-정기예금,24,M,복리,2.50%,2.11%,"433,291",2.50%,"인터넷,스마트폰",1,제한없음,복리,,없음,"1.만기후 1개월 이내 : 신규시점 해당 정기예금 이율 적용 (단, 신규시점이율과 만기시점이율을 비교하여 낮은금리적용), 만기후 1개월 이후 : 보통예금 이율",없음,,20260807,,202608070824,금융감독원 금융상품한눈에 Open API,2026-08-10T14:19:08
030300,저축은행,202607,0010448,안국저축은행,24-0003,정기예금(비대면),1,S,단리,1.50%,1.27%,"11,000",1.50%,스마트폰,1,제한없음,단리,,없음,"1.만기후 1개월 이내 : 신규시점 해당 정기예금 이율 적용 (단, 신규시점이율과 만기시점이율을 비교하여 낮은금리적용), 만기후 1개월 이후 : 보통예금 이율",없음,,20260807,,202608070824,금융감독원 금융상품한눈에 Open API,2026-08-10T14:19:08
030300,저축은행,202607,0010448,안국저축은행,24-0003,정기예금(비대면),3,S,단리,2.00%,1.69%,"42,000",2.00%,스마트폰,1,제한없음,단리,,없음,"1.만기후 1개월 이내 : 신규시점 해당 정기예금 이율 적용 (단, 신규시점이율과 만기시점이율을 비교하여 낮은금리적용), 만기후 1개월 이후 : 보통예금 이율",없음,,20260807,,202608070824,금융감독원 금융상품한눈에 Open API,2026-08-10T14:19:08
030300,저축은행,202607,0010448,안국저축은행,24-0003,정기예금(비대면),6,S,단리,2.50%,2.11%,"106,000",2.50%,스마트폰,1,제한없음,단리,,없음,"1.만기후 1개월 이내 : 신규시점 해당 정기예금 이율 적용 (단, 신규시점이율과 만기시점이율을 비교하여 낮은금리적용), 만기후 1개월 이후 : 보통예금 이율",없음,,20260807,,202608070824,금융감독원 금융상품한눈에 Open API,2026-08-10T14:19:08
030300,저축은행,202607,0010448,안국저축은행,24-0003,정기예금(비대면),12,S,단리,3.80%,3.21%,"321,000",3.80%,스마트폰,1,제한없음,단리,,없음,"1.만기후 1개월 이내 : 신규시점 해당 정기예금 이율 적용 (단, 신규시점이율과 만기시점이율을 비교하여 낮은금리적용), 만기후 1개월 이후 : 보통예금 이율",없음,,20260807,,202608070824,금융감독원 금융상품한눈에 Open API,2026-08-10T14:19:08
030300,저축은행,202607,0010448,안국저축은행,24-0003,정기예금(비대면),24,S,단리,2.50%,2.11%,"423,000",2.50%,스마트폰,1,제한없음,단리,,없음,"1.만기후 1개월 이내 : 신규시점 해당 정기예금 이율 적용 (단, 신규시점이율과 만기시점이율을 비교하여 낮은금리적용), 만기후 1개월 이후 : 보통예금 이율",없음,,20260807,,202608070824,금융감독원 금융상품한눈에 Open API,2026-08-10T14:19:08
030300,저축은행,202607,0010448,안국저축은행,24-0003,정기예금(비대면),1,M,복리,1.50%,1.27%,"10,575",1.50%,스마트폰,1,제한없음,복리,,없음,"1.만기후 1개월 이내 : 신규시점 해당 정기예금 이율 적용 (단, 신규시점이율과 만기시점이율을 비교하여 낮은금리적용), 만기후 1개월 이후 : 보통예금 이율",없음,,20260807,,202608070824,금융감독원 금융상품한눈에 Open API,2026-08-10T14:19:08
030300,저축은행,202607,0010448,안국저축은행,24-0003,정기예금(비대면),3,M,복리,2.00%,1.69%,"42,371",2.00%,스마트폰,1,제한없음,복리,,없음,"1.만기후 1개월 이내 : 신규시점 해당 정기예금 이율 적용 (단, 신규시점이율과 만기시점이율을 비교하여 낮은금리적용), 만기후 1개월 이후 : 보통예금 이율",없음,,20260807,,202608070824,금융감독원 금융상품한눈에 Open API,2026-08-10T14:19:08
030300,저축은행,202607,0010448,안국저축은행,24-0003,정기예금(비대면),6,M,복리,2.50%,2.11%,"106,302",2.50%,스마트폰,1,제한없음,복리,,없음,"1.만기후 1개월 이내 : 신규시점 해당 정기예금 이율 적용 (단, 신규시점이율과 만기시점이율을 비교하여 낮은금리적용), 만기후 1개월 이후 : 보통예금 이율",없음,,20260807,,202608070824,금융감독원 금융상품한눈에 Open API,2026-08-10T14:19:08
030300,저축은행,202607,0010448,안국저축은행,24-0003,정기예금(비대면),12,M,복리,3.80%,3.21%,"327,139",3.80%,스마트폰,1,제한없음,복리,,없음,"1.만기후 1개월 이내 : 신규시점 해당 정기예금 이율 적용 (단, 신규시점이율과 만기시점이율을 비교하여 낮은금리적용), 만기후 1개월 이후 : 보통예금 이율",없음,,20260807,,202608070824,금융감독원 금융상품한눈에 Open API,2026-08-10T14:19:08
030300,저축은행,202607,0010448,안국저축은행,24-0003,정기예금(비대면),24,M,복리,2.50%,2.11%,"433,291",2.50%,스마트폰,1,제한없음,복리,,없음,"1.만기후 1개월 이내 : 신규시점 해당 정기예금 이율 적용 (단, 신규시점이율과 만기시점이율을 비교하여 낮은금리적용), 만기후 1개월 이후 : 보통예금 이율",없음,,20260807,,202608070824,금융감독원 금융상품한눈에 Open API,2026-08-10T14:19:08
030300,저축은행,202607,0010448,안국저축은행,24-0004,회전식정기예금,12,S,단리,3.90%,3.30%,"330,000",3.90%,영업점,1,제한없음,단리,,없음,"1.만기후 1개월 이내 : 신규시점 해당 정기예금 이율 적용 (단, 신규시점이율과 만기시점이율을 비교하여 낮은금리적용), 만기후 1개월 이후 : 보통예금 이율",없음,,20260807,,202608070824,금융감독원 금융상품한눈에 Open API,2026-08-10T14:19:08
030300,저축은행,202607,0010448,안국저축은행,24-0004,회전식정기예금,36,S,단리,3.90%,3.30%,"990,000",3.90%,영업점,1,제한없음,단리,,없음,"1.만기후 1개월 이내 : 신규시점 해당 정기예금 이율 적용 (단, 신규시점이율과 만기시점이율을 비교하여 낮은금리적용), 만기후 1개월 이후 : 보통예금 이율",없음,,20260807,,202608070824,금융감독원 금융상품한눈에 Open API,2026-08-10T14:19:08
030300,저축은행,202607,0010448,안국저축은행,24-0004,회전식정기예금,12,M,복리,3.90%,3.30%,"335,902",3.90%,영업점,1,제한없음,복리,,없음,"1.만기후 1개월 이내 : 신규시점 해당 정기예금 이율 적용 (단, 신규시점이율과 만기시점이율을 비교하여 낮은금리적용), 만기후 1개월 이후 : 보통예금 이율",없음,,20260807,,202608070824,금융감독원 금융상품한눈에 Open API,2026-08-10T14:19:08
030300,저축은행,202607,0010448,안국저축은행,24-0004,회전식정기예금,36,M,복리,3.90%,3.30%,"1,048,246",3.90%,영업점,1,제한없음,복리,,없음,"1.만기후 1개월 이내 : 신규시점 해당 정기예금 이율 적용 (단, 신규시점이율과 만기시점이율을 비교하여 낮은금리적용), 만기후 1개월 이후 : 보통예금 이율",없음,,20260807,,202608070824,금융감독원 금융상품한눈에 Open API,2026-08-10T14:19:08
030300,저축은행,202607,0010448,안국저축은행,24-0005,e-회전식정기예금,12,S,단리,3.90%,3.30%,"330,000",3.90%,"인터넷,스마트폰",1,제한없음,단리,,없음,"1.만기후 1개월 이내 : 신규시점 해당 정기예금 이율 적용 (단, 신규시점이율과 만기시점이율을 비교하여 낮은금리적용), 만기후 1개월 이후 : 보통예금 이율",없음,,20260807,,202608070824,금융감독원 금융상품한눈에 Open API,2026-08-10T14:19:08
030300,저축은행,202607,0010448,안국저축은행,24-0005,e-회전식정기예금,36,S,단리,3.90%,3.30%,"990,000",3.90%,"인터넷,스마트폰",1,제한없음,단리,,없음,"1.만기후 1개월 이내 : 신규시점 해당 정기예금 이율 적용 (단, 신규시점이율과 만기시점이율을 비교하여 낮은금리적용), 만기후 1개월 이후 : 보통예금 이율",없음,,20260807,,202608070824,금융감독원 금융상품한눈에 Open API,2026-08-10T14:19:08
030300,저축은행,202607,0010448,안국저축은행,24-0005,e-회전식정기예금,12,M,복리,3.90%,3.30%,"335,902",3.90%,"인터넷,스마트폰",1,제한없음,복리,,없음,"1.만기후 1개월 이내 : 신규시점 해당 정기예금 이율 적용 (단, 신규시점이율과 만기시점이율을 비교하여 낮은금리적용), 만기후 1개월 이후 : 보통예금 이율",없음,,20260807,,202608070824,금융감독원 금융상품한눈에 Open API,2026-08-10T14:19:08
030300,저축은행,202607,0010448,안국저축은행,24-0005,e-회전식정기예금,36,M,복리,3.90%,3.30%,"1,048,246",3.90%,"인터넷,스마트폰",1,제한없음,복리,,없음,"1.만기후 1개월 이내 : 신규시점 해당 정기예금 이율 적용 (단, 신규시점이율과 만기시점이율을 비교하여 낮은금리적용), 만기후 1개월 이후 : 보통예금 이율",없음,,20260807,,202608070824,금융감독원 금융상품한눈에 Open API,2026-08-10T14:19:08
030300,저축은행,202607,0010448,안국저축은행,24-0006,회전식정기예금(비대면),12,S,단리,3.90%,3.30%,"330,000",3.90%,스마트폰,1,제한없음,단리,,없음,"1.만기후 1개월 이내 : 신규시점 해당 정기예금 이율 적용 (단, 신규시점이율과 만기시점이율을 비교하여 낮은금리적용), 만기후 1개월 이후 : 보통예금 이율",없음,,20260807,,202608070824,금융감독원 금융상품한눈에 Open API,2026-08-10T14:19:08
030300,저축은행,202607,0010448,안국저축은행,24-0006,회전식정기예금(비대면),36,S,단리,3.90%,3.30%,"990,000",3.90%,스마트폰,1,제한없음,단리,,없음,"1.만기후 1개월 이내 : 신규시점 해당 정기예금 이율 적용 (단, 신규시점이율과 만기시점이율을 비교하여 낮은금리적용), 만기후 1개월 이후 : 보통예금 이율",없음,,20260807,,202608070824,금융감독원 금융상품한눈에 Open API,2026-08-10T14:19:08
030300,저축은행,202607,0010448,안국저축은행,24-0006,회전식정기예금(비대면),12,M,복리,3.90%,3.30%,"335,902",3.90%,스마트폰,1,제한없음,복리,,없음,"1.만기후 1개월 이내 : 신규시점 해당 정기예금 이율 적용 (단, 신규시점이율과 만기시점이율을 비교하여 낮은금리적용), 만기후 1개월 이후 : 보통예금 이율",없음,,20260807,,202608070824,금융감독원 금융상품한눈에 Open API,2026-08-10T14:19:08
030300,저축은행,202607,0010448,안국저축은행,24-0006,회전식정기예금(비대면),36,M,복리,3.90%,3.30%,"1,048,246",3.90%,스마트폰,1,제한없음,복리,,없음,"1.만기후 1개월 이내 : 신규시점 해당 정기예금 이율 적용 (단, 신규시점이율과 만기시점이율을 비교하여 낮은금리적용), 만기후 1개월 이후 : 보통예금 이율",없음,,20260807,,202608070824,금융감독원 금융상품한눈에 Open API,2026-08-10T14:19:08
030300,저축은행,202607,0010449,남양저축은행,NY240001,정기예금,1,S,단리,2.00%,1.69%,"14,000",2.00%,영업점,1,제한없음,단리,,없음,"만기 후 한 달까지 약정금리-현행금리 비교하여 낮은 금리 적용, 이후 0.1%","중도해지 이율 : 1개월미만 : 계약일의 보통예금 금리, 1개월이상 6개월미만 : 약정이율의 50%, 6개월이상 12개월미만 : 약정이율의 55%. 12개월 이상 : 약정이율의 65%",,20260804,,202608040837,금융감독원 금융상품한눈에 Open API,2026-08-10T14:19:08
030300,저축은행,202607,0010449,남양저축은행,NY240001,정기예금,3,S,단리,2.50%,2.11%,"53,000",2.50%,영업점,1,제한없음,단리,,없음,"만기 후 한 달까지 약정금리-현행금리 비교하여 낮은 금리 적용, 이후 0.1%","중도해지 이율 : 1개월미만 : 계약일의 보통예금 금리, 1개월이상 6개월미만 : 약정이율의 50%, 6개월이상 12개월미만 : 약정이율의 55%. 12개월 이상 : 약정이율의 65%",,20260804,,202608040837,금융감독원 금융상품한눈에 Open API,2026-08-10T14:19:08
030300,저축은행,202607,0010449,남양저축은행,NY240001,정기예금,6,S,단리,3.00%,2.54%,"127,000",3.00%,영업점,1,제한없음,단리,,없음,"만기 후 한 달까지 약정금리-현행금리 비교하여 낮은 금리 적용, 이후 0.1%","중도해지 이율 : 1개월미만 : 계약일의 보통예금 금리, 1개월이상 6개월미만 : 약정이율의 50%, 6개월이상 12개월미만 : 약정이율의 55%. 12개월 이상 : 약정이율의 65%",,20260804,,202608040837,금융감독원 금융상품한눈에 Open API,2026-08-10T14:19:08
030300,저축은행,202607,0010449,남양저축은행,NY240001,정기예금,12,S,단리,3.90%,3.30%,"330,000",3.90%,영업점,1,제한없음,단리,,없음,"만기 후 한 달까지 약정금리-현행금리 비교하여 낮은 금리 적용, 이후 0.1%","중도해지 이율 : 1개월미만 : 계약일의 보통예금 금리, 1개월이상 6개월미만 : 약정이율의 50%, 6개월이상 12개월미만 : 약정이율의 55%. 12개월 이상 : 약정이율의 65%",,20260804,,202608040837,금융감독원 금융상품한눈에 Open API,2026-08-10T14:19:08
030300,저축은행,202607,0010449,남양저축은행,NY240001,정기예금,24,S,단리,3.00%,2.54%,"508,000",3.00%,영업점,1,제한없음,단리,,없음,"만기 후 한 달까지 약정금리-현행금리 비교하여 낮은 금리 적용, 이후 0.1%","중도해지 이율 : 1개월미만 : 계약일의 보통예금 금리, 1개월이상 6개월미만 : 약정이율의 50%, 6개월이상 12개월미만 : 약정이율의 55%. 12개월 이상 : 약정이율의 65%",,20260804,,202608040837,금융감독원 금융상품한눈에 Open API,2026-08-10T14:19:08
030300,저축은행,202607,0010449,남양저축은행,NY240001,정기예금,1,M,복리,2.00%,1.69%,"14,100",2.00%,영업점,1,제한없음,복리,,없음,"만기 후 한 달까지 약정금리-현행금리 비교하여 낮은 금리 적용, 이후 0.1%","중도해지 이율 : 1개월미만 : 계약일의 보통예금 금리, 1개월이상 6개월미만 : 약정이율의 50%, 6개월이상 12개월미만 : 약정이율의 55%. 12개월 이상 : 약정이율의 65%",,20260804,,202608040837,금융감독원 금융상품한눈에 Open API,2026-08-10T14:19:08
030300,저축은행,202607,0010449,남양저축은행,NY240001,정기예금,3,M,복리,2.50%,2.11%,"52,985",2.50%,영업점,1,제한없음,복리,,없음,"만기 후 한 달까지 약정금리-현행금리 비교하여 낮은 금리 적용, 이후 0.1%","중도해지 이율 : 1개월미만 : 계약일의 보통예금 금리, 1개월이상 6개월미만 : 약정이율의 50%, 6개월이상 12개월미만 : 약정이율의 55%. 12개월 이상 : 약정이율의 65%",,20260804,,202608040837,금융감독원 금융상품한눈에 Open API,2026-08-10T14:19:08
030300,저축은행,202607,0010449,남양저축은행,NY240001,정기예금,6,M,복리,3.00%,2.54%,"127,696",3.00%,영업점,1,제한없음,복리,,없음,"만기 후 한 달까지 약정금리-현행금리 비교하여 낮은 금리 적용, 이후 0.1%","중도해지 이율 : 1개월미만 : 계약일의 보통예금 금리, 1개월이상 6개월미만 : 약정이율의 50%, 6개월이상 12개월미만 : 약정이율의 55%. 12개월 이상 : 약정이율의 65%",,20260804,,202608040837,금융감독원 금융상품한눈에 Open API,2026-08-10T14:19:08
030300,저축은행,202607,0010449,남양저축은행,NY240001,정기예금,12,M,복리,3.90%,3.30%,"335,902",3.90%,영업점,1,제한없음,복리,,없음,"만기 후 한 달까지 약정금리-현행금리 비교하여 낮은 금리 적용, 이후 0.1%","중도해지 이율 : 1개월미만 : 계약일의 보통예금 금리, 1개월이상 6개월미만 : 약정이율의 50%, 6개월이상 12개월미만 : 약정이율의 55%. 12개월 이상 : 약정이율의 65%",,20260804,,202608040837,금융감독원 금융상품한눈에 Open API,2026-08-10T14:19:08
030300,저축은행,202607,0010449,남양저축은행,NY240001,정기예금,24,M,복리,3.00%,2.54%,"522,465",3.00%,영업점,1,제한없음,복리,,없음,"만기 후 한 달까지 약정금리-현행금리 비교하여 낮은 금리 적용, 이후 0.1%","중도해지 이율 : 1개월미만 : 계약일의 보통예금 금리, 1개월이상 6개월미만 : 약정이율의 50%, 6개월이상 12개월미만 : 약정이율의 55%. 12개월 이상 : 약정이율의 65%",,20260804,,202608040837,금융감독원 금융상품한눈에 Open API,2026-08-10T14:19:08
030300,저축은행,202607,0010449,남양저축은행,NY240004,e-정기예금,1,S,단리,2.00%,1.69%,"14,000",2.00%,"인터넷,스마트폰",1,제한없음,단리,,없음,"만기 후 한 달까지 약정금리-현행금리 비교하여 낮은 금리 적용, 이후 0.1%","중도해지 이율 : 1개월미만 : 계약일의 보통예금 금리, 1개월이상 6개월미만 : 약정이율의 50%, 6개월이상 12개월미만 : 약정이율의 55%. 12개월 이상 : 약정이율의 65%",,20260804,,202608040837,금융감독원 금융상품한눈에 Open API,2026-08-10T14:19:08
030300,저축은행,202607,0010449,남양저축은행,NY240004,e-정기예금,3,S,단리,2.50%,2.11%,"53,000",2.50%,"인터넷,스마트폰",1,제한없음,단리,,없음,"만기 후 한 달까지 약정금리-현행금리 비교하여 낮은 금리 적용, 이후 0.1%","중도해지 이율 : 1개월미만 : 계약일의 보통예금 금리, 1개월이상 6개월미만 : 약정이율의 50%, 6개월이상 12개월미만 : 약정이율의 55%. 12개월 이상 : 약정이율의 65%",,20260804,,202608040837,금융감독원 금융상품한눈에 Open API,2026-08-10T14:19:08
030300,저축은행,202607,0010449,남양저축은행,NY240004,e-정기예금,6,S,단리,3.00%,2.54%,"127,000",3.00%,"인터넷,스마트폰",1,제한없음,단리,,없음,"만기 후 한 달까지 약정금리-현행금리 비교하여 낮은 금리 적용, 이후 0.1%","중도해지 이율 : 1개월미만 : 계약일의 보통예금 금리, 1개월이상 6개월미만 : 약정이율의 50%, 6개월이상 12개월미만 : 약정이율의 55%. 12개월 이상 : 약정이율의 65%",,20260804,,202608040837,금융감독원 금융상품한눈에 Open API,2026-08-10T14:19:08
030300,저축은행,202607,0010449,남양저축은행,NY240004,e-정기예금,12,S,단리,3.90%,3.30%,"330,000",3.90%,"인터넷,스마트폰",1,제한없음,단리,,없음,"만기 후 한 달까지 약정금리-현행금리 비교하여 낮은 금리 적용, 이후 0.1%","중도해지 이율 : 1개월미만 : 계약일의 보통예금 금리, 1개월이상 6개월미만 : 약정이율의 50%, 6개월이상 12개월미만 : 약정이율의 55%. 12개월 이상 : 약정이율의 65%",,20260804,,202608040837,금융감독원 금융상품한눈에 Open API,2026-08-10T14:19:08
030300,저축은행,202607,0010449,남양저축은행,NY240004,e-정기예금,24,S,단리,3.00%,2.54%,"508,000",3.00%,"인터넷,스마트폰",1,제한없음,단리,,없음,"만기 후 한 달까지 약정금리-현행금리 비교하여 낮은 금리 적용, 이후 0.1%","중도해지 이율 : 1개월미만 : 계약일의 보통예금 금리, 1개월이상 6개월미만 : 약정이율의 50%, 6개월이상 12개월미만 : 약정이율의 55%. 12개월 이상 : 약정이율의 65%",,20260804,,202608040837,금융감독원 금융상품한눈에 Open API,2026-08-10T14:19:08
030300,저축은행,202607,0010449,남양저축은행,NY240004,e-정기예금,1,M,복리,2.00%,1.69%,"14,100",2.00%,"인터넷,스마트폰",1,제한없음,복리,,없음,"만기 후 한 달까지 약정금리-현행금리 비교하여 낮은 금리 적용, 이후 0.1%","중도해지 이율 : 1개월미만 : 계약일의 보통예금 금리, 1개월이상 6개월미만 : 약정이율의 50%, 6개월이상 12개월미만 : 약정이율의 55%. 12개월 이상 : 약정이율의 65%",,20260804,,202608040837,금융감독원 금융상품한눈에 Open API,2026-08-10T14:19:08
030300,저축은행,202607,0010449,남양저축은행,NY240004,e-정기예금,3,M,복리,2.50%,2.11%,"52,985",2.50%,"인터넷,스마트폰",1,제한없음,복리,,없음,"만기 후 한 달까지 약정금리-현행금리 비교하여 낮은 금리 적용, 이후 0.1%","중도해지 이율 : 1개월미만 : 계약일의 보통예금 금리, 1개월이상 6개월미만 : 약정이율의 50%, 6개월이상 12개월미만 : 약정이율의 55%. 12개월 이상 : 약정이율의 65%",,20260804,,202608040837,금융감독원 금융상품한눈에 Open API,2026-08-10T14:19:08
030300,저축은행,202607,0010449,남양저축은행,NY240004,e-정기예금,6,M,복리,3.00%,2.54%,"127,696",3.00%,"인터넷,스마트폰",1,제한없음,복리,,없음,"만기 후 한 달까지 약정금리-현행금리 비교하여 낮은 금리 적용, 이후 0.1%","중도해지 이율 : 1개월미만 : 계약일의 보통예금 금리, 1개월이상 6개월미만 : 약정이율의 50%, 6개월이상 12개월미만 : 약정이율의 55%. 12개월 이상 : 약정이율의 65%",,20260804,,202608040837,금융감독원 금융상품한눈에 Open API,2026-08-10T14:19:08
030300,저축은행,202607,0010449,남양저축은행,NY240004,e-정기예금,12,M,복리,3.90%,3.30%,"335,902",3.90%,"인터넷,스마트폰",1,제한없음,복리,,없음,"만기 후 한 달까지 약정금리-현행금리 비교하여 낮은 금리 적용, 이후 0.1%","중도해지 이율 : 1개월미만 : 계약일의 보통예금 금리, 1개월이상 6개월미만 : 약정이율의 50%, 6개월이상 12개월미만 : 약정이율의 55%. 12개월 이상 : 약정이율의 65%",,20260804,,202608040837,금융감독원 금융상품한눈에 Open API,2026-08-10T14:19:08
030300,저축은행,202607,0010449,남양저축은행,NY240004,e-정기예금,24,M,복리,3.00%,2.54%,"522,465",3.00%,"인터넷,스마트폰",1,제한없음,복리,,없음,"만기 후 한 달까지 약정금리-현행금리 비교하여 낮은 금리 적용, 이후 0.1%","중도해지 이율 : 1개월미만 : 계약일의 보통예금 금리, 1개월이상 6개월미만 : 약정이율의 50%, 6개월이상 12개월미만 : 약정이율의 55%. 12개월 이상 : 약정이율의 65%",,20260804,,202608040837,금융감독원 금융상품한눈에 Open API,2026-08-10T14:19:08
030300,저축은행,202607,0010449,남양저축은행,NY240009,비대면-정기예금,1,S,단리,2.00%,1.69%,"14,000",2.00%,스마트폰,1,"제한없음 (만19세이상 내국인 개인고객, 본인 스마트폰 소지자, 신분증(주민등록증 또는 운전면허증)소지자, 미국인 납세자에 해당하지 않는 고객)",단리,,없음,"만기 후 한 달까지 약정금리-현행금리 비교하여 낮은 금리 적용, 이후 0.1%","중도해지 이율 : 1개월미만 : 계약일의 보통예금 금리, 1개월이상 6개월미만 : 약정이율의 50%, 6개월이상 12개월미만 : 약정이율의 55%. 12개월 이상 : 약정이율의 65%",,20260804,,202608040837,금융감독원 금융상품한눈에 Open API,2026-08-10T14:19:08
030300,저축은행,202607,0010449,남양저축은행,NY240009,비대면-정기예금,3,S,단리,2.50%,2.11%,"53,000",2.50%,스마트폰,1,"제한없음 (만19세이상 내국인 개인고객, 본인 스마트폰 소지자, 신분증(주민등록증 또는 운전면허증)소지자, 미국인 납세자에 해당하지 않는 고객)",단리,,없음,"만기 후 한 달까지 약정금리-현행금리 비교하여 낮은 금리 적용, 이후 0.1%","중도해지 이율 : 1개월미만 : 계약일의 보통예금 금리, 1개월이상 6개월미만 : 약정이율의 50%, 6개월이상 12개월미만 : 약정이율의 55%. 12개월 이상 : 약정이율의 65%",,20260804,,202608040837,금융감독원 금융상품한눈에 Open API,2026-08-10T14:19:08
030300,저축은행,202607,0010449,남양저축은행,NY240009,비대면-정기예금,6,S,단리,3.00%,2.54%,"127,000",3.00%,스마트폰,1,"제한없음 (만19세이상 내국인 개인고객, 본인 스마트폰 소지자, 신분증(주민등록증 또는 운전면허증)소지자, 미국인 납세자에 해당하지 않는 고객)",단리,,없음,"만기 후 한 달까지 약정금리-현행금리 비교하여 낮은 금리 적용, 이후 0.1%","중도해지 이율 : 1개월미만 : 계약일의 보통예금 금리, 1개월이상 6개월미만 : 약정이율의 50%, 6개월이상 12개월미만 : 약정이율의 55%. 12개월 이상 : 약정이율의 65%",,20260804,,202608040837,금융감독원 금융상품한눈에 Open API,2026-08-10T14:19:08
030300,저축은행,202607,0010449,남양저축은행,NY240009,비대면-정기예금,12,S,단리,3.90%,3.30%,"330,000",3.90%,스마트폰,1,"제한없음 (만19세이상 내국인 개인고객, 본인 스마트폰 소지자, 신분증(주민등록증 또는 운전면허증)소지자, 미국인 납세자에 해당하지 않는 고객)",단리,,없음,"만기 후 한 달까지 약정금리-현행금리 비교하여 낮은 금리 적용, 이후 0.1%","중도해지 이율 : 1개월미만 : 계약일의 보통예금 금리, 1개월이상 6개월미만 : 약정이율의 50%, 6개월이상 12개월미만 : 약정이율의 55%. 12개월 이상 : 약정이율의 65%",,20260804,,202608040837,금융감독원 금융상품한눈에 Open API,2026-08-10T14:19:08
030300,저축은행,202607,0010449,남양저축은행,NY240009,비대면-정기예금,24,S,단리,3.00%,2.54%,"508,000",3.00%,스마트폰,1,"제한없음 (만19세이상 내국인 개인고객, 본인 스마트폰 소지자, 신분증(주민등록증 또는 운전면허증)소지자, 미국인 납세자에 해당하지 않는 고객)",단리,,없음,"만기 후 한 달까지 약정금리-현행금리 비교하여 낮은 금리 적용, 이후 0.1%","중도해지 이율 : 1개월미만 : 계약일의 보통예금 금리, 1개월이상 6개월미만 : 약정이율의 50%, 6개월이상 12개월미만 : 약정이율의 55%. 12개월 이상 : 약정이율의 65%",,20260804,,202608040837,금융감독원 금융상품한눈에 Open API,2026-08-10T14:19:08
030300,저축은행,202607,0010449,남양저축은행,NY240009,비대면-정기예금,1,M,복리,2.00%,1.69%,"14,100",2.00%,스마트폰,1,"제한없음 (만19세이상 내국인 개인고객, 본인 스마트폰 소지자, 신분증(주민등록증 또는 운전면허증)소지자, 미국인 납세자에 해당하지 않는 고객)",복리,,없음,"만기 후 한 달까지 약정금리-현행금리 비교하여 낮은 금리 적용, 이후 0.1%","중도해지 이율 : 1개월미만 : 계약일의 보통예금 금리, 1개월이상 6개월미만 : 약정이율의 50%, 6개월이상 12개월미만 : 약정이율의 55%. 12개월 이상 : 약정이율의 65%",,20260804,,202608040837,금융감독원 금융상품한눈에 Open API,2026-08-10T14:19:08
030300,저축은행,202607,0010449,남양저축은행,NY240009,비대면-정기예금,3,M,복리,2.50%,2.11%,"52,985",2.50%,스마트폰,1,"제한없음 (만19세이상 내국인 개인고객, 본인 스마트폰 소지자, 신분증(주민등록증 또는 운전면허증)소지자, 미국인 납세자에 해당하지 않는 고객)",복리,,없음,"만기 후 한 달까지 약정금리-현행금리 비교하여 낮은 금리 적용, 이후 0.1%","중도해지 이율 : 1개월미만 : 계약일의 보통예금 금리, 1개월이상 6개월미만 : 약정이율의 50%, 6개월이상 12개월미만 : 약정이율의 55%. 12개월 이상 : 약정이율의 65%",,20260804,,202608040837,금융감독원 금융상품한눈에 Open API,2026-08-10T14:19:08
030300,저축은행,202607,0010449,남양저축은행,NY240009,비대면-정기예금,6,M,복리,3.00%,2.54%,"127,696",3.00%,스마트폰,1,"제한없음 (만19세이상 내국인 개인고객, 본인 스마트폰 소지자, 신분증(주민등록증 또는 운전면허증)소지자, 미국인 납세자에 해당하지 않는 고객)",복리,,없음,"만기 후 한 달까지 약정금리-현행금리 비교하여 낮은 금리 적용, 이후 0.1%","중도해지 이율 : 1개월미만 : 계약일의 보통예금 금리, 1개월이상 6개월미만 : 약정이율의 50%, 6개월이상 12개월미만 : 약정이율의 55%. 12개월 이상 : 약정이율의 65%",,20260804,,202608040837,금융감독원 금융상품한눈에 Open API,2026-08-10T14:19:08
030300,저축은행,202607,0010449,남양저축은행,NY240009,비대면-정기예금,12,M,복리,3.90%,3.30%,"335,902",3.90%,스마트폰,1,"제한없음 (만19세이상 내국인 개인고객, 본인 스마트폰 소지자, 신분증(주민등록증 또는 운전면허증)소지자, 미국인 납세자에 해당하지 않는 고객)",복리,,없음,"만기 후 한 달까지 약정금리-현행금리 비교하여 낮은 금리 적용, 이후 0.1%","중도해지 이율 : 1개월미만 : 계약일의 보통예금 금리, 1개월이상 6개월미만 : 약정이율의 50%, 6개월이상 12개월미만 : 약정이율의 55%. 12개월 이상 : 약정이율의 65%",,20260804,,202608040837,금융감독원 금융상품한눈에 Open API,2026-08-10T14:19:08
030300,저축은행,202607,0010449,남양저축은행,NY240009,비대면-정기예금,24,M,복리,3.00%,2.54%,"522,465",3.00%,스마트폰,1,"제한없음 (만19세이상 내국인 개인고객, 본인 스마트폰 소지자, 신분증(주민등록증 또는 운전면허증)소지자, 미국인 납세자에 해당하지 않는 고객)",복리,,없음,"만기 후 한 달까지 약정금리-현행금리 비교하여 낮은 금리 적용, 이후 0.1%","중도해지 이율 : 1개월미만 : 계약일의 보통예금 금리, 1개월이상 6개월미만 : 약정이율의 50%, 6개월이상 12개월미만 : 약정이율의 55%. 12개월 이상 : 약정이율의 65%",,20260804,,202608040837,금융감독원 금융상품한눈에 Open API,2026-08-10T14:19:08
030300,저축은행,202607,0010453,부림저축은행,240001,정기예금,1,S,단리,2.00%,1.69%,"14,000",2.00%,영업점,1,제한없음 (개인 및 법인고객),단리,,없음,- 만기후 1개월 이내 : 가입당시 약정금리와 현재 금리 비교 후 낮은금리 - 만기후 1개월 초과 : 연 0.25%,.,,20260803,,202608031010,금융감독원 금융상품한눈에 Open API,2026-08-10T14:19:08
030300,저축은행,202607,0010453,부림저축은행,240001,정기예금,3,S,단리,2.20%,1.86%,"47,000",2.20%,영업점,1,제한없음 (개인 및 법인고객),단리,,없음,- 만기후 1개월 이내 : 가입당시 약정금리와 현재 금리 비교 후 낮은금리 - 만기후 1개월 초과 : 연 0.25%,.,,20260803,,202608031010,금융감독원 금융상품한눈에 Open API,2026-08-10T14:19:08
030300,저축은행,202607,0010453,부림저축은행,240001,정기예금,6,S,단리,3.60%,3.05%,"152,000",3.60%,영업점,1,제한없음 (개인 및 법인고객),단리,,없음,- 만기후 1개월 이내 : 가입당시 약정금리와 현재 금리 비교 후 낮은금리 - 만기후 1개월 초과 : 연 0.25%,.,,20260803,,202608031010,금융감독원 금융상품한눈에 Open API,2026-08-10T14:19:08
030300,저축은행,202607,0010453,부림저축은행,240001,정기예금,12,S,단리,3.90%,3.30%,"330,000",3.90%,영업점,1,제한없음 (개인 및 법인고객),단리,,없음,- 만기후 1개월 이내 : 가입당시 약정금리와 현재 금리 비교 후 낮은금리 - 만기후 1개월 초과 : 연 0.25%,.,,20260803,,202608031010,금융감독원 금융상품한눈에 Open API,2026-08-10T14:19:08
030300,저축은행,202607,0010453,부림저축은행,240001,정기예금,24,S,단리,2.00%,1.69%,"338,000",2.00%,영업점,1,제한없음 (개인 및 법인고객),단리,,없음,- 만기후 1개월 이내 : 가입당시 약정금리와 현재 금리 비교 후 낮은금리 - 만기후 1개월 초과 : 연 0.25%,.,,20260803,,202608031010,금융감독원 금융상품한눈에 Open API,2026-08-10T14:19:08
030300,저축은행,202607,0010453,부림저축은행,240001,정기예금,1,M,복리,2.00%,1.69%,"14,100",2.00%,영업점,1,제한없음 (개인 및 법인고객),복리,,없음,- 만기후 1개월 이내 : 가입당시 약정금리와 현재 금리 비교 후 낮은금리 - 만기후 1개월 초과 : 연 0.25%,.,,20260803,,202608031010,금융감독원 금융상품한눈에 Open API,2026-08-10T14:19:08
030300,저축은행,202607,0010453,부림저축은행,240001,정기예금,3,M,복리,2.20%,1.86%,"46,615",2.20%,영업점,1,제한없음 (개인 및 법인고객),복리,,없음,- 만기후 1개월 이내 : 가입당시 약정금리와 현재 금리 비교 후 낮은금리 - 만기후 1개월 초과 : 연 0.25%,.,,20260803,,202608031010,금융감독원 금융상품한눈에 Open API,2026-08-10T14:19:08
030300,저축은행,202607,0010453,부림저축은행,240001,정기예금,6,M,복리,3.60%,3.05%,"153,427",3.60%,영업점,1,제한없음 (개인 및 법인고객),복리,,없음,- 만기후 1개월 이내 : 가입당시 약정금리와 현재 금리 비교 후 낮은금리 - 만기후 1개월 초과 : 연 0.25%,.,,20260803,,202608031010,금융감독원 금융상품한눈에 Open API,2026-08-10T14:19:08
030300,저축은행,202607,0010453,부림저축은행,240001,정기예금,12,M,복리,3.90%,3.30%,"335,902",3.90%,영업점,1,제한없음 (개인 및 법인고객),복리,,없음,- 만기후 1개월 이내 : 가입당시 약정금리와 현재 금리 비교 후 낮은금리 - 만기후 1개월 초과 : 연 0.25%,.,,20260803,,202608031010,금융감독원 금융상품한눈에 Open API,2026-08-10T14:19:08
030300,저축은행,202607,0010453,부림저축은행,240001,정기예금,24,M,복리,2.00%,1.69%,"344,966",2.00%,영업점,1,제한없음 (개인 및 법인고객),복리,,없음,- 만기후 1개월 이내 : 가입당시 약정금리와 현재 금리 비교 후 낮은금리 - 만기후 1개월 초과 : 연 0.25%,.,,20260803,,202608031010,금융감독원 금융상품한눈에 Open API,2026-08-10T14:19:08
030300,저축은행,202607,0010453,부림저축은행,240016,톡톡정기예금(비대면),1,S,단리,2.00%,1.69%,"14,000",2.00%,"인터넷,스마트폰",1,제한없음 (개인고객),단리,,없음,- 만기후 1개월 이내 : 가입당시 약정금리와 현재 금리 비교 후 낮은금리 - 만기후 1개월 초과 : 연 0.25%,.,,20260803,,202608031010,금융감독원 금융상품한눈에 Open API,2026-08-10T14:19:08
030300,저축은행,202607,0010453,부림저축은행,240016,톡톡정기예금(비대면),3,S,단리,2.20%,1.86%,"47,000",2.20%,"인터넷,스마트폰",1,제한없음 (개인고객),단리,,없음,- 만기후 1개월 이내 : 가입당시 약정금리와 현재 금리 비교 후 낮은금리 - 만기후 1개월 초과 : 연 0.25%,.,,20260803,,202608031010,금융감독원 금융상품한눈에 Open API,2026-08-10T14:19:08
030300,저축은행,202607,0010453,부림저축은행,240016,톡톡정기예금(비대면),6,S,단리,3.60%,3.05%,"152,000",3.60%,"인터넷,스마트폰",1,제한없음 (개인고객),단리,,없음,- 만기후 1개월 이내 : 가입당시 약정금리와 현재 금리 비교 후 낮은금리 - 만기후 1개월 초과 : 연 0.25%,.,,20260803,,202608031010,금융감독원 금융상품한눈에 Open API,2026-08-10T14:19:08
030300,저축은행,202607,0010453,부림저축은행,240016,톡톡정기예금(비대면),12,S,단리,3.90%,3.30%,"330,000",3.90%,"인터넷,스마트폰",1,제한없음 (개인고객),단리,,없음,- 만기후 1개월 이내 : 가입당시 약정금리와 현재 금리 비교 후 낮은금리 - 만기후 1개월 초과 : 연 0.25%,.,,20260803,,202608031010,금융감독원 금융상품한눈에 Open API,2026-08-10T14:19:08
030300,저축은행,202607,0010453,부림저축은행,240016,톡톡정기예금(비대면),24,S,단리,2.00%,1.69%,"338,000",2.00%,"인터넷,스마트폰",1,제한없음 (개인고객),단리,,없음,- 만기후 1개월 이내 : 가입당시 약정금리와 현재 금리 비교 후 낮은금리 - 만기후 1개월 초과 : 연 0.25%,.,,20260803,,202608031010,금융감독원 금융상품한눈에 Open API,2026-08-10T14:19:08
030300,저축은행,202607,0010453,부림저축은행,240016,톡톡정기예금(비대면),1,M,복리,2.00%,1.69%,"14,100",2.00%,"인터넷,스마트폰",1,제한없음 (개인고객),복리,,없음,- 만기후 1개월 이내 : 가입당시 약정금리와 현재 금리 비교 후 낮은금리 - 만기후 1개월 초과 : 연 0.25%,.,,20260803,,202608031010,금융감독원 금융상품한눈에 Open API,2026-08-10T14:19:08
030300,저축은행,202607,0010453,부림저축은행,240016,톡톡정기예금(비대면),3,M,복리,2.20%,1.86%,"46,615",2.20%,"인터넷,스마트폰",1,제한없음 (개인고객),복리,,없음,- 만기후 1개월 이내 : 가입당시 약정금리와 현재 금리 비교 후 낮은금리 - 만기후 1개월 초과 : 연 0.25%,.,,20260803,,202608031010,금융감독원 금융상품한눈에 Open API,2026-08-10T14:19:08
030300,저축은행,202607,0010453,부림저축은행,240016,톡톡정기예금(비대면),6,M,복리,3.60%,3.05%,"153,427",3.60%,"인터넷,스마트폰",1,제한없음 (개인고객),복리,,없음,- 만기후 1개월 이내 : 가입당시 약정금리와 현재 금리 비교 후 낮은금리 - 만기후 1개월 초과 : 연 0.25%,.,,20260803,,202608031010,금융감독원 금융상품한눈에 Open API,2026-08-10T14:19:08
030300,저축은행,202607,0010453,부림저축은행,240016,톡톡정기예금(비대면),12,M,복리,3.90%,3.30%,"335,902",3.90%,"인터넷,스마트폰",1,제한없음 (개인고객),복리,,없음,- 만기후 1개월 이내 : 가입당시 약정금리와 현재 금리 비교 후 낮은금리 - 만기후 1개월 초과 : 연 0.25%,.,,20260803,,202608031010,금융감독원 금융상품한눈에 Open API,2026-08-10T14:19:08
030300,저축은행,202607,0010453,부림저축은행,240016,톡톡정기예금(비대면),24,M,복리,2.00%,1.69%,"344,966",2.00%,"인터넷,스마트폰",1,제한없음 (개인고객),복리,,없음,- 만기후 1개월 이내 : 가입당시 약정금리와 현재 금리 비교 후 낮은금리 - 만기후 1개월 초과 : 연 0.25%,.,,20260803,,202608031010,금융감독원 금융상품한눈에 Open API,2026-08-10T14:19:08
030300,저축은행,202607,0010456,키움저축은행,240001,정기예금,1,S,단리,1.00%,0.85%,"7,000",1.00%,영업점,1,제한없음,단리,,없음,-만기후 1개월 이내 당초 약정금리 또는 만기시 동일상품 동일계약기간의 신규 약정금리 중 낮은 이율 -만기후 1개월 초과 연 0.2% (신규시점의 보통예금 금리) ※2019년 7월 1일 이후 신규 가입 계좌에 한함.,없음,,20260720,,202607201300,금융감독원 금융상품한눈에 Open API,2026-08-10T14:19:08
030300,저축은행,202607,0010456,키움저축은행,240001,정기예금,3,S,단리,1.50%,1.27%,"32,000",1.50%,영업점,1,제한없음,단리,,없음,-만기후 1개월 이내 당초 약정금리 또는 만기시 동일상품 동일계약기간의 신규 약정금리 중 낮은 이율 -만기후 1개월 초과 연 0.2% (신규시점의 보통예금 금리) ※2019년 7월 1일 이후 신규 가입 계좌에 한함.,없음,,20260720,,202607201300,금융감독원 금융상품한눈에 Open API,2026-08-10T14:19:08
030300,저축은행,202607,0010456,키움저축은행,240001,정기예금,6,S,단리,3.50%,2.96%,"148,000",3.50%,영업점,1,제한없음,단리,,없음,-만기후 1개월 이내 당초 약정금리 또는 만기시 동일상품 동일계약기간의 신규 약정금리 중 낮은 이율 -만기후 1개월 초과 연 0.2% (신규시점의 보통예금 금리) ※2019년 7월 1일 이후 신규 가입 계좌에 한함.,없음,,20260720,,202607201300,금융감독원 금융상품한눈에 Open API,2026-08-10T14:19:08
030300,저축은행,202607,0010456,키움저축은행,240001,정기예금,12,S,단리,3.50%,2.96%,"296,000",3.50%,영업점,1,제한없음,단리,,없음,-만기후 1개월 이내 당초 약정금리 또는 만기시 동일상품 동일계약기간의 신규 약정금리 중 낮은 이율 -만기후 1개월 초과 연 0.2% (신규시점의 보통예금 금리) ※2019년 7월 1일 이후 신규 가입 계좌에 한함.,없음,,20260720,,202607201300,금융감독원 금융상품한눈에 Open API,2026-08-10T14:19:08
030300,저축은행,202607,0010456,키움저축은행,240001,정기예금,24,S,단리,3.30%,2.79%,"558,000",3.30%,영업점,1,제한없음,단리,,없음,-만기후 1개월 이내 당초 약정금리 또는 만기시 동일상품 동일계약기간의 신규 약정금리 중 낮은 이율 -만기후 1개월 초과 연 0.2% (신규시점의 보통예금 금리) ※2019년 7월 1일 이후 신규 가입 계좌에 한함.,없음,,20260720,,202607201300,금융감독원 금융상품한눈에 Open API,2026-08-10T14:19:08
030300,저축은행,202607,0010456,키움저축은행,240001,정기예금,1,M,복리,1.00%,0.85%,"7,050",1.00%,영업점,1,제한없음,복리,,없음,-만기후 1개월 이내 당초 약정금리 또는 만기시 동일상품 동일계약기간의 신규 약정금리 중 낮은 이율 -만기후 1개월 초과 연 0.2% (신규시점의 보통예금 금리) ※2019년 7월 1일 이후 신규 가입 계좌에 한함.,없음,,20260720,,202607201300,금융감독원 금융상품한눈에 Open API,2026-08-10T14:19:08
030300,저축은행,202607,0010456,키움저축은행,240001,정기예금,3,M,복리,1.50%,1.27%,"31,765",1.50%,영업점,1,제한없음,복리,,없음,-만기후 1개월 이내 당초 약정금리 또는 만기시 동일상품 동일계약기간의 신규 약정금리 중 낮은 이율 -만기후 1개월 초과 연 0.2% (신규시점의 보통예금 금리) ※2019년 7월 1일 이후 신규 가입 계좌에 한함.,없음,,20260720,,202607201300,금융감독원 금융상품한눈에 Open API,2026-08-10T14:19:08
030300,저축은행,202607,0010456,키움저축은행,240001,정기예금,6,M,복리,3.50%,2.96%,"149,134",3.50%,영업점,1,제한없음,복리,,없음,-만기후 1개월 이내 당초 약정금리 또는 만기시 동일상품 동일계약기간의 신규 약정금리 중 낮은 이율 -만기후 1개월 초과 연 0.2% (신규시점의 보통예금 금리) ※2019년 7월 1일 이후 신규 가입 계좌에 한함.,없음,,20260720,,202607201300,금융감독원 금융상품한눈에 Open API,2026-08-10T14:19:08
030300,저축은행,202607,0010456,키움저축은행,240001,정기예금,12,M,복리,3.50%,2.96%,"300,896",3.50%,영업점,1,제한없음,복리,,없음,-만기후 1개월 이내 당초 약정금리 또는 만기시 동일상품 동일계약기간의 신규 약정금리 중 낮은 이율 -만기후 1개월 초과 연 0.2% (신규시점의 보통예금 금리) ※2019년 7월 1일 이후 신규 가입 계좌에 한함.,없음,,20260720,,202607201300,금융감독원 금융상품한눈에 Open API,2026-08-10T14:19:08
030300,저축은행,202607,0010456,키움저축은행,240001,정기예금,24,M,복리,3.30%,2.79%,"576,379",3.30%,영업점,1,제한없음,복리,,없음,-만기후 1개월 이내 당초 약정금리 또는 만기시 동일상품 동일계약기간의 신규 약정금리 중 낮은 이율 -만기후 1개월 초과 연 0.2% (신규시점의 보통예금 금리) ※2019년 7월 1일 이후 신규 가입 계좌에 한함.,없음,,20260720,,202607201300,금융감독원 금융상품한눈에 Open API,2026-08-10T14:19:08
030300,저축은행,202607,0010456,키움저축은행,240013,"e-plus정기예금 (인터넷뱅킹,스마트뱅킹)",1,S,단리,1.00%,0.85%,"7,000",1.00%,"인터넷,스마트폰",1,제한없음,단리,,없음,-만기후 1개월 이내 당초 약정금리 또는 만기시 동일상품 동일계약기간의 신규 약정금리 중 낮은 이율 -만기후 1개월 초과 연 0.2% (신규시점의 보통예금 금리) ※2019년 7월 1일 이후 신규 가입 계좌에 한함.,인터넷 가입,,20260720,,202607201300,금융감독원 금융상품한눈에 Open API,2026-08-10T14:19:08
030300,저축은행,202607,0010456,키움저축은행,240013,"e-plus정기예금 (인터넷뱅킹,스마트뱅킹)",3,S,단리,1.50%,1.27%,"32,000",1.50%,"인터넷,스마트폰",1,제한없음,단리,,없음,-만기후 1개월 이내 당초 약정금리 또는 만기시 동일상품 동일계약기간의 신규 약정금리 중 낮은 이율 -만기후 1개월 초과 연 0.2% (신규시점의 보통예금 금리) ※2019년 7월 1일 이후 신규 가입 계좌에 한함.,인터넷 가입,,20260720,,202607201300,금융감독원 금융상품한눈에 Open API,2026-08-10T14:19:08
030300,저축은행,202607,0010456,키움저축은행,240013,"e-plus정기예금 (인터넷뱅킹,스마트뱅킹)",6,S,단리,3.50%,2.96%,"148,000",3.50%,"인터넷,스마트폰",1,제한없음,단리,,없음,-만기후 1개월 이내 당초 약정금리 또는 만기시 동일상품 동일계약기간의 신규 약정금리 중 낮은 이율 -만기후 1개월 초과 연 0.2% (신규시점의 보통예금 금리) ※2019년 7월 1일 이후 신규 가입 계좌에 한함.,인터넷 가입,,20260720,,202607201300,금융감독원 금융상품한눈에 Open API,2026-08-10T14:19:08
030300,저축은행,202607,0010456,키움저축은행,240013,"e-plus정기예금 (인터넷뱅킹,스마트뱅킹)",12,S,단리,3.60%,3.05%,"305,000",3.60%,"인터넷,스마트폰",1,제한없음,단리,,없음,-만기후 1개월 이내 당초 약정금리 또는 만기시 동일상품 동일계약기간의 신규 약정금리 중 낮은 이율 -만기후 1개월 초과 연 0.2% (신규시점의 보통예금 금리) ※2019년 7월 1일 이후 신규 가입 계좌에 한함.,인터넷 가입,,20260720,,202607201300,금융감독원 금융상품한눈에 Open API,2026-08-10T14:19:08
030300,저축은행,202607,0010456,키움저축은행,240013,"e-plus정기예금 (인터넷뱅킹,스마트뱅킹)",24,S,단리,3.40%,2.88%,"575,000",3.40%,"인터넷,스마트폰",1,제한없음,단리,,없음,-만기후 1개월 이내 당초 약정금리 또는 만기시 동일상품 동일계약기간의 신규 약정금리 중 낮은 이율 -만기후 1개월 초과 연 0.2% (신규시점의 보통예금 금리) ※2019년 7월 1일 이후 신규 가입 계좌에 한함.,인터넷 가입,,20260720,,202607201300,금융감독원 금융상품한눈에 Open API,2026-08-10T14:19:08
030300,저축은행,202607,0010456,키움저축은행,240013,"e-plus정기예금 (인터넷뱅킹,스마트뱅킹)",1,M,복리,1.00%,0.85%,"7,050",1.00%,"인터넷,스마트폰",1,제한없음,복리,,없음,-만기후 1개월 이내 당초 약정금리 또는 만기시 동일상품 동일계약기간의 신규 약정금리 중 낮은 이율 -만기후 1개월 초과 연 0.2% (신규시점의 보통예금 금리) ※2019년 7월 1일 이후 신규 가입 계좌에 한함.,인터넷 가입,,20260720,,202607201300,금융감독원 금융상품한눈에 Open API,2026-08-10T14:19:08
030300,저축은행,202607,0010456,키움저축은행,240013,"e-plus정기예금 (인터넷뱅킹,스마트뱅킹)",3,M,복리,1.50%,1.27%,"31,765",1.50%,"인터넷,스마트폰",1,제한없음,복리,,없음,-만기후 1개월 이내 당초 약정금리 또는 만기시 동일상품 동일계약기간의 신규 약정금리 중 낮은 이율 -만기후 1개월 초과 연 0.2% (신규시점의 보통예금 금리) ※2019년 7월 1일 이후 신규 가입 계좌에 한함.,인터넷 가입,,20260720,,202607201300,금융감독원 금융상품한눈에 Open API,2026-08-10T14:19:08
030300,저축은행,202607,0010456,키움저축은행,240013,"e-plus정기예금 (인터넷뱅킹,스마트뱅킹)",6,M,복리,3.50%,2.96%,"149,134",3.50%,"인터넷,스마트폰",1,제한없음,복리,,없음,-만기후 1개월 이내 당초 약정금리 또는 만기시 동일상품 동일계약기간의 신규 약정금리 중 낮은 이율 -만기후 1개월 초과 연 0.2% (신규시점의 보통예금 금리) ※2019년 7월 1일 이후 신규 가입 계좌에 한함.,인터넷 가입,,20260720,,202607201300,금융감독원 금융상품한눈에 Open API,2026-08-10T14:19:08
030300,저축은행,202607,0010456,키움저축은행,240013,"e-plus정기예금 (인터넷뱅킹,스마트뱅킹)",12,M,복리,3.60%,3.05%,"309,636",3.60%,"인터넷,스마트폰",1,제한없음,복리,,없음,-만기후 1개월 이내 당초 약정금리 또는 만기시 동일상품 동일계약기간의 신규 약정금리 중 낮은 이율 -만기후 1개월 초과 연 0.2% (신규시점의 보통예금 금리) ※2019년 7월 1일 이후 신규 가입 계좌에 한함.,인터넷 가입,,20260720,,202607201300,금융감독원 금융상품한눈에 Open API,2026-08-10T14:19:08
030300,저축은행,202607,0010456,키움저축은행,240013,"e-plus정기예금 (인터넷뱅킹,스마트뱅킹)",24,M,복리,3.40%,2.88%,"594,420",3.40%,"인터넷,스마트폰",1,제한없음,복리,,없음,-만기후 1개월 이내 당초 약정금리 또는 만기시 동일상품 동일계약기간의 신규 약정금리 중 낮은 이율 -만기후 1개월 초과 연 0.2% (신규시점의 보통예금 금리) ※2019년 7월 1일 이후 신규 가입 계좌에 한함.,인터넷 가입,,20260720,,202607201300,금융감독원 금융상품한눈에 Open API,2026-08-10T14:19:08
030300,저축은행,202607,0010456,키움저축은행,240029,SB톡톡정기예금 (비대면),1,S,단리,1.00%,0.85%,"7,000",1.00%,스마트폰,1,제한없음,단리,,없음,-만기후 1개월 이내 당초 약정금리 또는 만기시 동일상품 동일계약기간의 신규 약정금리 중 낮은 이율 -만기후 1개월 초과 연 0.2% (신규시점의 보통예금 금리) ※2019년 7월 1일 이후 신규 가입 계좌에 한함.,비대면,,20260720,,202607201300,금융감독원 금융상품한눈에 Open API,2026-08-10T14:19:08
030300,저축은행,202607,0010456,키움저축은행,240029,SB톡톡정기예금 (비대면),3,S,단리,1.50%,1.27%,"32,000",1.50%,스마트폰,1,제한없음,단리,,없음,-만기후 1개월 이내 당초 약정금리 또는 만기시 동일상품 동일계약기간의 신규 약정금리 중 낮은 이율 -만기후 1개월 초과 연 0.2% (신규시점의 보통예금 금리) ※2019년 7월 1일 이후 신규 가입 계좌에 한함.,비대면,,20260720,,202607201300,금융감독원 금융상품한눈에 Open API,2026-08-10T14:19:08
030300,저축은행,202607,0010456,키움저축은행,240029,SB톡톡정기예금 (비대면),6,S,단리,3.50%,2.96%,"148,000",3.50%,스마트폰,1,제한없음,단리,,없음,-만기후 1개월 이내 당초 약정금리 또는 만기시 동일상품 동일계약기간의 신규 약정금리 중 낮은 이율 -만기후 1개월 초과 연 0.2% (신규시점의 보통예금 금리) ※2019년 7월 1일 이후 신규 가입 계좌에 한함.,비대면,,20260720,,202607201300,금융감독원 금융상품한눈에 Open API,2026-08-10T14:19:08
030300,저축은행,202607,0010456,키움저축은행,240029,SB톡톡정기예금 (비대면),12,S,단리,3.60%,3.05%,"305,000",3.60%,스마트폰,1,제한없음,단리,,없음,-만기후 1개월 이내 당초 약정금리 또는 만기시 동일상품 동일계약기간의 신규 약정금리 중 낮은 이율 -만기후 1개월 초과 연 0.2% (신규시점의 보통예금 금리) ※2019년 7월 1일 이후 신규 가입 계좌에 한함.,비대면,,20260720,,202607201300,금융감독원 금융상품한눈에 Open API,2026-08-10T14:19:08
030300,저축은행,202607,0010456,키움저축은행,240029,SB톡톡정기예금 (비대면),24,S,단리,3.40%,2.88%,"575,000",3.40%,스마트폰,1,제한없음,단리,,없음,-만기후 1개월 이내 당초 약정금리 또는 만기시 동일상품 동일계약기간의 신규 약정금리 중 낮은 이율 -만기후 1개월 초과 연 0.2% (신규시점의 보통예금 금리) ※2019년 7월 1일 이후 신규 가입 계좌에 한함.,비대면,,20260720,,202607201300,금융감독원 금융상품한눈에 Open API,2026-08-10T14:19:08
030300,저축은행,202607,0010456,키움저축은행,240029,SB톡톡정기예금 (비대면),1,M,복리,1.00%,0.85%,"7,050",1.00%,스마트폰,1,제한없음,복리,,없음,-만기후 1개월 이내 당초 약정금리 또는 만기시 동일상품 동일계약기간의 신규 약정금리 중 낮은 이율 -만기후 1개월 초과 연 0.2% (신규시점의 보통예금 금리) ※2019년 7월 1일 이후 신규 가입 계좌에 한함.,비대면,,20260720,,202607201300,금융감독원 금융상품한눈에 Open API,2026-08-10T14:19:08
030300,저축은행,202607,0010456,키움저축은행,240029,SB톡톡정기예금 (비대면),3,M,복리,1.50%,1.27%,"31,765",1.50%,스마트폰,1,제한없음,복리,,없음,-만기후 1개월 이내 당초 약정금리 또는 만기시 동일상품 동일계약기간의 신규 약정금리 중 낮은 이율 -만기후 1개월 초과 연 0.2% (신규시점의 보통예금 금리) ※2019년 7월 1일 이후 신규 가입 계좌에 한함.,비대면,,20260720,,202607201300,금융감독원 금융상품한눈에 Open API,2026-08-10T14:19:08
030300,저축은행,202607,0010456,키움저축은행,240029,SB톡톡정기예금 (비대면),6,M,복리,3.50%,2.96%,"149,134",3.50%,스마트폰,1,제한없음,복리,,없음,-만기후 1개월 이내 당초 약정금리 또는 만기시 동일상품 동일계약기간의 신규 약정금리 중 낮은 이율 -만기후 1개월 초과 연 0.2% (신규시점의 보통예금 금리) ※2019년 7월 1일 이후 신규 가입 계좌에 한함.,비대면,,20260720,,202607201300,금융감독원 금융상품한눈에 Open API,2026-08-10T14:19:08
030300,저축은행,202607,0010456,키움저축은행,240029,SB톡톡정기예금 (비대면),12,M,복리,3.60%,3.05%,"309,636",3.60%,스마트폰,1,제한없음,복리,,없음,-만기후 1개월 이내 당초 약정금리 또는 만기시 동일상품 동일계약기간의 신규 약정금리 중 낮은 이율 -만기후 1개월 초과 연 0.2% (신규시점의 보통예금 금리) ※2019년 7월 1일 이후 신규 가입 계좌에 한함.,비대면,,20260720,,202607201300,금융감독원 금융상품한눈에 Open API,2026-08-10T14:19:08
030300,저축은행,202607,0010456,키움저축은행,240029,SB톡톡정기예금 (비대면),24,M,복리,3.40%,2.88%,"594,420",3.40%,스마트폰,1,제한없음,복리,,없음,-만기후 1개월 이내 당초 약정금리 또는 만기시 동일상품 동일계약기간의 신규 약정금리 중 낮은 이율 -만기후 1개월 초과 연 0.2% (신규시점의 보통예금 금리) ※2019년 7월 1일 이후 신규 가입 계좌에 한함.,비대면,,20260720,,202607201300,금융감독원 금융상품한눈에 Open API,2026-08-10T14:19:08
030300,저축은행,202607,0010456,키움저축은행,240052,회전식정기예금 (1년단위 변동금리상품),12,S,단리,3.60%,3.05%,"305,000",3.60%,영업점,1,제한없음,단리,,"*회전시점 고시된 12개월 정기예금금리 + 우대금리 0.1%로 자동연장되는 변동금리상품(1년단위 확정금리). 중도해지시 충족한 회전기간은 약정이율, 미충족기간에 대해서만 중도해지 이율 적용.",-만기후 1개월 이내 최종회전금리 또는 만기시 동일상품 신규금리 중 낮은 이율 -만기후 1개월 초과 연 0.2% (신규시점의 보통예금 금리),*계약기간 36개월 (회전주기12개월),,20260720,,202607201300,금융감독원 금융상품한눈에 Open API,2026-08-10T14:19:08
030300,저축은행,202607,0010456,키움저축은행,240052,회전식정기예금 (1년단위 변동금리상품),12,M,복리,3.60%,3.05%,"309,636",3.60%,영업점,1,제한없음,복리,,"*회전시점 고시된 12개월 정기예금금리 + 우대금리 0.1%로 자동연장되는 변동금리상품(1년단위 확정금리). 중도해지시 충족한 회전기간은 약정이율, 미충족기간에 대해서만 중도해지 이율 적용.",-만기후 1개월 이내 최종회전금리 또는 만기시 동일상품 신규금리 중 낮은 이율 -만기후 1개월 초과 연 0.2% (신규시점의 보통예금 금리),*계약기간 36개월 (회전주기12개월),,20260720,,202607201300,금융감독원 금융상품한눈에 Open API,2026-08-10T14:19:08
030300,저축은행,202607,0010456,키움저축은행,240054,비대면 회전식정기예금 (1년단위 변동금리상품),12,S,단리,3.70%,3.13%,"313,000",3.70%,"인터넷,스마트폰",1,제한없음,단리,,"*회전시점 고시된 12개월 정기예금금리 + 우대금리 0.1%로 자동연장되는 변동금리상품(1년단위 확정금리). 중도해지시 충족한 회전기간은 약정이율, 미충족기간에 대해서만 중도해지 이율 적용.",-만기후 1개월 이내 최종회전금리 또는 만기시 동일상품 신규금리 중 낮은 이율 -만기후 1개월 초과 연 0.2% (신규시점의 보통예금 금리),*계약기간 36개월 (회전주기12개월),,20260720,,202607201300,금융감독원 금융상품한눈에 Open API,2026-08-10T14:19:08
030300,저축은행,202607,0010456,키움저축은행,240054,비대면 회전식정기예금 (1년단위 변동금리상품),12,M,복리,3.70%,3.13%,"318,383",3.70%,"인터넷,스마트폰",1,제한없음,복리,,"*회전시점 고시된 12개월 정기예금금리 + 우대금리 0.1%로 자동연장되는 변동금리상품(1년단위 확정금리). 중도해지시 충족한 회전기간은 약정이율, 미충족기간에 대해서만 중도해지 이율 적용.",-만기후 1개월 이내 최종회전금리 또는 만기시 동일상품 신규금리 중 낮은 이율 -만기후 1개월 초과 연 0.2% (신규시점의 보통예금 금리),*계약기간 36개월 (회전주기12개월),,20260720,,202607201300,금융감독원 금융상품한눈에 Open API,2026-08-10T14:19:08
030300,저축은행,202607,0010456,키움저축은행,240056,SB톡톡 회전식정기예금(비대면) (1년단위 변동금리상품),12,S,단리,3.70%,3.13%,"313,000",3.70%,스마트폰,1,제한없음,단리,,"*회전시점 고시된 12개월 정기예금금리 + 우대금리 0.1%로 자동연장되는 변동금리상품(1년단위 확정금리). 중도해지시 충족한 회전기간은 약정이율, 미충족기간에 대해서만 중도해지 이율 적용.",-만기후 1개월 이내 최종회전금리 또는 만기시 동일상품 신규금리 중 낮은 이율 -만기후 1개월 초과 연 0.2% (신규시점의 보통예금 금리),*계약기간 36개월 (회전주기12개월),,20260720,,202607201300,금융감독원 금융상품한눈에 Open API,2026-08-10T14:19:08
030300,저축은행,202607,0010456,키움저축은행,240056,SB톡톡 회전식정기예금(비대면) (1년단위 변동금리상품),12,M,복리,3.70%,3.13%,"318,383",3.70%,스마트폰,1,제한없음,복리,,"*회전시점 고시된 12개월 정기예금금리 + 우대금리 0.1%로 자동연장되는 변동금리상품(1년단위 확정금리). 중도해지시 충족한 회전기간은 약정이율, 미충족기간에 대해서만 중도해지 이율 적용.",-만기후 1개월 이내 최종회전금리 또는 만기시 동일상품 신규금리 중 낮은 이율 -만기후 1개월 초과 연 0.2% (신규시점의 보통예금 금리),*계약기간 36개월 (회전주기12개월),,20260720,,202607201300,금융감독원 금융상품한눈에 Open API,2026-08-10T14:19:08
030300,저축은행,202607,0010456,키움저축은행,240062,회전식정기예금 (6개월단위 변동금리상품),6,S,단리,3.60%,3.05%,"152,000",3.60%,영업점,1,제한없음,단리,,"*회전시점 고시된 6개월 정기예금금리로 자동연장되는 변동금리상품(6개월단위 확정금리). 중도해지시 충족한 회전기간은 약정이율, 미충족기간에 대해서만 중도해지 이율 적용.",-만기후 1개월 이내 최종회전금리 또는 만기시 동일상품 신규금리 중 낮은 이율 -만기후 1개월 초과 연 0.2% (신규시점의 보통예금 금리),*계약기간 36개월 (회전주기 6개월),,20260720,,202607201300,금융감독원 금융상품한눈에 Open API,2026-08-10T14:19:08
030300,저축은행,202607,0010456,키움저축은행,240062,회전식정기예금 (6개월단위 변동금리상품),6,M,복리,3.60%,3.05%,"153,427",3.60%,영업점,1,제한없음,복리,,"*회전시점 고시된 6개월 정기예금금리로 자동연장되는 변동금리상품(6개월단위 확정금리). 중도해지시 충족한 회전기간은 약정이율, 미충족기간에 대해서만 중도해지 이율 적용.",-만기후 1개월 이내 최종회전금리 또는 만기시 동일상품 신규금리 중 낮은 이율 -만기후 1개월 초과 연 0.2% (신규시점의 보통예금 금리),*계약기간 36개월 (회전주기 6개월),,20260720,,202607201300,금융감독원 금융상품한눈에 Open API,2026-08-10T14:19:08
030300,저축은행,202607,0010456,키움저축은행,240064,비대면 회전식정기예금 (6개월단위 변동금리상품),6,S,단리,3.60%,3.05%,"152,000",3.60%,"인터넷,스마트폰",1,제한없음,단리,,"*회전시점 고시된 6개월 정기예금금리로 자동연장되는 변동금리상품(6개월단위 확정금리). 중도해지시 충족한 회전기간은 약정이율, 미충족기간에 대해서만 중도해지 이율 적용.",-만기후 1개월 이내 최종회전금리 또는 만기시 동일상품 신규금리 중 낮은 이율 -만기후 1개월 초과 연 0.2% (신규시점의 보통예금 금리),*계약기간 36개월 (회전주기 6개월),,20260720,,202607201300,금융감독원 금융상품한눈에 Open API,2026-08-10T14:19:08
030300,저축은행,202607,0010456,키움저축은행,240064,비대면 회전식정기예금 (6개월단위 변동금리상품),6,M,복리,3.60%,3.05%,"153,427",3.60%,"인터넷,스마트폰",1,제한없음,복리,,"*회전시점 고시된 6개월 정기예금금리로 자동연장되는 변동금리상품(6개월단위 확정금리). 중도해지시 충족한 회전기간은 약정이율, 미충족기간에 대해서만 중도해지 이율 적용.",-만기후 1개월 이내 최종회전금리 또는 만기시 동일상품 신규금리 중 낮은 이율 -만기후 1개월 초과 연 0.2% (신규시점의 보통예금 금리),*계약기간 36개월 (회전주기 6개월),,20260720,,202607201300,금융감독원 금융상품한눈에 Open API,2026-08-10T14:19:08
030300,저축은행,202607,0010456,키움저축은행,240066,SB톡톡 회전식정기예금 (비대면) (6개월단위 변동금리상품),6,S,단리,3.60%,3.05%,"152,000",3.60%,스마트폰,1,제한없음,단리,,"*회전시점 고시된 6개월 정기예금금리로 자동연장되는 변동금리상품(6개월단위 확정금리). 중도해지시 충족한 회전기간은 약정이율, 미충족기간에 대해서만 중도해지 이율 적용.",-만기후 1개월 이내 최종회전금리 또는 만기시 동일상품 신규금리 중 낮은 이율 -만기후 1개월 초과 연 0.2% (신규시점의 보통예금 금리),*계약기간 36개월 (회전주기 6개월),,20260720,,202607201300,금융감독원 금융상품한눈에 Open API,2026-08-10T14:19:08
030300,저축은행,202607,0010456,키움저축은행,240066,SB톡톡 회전식정기예금 (비대면) (6개월단위 변동금리상품),6,M,복리,3.60%,3.05%,"153,427",3.60%,스마트폰,1,제한없음,복리,,"*회전시점 고시된 6개월 정기예금금리로 자동연장되는 변동금리상품(6개월단위 확정금리). 중도해지시 충족한 회전기간은 약정이율, 미충족기간에 대해서만 중도해지 이율 적용.",-만기후 1개월 이내 최종회전금리 또는 만기시 동일상품 신규금리 중 낮은 이율 -만기후 1개월 초과 연 0.2% (신규시점의 보통예금 금리),*계약기간 36개월 (회전주기 6개월),,20260720,,202607201300,금융감독원 금융상품한눈에 Open API,2026-08-10T14:19:08
030300,저축은행,202607,0010457,삼정저축은행,240008,정기예금,1,S,단리,2.40%,2.03%,"17,000",2.40%,영업점,1,제한없음,단리,,재예치 우대 : 0.05% (1년이상 예치한 정기예.적금을 만기 1년이상 정기예금으로 재예치 및 추가 예치한 예금) * 만기연장 우대금리 3.85%,-1개월이내:계약일 당시 약정이율과 계약 만기시 약정이율 중 낮은이율 -1개월초과:보통예금 이율,없음,,20260804,,202608040821,금융감독원 금융상품한눈에 Open API,2026-08-10T14:19:08
030300,저축은행,202607,0010457,삼정저축은행,240008,정기예금,3,S,단리,2.80%,2.37%,"59,000",2.80%,영업점,1,제한없음,단리,,재예치 우대 : 0.05% (1년이상 예치한 정기예.적금을 만기 1년이상 정기예금으로 재예치 및 추가 예치한 예금) * 만기연장 우대금리 3.85%,-1개월이내:계약일 당시 약정이율과 계약 만기시 약정이율 중 낮은이율 -1개월초과:보통예금 이율,없음,,20260804,,202608040821,금융감독원 금융상품한눈에 Open API,2026-08-10T14:19:08
030300,저축은행,202607,0010457,삼정저축은행,240008,정기예금,6,S,단리,3.30%,2.79%,"140,000",3.30%,영업점,1,제한없음,단리,,재예치 우대 : 0.05% (1년이상 예치한 정기예.적금을 만기 1년이상 정기예금으로 재예치 및 추가 예치한 예금) * 만기연장 우대금리 3.85%,-1개월이내:계약일 당시 약정이율과 계약 만기시 약정이율 중 낮은이율 -1개월초과:보통예금 이율,없음,,20260804,,202608040821,금융감독원 금융상품한눈에 Open API,2026-08-10T14:19:08
030300,저축은행,202607,0010457,삼정저축은행,240008,정기예금,12,S,단리,3.80%,3.21%,"321,000",3.85%,영업점,1,제한없음,단리,,재예치 우대 : 0.05% (1년이상 예치한 정기예.적금을 만기 1년이상 정기예금으로 재예치 및 추가 예치한 예금) * 만기연장 우대금리 3.85%,-1개월이내:계약일 당시 약정이율과 계약 만기시 약정이율 중 낮은이율 -1개월초과:보통예금 이율,없음,,20260804,,202608040821,금융감독원 금융상품한눈에 Open API,2026-08-10T14:19:08
030300,저축은행,202607,0010457,삼정저축은행,240008,정기예금,24,S,단리,3.80%,3.21%,"643,000",3.85%,영업점,1,제한없음,단리,,재예치 우대 : 0.05% (1년이상 예치한 정기예.적금을 만기 1년이상 정기예금으로 재예치 및 추가 예치한 예금) * 만기연장 우대금리 3.85%,-1개월이내:계약일 당시 약정이율과 계약 만기시 약정이율 중 낮은이율 -1개월초과:보통예금 이율,없음,,20260804,,202608040821,금융감독원 금융상품한눈에 Open API,2026-08-10T14:19:08
030300,저축은행,202607,0010457,삼정저축은행,240008,정기예금,1,M,복리,2.40%,2.03%,"16,920",2.40%,영업점,1,제한없음,복리,,재예치 우대 : 0.05% (1년이상 예치한 정기예.적금을 만기 1년이상 정기예금으로 재예치 및 추가 예치한 예금) * 만기연장 우대금리 3.85%,-1개월이내:계약일 당시 약정이율과 계약 만기시 약정이율 중 낮은이율 -1개월초과:보통예금 이율,없음,,20260804,,202608040821,금융감독원 금융상품한눈에 Open API,2026-08-10T14:19:08
030300,저축은행,202607,0010457,삼정저축은행,240008,정기예금,3,M,복리,2.80%,2.37%,"59,358",2.80%,영업점,1,제한없음,복리,,재예치 우대 : 0.05% (1년이상 예치한 정기예.적금을 만기 1년이상 정기예금으로 재예치 및 추가 예치한 예금) * 만기연장 우대금리 3.85%,-1개월이내:계약일 당시 약정이율과 계약 만기시 약정이율 중 낮은이율 -1개월초과:보통예금 이율,없음,,20260804,,202608040821,금융감독원 금융상품한눈에 Open API,2026-08-10T14:19:08
030300,저축은행,202607,0010457,삼정저축은행,240008,정기예금,6,M,복리,3.30%,2.79%,"140,553",3.30%,영업점,1,제한없음,복리,,재예치 우대 : 0.05% (1년이상 예치한 정기예.적금을 만기 1년이상 정기예금으로 재예치 및 추가 예치한 예금) * 만기연장 우대금리 3.85%,-1개월이내:계약일 당시 약정이율과 계약 만기시 약정이율 중 낮은이율 -1개월초과:보통예금 이율,없음,,20260804,,202608040821,금융감독원 금융상품한눈에 Open API,2026-08-10T14:19:08
030300,저축은행,202607,0010457,삼정저축은행,240008,정기예금,12,M,복리,3.80%,3.21%,"327,139",3.85%,영업점,1,제한없음,복리,,재예치 우대 : 0.05% (1년이상 예치한 정기예.적금을 만기 1년이상 정기예금으로 재예치 및 추가 예치한 예금) * 만기연장 우대금리 3.85%,-1개월이내:계약일 당시 약정이율과 계약 만기시 약정이율 중 낮은이율 -1개월초과:보통예금 이율,없음,,20260804,,202608040821,금융감독원 금융상품한눈에 Open API,2026-08-10T14:19:08
030300,저축은행,202607,0010457,삼정저축은행,240008,정기예금,24,M,복리,3.80%,3.21%,"666,927",3.85%,영업점,1,제한없음,복리,,재예치 우대 : 0.05% (1년이상 예치한 정기예.적금을 만기 1년이상 정기예금으로 재예치 및 추가 예치한 예금) * 만기연장 우대금리 3.85%,-1개월이내:계약일 당시 약정이율과 계약 만기시 약정이율 중 낮은이율 -1개월초과:보통예금 이율,없음,,20260804,,202608040821,금융감독원 금융상품한눈에 Open API,2026-08-10T14:19:08
030300,저축은행,202607,0010457,삼정저축은행,240010,e-정기예금,1,S,단리,2.40%,2.03%,"17,000",2.40%,인터넷,1,제한없음,단리,,없음,-1개월이내:계약일 당시 약정이율과 계약 만기시 약정이율 중 낮은이율 -1개월초과:보통예금 이율,없음,,20260804,,202608040821,금융감독원 금융상품한눈에 Open API,2026-08-10T14:19:08
030300,저축은행,202607,0010457,삼정저축은행,240010,e-정기예금,3,S,단리,2.80%,2.37%,"59,000",2.80%,인터넷,1,제한없음,단리,,없음,-1개월이내:계약일 당시 약정이율과 계약 만기시 약정이율 중 낮은이율 -1개월초과:보통예금 이율,없음,,20260804,,202608040821,금융감독원 금융상품한눈에 Open API,2026-08-10T14:19:08
030300,저축은행,202607,0010457,삼정저축은행,240010,e-정기예금,6,S,단리,3.30%,2.79%,"140,000",3.30%,인터넷,1,제한없음,단리,,없음,-1개월이내:계약일 당시 약정이율과 계약 만기시 약정이율 중 낮은이율 -1개월초과:보통예금 이율,없음,,20260804,,202608040821,금융감독원 금융상품한눈에 Open API,2026-08-10T14:19:08
030300,저축은행,202607,0010457,삼정저축은행,240010,e-정기예금,12,S,단리,3.80%,3.21%,"321,000",3.80%,인터넷,1,제한없음,단리,,없음,-1개월이내:계약일 당시 약정이율과 계약 만기시 약정이율 중 낮은이율 -1개월초과:보통예금 이율,없음,,20260804,,202608040821,금융감독원 금융상품한눈에 Open API,2026-08-10T14:19:08
030300,저축은행,202607,0010457,삼정저축은행,240010,e-정기예금,24,S,단리,3.10%,2.62%,"525,000",3.10%,인터넷,1,제한없음,단리,,없음,-1개월이내:계약일 당시 약정이율과 계약 만기시 약정이율 중 낮은이율 -1개월초과:보통예금 이율,없음,,20260804,,202608040821,금융감독원 금융상품한눈에 Open API,2026-08-10T14:19:08
030300,저축은행,202607,0010457,삼정저축은행,240010,e-정기예금,1,M,복리,2.40%,2.03%,"16,920",2.40%,인터넷,1,제한없음,복리,,없음,-1개월이내:계약일 당시 약정이율과 계약 만기시 약정이율 중 낮은이율 -1개월초과:보통예금 이율,없음,,20260804,,202608040821,금융감독원 금융상품한눈에 Open API,2026-08-10T14:19:08
030300,저축은행,202607,0010457,삼정저축은행,240010,e-정기예금,3,M,복리,2.80%,2.37%,"59,358",2.80%,인터넷,1,제한없음,복리,,없음,-1개월이내:계약일 당시 약정이율과 계약 만기시 약정이율 중 낮은이율 -1개월초과:보통예금 이율,없음,,20260804,,202608040821,금융감독원 금융상품한눈에 Open API,2026-08-10T14:19:08
030300,저축은행,202607,0010457,삼정저축은행,240010,e-정기예금,6,M,복리,3.30%,2.79%,"140,553",3.30%,인터넷,1,제한없음,복리,,없음,-1개월이내:계약일 당시 약정이율과 계약 만기시 약정이율 중 낮은이율 -1개월초과:보통예금 이율,없음,,20260804,,202608040821,금융감독원 금융상품한눈에 Open API,2026-08-10T14:19:08
030300,저축은행,202607,0010457,삼정저축은행,240010,e-정기예금,12,M,복리,3.80%,3.21%,"327,139",3.80%,인터넷,1,제한없음,복리,,없음,-1개월이내:계약일 당시 약정이율과 계약 만기시 약정이율 중 낮은이율 -1개월초과:보통예금 이율,없음,,20260804,,202608040821,금융감독원 금융상품한눈에 Open API,2026-08-10T14:19:08
030300,저축은행,202607,0010457,삼정저축은행,240010,e-정기예금,24,M,복리,3.10%,2.62%,"540,402",3.10%,인터넷,1,제한없음,복리,,없음,-1개월이내:계약일 당시 약정이율과 계약 만기시 약정이율 중 낮은이율 -1개월초과:보통예금 이율,없음,,20260804,,202608040821,금융감독원 금융상품한눈에 Open API,2026-08-10T14:19:08
030300,저축은행,202607,0010457,삼정저축은행,240016,s-정기예금,1,S,단리,2.40%,2.03%,"17,000",2.40%,스마트폰,1,"제한없음 (만19세이상 내국인 개인고객, 본인 스마트폰 소지자, 신분증(주민등록증 또는 운전면허증)소지자, 미국인 납세자에 해당하지 않는 고개)",단리,,없음,-1개월이내:계약일 당시 약정이율과 계약 만기시 약정이율 중 낮은이율 -1개월초과:보통예금 이율,없음,,20260804,,202608040821,금융감독원 금융상품한눈에 Open API,2026-08-10T14:19:08
030300,저축은행,202607,0010457,삼정저축은행,240016,s-정기예금,3,S,단리,2.80%,2.37%,"59,000",2.80%,스마트폰,1,"제한없음 (만19세이상 내국인 개인고객, 본인 스마트폰 소지자, 신분증(주민등록증 또는 운전면허증)소지자, 미국인 납세자에 해당하지 않는 고개)",단리,,없음,-1개월이내:계약일 당시 약정이율과 계약 만기시 약정이율 중 낮은이율 -1개월초과:보통예금 이율,없음,,20260804,,202608040821,금융감독원 금융상품한눈에 Open API,2026-08-10T14:19:08
030300,저축은행,202607,0010457,삼정저축은행,240016,s-정기예금,6,S,단리,3.30%,2.79%,"140,000",3.30%,스마트폰,1,"제한없음 (만19세이상 내국인 개인고객, 본인 스마트폰 소지자, 신분증(주민등록증 또는 운전면허증)소지자, 미국인 납세자에 해당하지 않는 고개)",단리,,없음,-1개월이내:계약일 당시 약정이율과 계약 만기시 약정이율 중 낮은이율 -1개월초과:보통예금 이율,없음,,20260804,,202608040821,금융감독원 금융상품한눈에 Open API,2026-08-10T14:19:08
030300,저축은행,202607,0010457,삼정저축은행,240016,s-정기예금,12,S,단리,3.80%,3.21%,"321,000",3.80%,스마트폰,1,"제한없음 (만19세이상 내국인 개인고객, 본인 스마트폰 소지자, 신분증(주민등록증 또는 운전면허증)소지자, 미국인 납세자에 해당하지 않는 고개)",단리,,없음,-1개월이내:계약일 당시 약정이율과 계약 만기시 약정이율 중 낮은이율 -1개월초과:보통예금 이율,없음,,20260804,,202608040821,금융감독원 금융상품한눈에 Open API,2026-08-10T14:19:08
030300,저축은행,202607,0010457,삼정저축은행,240016,s-정기예금,24,S,단리,3.10%,2.62%,"525,000",3.10%,스마트폰,1,"제한없음 (만19세이상 내국인 개인고객, 본인 스마트폰 소지자, 신분증(주민등록증 또는 운전면허증)소지자, 미국인 납세자에 해당하지 않는 고개)",단리,,없음,-1개월이내:계약일 당시 약정이율과 계약 만기시 약정이율 중 낮은이율 -1개월초과:보통예금 이율,없음,,20260804,,202608040821,금융감독원 금융상품한눈에 Open API,2026-08-10T14:19:08
030300,저축은행,202607,0010457,삼정저축은행,240016,s-정기예금,1,M,복리,2.40%,2.03%,"16,920",2.40%,스마트폰,1,"제한없음 (만19세이상 내국인 개인고객, 본인 스마트폰 소지자, 신분증(주민등록증 또는 운전면허증)소지자, 미국인 납세자에 해당하지 않는 고개)",복리,,없음,-1개월이내:계약일 당시 약정이율과 계약 만기시 약정이율 중 낮은이율 -1개월초과:보통예금 이율,없음,,20260804,,202608040821,금융감독원 금융상품한눈에 Open API,2026-08-10T14:19:08
030300,저축은행,202607,0010457,삼정저축은행,240016,s-정기예금,3,M,복리,2.80%,2.37%,"59,358",2.80%,스마트폰,1,"제한없음 (만19세이상 내국인 개인고객, 본인 스마트폰 소지자, 신분증(주민등록증 또는 운전면허증)소지자, 미국인 납세자에 해당하지 않는 고개)",복리,,없음,-1개월이내:계약일 당시 약정이율과 계약 만기시 약정이율 중 낮은이율 -1개월초과:보통예금 이율,없음,,20260804,,202608040821,금융감독원 금융상품한눈에 Open API,2026-08-10T14:19:08
030300,저축은행,202607,0010457,삼정저축은행,240016,s-정기예금,6,M,복리,3.30%,2.79%,"140,553",3.30%,스마트폰,1,"제한없음 (만19세이상 내국인 개인고객, 본인 스마트폰 소지자, 신분증(주민등록증 또는 운전면허증)소지자, 미국인 납세자에 해당하지 않는 고개)",복리,,없음,-1개월이내:계약일 당시 약정이율과 계약 만기시 약정이율 중 낮은이율 -1개월초과:보통예금 이율,없음,,20260804,,202608040821,금융감독원 금융상품한눈에 Open API,2026-08-10T14:19:08
030300,저축은행,202607,0010457,삼정저축은행,240016,s-정기예금,12,M,복리,3.80%,3.21%,"327,139",3.80%,스마트폰,1,"제한없음 (만19세이상 내국인 개인고객, 본인 스마트폰 소지자, 신분증(주민등록증 또는 운전면허증)소지자, 미국인 납세자에 해당하지 않는 고개)",복리,,없음,-1개월이내:계약일 당시 약정이율과 계약 만기시 약정이율 중 낮은이율 -1개월초과:보통예금 이율,없음,,20260804,,202608040821,금융감독원 금융상품한눈에 Open API,2026-08-10T14:19:08
030300,저축은행,202607,0010457,삼정저축은행,240016,s-정기예금,24,M,복리,3.10%,2.62%,"540,402",3.10%,스마트폰,1,"제한없음 (만19세이상 내국인 개인고객, 본인 스마트폰 소지자, 신분증(주민등록증 또는 운전면허증)소지자, 미국인 납세자에 해당하지 않는 고개)",복리,,없음,-1개월이내:계약일 당시 약정이율과 계약 만기시 약정이율 중 낮은이율 -1개월초과:보통예금 이율,없음,,20260804,,202608040821,금융감독원 금융상품한눈에 Open API,2026-08-10T14:19:08
030300,저축은행,202607,0010460,평택저축은행,240013,정기예금-창구,1,S,단리,1.30%,1.10%,"9,000",1.30%,영업점,1,제한없음,단리,,없음,보통예금이율,보호금융상품 1인당 최고 1억원,,20260724,,202607241652,금융감독원 금융상품한눈에 Open API,2026-08-10T14:19:08
030300,저축은행,202607,0010460,평택저축은행,240013,정기예금-창구,3,S,단리,1.30%,1.10%,"27,000",1.30%,영업점,1,제한없음,단리,,없음,보통예금이율,보호금융상품 1인당 최고 1억원,,20260724,,202607241652,금융감독원 금융상품한눈에 Open API,2026-08-10T14:19:08
030300,저축은행,202607,0010460,평택저축은행,240013,정기예금-창구,6,S,단리,1.70%,1.44%,"72,000",1.70%,영업점,1,제한없음,단리,,없음,보통예금이율,보호금융상품 1인당 최고 1억원,,20260724,,202607241652,금융감독원 금융상품한눈에 Open API,2026-08-10T14:19:08
030300,저축은행,202607,0010460,평택저축은행,240013,정기예금-창구,12,S,단리,3.75%,3.17%,"317,000",3.75%,영업점,1,제한없음,단리,,없음,보통예금이율,보호금융상품 1인당 최고 1억원,,20260724,,202607241652,금융감독원 금융상품한눈에 Open API,2026-08-10T14:19:08
030300,저축은행,202607,0010460,평택저축은행,240013,정기예금-창구,24,S,단리,2.20%,1.86%,"372,000",2.20%,영업점,1,제한없음,단리,,없음,보통예금이율,보호금융상품 1인당 최고 1억원,,20260724,,202607241652,금융감독원 금융상품한눈에 Open API,2026-08-10T14:19:08
030300,저축은행,202607,0010460,평택저축은행,240013,정기예금-창구,36,S,단리,2.10%,1.78%,"533,000",2.10%,영업점,1,제한없음,단리,,없음,보통예금이율,보호금융상품 1인당 최고 1억원,,20260724,,202607241652,금융감독원 금융상품한눈에 Open API,2026-08-10T14:19:08
030300,저축은행,202607,0010460,평택저축은행,240013,정기예금-창구,1,M,복리,1.29%,1.09%,"9,094",1.29%,영업점,1,제한없음,복리,,없음,보통예금이율,보호금융상품 1인당 최고 1억원,,20260724,,202607241652,금융감독원 금융상품한눈에 Open API,2026-08-10T14:19:08
030300,저축은행,202607,0010460,평택저축은행,240013,정기예금-창구,3,M,복리,1.30%,1.10%,"27,525",1.30%,영업점,1,제한없음,복리,,없음,보통예금이율,보호금융상품 1인당 최고 1억원,,20260724,,202607241652,금융감독원 금융상품한눈에 Open API,2026-08-10T14:19:08
030300,저축은행,202607,0010460,평택저축은행,240013,정기예금-창구,6,M,복리,1.70%,1.44%,"72,165",1.70%,영업점,1,제한없음,복리,,없음,보통예금이율,보호금융상품 1인당 최고 1억원,,20260724,,202607241652,금융감독원 금융상품한눈에 Open API,2026-08-10T14:19:08
030300,저축은행,202607,0010460,평택저축은행,240013,정기예금-창구,12,M,복리,3.82%,3.23%,"328,891",3.82%,영업점,1,제한없음,복리,,없음,보통예금이율,보호금융상품 1인당 최고 1억원,,20260724,,202607241652,금융감독원 금융상품한눈에 Open API,2026-08-10T14:19:08
030300,저축은행,202607,0010460,평택저축은행,240013,정기예금-창구,24,M,복리,2.24%,1.90%,"387,257",2.24%,영업점,1,제한없음,복리,,없음,보통예금이율,보호금융상품 1인당 최고 1억원,,20260724,,202607241652,금융감독원 금융상품한눈에 Open API,2026-08-10T14:19:08
030300,저축은행,202607,0010460,평택저축은행,240013,정기예금-창구,36,M,복리,2.16%,1.83%,"565,834",2.16%,영업점,1,제한없음,복리,,없음,보통예금이율,보호금융상품 1인당 최고 1억원,,20260724,,202607241652,금융감독원 금융상품한눈에 Open API,2026-08-10T14:19:08
030300,저축은행,202607,0010460,평택저축은행,240015,정기예금-인터넷,1,S,단리,1.30%,1.10%,"9,000",1.30%,인터넷,1,제한없음,단리,,없음,보통예금이율,보호금융상품 1인당 최고 1억원,,20260724,,202607241652,금융감독원 금융상품한눈에 Open API,2026-08-10T14:19:08
030300,저축은행,202607,0010460,평택저축은행,240015,정기예금-인터넷,3,S,단리,1.30%,1.10%,"27,000",1.30%,인터넷,1,제한없음,단리,,없음,보통예금이율,보호금융상품 1인당 최고 1억원,,20260724,,202607241652,금융감독원 금융상품한눈에 Open API,2026-08-10T14:19:08
030300,저축은행,202607,0010460,평택저축은행,240015,정기예금-인터넷,6,S,단리,1.70%,1.44%,"72,000",1.70%,인터넷,1,제한없음,단리,,없음,보통예금이율,보호금융상품 1인당 최고 1억원,,20260724,,202607241652,금융감독원 금융상품한눈에 Open API,2026-08-10T14:19:08
030300,저축은행,202607,0010460,평택저축은행,240015,정기예금-인터넷,12,S,단리,3.75%,3.17%,"317,000",3.75%,인터넷,1,제한없음,단리,,없음,보통예금이율,보호금융상품 1인당 최고 1억원,,20260724,,202607241652,금융감독원 금융상품한눈에 Open API,2026-08-10T14:19:08
030300,저축은행,202607,0010460,평택저축은행,240015,정기예금-인터넷,24,S,단리,2.20%,1.86%,"372,000",2.20%,인터넷,1,제한없음,단리,,없음,보통예금이율,보호금융상품 1인당 최고 1억원,,20260724,,202607241652,금융감독원 금융상품한눈에 Open API,2026-08-10T14:19:08
030300,저축은행,202607,0010460,평택저축은행,240015,정기예금-인터넷,36,S,단리,2.10%,1.78%,"533,000",2.10%,인터넷,1,제한없음,단리,,없음,보통예금이율,보호금융상품 1인당 최고 1억원,,20260724,,202607241652,금융감독원 금융상품한눈에 Open API,2026-08-10T14:19:08
030300,저축은행,202607,0010460,평택저축은행,240015,정기예금-인터넷,1,M,복리,1.29%,1.09%,"9,094",1.29%,인터넷,1,제한없음,복리,,없음,보통예금이율,보호금융상품 1인당 최고 1억원,,20260724,,202607241652,금융감독원 금융상품한눈에 Open API,2026-08-10T14:19:08
030300,저축은행,202607,0010460,평택저축은행,240015,정기예금-인터넷,3,M,복리,1.30%,1.10%,"27,525",1.30%,인터넷,1,제한없음,복리,,없음,보통예금이율,보호금융상품 1인당 최고 1억원,,20260724,,202607241652,금융감독원 금융상품한눈에 Open API,2026-08-10T14:19:08
030300,저축은행,202607,0010460,평택저축은행,240015,정기예금-인터넷,6,M,복리,1.70%,1.44%,"72,165",1.70%,인터넷,1,제한없음,복리,,없음,보통예금이율,보호금융상품 1인당 최고 1억원,,20260724,,202607241652,금융감독원 금융상품한눈에 Open API,2026-08-10T14:19:08
030300,저축은행,202607,0010460,평택저축은행,240015,정기예금-인터넷,12,M,복리,3.82%,3.23%,"328,891",3.82%,인터넷,1,제한없음,복리,,없음,보통예금이율,보호금융상품 1인당 최고 1억원,,20260724,,202607241652,금융감독원 금융상품한눈에 Open API,2026-08-10T14:19:08
030300,저축은행,202607,0010460,평택저축은행,240015,정기예금-인터넷,24,M,복리,2.24%,1.90%,"387,257",2.24%,인터넷,1,제한없음,복리,,없음,보통예금이율,보호금융상품 1인당 최고 1억원,,20260724,,202607241652,금융감독원 금융상품한눈에 Open API,2026-08-10T14:19:08
030300,저축은행,202607,0010460,평택저축은행,240015,정기예금-인터넷,36,M,복리,2.16%,1.83%,"565,834",2.16%,인터넷,1,제한없음,복리,,없음,보통예금이율,보호금융상품 1인당 최고 1억원,,20260724,,202607241652,금융감독원 금융상품한눈에 Open API,2026-08-10T14:19:08
030300,저축은행,202607,0010460,평택저축은행,240017,회전식정기예금,12,S,단리,3.45%,2.92%,"292,000",3.45%,스마트폰,1,제한없음,단리,,없음,보통예금이율,보호금융상품 1인당 최고 1억원,,20260720,,202607201300,금융감독원 금융상품한눈에 Open API,2026-08-10T14:19:08
030300,저축은행,202607,0010460,평택저축은행,240017,회전식정기예금,12,M,복리,3.45%,2.92%,"296,530",3.45%,스마트폰,1,제한없음,복리,,없음,보통예금이율,보호금융상품 1인당 최고 1억원,,20260720,,202607201300,금융감독원 금융상품한눈에 Open API,2026-08-10T14:19:08
030300,저축은행,202607,0010460,평택저축은행,240019,정기예금-모바일,1,S,단리,1.30%,1.10%,"9,000",1.30%,스마트폰,1,제한없음,단리,,없음,보통예금이율,보호금융상품 1인당 최고 1억원,,20260720,,202607201300,금융감독원 금융상품한눈에 Open API,2026-08-10T14:19:08
030300,저축은행,202607,0010460,평택저축은행,240019,정기예금-모바일,3,S,단리,1.30%,1.10%,"27,000",1.30%,스마트폰,1,제한없음,단리,,없음,보통예금이율,보호금융상품 1인당 최고 1억원,,20260720,,202607201300,금융감독원 금융상품한눈에 Open API,2026-08-10T14:19:08
030300,저축은행,202607,0010460,평택저축은행,240019,정기예금-모바일,6,S,단리,1.70%,1.44%,"72,000",1.70%,스마트폰,1,제한없음,단리,,없음,보통예금이율,보호금융상품 1인당 최고 1억원,,20260720,,202607201300,금융감독원 금융상품한눈에 Open API,2026-08-10T14:19:08
030300,저축은행,202607,0010460,평택저축은행,240019,정기예금-모바일,12,S,단리,3.45%,2.92%,"292,000",3.45%,스마트폰,1,제한없음,단리,,없음,보통예금이율,보호금융상품 1인당 최고 1억원,,20260720,,202607201300,금융감독원 금융상품한눈에 Open API,2026-08-10T14:19:08
030300,저축은행,202607,0010460,평택저축은행,240019,정기예금-모바일,24,S,단리,2.20%,1.86%,"372,000",2.20%,스마트폰,1,제한없음,단리,,없음,보통예금이율,보호금융상품 1인당 최고 1억원,,20260720,,202607201300,금융감독원 금융상품한눈에 Open API,2026-08-10T14:19:08
030300,저축은행,202607,0010460,평택저축은행,240019,정기예금-모바일,36,S,단리,2.10%,1.78%,"533,000",2.10%,스마트폰,1,제한없음,단리,,없음,보통예금이율,보호금융상품 1인당 최고 1억원,,20260720,,202607201300,금융감독원 금융상품한눈에 Open API,2026-08-10T14:19:08
030300,저축은행,202607,0010460,평택저축은행,240019,정기예금-모바일,1,M,복리,1.30%,1.10%,"9,165",1.30%,스마트폰,1,제한없음,복리,,없음,보통예금이율,보호금융상품 1인당 최고 1억원,,20260720,,202607201300,금융감독원 금융상품한눈에 Open API,2026-08-10T14:19:08
030300,저축은행,202607,0010460,평택저축은행,240019,정기예금-모바일,3,M,복리,1.30%,1.10%,"27,525",1.30%,스마트폰,1,제한없음,복리,,없음,보통예금이율,보호금융상품 1인당 최고 1억원,,20260720,,202607201300,금융감독원 금융상품한눈에 Open API,2026-08-10T14:19:08
030300,저축은행,202607,0010460,평택저축은행,240019,정기예금-모바일,6,M,복리,1.70%,1.44%,"72,165",1.70%,스마트폰,1,제한없음,복리,,없음,보통예금이율,보호금융상품 1인당 최고 1억원,,20260720,,202607201300,금융감독원 금융상품한눈에 Open API,2026-08-10T14:19:08
030300,저축은행,202607,0010460,평택저축은행,240019,정기예금-모바일,12,M,복리,3.45%,2.92%,"296,530",3.45%,스마트폰,1,제한없음,복리,,없음,보통예금이율,보호금융상품 1인당 최고 1억원,,20260720,,202607201300,금융감독원 금융상품한눈에 Open API,2026-08-10T14:19:08
030300,저축은행,202607,0010460,평택저축은행,240019,정기예금-모바일,24,M,복리,2.20%,1.86%,"380,195",2.20%,스마트폰,1,제한없음,복리,,없음,보통예금이율,보호금융상품 1인당 최고 1억원,,20260720,,202607201300,금융감독원 금융상품한눈에 Open API,2026-08-10T14:19:08
030300,저축은행,202607,0010460,평택저축은행,240019,정기예금-모바일,36,M,복리,2.10%,1.78%,"549,631",2.10%,스마트폰,1,제한없음,복리,,없음,보통예금이율,보호금융상품 1인당 최고 1억원,,20260720,,202607201300,금융감독원 금융상품한눈에 Open API,2026-08-10T14:19:08
030300,저축은행,202607,0010463,안양저축은행,240001 240002,정기예금,1,S,단리,2.00%,1.69%,"14,000",2.00%,영업점,1,제한없음,단리,,"최대 연0.30%p 창구약정이율+우대금리 적용 ※우대금리 적용조건 ①가입기간12개월이상 계약금액 10억이상 0.10%p ②가입기간 12개월 최대2,000만원한도, 가족 중 가입당시 만12세이하 고객수에 따라 다르게 적용 만기해지조건(2명0.10p%,3명0.20%p,4명0.30%p) ※조건①,조건②의 우대금리는 중복 적용되지 않음","만기 후 한 달까지 약정금리-현행금리 비교하여 낮은 금리 적용, 이후 0.1%","중도해지이율: 1개월미만: 계약일의 보통예금 금리, 1개월이상 6개월미만: 약정이율의 50%, 6개월이상 12개월미만: 약정이율의 60%, 12개월이상: 약정이율의 70%",,20260731,,202607310817,금융감독원 금융상품한눈에 Open API,2026-08-10T14:19:08
030300,저축은행,202607,0010463,안양저축은행,240001 240002,정기예금,3,S,단리,3.00%,2.54%,"63,000",3.00%,영업점,1,제한없음,단리,,"최대 연0.30%p 창구약정이율+우대금리 적용 ※우대금리 적용조건 ①가입기간12개월이상 계약금액 10억이상 0.10%p ②가입기간 12개월 최대2,000만원한도, 가족 중 가입당시 만12세이하 고객수에 따라 다르게 적용 만기해지조건(2명0.10p%,3명0.20%p,4명0.30%p) ※조건①,조건②의 우대금리는 중복 적용되지 않음","만기 후 한 달까지 약정금리-현행금리 비교하여 낮은 금리 적용, 이후 0.1%","중도해지이율: 1개월미만: 계약일의 보통예금 금리, 1개월이상 6개월미만: 약정이율의 50%, 6개월이상 12개월미만: 약정이율의 60%, 12개월이상: 약정이율의 70%",,20260731,,202607310817,금융감독원 금융상품한눈에 Open API,2026-08-10T14:19:08
030300,저축은행,202607,0010463,안양저축은행,240001 240002,정기예금,6,S,단리,3.50%,2.96%,"148,000",3.50%,영업점,1,제한없음,단리,,"최대 연0.30%p 창구약정이율+우대금리 적용 ※우대금리 적용조건 ①가입기간12개월이상 계약금액 10억이상 0.10%p ②가입기간 12개월 최대2,000만원한도, 가족 중 가입당시 만12세이하 고객수에 따라 다르게 적용 만기해지조건(2명0.10p%,3명0.20%p,4명0.30%p) ※조건①,조건②의 우대금리는 중복 적용되지 않음","만기 후 한 달까지 약정금리-현행금리 비교하여 낮은 금리 적용, 이후 0.1%","중도해지이율: 1개월미만: 계약일의 보통예금 금리, 1개월이상 6개월미만: 약정이율의 50%, 6개월이상 12개월미만: 약정이율의 60%, 12개월이상: 약정이율의 70%",,20260731,,202607310817,금융감독원 금융상품한눈에 Open API,2026-08-10T14:19:08
030300,저축은행,202607,0010463,안양저축은행,240001 240002,정기예금,12,S,단리,3.90%,3.30%,"330,000",3.90%,영업점,1,제한없음,단리,,"최대 연0.30%p 창구약정이율+우대금리 적용 ※우대금리 적용조건 ①가입기간12개월이상 계약금액 10억이상 0.10%p ②가입기간 12개월 최대2,000만원한도, 가족 중 가입당시 만12세이하 고객수에 따라 다르게 적용 만기해지조건(2명0.10p%,3명0.20%p,4명0.30%p) ※조건①,조건②의 우대금리는 중복 적용되지 않음","만기 후 한 달까지 약정금리-현행금리 비교하여 낮은 금리 적용, 이후 0.1%","중도해지이율: 1개월미만: 계약일의 보통예금 금리, 1개월이상 6개월미만: 약정이율의 50%, 6개월이상 12개월미만: 약정이율의 60%, 12개월이상: 약정이율의 70%",,20260731,,202607310817,금융감독원 금융상품한눈에 Open API,2026-08-10T14:19:08
030300,저축은행,202607,0010463,안양저축은행,240001 240002,정기예금,24,S,단리,3.00%,2.54%,"508,000",3.00%,영업점,1,제한없음,단리,,"최대 연0.30%p 창구약정이율+우대금리 적용 ※우대금리 적용조건 ①가입기간12개월이상 계약금액 10억이상 0.10%p ②가입기간 12개월 최대2,000만원한도, 가족 중 가입당시 만12세이하 고객수에 따라 다르게 적용 만기해지조건(2명0.10p%,3명0.20%p,4명0.30%p) ※조건①,조건②의 우대금리는 중복 적용되지 않음","만기 후 한 달까지 약정금리-현행금리 비교하여 낮은 금리 적용, 이후 0.1%","중도해지이율: 1개월미만: 계약일의 보통예금 금리, 1개월이상 6개월미만: 약정이율의 50%, 6개월이상 12개월미만: 약정이율의 60%, 12개월이상: 약정이율의 70%",,20260731,,202607310817,금융감독원 금융상품한눈에 Open API,2026-08-10T14:19:08
030300,저축은행,202607,0010463,안양저축은행,240001 240002,정기예금,36,S,단리,2.50%,2.11%,"634,000",2.50%,영업점,1,제한없음,단리,,"최대 연0.30%p 창구약정이율+우대금리 적용 ※우대금리 적용조건 ①가입기간12개월이상 계약금액 10억이상 0.10%p ②가입기간 12개월 최대2,000만원한도, 가족 중 가입당시 만12세이하 고객수에 따라 다르게 적용 만기해지조건(2명0.10p%,3명0.20%p,4명0.30%p) ※조건①,조건②의 우대금리는 중복 적용되지 않음","만기 후 한 달까지 약정금리-현행금리 비교하여 낮은 금리 적용, 이후 0.1%","중도해지이율: 1개월미만: 계약일의 보통예금 금리, 1개월이상 6개월미만: 약정이율의 50%, 6개월이상 12개월미만: 약정이율의 60%, 12개월이상: 약정이율의 70%",,20260731,,202607310817,금융감독원 금융상품한눈에 Open API,2026-08-10T14:19:08
030300,저축은행,202607,0010463,안양저축은행,240001 240002,정기예금,1,M,복리,2.00%,1.69%,"14,100",2.00%,영업점,1,제한없음,복리,,"최대 연0.30%p 창구약정이율+우대금리 적용 ※우대금리 적용조건 ①가입기간12개월이상 계약금액 10억이상 0.10%p ②가입기간 12개월 최대2,000만원한도, 가족 중 가입당시 만12세이하 고객수에 따라 다르게 적용 만기해지조건(2명0.10p%,3명0.20%p,4명0.30%p) ※조건①,조건②의 우대금리는 중복 적용되지 않음","만기 후 한 달까지 약정금리-현행금리 비교하여 낮은 금리 적용, 이후 0.1%","중도해지이율: 1개월미만: 계약일의 보통예금 금리, 1개월이상 6개월미만: 약정이율의 50%, 6개월이상 12개월미만: 약정이율의 60%, 12개월이상: 약정이율의 70%",,20260731,,202607310817,금융감독원 금융상품한눈에 Open API,2026-08-10T14:19:08
030300,저축은행,202607,0010463,안양저축은행,240001 240002,정기예금,3,M,복리,3.00%,2.54%,"63,609",3.00%,영업점,1,제한없음,복리,,"최대 연0.30%p 창구약정이율+우대금리 적용 ※우대금리 적용조건 ①가입기간12개월이상 계약금액 10억이상 0.10%p ②가입기간 12개월 최대2,000만원한도, 가족 중 가입당시 만12세이하 고객수에 따라 다르게 적용 만기해지조건(2명0.10p%,3명0.20%p,4명0.30%p) ※조건①,조건②의 우대금리는 중복 적용되지 않음","만기 후 한 달까지 약정금리-현행금리 비교하여 낮은 금리 적용, 이후 0.1%","중도해지이율: 1개월미만: 계약일의 보통예금 금리, 1개월이상 6개월미만: 약정이율의 50%, 6개월이상 12개월미만: 약정이율의 60%, 12개월이상: 약정이율의 70%",,20260731,,202607310817,금융감독원 금융상품한눈에 Open API,2026-08-10T14:19:08
030300,저축은행,202607,0010463,안양저축은행,240001 240002,정기예금,6,M,복리,3.50%,2.96%,"149,134",3.50%,영업점,1,제한없음,복리,,"최대 연0.30%p 창구약정이율+우대금리 적용 ※우대금리 적용조건 ①가입기간12개월이상 계약금액 10억이상 0.10%p ②가입기간 12개월 최대2,000만원한도, 가족 중 가입당시 만12세이하 고객수에 따라 다르게 적용 만기해지조건(2명0.10p%,3명0.20%p,4명0.30%p) ※조건①,조건②의 우대금리는 중복 적용되지 않음","만기 후 한 달까지 약정금리-현행금리 비교하여 낮은 금리 적용, 이후 0.1%","중도해지이율: 1개월미만: 계약일의 보통예금 금리, 1개월이상 6개월미만: 약정이율의 50%, 6개월이상 12개월미만: 약정이율의 60%, 12개월이상: 약정이율의 70%",,20260731,,202607310817,금융감독원 금융상품한눈에 Open API,2026-08-10T14:19:08
030300,저축은행,202607,0010463,안양저축은행,240001 240002,정기예금,12,M,복리,3.90%,3.30%,"335,902",3.90%,영업점,1,제한없음,복리,,"최대 연0.30%p 창구약정이율+우대금리 적용 ※우대금리 적용조건 ①가입기간12개월이상 계약금액 10억이상 0.10%p ②가입기간 12개월 최대2,000만원한도, 가족 중 가입당시 만12세이하 고객수에 따라 다르게 적용 만기해지조건(2명0.10p%,3명0.20%p,4명0.30%p) ※조건①,조건②의 우대금리는 중복 적용되지 않음","만기 후 한 달까지 약정금리-현행금리 비교하여 낮은 금리 적용, 이후 0.1%","중도해지이율: 1개월미만: 계약일의 보통예금 금리, 1개월이상 6개월미만: 약정이율의 50%, 6개월이상 12개월미만: 약정이율의 60%, 12개월이상: 약정이율의 70%",,20260731,,202607310817,금융감독원 금융상품한눈에 Open API,2026-08-10T14:19:08
030300,저축은행,202607,0010463,안양저축은행,240001 240002,정기예금,24,M,복리,3.00%,2.54%,"522,465",3.00%,영업점,1,제한없음,복리,,"최대 연0.30%p 창구약정이율+우대금리 적용 ※우대금리 적용조건 ①가입기간12개월이상 계약금액 10억이상 0.10%p ②가입기간 12개월 최대2,000만원한도, 가족 중 가입당시 만12세이하 고객수에 따라 다르게 적용 만기해지조건(2명0.10p%,3명0.20%p,4명0.30%p) ※조건①,조건②의 우대금리는 중복 적용되지 않음","만기 후 한 달까지 약정금리-현행금리 비교하여 낮은 금리 적용, 이후 0.1%","중도해지이율: 1개월미만: 계약일의 보통예금 금리, 1개월이상 6개월미만: 약정이율의 50%, 6개월이상 12개월미만: 약정이율의 60%, 12개월이상: 약정이율의 70%",,20260731,,202607310817,금융감독원 금융상품한눈에 Open API,2026-08-10T14:19:08
030300,저축은행,202607,0010463,안양저축은행,240001 240002,정기예금,36,M,복리,2.50%,2.11%,"658,189",2.50%,영업점,1,제한없음,복리,,"최대 연0.30%p 창구약정이율+우대금리 적용 ※우대금리 적용조건 ①가입기간12개월이상 계약금액 10억이상 0.10%p ②가입기간 12개월 최대2,000만원한도, 가족 중 가입당시 만12세이하 고객수에 따라 다르게 적용 만기해지조건(2명0.10p%,3명0.20%p,4명0.30%p) ※조건①,조건②의 우대금리는 중복 적용되지 않음","만기 후 한 달까지 약정금리-현행금리 비교하여 낮은 금리 적용, 이후 0.1%","중도해지이율: 1개월미만: 계약일의 보통예금 금리, 1개월이상 6개월미만: 약정이율의 50%, 6개월이상 12개월미만: 약정이율의 60%, 12개월이상: 약정이율의 70%",,20260731,,202607310817,금융감독원 금융상품한눈에 Open API,2026-08-10T14:19:08
030300,저축은행,202607,0010463,안양저축은행,240006 240007,비대면-정기예금,1,S,단리,2.00%,1.69%,"14,000",2.00%,"인터넷,스마트폰",1,"제한없음 (만19세이상 내국인 개인고객, 본인 스마트폰 소지자, 신분증(주민등록증 또는 운전면허증)소지자, 최근 30일이내 전은행에서 입출금통장 개설내역이 없는 고객, 미국인납세자에 해당하지 않는 고객)",단리,,없음,"만기 후 한 달까지 약정금리-현행금리 비교하여 낮은 금리 적용, 이후 0.1%","중도해지이율: 1개월미만: 계약일의 보통예금 금리, 1개월이상 6개월미만: 약정이율의 50%, 6개월이상 12개월미만: 약정이율의 60%, 12개월이상: 약정이율의 70%",,20260731,,202607310817,금융감독원 금융상품한눈에 Open API,2026-08-10T14:19:08
030300,저축은행,202607,0010463,안양저축은행,240006 240007,비대면-정기예금,3,S,단리,3.00%,2.54%,"63,000",3.00%,"인터넷,스마트폰",1,"제한없음 (만19세이상 내국인 개인고객, 본인 스마트폰 소지자, 신분증(주민등록증 또는 운전면허증)소지자, 최근 30일이내 전은행에서 입출금통장 개설내역이 없는 고객, 미국인납세자에 해당하지 않는 고객)",단리,,없음,"만기 후 한 달까지 약정금리-현행금리 비교하여 낮은 금리 적용, 이후 0.1%","중도해지이율: 1개월미만: 계약일의 보통예금 금리, 1개월이상 6개월미만: 약정이율의 50%, 6개월이상 12개월미만: 약정이율의 60%, 12개월이상: 약정이율의 70%",,20260731,,202607310817,금융감독원 금융상품한눈에 Open API,2026-08-10T14:19:08
030300,저축은행,202607,0010463,안양저축은행,240006 240007,비대면-정기예금,6,S,단리,3.50%,2.96%,"148,000",3.50%,"인터넷,스마트폰",1,"제한없음 (만19세이상 내국인 개인고객, 본인 스마트폰 소지자, 신분증(주민등록증 또는 운전면허증)소지자, 최근 30일이내 전은행에서 입출금통장 개설내역이 없는 고객, 미국인납세자에 해당하지 않는 고객)",단리,,없음,"만기 후 한 달까지 약정금리-현행금리 비교하여 낮은 금리 적용, 이후 0.1%","중도해지이율: 1개월미만: 계약일의 보통예금 금리, 1개월이상 6개월미만: 약정이율의 50%, 6개월이상 12개월미만: 약정이율의 60%, 12개월이상: 약정이율의 70%",,20260731,,202607310817,금융감독원 금융상품한눈에 Open API,2026-08-10T14:19:08
030300,저축은행,202607,0010463,안양저축은행,240006 240007,비대면-정기예금,12,S,단리,3.90%,3.30%,"330,000",3.90%,"인터넷,스마트폰",1,"제한없음 (만19세이상 내국인 개인고객, 본인 스마트폰 소지자, 신분증(주민등록증 또는 운전면허증)소지자, 최근 30일이내 전은행에서 입출금통장 개설내역이 없는 고객, 미국인납세자에 해당하지 않는 고객)",단리,,없음,"만기 후 한 달까지 약정금리-현행금리 비교하여 낮은 금리 적용, 이후 0.1%","중도해지이율: 1개월미만: 계약일의 보통예금 금리, 1개월이상 6개월미만: 약정이율의 50%, 6개월이상 12개월미만: 약정이율의 60%, 12개월이상: 약정이율의 70%",,20260731,,202607310817,금융감독원 금융상품한눈에 Open API,2026-08-10T14:19:08
030300,저축은행,202607,0010463,안양저축은행,240006 240007,비대면-정기예금,24,S,단리,3.00%,2.54%,"508,000",3.00%,"인터넷,스마트폰",1,"제한없음 (만19세이상 내국인 개인고객, 본인 스마트폰 소지자, 신분증(주민등록증 또는 운전면허증)소지자, 최근 30일이내 전은행에서 입출금통장 개설내역이 없는 고객, 미국인납세자에 해당하지 않는 고객)",단리,,없음,"만기 후 한 달까지 약정금리-현행금리 비교하여 낮은 금리 적용, 이후 0.1%","중도해지이율: 1개월미만: 계약일의 보통예금 금리, 1개월이상 6개월미만: 약정이율의 50%, 6개월이상 12개월미만: 약정이율의 60%, 12개월이상: 약정이율의 70%",,20260731,,202607310817,금융감독원 금융상품한눈에 Open API,2026-08-10T14:19:08
030300,저축은행,202607,0010463,안양저축은행,240006 240007,비대면-정기예금,36,S,단리,2.50%,2.11%,"634,000",2.50%,"인터넷,스마트폰",1,"제한없음 (만19세이상 내국인 개인고객, 본인 스마트폰 소지자, 신분증(주민등록증 또는 운전면허증)소지자, 최근 30일이내 전은행에서 입출금통장 개설내역이 없는 고객, 미국인납세자에 해당하지 않는 고객)",단리,,없음,"만기 후 한 달까지 약정금리-현행금리 비교하여 낮은 금리 적용, 이후 0.1%","중도해지이율: 1개월미만: 계약일의 보통예금 금리, 1개월이상 6개월미만: 약정이율의 50%, 6개월이상 12개월미만: 약정이율의 60%, 12개월이상: 약정이율의 70%",,20260731,,202607310817,금융감독원 금융상품한눈에 Open API,2026-08-10T14:19:08
030300,저축은행,202607,0010463,안양저축은행,240006 240007,비대면-정기예금,1,M,복리,2.00%,1.69%,"14,100",2.00%,"인터넷,스마트폰",1,"제한없음 (만19세이상 내국인 개인고객, 본인 스마트폰 소지자, 신분증(주민등록증 또는 운전면허증)소지자, 최근 30일이내 전은행에서 입출금통장 개설내역이 없는 고객, 미국인납세자에 해당하지 않는 고객)",복리,,없음,"만기 후 한 달까지 약정금리-현행금리 비교하여 낮은 금리 적용, 이후 0.1%","중도해지이율: 1개월미만: 계약일의 보통예금 금리, 1개월이상 6개월미만: 약정이율의 50%, 6개월이상 12개월미만: 약정이율의 60%, 12개월이상: 약정이율의 70%",,20260731,,202607310817,금융감독원 금융상품한눈에 Open API,2026-08-10T14:19:08
030300,저축은행,202607,0010463,안양저축은행,240006 240007,비대면-정기예금,3,M,복리,3.00%,2.54%,"63,609",3.00%,"인터넷,스마트폰",1,"제한없음 (만19세이상 내국인 개인고객, 본인 스마트폰 소지자, 신분증(주민등록증 또는 운전면허증)소지자, 최근 30일이내 전은행에서 입출금통장 개설내역이 없는 고객, 미국인납세자에 해당하지 않는 고객)",복리,,없음,"만기 후 한 달까지 약정금리-현행금리 비교하여 낮은 금리 적용, 이후 0.1%","중도해지이율: 1개월미만: 계약일의 보통예금 금리, 1개월이상 6개월미만: 약정이율의 50%, 6개월이상 12개월미만: 약정이율의 60%, 12개월이상: 약정이율의 70%",,20260731,,202607310817,금융감독원 금융상품한눈에 Open API,2026-08-10T14:19:08
030300,저축은행,202607,0010463,안양저축은행,240006 240007,비대면-정기예금,6,M,복리,3.50%,2.96%,"149,134",3.50%,"인터넷,스마트폰",1,"제한없음 (만19세이상 내국인 개인고객, 본인 스마트폰 소지자, 신분증(주민등록증 또는 운전면허증)소지자, 최근 30일이내 전은행에서 입출금통장 개설내역이 없는 고객, 미국인납세자에 해당하지 않는 고객)",복리,,없음,"만기 후 한 달까지 약정금리-현행금리 비교하여 낮은 금리 적용, 이후 0.1%","중도해지이율: 1개월미만: 계약일의 보통예금 금리, 1개월이상 6개월미만: 약정이율의 50%, 6개월이상 12개월미만: 약정이율의 60%, 12개월이상: 약정이율의 70%",,20260731,,202607310817,금융감독원 금융상품한눈에 Open API,2026-08-10T14:19:08
030300,저축은행,202607,0010463,안양저축은행,240006 240007,비대면-정기예금,12,M,복리,3.90%,3.30%,"335,902",3.90%,"인터넷,스마트폰",1,"제한없음 (만19세이상 내국인 개인고객, 본인 스마트폰 소지자, 신분증(주민등록증 또는 운전면허증)소지자, 최근 30일이내 전은행에서 입출금통장 개설내역이 없는 고객, 미국인납세자에 해당하지 않는 고객)",복리,,없음,"만기 후 한 달까지 약정금리-현행금리 비교하여 낮은 금리 적용, 이후 0.1%","중도해지이율: 1개월미만: 계약일의 보통예금 금리, 1개월이상 6개월미만: 약정이율의 50%, 6개월이상 12개월미만: 약정이율의 60%, 12개월이상: 약정이율의 70%",,20260731,,202607310817,금융감독원 금융상품한눈에 Open API,2026-08-10T14:19:08
030300,저축은행,202607,0010463,안양저축은행,240006 240007,비대면-정기예금,24,M,복리,3.00%,2.54%,"522,465",3.00%,"인터넷,스마트폰",1,"제한없음 (만19세이상 내국인 개인고객, 본인 스마트폰 소지자, 신분증(주민등록증 또는 운전면허증)소지자, 최근 30일이내 전은행에서 입출금통장 개설내역이 없는 고객, 미국인납세자에 해당하지 않는 고객)",복리,,없음,"만기 후 한 달까지 약정금리-현행금리 비교하여 낮은 금리 적용, 이후 0.1%","중도해지이율: 1개월미만: 계약일의 보통예금 금리, 1개월이상 6개월미만: 약정이율의 50%, 6개월이상 12개월미만: 약정이율의 60%, 12개월이상: 약정이율의 70%",,20260731,,202607310817,금융감독원 금융상품한눈에 Open API,2026-08-10T14:19:08
030300,저축은행,202607,0010463,안양저축은행,240006 240007,비대면-정기예금,36,M,복리,2.50%,2.11%,"658,189",2.50%,"인터넷,스마트폰",1,"제한없음 (만19세이상 내국인 개인고객, 본인 스마트폰 소지자, 신분증(주민등록증 또는 운전면허증)소지자, 최근 30일이내 전은행에서 입출금통장 개설내역이 없는 고객, 미국인납세자에 해당하지 않는 고객)",복리,,없음,"만기 후 한 달까지 약정금리-현행금리 비교하여 낮은 금리 적용, 이후 0.1%","중도해지이율: 1개월미만: 계약일의 보통예금 금리, 1개월이상 6개월미만: 약정이율의 50%, 6개월이상 12개월미만: 약정이율의 60%, 12개월이상: 약정이율의 70%",,20260731,,202607310817,금융감독원 금융상품한눈에 Open API,2026-08-10T14:19:08
030300,저축은행,202607,0010464,영진저축은행,240010,정기예금,1,S,단리,1.10%,0.93%,"8,000",1.10%,영업점,1,제한없음 (내국인),단리,,없음,만기후 1개월이내 해지시 약정이율 적용(가입시점 이율과 만기시점 이율 중 낮은 이율) 만기후 1개월이후 해지시 보통예금금리(0.5%)적용,10만원이상 가입가능,,20260804,,202608040814,금융감독원 금융상품한눈에 Open API,2026-08-10T14:19:08
030300,저축은행,202607,0010464,영진저축은행,240010,정기예금,3,S,단리,2.30%,1.95%,"49,000",2.30%,영업점,1,제한없음 (내국인),단리,,없음,만기후 1개월이내 해지시 약정이율 적용(가입시점 이율과 만기시점 이율 중 낮은 이율) 만기후 1개월이후 해지시 보통예금금리(0.5%)적용,10만원이상 가입가능,,20260804,,202608040814,금융감독원 금융상품한눈에 Open API,2026-08-10T14:19:08
030300,저축은행,202607,0010464,영진저축은행,240010,정기예금,6,S,단리,2.60%,2.20%,"110,000",2.60%,영업점,1,제한없음 (내국인),단리,,없음,만기후 1개월이내 해지시 약정이율 적용(가입시점 이율과 만기시점 이율 중 낮은 이율) 만기후 1개월이후 해지시 보통예금금리(0.5%)적용,10만원이상 가입가능,,20260804,,202608040814,금융감독원 금융상품한눈에 Open API,2026-08-10T14:19:08
030300,저축은행,202607,0010464,영진저축은행,240010,정기예금,12,S,단리,3.90%,3.30%,"330,000",3.90%,영업점,1,제한없음 (내국인),단리,,없음,만기후 1개월이내 해지시 약정이율 적용(가입시점 이율과 만기시점 이율 중 낮은 이율) 만기후 1개월이후 해지시 보통예금금리(0.5%)적용,10만원이상 가입가능,,20260804,,202608040814,금융감독원 금융상품한눈에 Open API,2026-08-10T14:19:08
030300,저축은행,202607,0010464,영진저축은행,240010,정기예금,24,S,단리,2.50%,2.11%,"423,000",2.50%,영업점,1,제한없음 (내국인),단리,,없음,만기후 1개월이내 해지시 약정이율 적용(가입시점 이율과 만기시점 이율 중 낮은 이율) 만기후 1개월이후 해지시 보통예금금리(0.5%)적용,10만원이상 가입가능,,20260804,,202608040814,금융감독원 금융상품한눈에 Open API,2026-08-10T14:19:08
030300,저축은행,202607,0010464,영진저축은행,240010,정기예금,1,M,복리,1.10%,0.93%,"7,755",1.10%,영업점,1,제한없음 (내국인),복리,,없음,만기후 1개월이내 해지시 약정이율 적용(가입시점 이율과 만기시점 이율 중 낮은 이율) 만기후 1개월이후 해지시 보통예금금리(0.5%)적용,10만원이상 가입가능,,20260804,,202608040814,금융감독원 금융상품한눈에 Open API,2026-08-10T14:19:08
030300,저축은행,202607,0010464,영진저축은행,240010,정기예금,3,M,복리,2.30%,1.95%,"48,738",2.30%,영업점,1,제한없음 (내국인),복리,,없음,만기후 1개월이내 해지시 약정이율 적용(가입시점 이율과 만기시점 이율 중 낮은 이율) 만기후 1개월이후 해지시 보통예금금리(0.5%)적용,10만원이상 가입가능,,20260804,,202608040814,금융감독원 금융상품한눈에 Open API,2026-08-10T14:19:08
030300,저축은행,202607,0010464,영진저축은행,240010,정기예금,6,M,복리,2.60%,2.20%,"110,577",2.60%,영업점,1,제한없음 (내국인),복리,,없음,만기후 1개월이내 해지시 약정이율 적용(가입시점 이율과 만기시점 이율 중 낮은 이율) 만기후 1개월이후 해지시 보통예금금리(0.5%)적용,10만원이상 가입가능,,20260804,,202608040814,금융감독원 금융상품한눈에 Open API,2026-08-10T14:19:08
030300,저축은행,202607,0010464,영진저축은행,240010,정기예금,12,M,복리,3.90%,3.30%,"335,902",3.90%,영업점,1,제한없음 (내국인),복리,,없음,만기후 1개월이내 해지시 약정이율 적용(가입시점 이율과 만기시점 이율 중 낮은 이율) 만기후 1개월이후 해지시 보통예금금리(0.5%)적용,10만원이상 가입가능,,20260804,,202608040814,금융감독원 금융상품한눈에 Open API,2026-08-10T14:19:08
030300,저축은행,202607,0010464,영진저축은행,240010,정기예금,24,M,복리,2.50%,2.11%,"433,291",2.50%,영업점,1,제한없음 (내국인),복리,,없음,만기후 1개월이내 해지시 약정이율 적용(가입시점 이율과 만기시점 이율 중 낮은 이율) 만기후 1개월이후 해지시 보통예금금리(0.5%)적용,10만원이상 가입가능,,20260804,,202608040814,금융감독원 금융상품한눈에 Open API,2026-08-10T14:19:08
030300,저축은행,202607,0010464,영진저축은행,240012,e-정기예금,1,S,단리,1.20%,1.02%,"8,000",1.20%,인터넷,1,제한없음 (내국인),단리,,없음,만기후 1개월이내 해지시 약정이율 적용(가입시점 이율과 만기시점 이율 중 낮은 이율) 만기후 1개월이후 해지시 보통예금금리(0.5%)적용,10만원이상 가입가능,,20260804,,202608040814,금융감독원 금융상품한눈에 Open API,2026-08-10T14:19:08
030300,저축은행,202607,0010464,영진저축은행,240012,e-정기예금,3,S,단리,2.40%,2.03%,"51,000",2.40%,인터넷,1,제한없음 (내국인),단리,,없음,만기후 1개월이내 해지시 약정이율 적용(가입시점 이율과 만기시점 이율 중 낮은 이율) 만기후 1개월이후 해지시 보통예금금리(0.5%)적용,10만원이상 가입가능,,20260804,,202608040814,금융감독원 금융상품한눈에 Open API,2026-08-10T14:19:08
030300,저축은행,202607,0010464,영진저축은행,240012,e-정기예금,6,S,단리,2.70%,2.28%,"114,000",2.70%,인터넷,1,제한없음 (내국인),단리,,없음,만기후 1개월이내 해지시 약정이율 적용(가입시점 이율과 만기시점 이율 중 낮은 이율) 만기후 1개월이후 해지시 보통예금금리(0.5%)적용,10만원이상 가입가능,,20260804,,202608040814,금융감독원 금융상품한눈에 Open API,2026-08-10T14:19:08
030300,저축은행,202607,0010464,영진저축은행,240012,e-정기예금,12,S,단리,3.20%,2.71%,"271,000",3.20%,인터넷,1,제한없음 (내국인),단리,,없음,만기후 1개월이내 해지시 약정이율 적용(가입시점 이율과 만기시점 이율 중 낮은 이율) 만기후 1개월이후 해지시 보통예금금리(0.5%)적용,10만원이상 가입가능,,20260804,,202608040814,금융감독원 금융상품한눈에 Open API,2026-08-10T14:19:08
030300,저축은행,202607,0010464,영진저축은행,240012,e-정기예금,24,S,단리,2.50%,2.11%,"423,000",2.50%,인터넷,1,제한없음 (내국인),단리,,없음,만기후 1개월이내 해지시 약정이율 적용(가입시점 이율과 만기시점 이율 중 낮은 이율) 만기후 1개월이후 해지시 보통예금금리(0.5%)적용,10만원이상 가입가능,,20260804,,202608040814,금융감독원 금융상품한눈에 Open API,2026-08-10T14:19:08
030300,저축은행,202607,0010464,영진저축은행,240012,e-정기예금,1,M,복리,1.20%,1.02%,"8,460",1.20%,인터넷,1,제한없음 (내국인),복리,,없음,만기후 1개월이내 해지시 약정이율 적용(가입시점 이율과 만기시점 이율 중 낮은 이율) 만기후 1개월이후 해지시 보통예금금리(0.5%)적용,10만원이상 가입가능,,20260804,,202608040814,금융감독원 금융상품한눈에 Open API,2026-08-10T14:19:08
030300,저축은행,202607,0010464,영진저축은행,240012,e-정기예금,3,M,복리,2.40%,2.03%,"50,862",2.40%,인터넷,1,제한없음 (내국인),복리,,없음,만기후 1개월이내 해지시 약정이율 적용(가입시점 이율과 만기시점 이율 중 낮은 이율) 만기후 1개월이후 해지시 보통예금금리(0.5%)적용,10만원이상 가입가능,,20260804,,202608040814,금융감독원 금융상품한눈에 Open API,2026-08-10T14:19:08
030300,저축은행,202607,0010464,영진저축은행,240012,e-정기예금,6,M,복리,2.70%,2.28%,"114,854",2.70%,인터넷,1,제한없음 (내국인),복리,,없음,만기후 1개월이내 해지시 약정이율 적용(가입시점 이율과 만기시점 이율 중 낮은 이율) 만기후 1개월이후 해지시 보통예금금리(0.5%)적용,10만원이상 가입가능,,20260804,,202608040814,금융감독원 금융상품한눈에 Open API,2026-08-10T14:19:08
030300,저축은행,202607,0010464,영진저축은행,240012,e-정기예금,12,M,복리,3.20%,2.71%,"274,726",3.20%,인터넷,1,제한없음 (내국인),복리,,없음,만기후 1개월이내 해지시 약정이율 적용(가입시점 이율과 만기시점 이율 중 낮은 이율) 만기후 1개월이후 해지시 보통예금금리(0.5%)적용,10만원이상 가입가능,,20260804,,202608040814,금융감독원 금융상품한눈에 Open API,2026-08-10T14:19:08
030300,저축은행,202607,0010464,영진저축은행,240012,e-정기예금,24,M,복리,2.50%,2.11%,"433,291",2.50%,인터넷,1,제한없음 (내국인),복리,,없음,만기후 1개월이내 해지시 약정이율 적용(가입시점 이율과 만기시점 이율 중 낮은 이율) 만기후 1개월이후 해지시 보통예금금리(0.5%)적용,10만원이상 가입가능,,20260804,,202608040814,금융감독원 금융상품한눈에 Open API,2026-08-10T14:19:08
030300,저축은행,202607,0010464,영진저축은행,240014,m-정기예금,1,S,단리,1.20%,1.02%,"8,000",1.20%,스마트폰,1,제한없음 (내국인),단리,,없음,만기후 1개월이내 해지시 약정이율 적용(가입시점 이율과 만기시점 이율 중 낮은 이율) 만기후 1개월이후 해지시 보통예금금리(0.5%)적용,10만원이상 가입가능,,20260804,,202608040814,금융감독원 금융상품한눈에 Open API,2026-08-10T14:19:08
030300,저축은행,202607,0010464,영진저축은행,240014,m-정기예금,3,S,단리,2.40%,2.03%,"51,000",2.40%,스마트폰,1,제한없음 (내국인),단리,,없음,만기후 1개월이내 해지시 약정이율 적용(가입시점 이율과 만기시점 이율 중 낮은 이율) 만기후 1개월이후 해지시 보통예금금리(0.5%)적용,10만원이상 가입가능,,20260804,,202608040814,금융감독원 금융상품한눈에 Open API,2026-08-10T14:19:08
030300,저축은행,202607,0010464,영진저축은행,240014,m-정기예금,6,S,단리,2.70%,2.28%,"114,000",2.70%,스마트폰,1,제한없음 (내국인),단리,,없음,만기후 1개월이내 해지시 약정이율 적용(가입시점 이율과 만기시점 이율 중 낮은 이율) 만기후 1개월이후 해지시 보통예금금리(0.5%)적용,10만원이상 가입가능,,20260804,,202608040814,금융감독원 금융상품한눈에 Open API,2026-08-10T14:19:08
030300,저축은행,202607,0010464,영진저축은행,240014,m-정기예금,12,S,단리,3.20%,2.71%,"271,000",3.20%,스마트폰,1,제한없음 (내국인),단리,,없음,만기후 1개월이내 해지시 약정이율 적용(가입시점 이율과 만기시점 이율 중 낮은 이율) 만기후 1개월이후 해지시 보통예금금리(0.5%)적용,10만원이상 가입가능,,20260804,,202608040814,금융감독원 금융상품한눈에 Open API,2026-08-10T14:19:08
030300,저축은행,202607,0010464,영진저축은행,240014,m-정기예금,24,S,단리,2.50%,2.11%,"423,000",2.50%,스마트폰,1,제한없음 (내국인),단리,,없음,만기후 1개월이내 해지시 약정이율 적용(가입시점 이율과 만기시점 이율 중 낮은 이율) 만기후 1개월이후 해지시 보통예금금리(0.5%)적용,10만원이상 가입가능,,20260804,,202608040814,금융감독원 금융상품한눈에 Open API,2026-08-10T14:19:08
030300,저축은행,202607,0010464,영진저축은행,240014,m-정기예금,1,M,복리,1.20%,1.02%,"8,460",1.20%,스마트폰,1,제한없음 (내국인),복리,,없음,만기후 1개월이내 해지시 약정이율 적용(가입시점 이율과 만기시점 이율 중 낮은 이율) 만기후 1개월이후 해지시 보통예금금리(0.5%)적용,10만원이상 가입가능,,20260804,,202608040814,금융감독원 금융상품한눈에 Open API,2026-08-10T14:19:08
030300,저축은행,202607,0010464,영진저축은행,240014,m-정기예금,3,M,복리,2.40%,2.03%,"50,862",2.40%,스마트폰,1,제한없음 (내국인),복리,,없음,만기후 1개월이내 해지시 약정이율 적용(가입시점 이율과 만기시점 이율 중 낮은 이율) 만기후 1개월이후 해지시 보통예금금리(0.5%)적용,10만원이상 가입가능,,20260804,,202608040814,금융감독원 금융상품한눈에 Open API,2026-08-10T14:19:08
030300,저축은행,202607,0010464,영진저축은행,240014,m-정기예금,6,M,복리,2.70%,2.28%,"114,854",2.70%,스마트폰,1,제한없음 (내국인),복리,,없음,만기후 1개월이내 해지시 약정이율 적용(가입시점 이율과 만기시점 이율 중 낮은 이율) 만기후 1개월이후 해지시 보통예금금리(0.5%)적용,10만원이상 가입가능,,20260804,,202608040814,금융감독원 금융상품한눈에 Open API,2026-08-10T14:19:08
030300,저축은행,202607,0010464,영진저축은행,240014,m-정기예금,12,M,복리,3.20%,2.71%,"274,726",3.20%,스마트폰,1,제한없음 (내국인),복리,,없음,만기후 1개월이내 해지시 약정이율 적용(가입시점 이율과 만기시점 이율 중 낮은 이율) 만기후 1개월이후 해지시 보통예금금리(0.5%)적용,10만원이상 가입가능,,20260804,,202608040814,금융감독원 금융상품한눈에 Open API,2026-08-10T14:19:08
030300,저축은행,202607,0010464,영진저축은행,240014,m-정기예금,24,M,복리,2.50%,2.11%,"433,291",2.50%,스마트폰,1,제한없음 (내국인),복리,,없음,만기후 1개월이내 해지시 약정이율 적용(가입시점 이율과 만기시점 이율 중 낮은 이율) 만기후 1개월이후 해지시 보통예금금리(0.5%)적용,10만원이상 가입가능,,20260804,,202608040814,금융감독원 금융상품한눈에 Open API,2026-08-10T14:19:08
030300,저축은행,202607,0010464,영진저축은행,240016,SB톡톡-정기예금,1,S,단리,1.20%,1.02%,"8,000",1.20%,스마트폰,1,제한없음 (내국인),단리,,없음,만기후 1개월이내 해지시 약정이율 적용(가입시점 이율과 만기시점 이율 중 낮은 이율) 만기후 1개월이후 해지시 보통예금금리(0.5%)적용,10만원이상 가입가능,,20260804,,202608040814,금융감독원 금융상품한눈에 Open API,2026-08-10T14:19:08
030300,저축은행,202607,0010464,영진저축은행,240016,SB톡톡-정기예금,3,S,단리,2.40%,2.03%,"51,000",2.40%,스마트폰,1,제한없음 (내국인),단리,,없음,만기후 1개월이내 해지시 약정이율 적용(가입시점 이율과 만기시점 이율 중 낮은 이율) 만기후 1개월이후 해지시 보통예금금리(0.5%)적용,10만원이상 가입가능,,20260804,,202608040814,금융감독원 금융상품한눈에 Open API,2026-08-10T14:19:08
030300,저축은행,202607,0010464,영진저축은행,240016,SB톡톡-정기예금,6,S,단리,2.70%,2.28%,"114,000",2.70%,스마트폰,1,제한없음 (내국인),단리,,없음,만기후 1개월이내 해지시 약정이율 적용(가입시점 이율과 만기시점 이율 중 낮은 이율) 만기후 1개월이후 해지시 보통예금금리(0.5%)적용,10만원이상 가입가능,,20260804,,202608040814,금융감독원 금융상품한눈에 Open API,2026-08-10T14:19:08
030300,저축은행,202607,0010464,영진저축은행,240016,SB톡톡-정기예금,12,S,단리,3.20%,2.71%,"271,000",3.20%,스마트폰,1,제한없음 (내국인),단리,,없음,만기후 1개월이내 해지시 약정이율 적용(가입시점 이율과 만기시점 이율 중 낮은 이율) 만기후 1개월이후 해지시 보통예금금리(0.5%)적용,10만원이상 가입가능,,20260804,,202608040814,금융감독원 금융상품한눈에 Open API,2026-08-10T14:19:08
030300,저축은행,202607,0010464,영진저축은행,240016,SB톡톡-정기예금,24,S,단리,2.50%,2.11%,"423,000",2.50%,스마트폰,1,제한없음 (내국인),단리,,없음,만기후 1개월이내 해지시 약정이율 적용(가입시점 이율과 만기시점 이율 중 낮은 이율) 만기후 1개월이후 해지시 보통예금금리(0.5%)적용,10만원이상 가입가능,,20260804,,202608040814,금융감독원 금융상품한눈에 Open API,2026-08-10T14:19:08
030300,저축은행,202607,0010464,영진저축은행,240016,SB톡톡-정기예금,1,M,복리,1.20%,1.02%,"8,460",1.20%,스마트폰,1,제한없음 (내국인),복리,,없음,만기후 1개월이내 해지시 약정이율 적용(가입시점 이율과 만기시점 이율 중 낮은 이율) 만기후 1개월이후 해지시 보통예금금리(0.5%)적용,10만원이상 가입가능,,20260804,,202608040814,금융감독원 금융상품한눈에 Open API,2026-08-10T14:19:08
030300,저축은행,202607,0010464,영진저축은행,240016,SB톡톡-정기예금,3,M,복리,2.40%,2.03%,"50,862",2.40%,스마트폰,1,제한없음 (내국인),복리,,없음,만기후 1개월이내 해지시 약정이율 적용(가입시점 이율과 만기시점 이율 중 낮은 이율) 만기후 1개월이후 해지시 보통예금금리(0.5%)적용,10만원이상 가입가능,,20260804,,202608040814,금융감독원 금융상품한눈에 Open API,2026-08-10T14:19:08
030300,저축은행,202607,0010464,영진저축은행,240016,SB톡톡-정기예금,6,M,복리,2.70%,2.28%,"114,854",2.70%,스마트폰,1,제한없음 (내국인),복리,,없음,만기후 1개월이내 해지시 약정이율 적용(가입시점 이율과 만기시점 이율 중 낮은 이율) 만기후 1개월이후 해지시 보통예금금리(0.5%)적용,10만원이상 가입가능,,20260804,,202608040814,금융감독원 금융상품한눈에 Open API,2026-08-10T14:19:08
030300,저축은행,202607,0010464,영진저축은행,240016,SB톡톡-정기예금,12,M,복리,3.20%,2.71%,"274,726",3.20%,스마트폰,1,제한없음 (내국인),복리,,없음,만기후 1개월이내 해지시 약정이율 적용(가입시점 이율과 만기시점 이율 중 낮은 이율) 만기후 1개월이후 해지시 보통예금금리(0.5%)적용,10만원이상 가입가능,,20260804,,202608040814,금융감독원 금융상품한눈에 Open API,2026-08-10T14:19:08
030300,저축은행,202607,0010464,영진저축은행,240016,SB톡톡-정기예금,24,M,복리,2.50%,2.11%,"433,291",2.50%,스마트폰,1,제한없음 (내국인),복리,,없음,만기후 1개월이내 해지시 약정이율 적용(가입시점 이율과 만기시점 이율 중 낮은 이율) 만기후 1개월이후 해지시 보통예금금리(0.5%)적용,10만원이상 가입가능,,20260804,,202608040814,금융감독원 금융상품한눈에 Open API,2026-08-10T14:19:08
030300,저축은행,202607,0010464,영진저축은행,240019,(특판)SB톡톡-정기예금,12,S,단리,4.00%,3.38%,"338,000",4.00%,스마트폰,1,제한없음 (내국인),단리,,없음,만기후 1개월이내 해지시 약정이율 적용(가입시점 이율과 만기시점 이율 중 낮은 이율) 만기후 1개월이후 해지시 보통예금금리(0.5%)적용,10만원이상 가입가능 / 한도소진 시 가입불가,,20260804,,202608040814,금융감독원 금융상품한눈에 Open API,2026-08-10T14:19:08
030300,저축은행,202607,0010464,영진저축은행,240019,(특판)SB톡톡-정기예금,12,M,복리,4.00%,3.38%,"344,673",4.00%,스마트폰,1,제한없음 (내국인),복리,,없음,만기후 1개월이내 해지시 약정이율 적용(가입시점 이율과 만기시점 이율 중 낮은 이율) 만기후 1개월이후 해지시 보통예금금리(0.5%)적용,10만원이상 가입가능 / 한도소진 시 가입불가,,20260804,,202608040814,금융감독원 금융상품한눈에 Open API,2026-08-10T14:19:08
030300,저축은행,202607,0010467,융창저축은행,240000,정기예금,1,S,단리,2.10%,1.78%,"15,000",2.10%,영업점,1,제한없음,단리,,없음,- 만기 후 1개월 이하: 예금 계좌의 약정이율과 만기시점 해당상품 신규약정이율 중 낮은 이율 적용 - 만기 후 1개월 초과:0.2%,없음,,20260805,,202608050859,금융감독원 금융상품한눈에 Open API,2026-08-10T14:19:08
030300,저축은행,202607,0010467,융창저축은행,240000,정기예금,3,S,단리,2.60%,2.20%,"55,000",2.60%,영업점,1,제한없음,단리,,없음,- 만기 후 1개월 이하: 예금 계좌의 약정이율과 만기시점 해당상품 신규약정이율 중 낮은 이율 적용 - 만기 후 1개월 초과:0.2%,없음,,20260805,,202608050859,금융감독원 금융상품한눈에 Open API,2026-08-10T14:19:08
030300,저축은행,202607,0010467,융창저축은행,240000,정기예금,6,S,단리,3.20%,2.71%,"135,000",3.20%,영업점,1,제한없음,단리,,없음,- 만기 후 1개월 이하: 예금 계좌의 약정이율과 만기시점 해당상품 신규약정이율 중 낮은 이율 적용 - 만기 후 1개월 초과:0.2%,없음,,20260805,,202608050859,금융감독원 금융상품한눈에 Open API,2026-08-10T14:19:08
030300,저축은행,202607,0010467,융창저축은행,240000,정기예금,12,S,단리,3.59%,3.04%,"304,000",3.59%,영업점,1,제한없음,단리,,없음,- 만기 후 1개월 이하: 예금 계좌의 약정이율과 만기시점 해당상품 신규약정이율 중 낮은 이율 적용 - 만기 후 1개월 초과:0.2%,없음,,20260805,,202608050859,금융감독원 금융상품한눈에 Open API,2026-08-10T14:19:08
030300,저축은행,202607,0010467,융창저축은행,240000,정기예금,24,S,단리,3.88%,3.28%,"656,000",3.88%,영업점,1,제한없음,단리,,없음,- 만기 후 1개월 이하: 예금 계좌의 약정이율과 만기시점 해당상품 신규약정이율 중 낮은 이율 적용 - 만기 후 1개월 초과:0.2%,없음,,20260805,,202608050859,금융감독원 금융상품한눈에 Open API,2026-08-10T14:19:08
030300,저축은행,202607,0010467,융창저축은행,240000,정기예금,36,S,단리,2.20%,1.86%,"558,000",2.20%,영업점,1,제한없음,단리,,없음,- 만기 후 1개월 이하: 예금 계좌의 약정이율과 만기시점 해당상품 신규약정이율 중 낮은 이율 적용 - 만기 후 1개월 초과:0.2%,없음,,20260805,,202608050859,금융감독원 금융상품한눈에 Open API,2026-08-10T14:19:08
030300,저축은행,202607,0010467,융창저축은행,240000,정기예금,1,M,복리,2.10%,1.78%,"14,805",2.10%,영업점,1,제한없음,복리,,없음,- 만기 후 1개월 이하: 예금 계좌의 약정이율과 만기시점 해당상품 신규약정이율 중 낮은 이율 적용 - 만기 후 1개월 초과:0.2%,없음,,20260805,,202608050859,금융감독원 금융상품한눈에 Open API,2026-08-10T14:19:08
030300,저축은행,202607,0010467,융창저축은행,240000,정기예금,3,M,복리,2.60%,2.20%,"55,109",2.60%,영업점,1,제한없음,복리,,없음,- 만기 후 1개월 이하: 예금 계좌의 약정이율과 만기시점 해당상품 신규약정이율 중 낮은 이율 적용 - 만기 후 1개월 초과:0.2%,없음,,20260805,,202608050859,금융감독원 금융상품한눈에 Open API,2026-08-10T14:19:08
030300,저축은행,202607,0010467,융창저축은행,240000,정기예금,6,M,복리,3.20%,2.71%,"136,266",3.20%,영업점,1,제한없음,복리,,없음,- 만기 후 1개월 이하: 예금 계좌의 약정이율과 만기시점 해당상품 신규약정이율 중 낮은 이율 적용 - 만기 후 1개월 초과:0.2%,없음,,20260805,,202608050859,금융감독원 금융상품한눈에 Open API,2026-08-10T14:19:08
030300,저축은행,202607,0010467,융창저축은행,240000,정기예금,12,M,복리,3.59%,3.04%,"308,762",3.59%,영업점,1,제한없음,복리,,없음,- 만기 후 1개월 이하: 예금 계좌의 약정이율과 만기시점 해당상품 신규약정이율 중 낮은 이율 적용 - 만기 후 1개월 초과:0.2%,없음,,20260805,,202608050859,금융감독원 금융상품한눈에 Open API,2026-08-10T14:19:08
030300,저축은행,202607,0010467,융창저축은행,240000,정기예금,24,M,복리,3.88%,3.28%,"681,495",3.88%,영업점,1,제한없음,복리,,없음,- 만기 후 1개월 이하: 예금 계좌의 약정이율과 만기시점 해당상품 신규약정이율 중 낮은 이율 적용 - 만기 후 1개월 초과:0.2%,없음,,20260805,,202608050859,금융감독원 금융상품한눈에 Open API,2026-08-10T14:19:08
030300,저축은행,202607,0010467,융창저축은행,240000,정기예금,36,M,복리,2.20%,1.86%,"576,652",2.20%,영업점,1,제한없음,복리,,없음,- 만기 후 1개월 이하: 예금 계좌의 약정이율과 만기시점 해당상품 신규약정이율 중 낮은 이율 적용 - 만기 후 1개월 초과:0.2%,없음,,20260805,,202608050859,금융감독원 금융상품한눈에 Open API,2026-08-10T14:19:08
030300,저축은행,202607,0010467,융창저축은행,241000,e정기예금,1,S,단리,2.10%,1.78%,"15,000",2.10%,"인터넷,스마트폰",1,제한없음,단리,,없음,- 만기 후 1개월 이하: 예금 계좌의 약정이율과 만기시점 해당상품 신규약정이율 중 낮은 이율 적용 - 만기 후 1개월 초과:0.2%,없음,,20260805,,202608050859,금융감독원 금융상품한눈에 Open API,2026-08-10T14:19:08
030300,저축은행,202607,0010467,융창저축은행,241000,e정기예금,3,S,단리,2.60%,2.20%,"55,000",2.60%,"인터넷,스마트폰",1,제한없음,단리,,없음,- 만기 후 1개월 이하: 예금 계좌의 약정이율과 만기시점 해당상품 신규약정이율 중 낮은 이율 적용 - 만기 후 1개월 초과:0.2%,없음,,20260805,,202608050859,금융감독원 금융상품한눈에 Open API,2026-08-10T14:19:08
030300,저축은행,202607,0010467,융창저축은행,241000,e정기예금,6,S,단리,3.20%,2.71%,"135,000",3.20%,"인터넷,스마트폰",1,제한없음,단리,,없음,- 만기 후 1개월 이하: 예금 계좌의 약정이율과 만기시점 해당상품 신규약정이율 중 낮은 이율 적용 - 만기 후 1개월 초과:0.2%,없음,,20260805,,202608050859,금융감독원 금융상품한눈에 Open API,2026-08-10T14:19:08
030300,저축은행,202607,0010467,융창저축은행,241000,e정기예금,12,S,단리,3.59%,3.04%,"304,000",3.59%,"인터넷,스마트폰",1,제한없음,단리,,없음,- 만기 후 1개월 이하: 예금 계좌의 약정이율과 만기시점 해당상품 신규약정이율 중 낮은 이율 적용 - 만기 후 1개월 초과:0.2%,없음,,20260805,,202608050859,금융감독원 금융상품한눈에 Open API,2026-08-10T14:19:08
030300,저축은행,202607,0010467,융창저축은행,241000,e정기예금,24,S,단리,3.88%,3.28%,"656,000",3.88%,"인터넷,스마트폰",1,제한없음,단리,,없음,- 만기 후 1개월 이하: 예금 계좌의 약정이율과 만기시점 해당상품 신규약정이율 중 낮은 이율 적용 - 만기 후 1개월 초과:0.2%,없음,,20260805,,202608050859,금융감독원 금융상품한눈에 Open API,2026-08-10T14:19:08
030300,저축은행,202607,0010467,융창저축은행,241000,e정기예금,36,S,단리,2.20%,1.86%,"558,000",2.20%,"인터넷,스마트폰",1,제한없음,단리,,없음,- 만기 후 1개월 이하: 예금 계좌의 약정이율과 만기시점 해당상품 신규약정이율 중 낮은 이율 적용 - 만기 후 1개월 초과:0.2%,없음,,20260805,,202608050859,금융감독원 금융상품한눈에 Open API,2026-08-10T14:19:08
030300,저축은행,202607,0010467,융창저축은행,241000,e정기예금,1,M,복리,2.10%,1.78%,"14,805",2.10%,"인터넷,스마트폰",1,제한없음,복리,,없음,- 만기 후 1개월 이하: 예금 계좌의 약정이율과 만기시점 해당상품 신규약정이율 중 낮은 이율 적용 - 만기 후 1개월 초과:0.2%,없음,,20260805,,202608050859,금융감독원 금융상품한눈에 Open API,2026-08-10T14:19:08
030300,저축은행,202607,0010467,융창저축은행,241000,e정기예금,3,M,복리,2.60%,2.20%,"55,109",2.60%,"인터넷,스마트폰",1,제한없음,복리,,없음,- 만기 후 1개월 이하: 예금 계좌의 약정이율과 만기시점 해당상품 신규약정이율 중 낮은 이율 적용 - 만기 후 1개월 초과:0.2%,없음,,20260805,,202608050859,금융감독원 금융상품한눈에 Open API,2026-08-10T14:19:08
030300,저축은행,202607,0010467,융창저축은행,241000,e정기예금,6,M,복리,3.20%,2.71%,"136,266",3.20%,"인터넷,스마트폰",1,제한없음,복리,,없음,- 만기 후 1개월 이하: 예금 계좌의 약정이율과 만기시점 해당상품 신규약정이율 중 낮은 이율 적용 - 만기 후 1개월 초과:0.2%,없음,,20260805,,202608050859,금융감독원 금융상품한눈에 Open API,2026-08-10T14:19:08
030300,저축은행,202607,0010467,융창저축은행,241000,e정기예금,12,M,복리,3.59%,3.04%,"308,762",3.59%,"인터넷,스마트폰",1,제한없음,복리,,없음,- 만기 후 1개월 이하: 예금 계좌의 약정이율과 만기시점 해당상품 신규약정이율 중 낮은 이율 적용 - 만기 후 1개월 초과:0.2%,없음,,20260805,,202608050859,금융감독원 금융상품한눈에 Open API,2026-08-10T14:19:08
030300,저축은행,202607,0010467,융창저축은행,241000,e정기예금,24,M,복리,3.88%,3.28%,"681,495",3.88%,"인터넷,스마트폰",1,제한없음,복리,,없음,- 만기 후 1개월 이하: 예금 계좌의 약정이율과 만기시점 해당상품 신규약정이율 중 낮은 이율 적용 - 만기 후 1개월 초과:0.2%,없음,,20260805,,202608050859,금융감독원 금융상품한눈에 Open API,2026-08-10T14:19:08
030300,저축은행,202607,0010467,융창저축은행,241000,e정기예금,36,M,복리,2.20%,1.86%,"576,652",2.20%,"인터넷,스마트폰",1,제한없음,복리,,없음,- 만기 후 1개월 이하: 예금 계좌의 약정이율과 만기시점 해당상품 신규약정이율 중 낮은 이율 적용 - 만기 후 1개월 초과:0.2%,없음,,20260805,,202608050859,금융감독원 금융상품한눈에 Open API,2026-08-10T14:19:08
030300,저축은행,202607,0010467,융창저축은행,241100,SB톡톡 정기예금,1,S,단리,2.10%,1.78%,"15,000",2.10%,스마트폰,1,제한없음,단리,,없음,- 만기 후 1개월 이하: 예금 계좌의 약정이율과 만기시점 해당상품 신규약정이율 중 낮은 이율 적용 - 만기 후 1개월 초과:0.2%,없음,,20260805,,202608050859,금융감독원 금융상품한눈에 Open API,2026-08-10T14:19:08
030300,저축은행,202607,0010467,융창저축은행,241100,SB톡톡 정기예금,3,S,단리,2.60%,2.20%,"55,000",2.60%,스마트폰,1,제한없음,단리,,없음,- 만기 후 1개월 이하: 예금 계좌의 약정이율과 만기시점 해당상품 신규약정이율 중 낮은 이율 적용 - 만기 후 1개월 초과:0.2%,없음,,20260805,,202608050859,금융감독원 금융상품한눈에 Open API,2026-08-10T14:19:08
030300,저축은행,202607,0010467,융창저축은행,241100,SB톡톡 정기예금,6,S,단리,3.20%,2.71%,"135,000",3.20%,스마트폰,1,제한없음,단리,,없음,- 만기 후 1개월 이하: 예금 계좌의 약정이율과 만기시점 해당상품 신규약정이율 중 낮은 이율 적용 - 만기 후 1개월 초과:0.2%,없음,,20260805,,202608050859,금융감독원 금융상품한눈에 Open API,2026-08-10T14:19:08
030300,저축은행,202607,0010467,융창저축은행,241100,SB톡톡 정기예금,12,S,단리,3.59%,3.04%,"304,000",3.59%,스마트폰,1,제한없음,단리,,없음,- 만기 후 1개월 이하: 예금 계좌의 약정이율과 만기시점 해당상품 신규약정이율 중 낮은 이율 적용 - 만기 후 1개월 초과:0.2%,없음,,20260805,,202608050859,금융감독원 금융상품한눈에 Open API,2026-08-10T14:19:08
030300,저축은행,202607,0010467,융창저축은행,241100,SB톡톡 정기예금,24,S,단리,3.88%,3.28%,"656,000",3.88%,스마트폰,1,제한없음,단리,,없음,- 만기 후 1개월 이하: 예금 계좌의 약정이율과 만기시점 해당상품 신규약정이율 중 낮은 이율 적용 - 만기 후 1개월 초과:0.2%,없음,,20260805,,202608050859,금융감독원 금융상품한눈에 Open API,2026-08-10T14:19:08
030300,저축은행,202607,0010467,융창저축은행,241100,SB톡톡 정기예금,36,S,단리,2.20%,1.86%,"558,000",2.20%,스마트폰,1,제한없음,단리,,없음,- 만기 후 1개월 이하: 예금 계좌의 약정이율과 만기시점 해당상품 신규약정이율 중 낮은 이율 적용 - 만기 후 1개월 초과:0.2%,없음,,20260805,,202608050859,금융감독원 금융상품한눈에 Open API,2026-08-10T14:19:08
030300,저축은행,202607,0010467,융창저축은행,241100,SB톡톡 정기예금,1,M,복리,2.10%,1.78%,"14,805",2.10%,스마트폰,1,제한없음,복리,,없음,- 만기 후 1개월 이하: 예금 계좌의 약정이율과 만기시점 해당상품 신규약정이율 중 낮은 이율 적용 - 만기 후 1개월 초과:0.2%,없음,,20260805,,202608050859,금융감독원 금융상품한눈에 Open API,2026-08-10T14:19:08
030300,저축은행,202607,0010467,융창저축은행,241100,SB톡톡 정기예금,3,M,복리,2.60%,2.20%,"55,109",2.60%,스마트폰,1,제한없음,복리,,없음,- 만기 후 1개월 이하: 예금 계좌의 약정이율과 만기시점 해당상품 신규약정이율 중 낮은 이율 적용 - 만기 후 1개월 초과:0.2%,없음,,20260805,,202608050859,금융감독원 금융상품한눈에 Open API,2026-08-10T14:19:08
030300,저축은행,202607,0010467,융창저축은행,241100,SB톡톡 정기예금,6,M,복리,3.20%,2.71%,"136,266",3.20%,스마트폰,1,제한없음,복리,,없음,- 만기 후 1개월 이하: 예금 계좌의 약정이율과 만기시점 해당상품 신규약정이율 중 낮은 이율 적용 - 만기 후 1개월 초과:0.2%,없음,,20260805,,202608050859,금융감독원 금융상품한눈에 Open API,2026-08-10T14:19:08
030300,저축은행,202607,0010467,융창저축은행,241100,SB톡톡 정기예금,12,M,복리,3.59%,3.04%,"308,762",3.59%,스마트폰,1,제한없음,복리,,없음,- 만기 후 1개월 이하: 예금 계좌의 약정이율과 만기시점 해당상품 신규약정이율 중 낮은 이율 적용 - 만기 후 1개월 초과:0.2%,없음,,20260805,,202608050859,금융감독원 금융상품한눈에 Open API,2026-08-10T14:19:08
030300,저축은행,202607,0010467,융창저축은행,241100,SB톡톡 정기예금,24,M,복리,3.88%,3.28%,"681,495",3.88%,스마트폰,1,제한없음,복리,,없음,- 만기 후 1개월 이하: 예금 계좌의 약정이율과 만기시점 해당상품 신규약정이율 중 낮은 이율 적용 - 만기 후 1개월 초과:0.2%,없음,,20260805,,202608050859,금융감독원 금융상품한눈에 Open API,2026-08-10T14:19:08
030300,저축은행,202607,0010467,융창저축은행,241100,SB톡톡 정기예금,36,M,복리,2.20%,1.86%,"576,652",2.20%,스마트폰,1,제한없음,복리,,없음,- 만기 후 1개월 이하: 예금 계좌의 약정이율과 만기시점 해당상품 신규약정이율 중 낮은 이율 적용 - 만기 후 1개월 초과:0.2%,없음,,20260805,,202608050859,금융감독원 금융상품한눈에 Open API,2026-08-10T14:19:08
030300,저축은행,202607,0010467,융창저축은행,242000,회전식 정기예금 (변동금리),12,S,단리,3.69%,3.12%,"312,000",3.69%,영업점,1,제한없음,단리,,없음,- 만기 후 1개월 이하: 예금 계좌의 약정이율과 만기시점 해당상품 신규약정이율 중 낮은 이율 적용 - 만기 후 1개월 초과:0.2%,"*변동금리상품-가입기간은 36개월이며, 가입 후 매1년 회전주기 단위로 변동금리 적용",,20260805,,202608050859,금융감독원 금융상품한눈에 Open API,2026-08-10T14:19:08
030300,저축은행,202607,0010467,융창저축은행,242000,회전식 정기예금 (변동금리),12,M,복리,3.69%,3.12%,"317,508",3.69%,영업점,1,제한없음,복리,,없음,- 만기 후 1개월 이하: 예금 계좌의 약정이율과 만기시점 해당상품 신규약정이율 중 낮은 이율 적용 - 만기 후 1개월 초과:0.2%,"*변동금리상품-가입기간은 36개월이며, 가입 후 매1년 회전주기 단위로 변동금리 적용",,20260805,,202608050859,금융감독원 금융상품한눈에 Open API,2026-08-10T14:19:08
030300,저축은행,202607,0010467,융창저축은행,243000,e회전식 정기예금 (변동금리),12,S,단리,3.69%,3.12%,"312,000",3.69%,"인터넷,스마트폰",1,제한없음,단리,,없음,- 만기 후 1개월 이하: 예금 계좌의 약정이율과 만기시점 해당상품 신규약정이율 중 낮은 이율 적용 - 만기 후 1개월 초과:0.2%,"*변동금리상품-가입기간은 36개월이며, 가입 후 매1년 회전주기 단위로 변동금리 적용",,20260805,,202608050859,금융감독원 금융상품한눈에 Open API,2026-08-10T14:19:08
030300,저축은행,202607,0010467,융창저축은행,243000,e회전식 정기예금 (변동금리),12,M,복리,3.69%,3.12%,"317,508",3.69%,"인터넷,스마트폰",1,제한없음,복리,,없음,- 만기 후 1개월 이하: 예금 계좌의 약정이율과 만기시점 해당상품 신규약정이율 중 낮은 이율 적용 - 만기 후 1개월 초과:0.2%,"*변동금리상품-가입기간은 36개월이며, 가입 후 매1년 회전주기 단위로 변동금리 적용",,20260805,,202608050859,금융감독원 금융상품한눈에 Open API,2026-08-10T14:19:08
030300,저축은행,202607,0010467,융창저축은행,243100,SB톡톡 회전식 정기예금 (변동금리),12,S,단리,3.69%,3.12%,"312,000",3.69%,스마트폰,1,제한없음,단리,,없음,- 만기 후 1개월 이하: 예금 계좌의 약정이율과 만기시점 해당상품 신규약정이율 중 낮은 이율 적용 - 만기 후 1개월 초과:0.2%,"*변동금리상품-가입기간은 36개월이며, 가입 후 매1년 회전주기 단위로 변동금리 적용",,20260805,,202608050859,금융감독원 금융상품한눈에 Open API,2026-08-10T14:19:08
030300,저축은행,202607,0010467,융창저축은행,243100,SB톡톡 회전식 정기예금 (변동금리),12,M,복리,3.69%,3.12%,"317,508",3.69%,스마트폰,1,제한없음,복리,,없음,- 만기 후 1개월 이하: 예금 계좌의 약정이율과 만기시점 해당상품 신규약정이율 중 낮은 이율 적용 - 만기 후 1개월 초과:0.2%,"*변동금리상품-가입기간은 36개월이며, 가입 후 매1년 회전주기 단위로 변동금리 적용",,20260805,,202608050859,금융감독원 금융상품한눈에 Open API,2026-08-10T14:19:08
030300,저축은행,202607,0010468,세람저축은행,240002,정기예금,1,S,단리,1.50%,1.27%,"11,000",1.50%,영업점,1,제한없음,단리,,없음,1개월내 : 약정금리와 해당 계약기간의 현행금리 중 낮은 금리 1개월 초과: 보통예금 금리,없음,,20260724,,202607240900,금융감독원 금융상품한눈에 Open API,2026-08-10T14:19:08
030300,저축은행,202607,0010468,세람저축은행,240002,정기예금,3,S,단리,2.00%,1.69%,"42,000",2.00%,영업점,1,제한없음,단리,,없음,1개월내 : 약정금리와 해당 계약기간의 현행금리 중 낮은 금리 1개월 초과: 보통예금 금리,없음,,20260724,,202607240900,금융감독원 금융상품한눈에 Open API,2026-08-10T14:19:08
030300,저축은행,202607,0010468,세람저축은행,240002,정기예금,6,S,단리,2.50%,2.11%,"106,000",2.50%,영업점,1,제한없음,단리,,없음,1개월내 : 약정금리와 해당 계약기간의 현행금리 중 낮은 금리 1개월 초과: 보통예금 금리,없음,,20260724,,202607240900,금융감독원 금융상품한눈에 Open API,2026-08-10T14:19:08
030300,저축은행,202607,0010468,세람저축은행,240002,정기예금,12,S,단리,3.90%,3.30%,"330,000",3.90%,영업점,1,제한없음,단리,,없음,1개월내 : 약정금리와 해당 계약기간의 현행금리 중 낮은 금리 1개월 초과: 보통예금 금리,없음,,20260724,,202607240900,금융감독원 금융상품한눈에 Open API,2026-08-10T14:19:08
030300,저축은행,202607,0010468,세람저축은행,240002,정기예금,24,S,단리,2.40%,2.03%,"406,000",2.40%,영업점,1,제한없음,단리,,없음,1개월내 : 약정금리와 해당 계약기간의 현행금리 중 낮은 금리 1개월 초과: 보통예금 금리,없음,,20260724,,202607240900,금융감독원 금융상품한눈에 Open API,2026-08-10T14:19:08
030300,저축은행,202607,0010468,세람저축은행,240002,정기예금,36,S,단리,2.40%,2.03%,"609,000",2.40%,영업점,1,제한없음,단리,,없음,1개월내 : 약정금리와 해당 계약기간의 현행금리 중 낮은 금리 1개월 초과: 보통예금 금리,없음,,20260724,,202607240900,금융감독원 금융상품한눈에 Open API,2026-08-10T14:19:08
030300,저축은행,202607,0010468,세람저축은행,240002,정기예금,1,M,복리,1.50%,1.27%,"10,575",1.50%,영업점,1,제한없음,복리,,없음,1개월내 : 약정금리와 해당 계약기간의 현행금리 중 낮은 금리 1개월 초과: 보통예금 금리,없음,,20260724,,202607240900,금융감독원 금융상품한눈에 Open API,2026-08-10T14:19:08
030300,저축은행,202607,0010468,세람저축은행,240002,정기예금,3,M,복리,2.00%,1.69%,"42,371",2.00%,영업점,1,제한없음,복리,,없음,1개월내 : 약정금리와 해당 계약기간의 현행금리 중 낮은 금리 1개월 초과: 보통예금 금리,없음,,20260724,,202607240900,금융감독원 금융상품한눈에 Open API,2026-08-10T14:19:08
030300,저축은행,202607,0010468,세람저축은행,240002,정기예금,6,M,복리,2.50%,2.11%,"106,302",2.50%,영업점,1,제한없음,복리,,없음,1개월내 : 약정금리와 해당 계약기간의 현행금리 중 낮은 금리 1개월 초과: 보통예금 금리,없음,,20260724,,202607240900,금융감독원 금융상품한눈에 Open API,2026-08-10T14:19:08
030300,저축은행,202607,0010468,세람저축은행,240002,정기예금,12,M,복리,3.90%,3.30%,"335,902",3.90%,영업점,1,제한없음,복리,,없음,1개월내 : 약정금리와 해당 계약기간의 현행금리 중 낮은 금리 1개월 초과: 보통예금 금리,없음,,20260724,,202607240900,금융감독원 금융상품한눈에 Open API,2026-08-10T14:19:08
030300,저축은행,202607,0010468,세람저축은행,240002,정기예금,24,M,복리,2.40%,2.03%,"415,558",2.40%,영업점,1,제한없음,복리,,없음,1개월내 : 약정금리와 해당 계약기간의 현행금리 중 낮은 금리 1개월 초과: 보통예금 금리,없음,,20260724,,202607240900,금융감독원 금융상품한눈에 Open API,2026-08-10T14:19:08
030300,저축은행,202607,0010468,세람저축은행,240002,정기예금,36,M,복리,2.40%,2.03%,"630,931",2.40%,영업점,1,제한없음,복리,,없음,1개월내 : 약정금리와 해당 계약기간의 현행금리 중 낮은 금리 1개월 초과: 보통예금 금리,없음,,20260724,,202607240900,금융감독원 금융상품한눈에 Open API,2026-08-10T14:19:08
030300,저축은행,202607,0010468,세람저축은행,240025,정기예금(비대면),1,S,단리,1.50%,1.27%,"11,000",1.50%,"인터넷,스마트폰",1,제한없음,단리,,없음,1개월내 : 약정금리와 해당 계약기간의 현행금리 중 낮은 금리 1개월 초과: 보통예금 금리,없음,,20260724,,202607240900,금융감독원 금융상품한눈에 Open API,2026-08-10T14:19:08
030300,저축은행,202607,0010468,세람저축은행,240025,정기예금(비대면),3,S,단리,2.00%,1.69%,"42,000",2.00%,"인터넷,스마트폰",1,제한없음,단리,,없음,1개월내 : 약정금리와 해당 계약기간의 현행금리 중 낮은 금리 1개월 초과: 보통예금 금리,없음,,20260724,,202607240900,금융감독원 금융상품한눈에 Open API,2026-08-10T14:19:08
030300,저축은행,202607,0010468,세람저축은행,240025,정기예금(비대면),6,S,단리,2.50%,2.11%,"106,000",2.50%,"인터넷,스마트폰",1,제한없음,단리,,없음,1개월내 : 약정금리와 해당 계약기간의 현행금리 중 낮은 금리 1개월 초과: 보통예금 금리,없음,,20260724,,202607240900,금융감독원 금융상품한눈에 Open API,2026-08-10T14:19:08
030300,저축은행,202607,0010468,세람저축은행,240025,정기예금(비대면),12,S,단리,3.80%,3.21%,"321,000",3.80%,"인터넷,스마트폰",1,제한없음,단리,,없음,1개월내 : 약정금리와 해당 계약기간의 현행금리 중 낮은 금리 1개월 초과: 보통예금 금리,없음,,20260724,,202607240900,금융감독원 금융상품한눈에 Open API,2026-08-10T14:19:08
030300,저축은행,202607,0010468,세람저축은행,240025,정기예금(비대면),24,S,단리,2.40%,2.03%,"406,000",2.40%,"인터넷,스마트폰",1,제한없음,단리,,없음,1개월내 : 약정금리와 해당 계약기간의 현행금리 중 낮은 금리 1개월 초과: 보통예금 금리,없음,,20260724,,202607240900,금융감독원 금융상품한눈에 Open API,2026-08-10T14:19:08
030300,저축은행,202607,0010468,세람저축은행,240025,정기예금(비대면),36,S,단리,2.40%,2.03%,"609,000",2.40%,"인터넷,스마트폰",1,제한없음,단리,,없음,1개월내 : 약정금리와 해당 계약기간의 현행금리 중 낮은 금리 1개월 초과: 보통예금 금리,없음,,20260724,,202607240900,금융감독원 금융상품한눈에 Open API,2026-08-10T14:19:08
030300,저축은행,202607,0010468,세람저축은행,240025,정기예금(비대면),1,M,복리,1.50%,1.27%,"10,575",1.50%,"인터넷,스마트폰",1,제한없음,복리,,없음,1개월내 : 약정금리와 해당 계약기간의 현행금리 중 낮은 금리 1개월 초과: 보통예금 금리,없음,,20260724,,202607240900,금융감독원 금융상품한눈에 Open API,2026-08-10T14:19:08
030300,저축은행,202607,0010468,세람저축은행,240025,정기예금(비대면),3,M,복리,2.00%,1.69%,"42,371",2.00%,"인터넷,스마트폰",1,제한없음,복리,,없음,1개월내 : 약정금리와 해당 계약기간의 현행금리 중 낮은 금리 1개월 초과: 보통예금 금리,없음,,20260724,,202607240900,금융감독원 금융상품한눈에 Open API,2026-08-10T14:19:08
030300,저축은행,202607,0010468,세람저축은행,240025,정기예금(비대면),6,M,복리,2.50%,2.11%,"106,302",2.50%,"인터넷,스마트폰",1,제한없음,복리,,없음,1개월내 : 약정금리와 해당 계약기간의 현행금리 중 낮은 금리 1개월 초과: 보통예금 금리,없음,,20260724,,202607240900,금융감독원 금융상품한눈에 Open API,2026-08-10T14:19:08
030300,저축은행,202607,0010468,세람저축은행,240025,정기예금(비대면),12,M,복리,3.80%,3.21%,"327,139",3.80%,"인터넷,스마트폰",1,제한없음,복리,,없음,1개월내 : 약정금리와 해당 계약기간의 현행금리 중 낮은 금리 1개월 초과: 보통예금 금리,없음,,20260724,,202607240900,금융감독원 금융상품한눈에 Open API,2026-08-10T14:19:08
030300,저축은행,202607,0010468,세람저축은행,240025,정기예금(비대면),24,M,복리,2.40%,2.03%,"415,558",2.40%,"인터넷,스마트폰",1,제한없음,복리,,없음,1개월내 : 약정금리와 해당 계약기간의 현행금리 중 낮은 금리 1개월 초과: 보통예금 금리,없음,,20260724,,202607240900,금융감독원 금융상품한눈에 Open API,2026-08-10T14:19:08
030300,저축은행,202607,0010468,세람저축은행,240025,정기예금(비대면),36,M,복리,2.40%,2.03%,"630,931",2.40%,"인터넷,스마트폰",1,제한없음,복리,,없음,1개월내 : 약정금리와 해당 계약기간의 현행금리 중 낮은 금리 1개월 초과: 보통예금 금리,없음,,20260724,,202607240900,금융감독원 금융상품한눈에 Open API,2026-08-10T14:19:08
030300,저축은행,202607,0010468,세람저축은행,240027,회전식 정기예금(변동금리),12,S,단리,4.00%,3.38%,"338,000",4.00%,영업점,1,제한없음,단리,,없음,1개월내 : 약정금리와 해당 계약기간의 현행금리 중 낮은 금리 1개월 초과: 보통예금 금리,1. 계약기간 60개월(회전주기 12개월) 2. 변동금리 정기예금 3. 약정한 회전주기(12개월)로 계약기간 이내에서 이자율이 변동되는 상품,,20260724,,202607240900,금융감독원 금융상품한눈에 Open API,2026-08-10T14:19:08
030300,저축은행,202607,0010468,세람저축은행,240027,회전식 정기예금(변동금리),12,M,복리,4.00%,3.38%,"344,673",4.00%,영업점,1,제한없음,복리,,없음,1개월내 : 약정금리와 해당 계약기간의 현행금리 중 낮은 금리 1개월 초과: 보통예금 금리,1. 계약기간 60개월(회전주기 12개월) 2. 변동금리 정기예금 3. 약정한 회전주기(12개월)로 계약기간 이내에서 이자율이 변동되는 상품,,20260724,,202607240900,금융감독원 금융상품한눈에 Open API,2026-08-10T14:19:08
030300,저축은행,202607,0010468,세람저축은행,240031,"회전식 정기예금(비대면, 변동금리)",12,S,단리,3.90%,3.30%,"330,000",3.90%,"인터넷,스마트폰",1,제한없음,단리,,없음,1개월내 : 약정금리와 해당 계약기간의 현행금리 중 낮은 금리 1개월 초과: 보통예금 금리,1. 계약기간 60개월(회전주기 12개월) 2. 변동금리 정기예금 3. 약정한 회전주기(12개월)로 계약기간 이내에서 이자율이 변동되는 상품,,20260724,,202607240900,금융감독원 금융상품한눈에 Open API,2026-08-10T14:19:08
030300,저축은행,202607,0010468,세람저축은행,240031,"회전식 정기예금(비대면, 변동금리)",12,M,복리,3.90%,3.30%,"335,902",3.90%,"인터넷,스마트폰",1,제한없음,복리,,없음,1개월내 : 약정금리와 해당 계약기간의 현행금리 중 낮은 금리 1개월 초과: 보통예금 금리,1. 계약기간 60개월(회전주기 12개월) 2. 변동금리 정기예금 3. 약정한 회전주기(12개월)로 계약기간 이내에서 이자율이 변동되는 상품,,20260724,,202607240900,금융감독원 금융상품한눈에 Open API,2026-08-10T14:19:08
030300,저축은행,202607,0010468,세람저축은행,240050,자동연장 정기예금,12,S,단리,4.00%,3.38%,"338,000",4.00%,영업점,1,제한없음,단리,,없음,1개월내 : 약정금리와 해당 계약기간의 현행금리 중 낮은 금리 1개월 초과: 0.10% (보통예금 이율),없음,,20260724,,202607240900,금융감독원 금융상품한눈에 Open API,2026-08-10T14:19:08
030300,저축은행,202607,0010468,세람저축은행,240050,자동연장 정기예금,24,S,단리,2.50%,2.11%,"423,000",2.50%,영업점,1,제한없음,단리,,없음,1개월내 : 약정금리와 해당 계약기간의 현행금리 중 낮은 금리 1개월 초과: 0.10% (보통예금 이율),없음,,20260724,,202607240900,금융감독원 금융상품한눈에 Open API,2026-08-10T14:19:08
030300,저축은행,202607,0010468,세람저축은행,240050,자동연장 정기예금,36,S,단리,2.50%,2.11%,"634,000",2.50%,영업점,1,제한없음,단리,,없음,1개월내 : 약정금리와 해당 계약기간의 현행금리 중 낮은 금리 1개월 초과: 0.10% (보통예금 이율),없음,,20260724,,202607240900,금융감독원 금융상품한눈에 Open API,2026-08-10T14:19:08
030300,저축은행,202607,0010468,세람저축은행,240050,자동연장 정기예금,12,M,복리,4.00%,3.38%,"344,673",4.00%,영업점,1,제한없음,복리,,없음,1개월내 : 약정금리와 해당 계약기간의 현행금리 중 낮은 금리 1개월 초과: 0.10% (보통예금 이율),없음,,20260724,,202607240900,금융감독원 금융상품한눈에 Open API,2026-08-10T14:19:08
030300,저축은행,202607,0010468,세람저축은행,240050,자동연장 정기예금,24,M,복리,2.50%,2.11%,"433,291",2.50%,영업점,1,제한없음,복리,,없음,1개월내 : 약정금리와 해당 계약기간의 현행금리 중 낮은 금리 1개월 초과: 0.10% (보통예금 이율),없음,,20260724,,202607240900,금융감독원 금융상품한눈에 Open API,2026-08-10T14:19:08
030300,저축은행,202607,0010468,세람저축은행,240050,자동연장 정기예금,36,M,복리,2.50%,2.11%,"658,189",2.50%,영업점,1,제한없음,복리,,없음,1개월내 : 약정금리와 해당 계약기간의 현행금리 중 낮은 금리 1개월 초과: 0.10% (보통예금 이율),없음,,20260724,,202607240900,금융감독원 금융상품한눈에 Open API,2026-08-10T14:19:08
030300,저축은행,202607,0010468,세람저축은행,240901,e-정기예금,1,S,단리,1.50%,1.27%,"11,000",1.50%,"인터넷,스마트폰",1,제한없음,단리,,없음,1개월내 : 약정금리와 해당 계약기간의 현행금리 중 낮은 금리 1개월 초과: 보통예금 금리,없음,,20260724,,202607240900,금융감독원 금융상품한눈에 Open API,2026-08-10T14:19:08
030300,저축은행,202607,0010468,세람저축은행,240901,e-정기예금,3,S,단리,2.00%,1.69%,"42,000",2.00%,"인터넷,스마트폰",1,제한없음,단리,,없음,1개월내 : 약정금리와 해당 계약기간의 현행금리 중 낮은 금리 1개월 초과: 보통예금 금리,없음,,20260724,,202607240900,금융감독원 금융상품한눈에 Open API,2026-08-10T14:19:08
030300,저축은행,202607,0010468,세람저축은행,240901,e-정기예금,6,S,단리,2.50%,2.11%,"106,000",2.50%,"인터넷,스마트폰",1,제한없음,단리,,없음,1개월내 : 약정금리와 해당 계약기간의 현행금리 중 낮은 금리 1개월 초과: 보통예금 금리,없음,,20260724,,202607240900,금융감독원 금융상품한눈에 Open API,2026-08-10T14:19:08
030300,저축은행,202607,0010468,세람저축은행,240901,e-정기예금,12,S,단리,3.80%,3.21%,"321,000",3.80%,"인터넷,스마트폰",1,제한없음,단리,,없음,1개월내 : 약정금리와 해당 계약기간의 현행금리 중 낮은 금리 1개월 초과: 보통예금 금리,없음,,20260724,,202607240900,금융감독원 금융상품한눈에 Open API,2026-08-10T14:19:08
030300,저축은행,202607,0010468,세람저축은행,240901,e-정기예금,24,S,단리,2.40%,2.03%,"406,000",2.40%,"인터넷,스마트폰",1,제한없음,단리,,없음,1개월내 : 약정금리와 해당 계약기간의 현행금리 중 낮은 금리 1개월 초과: 보통예금 금리,없음,,20260724,,202607240900,금융감독원 금융상품한눈에 Open API,2026-08-10T14:19:08
030300,저축은행,202607,0010468,세람저축은행,240901,e-정기예금,36,S,단리,2.40%,2.03%,"609,000",2.40%,"인터넷,스마트폰",1,제한없음,단리,,없음,1개월내 : 약정금리와 해당 계약기간의 현행금리 중 낮은 금리 1개월 초과: 보통예금 금리,없음,,20260724,,202607240900,금융감독원 금융상품한눈에 Open API,2026-08-10T14:19:08
030300,저축은행,202607,0010468,세람저축은행,240901,e-정기예금,1,M,복리,1.50%,1.27%,"10,575",1.50%,"인터넷,스마트폰",1,제한없음,복리,,없음,1개월내 : 약정금리와 해당 계약기간의 현행금리 중 낮은 금리 1개월 초과: 보통예금 금리,없음,,20260724,,202607240900,금융감독원 금융상품한눈에 Open API,2026-08-10T14:19:08
030300,저축은행,202607,0010468,세람저축은행,240901,e-정기예금,3,M,복리,2.00%,1.69%,"42,371",2.00%,"인터넷,스마트폰",1,제한없음,복리,,없음,1개월내 : 약정금리와 해당 계약기간의 현행금리 중 낮은 금리 1개월 초과: 보통예금 금리,없음,,20260724,,202607240900,금융감독원 금융상품한눈에 Open API,2026-08-10T14:19:08
030300,저축은행,202607,0010468,세람저축은행,240901,e-정기예금,6,M,복리,2.50%,2.11%,"106,302",2.50%,"인터넷,스마트폰",1,제한없음,복리,,없음,1개월내 : 약정금리와 해당 계약기간의 현행금리 중 낮은 금리 1개월 초과: 보통예금 금리,없음,,20260724,,202607240900,금융감독원 금융상품한눈에 Open API,2026-08-10T14:19:08
030300,저축은행,202607,0010468,세람저축은행,240901,e-정기예금,12,M,복리,3.80%,3.21%,"327,139",3.80%,"인터넷,스마트폰",1,제한없음,복리,,없음,1개월내 : 약정금리와 해당 계약기간의 현행금리 중 낮은 금리 1개월 초과: 보통예금 금리,없음,,20260724,,202607240900,금융감독원 금융상품한눈에 Open API,2026-08-10T14:19:08
030300,저축은행,202607,0010468,세람저축은행,240901,e-정기예금,24,M,복리,2.40%,2.03%,"415,558",2.40%,"인터넷,스마트폰",1,제한없음,복리,,없음,1개월내 : 약정금리와 해당 계약기간의 현행금리 중 낮은 금리 1개월 초과: 보통예금 금리,없음,,20260724,,202607240900,금융감독원 금융상품한눈에 Open API,2026-08-10T14:19:08
030300,저축은행,202607,0010468,세람저축은행,240901,e-정기예금,36,M,복리,2.40%,2.03%,"630,931",2.40%,"인터넷,스마트폰",1,제한없음,복리,,없음,1개월내 : 약정금리와 해당 계약기간의 현행금리 중 낮은 금리 1개월 초과: 보통예금 금리,없음,,20260724,,202607240900,금융감독원 금융상품한눈에 Open API,2026-08-10T14:19:08
030300,저축은행,202607,0010471,페퍼저축은행,24-0001,정기예금 (대면),1,S,단리,2.00%,1.69%,"14,000",2.00%,영업점,1,제한없음,단리,,해당사항 없음,* 만기 후 1개월 이내 기간 : 당초 약정금리 또는 만기시 동일상품 동일계약기간의 신규 약정금리 중 낮은이율 * 만기 후 1개월 초과 이후 기간 : 보통예금 이율(연 0.50%) 적용,최소가입금액: 10만원 이상,,20260806,,202608060850,금융감독원 금융상품한눈에 Open API,2026-08-10T14:19:08
030300,저축은행,202607,0010471,페퍼저축은행,24-0001,정기예금 (대면),3,S,단리,2.30%,1.95%,"49,000",2.30%,영업점,1,제한없음,단리,,해당사항 없음,* 만기 후 1개월 이내 기간 : 당초 약정금리 또는 만기시 동일상품 동일계약기간의 신규 약정금리 중 낮은이율 * 만기 후 1개월 초과 이후 기간 : 보통예금 이율(연 0.50%) 적용,최소가입금액: 10만원 이상,,20260806,,202608060850,금융감독원 금융상품한눈에 Open API,2026-08-10T14:19:08
030300,저축은행,202607,0010471,페퍼저축은행,24-0001,정기예금 (대면),6,S,단리,2.60%,2.20%,"110,000",2.60%,영업점,1,제한없음,단리,,해당사항 없음,* 만기 후 1개월 이내 기간 : 당초 약정금리 또는 만기시 동일상품 동일계약기간의 신규 약정금리 중 낮은이율 * 만기 후 1개월 초과 이후 기간 : 보통예금 이율(연 0.50%) 적용,최소가입금액: 10만원 이상,,20260806,,202608060850,금융감독원 금융상품한눈에 Open API,2026-08-10T14:19:08
030300,저축은행,202607,0010471,페퍼저축은행,24-0001,정기예금 (대면),12,S,단리,3.85%,3.26%,"326,000",3.85%,영업점,1,제한없음,단리,,해당사항 없음,* 만기 후 1개월 이내 기간 : 당초 약정금리 또는 만기시 동일상품 동일계약기간의 신규 약정금리 중 낮은이율 * 만기 후 1개월 초과 이후 기간 : 보통예금 이율(연 0.50%) 적용,최소가입금액: 10만원 이상,,20260806,,202608060850,금융감독원 금융상품한눈에 Open API,2026-08-10T14:19:08
030300,저축은행,202607,0010471,페퍼저축은행,24-0001,정기예금 (대면),24,S,단리,2.50%,2.11%,"423,000",2.50%,영업점,1,제한없음,단리,,해당사항 없음,* 만기 후 1개월 이내 기간 : 당초 약정금리 또는 만기시 동일상품 동일계약기간의 신규 약정금리 중 낮은이율 * 만기 후 1개월 초과 이후 기간 : 보통예금 이율(연 0.50%) 적용,최소가입금액: 10만원 이상,,20260806,,202608060850,금융감독원 금융상품한눈에 Open API,2026-08-10T14:19:08
030300,저축은행,202607,0010471,페퍼저축은행,24-0001,정기예금 (대면),36,S,단리,2.50%,2.11%,"634,000",2.50%,영업점,1,제한없음,단리,,해당사항 없음,* 만기 후 1개월 이내 기간 : 당초 약정금리 또는 만기시 동일상품 동일계약기간의 신규 약정금리 중 낮은이율 * 만기 후 1개월 초과 이후 기간 : 보통예금 이율(연 0.50%) 적용,최소가입금액: 10만원 이상,,20260806,,202608060850,금융감독원 금융상품한눈에 Open API,2026-08-10T14:19:08
030300,저축은행,202607,0010471,페퍼저축은행,24-0001,정기예금 (대면),1,M,복리,2.00%,1.69%,"14,100",2.00%,영업점,1,제한없음,복리,,해당사항 없음,* 만기 후 1개월 이내 기간 : 당초 약정금리 또는 만기시 동일상품 동일계약기간의 신규 약정금리 중 낮은이율 * 만기 후 1개월 초과 이후 기간 : 보통예금 이율(연 0.50%) 적용,최소가입금액: 10만원 이상,,20260806,,202608060850,금융감독원 금융상품한눈에 Open API,2026-08-10T14:19:08
030300,저축은행,202607,0010471,페퍼저축은행,24-0001,정기예금 (대면),3,M,복리,2.30%,1.95%,"48,738",2.30%,영업점,1,제한없음,복리,,해당사항 없음,* 만기 후 1개월 이내 기간 : 당초 약정금리 또는 만기시 동일상품 동일계약기간의 신규 약정금리 중 낮은이율 * 만기 후 1개월 초과 이후 기간 : 보통예금 이율(연 0.50%) 적용,최소가입금액: 10만원 이상,,20260806,,202608060850,금융감독원 금융상품한눈에 Open API,2026-08-10T14:19:08
030300,저축은행,202607,0010471,페퍼저축은행,24-0001,정기예금 (대면),6,M,복리,2.60%,2.20%,"110,577",2.60%,영업점,1,제한없음,복리,,해당사항 없음,* 만기 후 1개월 이내 기간 : 당초 약정금리 또는 만기시 동일상품 동일계약기간의 신규 약정금리 중 낮은이율 * 만기 후 1개월 초과 이후 기간 : 보통예금 이율(연 0.50%) 적용,최소가입금액: 10만원 이상,,20260806,,202608060850,금융감독원 금융상품한눈에 Open API,2026-08-10T14:19:08
030300,저축은행,202607,0010471,페퍼저축은행,24-0001,정기예금 (대면),12,M,복리,3.85%,3.26%,"331,519",3.85%,영업점,1,제한없음,복리,,해당사항 없음,* 만기 후 1개월 이내 기간 : 당초 약정금리 또는 만기시 동일상품 동일계약기간의 신규 약정금리 중 낮은이율 * 만기 후 1개월 초과 이후 기간 : 보통예금 이율(연 0.50%) 적용,최소가입금액: 10만원 이상,,20260806,,202608060850,금융감독원 금융상품한눈에 Open API,2026-08-10T14:19:08
030300,저축은행,202607,0010471,페퍼저축은행,24-0001,정기예금 (대면),24,M,복리,2.50%,2.11%,"433,291",2.50%,영업점,1,제한없음,복리,,해당사항 없음,* 만기 후 1개월 이내 기간 : 당초 약정금리 또는 만기시 동일상품 동일계약기간의 신규 약정금리 중 낮은이율 * 만기 후 1개월 초과 이후 기간 : 보통예금 이율(연 0.50%) 적용,최소가입금액: 10만원 이상,,20260806,,202608060850,금융감독원 금융상품한눈에 Open API,2026-08-10T14:19:08
030300,저축은행,202607,0010471,페퍼저축은행,24-0001,정기예금 (대면),36,M,복리,2.50%,2.11%,"658,189",2.50%,영업점,1,제한없음,복리,,해당사항 없음,* 만기 후 1개월 이내 기간 : 당초 약정금리 또는 만기시 동일상품 동일계약기간의 신규 약정금리 중 낮은이율 * 만기 후 1개월 초과 이후 기간 : 보통예금 이율(연 0.50%) 적용,최소가입금액: 10만원 이상,,20260806,,202608060850,금융감독원 금융상품한눈에 Open API,2026-08-10T14:19:08
030300,저축은행,202607,0010471,페퍼저축은행,24-0055,"회전정기예금 (대면, 전지점)",12,S,단리,3.95%,3.34%,"334,000",3.95%,영업점,1,제한없음,단리,,*회전정기예금(회전주기 12개월) 기본금리: 매 1년마다 해당시점 정기예금 1년 금리 +0.1%로 자동연장되는 변동금리 상품(1년 단위 확정금리). 매 1년 경과 후 중도해지시 회전일로부터 1년 경과 시점까지는 정상이율 적용. 12개월 정기예금(대면) 기본금리(연 3.85%)+ 기본 우대금리(연 0.10%),* 만기 후 1개월 이내 기간 : 최종 회전이율과 만기 시점 동일 상품 동일 계약기간의 신규 약정금리 중 낮은 금리를 적용 * 만기 후 1개월 초과 이후 기간 : 보통예금 이율(연 0.50%) 적용,최소가입금액: 10만원 이상,,20260806,,202608060850,금융감독원 금융상품한눈에 Open API,2026-08-10T14:19:08
030300,저축은행,202607,0010471,페퍼저축은행,24-0055,"회전정기예금 (대면, 전지점)",12,M,복리,3.95%,3.34%,"340,287",3.95%,영업점,1,제한없음,복리,,*회전정기예금(회전주기 12개월) 기본금리: 매 1년마다 해당시점 정기예금 1년 금리 +0.1%로 자동연장되는 변동금리 상품(1년 단위 확정금리). 매 1년 경과 후 중도해지시 회전일로부터 1년 경과 시점까지는 정상이율 적용. 12개월 정기예금(대면) 기본금리(연 3.85%)+ 기본 우대금리(연 0.10%),* 만기 후 1개월 이내 기간 : 최종 회전이율과 만기 시점 동일 상품 동일 계약기간의 신규 약정금리 중 낮은 금리를 적용 * 만기 후 1개월 초과 이후 기간 : 보통예금 이율(연 0.50%) 적용,최소가입금액: 10만원 이상,,20260806,,202608060850,금융감독원 금융상품한눈에 Open API,2026-08-10T14:19:08
030300,저축은행,202607,0010471,페퍼저축은행,24-0059,회전정기예금 (비대면),12,S,단리,4.00%,3.38%,"338,000",4.00%,"인터넷,스마트폰",1,제한없음,단리,,*회전정기예금(회전주기 12개월) 기본금리: 매 1년마다 해당시점 정기예금 1년 금리 +0.1%로 자동연장되는 변동금리 상품(1년 단위 확정금리). 매 1년 경과 후 중도해지시 회전일로부터 1년 경과 시점까지는 정상이율 적용. 12개월 정기예금(비대면) 기본금리(연 3.90%)+ 기본 우대금리(연 0.10%),* 만기 후 1개월 이내 기간 : 최종 회전이율과 만기 시점 동일 상품 동일 계약기간의 신규 약정금리 중 낮은 금리를 적용 * 만기 후 1개월 초과 이후 기간 : 보통예금 이율(연 0.50%) 적용,비대면 전용상품 최소가입금액: 10만원 이상,,20260806,,202608060850,금융감독원 금융상품한눈에 Open API,2026-08-10T14:19:08
030300,저축은행,202607,0010471,페퍼저축은행,24-0059,회전정기예금 (비대면),12,M,복리,4.00%,3.38%,"344,673",4.00%,"인터넷,스마트폰",1,제한없음,복리,,*회전정기예금(회전주기 12개월) 기본금리: 매 1년마다 해당시점 정기예금 1년 금리 +0.1%로 자동연장되는 변동금리 상품(1년 단위 확정금리). 매 1년 경과 후 중도해지시 회전일로부터 1년 경과 시점까지는 정상이율 적용. 12개월 정기예금(비대면) 기본금리(연 3.90%)+ 기본 우대금리(연 0.10%),* 만기 후 1개월 이내 기간 : 최종 회전이율과 만기 시점 동일 상품 동일 계약기간의 신규 약정금리 중 낮은 금리를 적용 * 만기 후 1개월 초과 이후 기간 : 보통예금 이율(연 0.50%) 적용,비대면 전용상품 최소가입금액: 10만원 이상,,20260806,,202608060850,금융감독원 금융상품한눈에 Open API,2026-08-10T14:19:08
030300,저축은행,202607,0010471,페퍼저축은행,24-0061,정기예금 (비대면),1,S,단리,2.00%,1.69%,"14,000",2.00%,"인터넷,스마트폰",1,제한없음,단리,,해당사항 없음,* 만기 후 1개월 이내 기간 : 당초 약정금리 또는 만기시 동일상품 동일계약기간의 신규 약정금리 중 낮은이율 * 만기 후 1개월 초과 이후 기간 : 보통예금 이율(연 0.50%) 적용,비대면 전용상품 최소가입금액: 10만원 이상,,20260806,,202608060850,금융감독원 금융상품한눈에 Open API,2026-08-10T14:19:08
030300,저축은행,202607,0010471,페퍼저축은행,24-0061,정기예금 (비대면),3,S,단리,2.30%,1.95%,"49,000",2.30%,"인터넷,스마트폰",1,제한없음,단리,,해당사항 없음,* 만기 후 1개월 이내 기간 : 당초 약정금리 또는 만기시 동일상품 동일계약기간의 신규 약정금리 중 낮은이율 * 만기 후 1개월 초과 이후 기간 : 보통예금 이율(연 0.50%) 적용,비대면 전용상품 최소가입금액: 10만원 이상,,20260806,,202608060850,금융감독원 금융상품한눈에 Open API,2026-08-10T14:19:08
030300,저축은행,202607,0010471,페퍼저축은행,24-0061,정기예금 (비대면),6,S,단리,2.60%,2.20%,"110,000",2.60%,"인터넷,스마트폰",1,제한없음,단리,,해당사항 없음,* 만기 후 1개월 이내 기간 : 당초 약정금리 또는 만기시 동일상품 동일계약기간의 신규 약정금리 중 낮은이율 * 만기 후 1개월 초과 이후 기간 : 보통예금 이율(연 0.50%) 적용,비대면 전용상품 최소가입금액: 10만원 이상,,20260806,,202608060850,금융감독원 금융상품한눈에 Open API,2026-08-10T14:19:08
030300,저축은행,202607,0010471,페퍼저축은행,24-0061,정기예금 (비대면),12,S,단리,3.90%,3.30%,"330,000",3.90%,"인터넷,스마트폰",1,제한없음,단리,,해당사항 없음,* 만기 후 1개월 이내 기간 : 당초 약정금리 또는 만기시 동일상품 동일계약기간의 신규 약정금리 중 낮은이율 * 만기 후 1개월 초과 이후 기간 : 보통예금 이율(연 0.50%) 적용,비대면 전용상품 최소가입금액: 10만원 이상,,20260806,,202608060850,금융감독원 금융상품한눈에 Open API,2026-08-10T14:19:08
030300,저축은행,202607,0010471,페퍼저축은행,24-0061,정기예금 (비대면),24,S,단리,2.50%,2.11%,"423,000",2.50%,"인터넷,스마트폰",1,제한없음,단리,,해당사항 없음,* 만기 후 1개월 이내 기간 : 당초 약정금리 또는 만기시 동일상품 동일계약기간의 신규 약정금리 중 낮은이율 * 만기 후 1개월 초과 이후 기간 : 보통예금 이율(연 0.50%) 적용,비대면 전용상품 최소가입금액: 10만원 이상,,20260806,,202608060850,금융감독원 금융상품한눈에 Open API,2026-08-10T14:19:08
030300,저축은행,202607,0010471,페퍼저축은행,24-0061,정기예금 (비대면),36,S,단리,2.50%,2.11%,"634,000",2.50%,"인터넷,스마트폰",1,제한없음,단리,,해당사항 없음,* 만기 후 1개월 이내 기간 : 당초 약정금리 또는 만기시 동일상품 동일계약기간의 신규 약정금리 중 낮은이율 * 만기 후 1개월 초과 이후 기간 : 보통예금 이율(연 0.50%) 적용,비대면 전용상품 최소가입금액: 10만원 이상,,20260806,,202608060850,금융감독원 금융상품한눈에 Open API,2026-08-10T14:19:08
030300,저축은행,202607,0010471,페퍼저축은행,24-0061,정기예금 (비대면),1,M,복리,2.00%,1.69%,"14,100",2.00%,"인터넷,스마트폰",1,제한없음,복리,,해당사항 없음,* 만기 후 1개월 이내 기간 : 당초 약정금리 또는 만기시 동일상품 동일계약기간의 신규 약정금리 중 낮은이율 * 만기 후 1개월 초과 이후 기간 : 보통예금 이율(연 0.50%) 적용,비대면 전용상품 최소가입금액: 10만원 이상,,20260806,,202608060850,금융감독원 금융상품한눈에 Open API,2026-08-10T14:19:08
030300,저축은행,202607,0010471,페퍼저축은행,24-0061,정기예금 (비대면),3,M,복리,2.30%,1.95%,"48,738",2.30%,"인터넷,스마트폰",1,제한없음,복리,,해당사항 없음,* 만기 후 1개월 이내 기간 : 당초 약정금리 또는 만기시 동일상품 동일계약기간의 신규 약정금리 중 낮은이율 * 만기 후 1개월 초과 이후 기간 : 보통예금 이율(연 0.50%) 적용,비대면 전용상품 최소가입금액: 10만원 이상,,20260806,,202608060850,금융감독원 금융상품한눈에 Open API,2026-08-10T14:19:08
030300,저축은행,202607,0010471,페퍼저축은행,24-0061,정기예금 (비대면),6,M,복리,2.60%,2.20%,"110,577",2.60%,"인터넷,스마트폰",1,제한없음,복리,,해당사항 없음,* 만기 후 1개월 이내 기간 : 당초 약정금리 또는 만기시 동일상품 동일계약기간의 신규 약정금리 중 낮은이율 * 만기 후 1개월 초과 이후 기간 : 보통예금 이율(연 0.50%) 적용,비대면 전용상품 최소가입금액: 10만원 이상,,20260806,,202608060850,금융감독원 금융상품한눈에 Open API,2026-08-10T14:19:08
030300,저축은행,202607,0010471,페퍼저축은행,24-0061,정기예금 (비대면),12,M,복리,3.90%,3.30%,"335,902",3.90%,"인터넷,스마트폰",1,제한없음,복리,,해당사항 없음,* 만기 후 1개월 이내 기간 : 당초 약정금리 또는 만기시 동일상품 동일계약기간의 신규 약정금리 중 낮은이율 * 만기 후 1개월 초과 이후 기간 : 보통예금 이율(연 0.50%) 적용,비대면 전용상품 최소가입금액: 10만원 이상,,20260806,,202608060850,금융감독원 금융상품한눈에 Open API,2026-08-10T14:19:08
030300,저축은행,202607,0010471,페퍼저축은행,24-0061,정기예금 (비대면),24,M,복리,2.50%,2.11%,"433,291",2.50%,"인터넷,스마트폰",1,제한없음,복리,,해당사항 없음,* 만기 후 1개월 이내 기간 : 당초 약정금리 또는 만기시 동일상품 동일계약기간의 신규 약정금리 중 낮은이율 * 만기 후 1개월 초과 이후 기간 : 보통예금 이율(연 0.50%) 적용,비대면 전용상품 최소가입금액: 10만원 이상,,20260806,,202608060850,금융감독원 금융상품한눈에 Open API,2026-08-10T14:19:08
030300,저축은행,202607,0010471,페퍼저축은행,24-0061,정기예금 (비대면),36,M,복리,2.50%,2.11%,"658,189",2.50%,"인터넷,스마트폰",1,제한없음,복리,,해당사항 없음,* 만기 후 1개월 이내 기간 : 당초 약정금리 또는 만기시 동일상품 동일계약기간의 신규 약정금리 중 낮은이율 * 만기 후 1개월 초과 이후 기간 : 보통예금 이율(연 0.50%) 적용,비대면 전용상품 최소가입금액: 10만원 이상,,20260806,,202608060850,금융감독원 금융상품한눈에 Open API,2026-08-10T14:19:08
030300,저축은행,202607,0010471,페퍼저축은행,24-0069,"페퍼루 중도해지 Free정기예금 (대면, 비대면)",1,M,복리,2.80%,2.37%,"19,740",2.80%,"영업점,인터넷,스마트폰",1,제한없음,복리,,우대사항없음,* 만기 후 1개월 이내 기간 : 당초 약정금리 또는 만기시 동일상품 동일계약기간의 신규 약정금리 중 낮은이율 * 만기 후 1개월 초과 이후 기간 : 보통예금 이율(연 0.50%) 적용,최소가입금액: 10만원 이상,,20260720,,202607201300,금융감독원 금융상품한눈에 Open API,2026-08-10T14:19:08
030300,저축은행,202607,0010471,페퍼저축은행,24-0069,"페퍼루 중도해지 Free정기예금 (대면, 비대면)",3,M,복리,2.80%,2.37%,"59,358",2.80%,"영업점,인터넷,스마트폰",1,제한없음,복리,,우대사항없음,* 만기 후 1개월 이내 기간 : 당초 약정금리 또는 만기시 동일상품 동일계약기간의 신규 약정금리 중 낮은이율 * 만기 후 1개월 초과 이후 기간 : 보통예금 이율(연 0.50%) 적용,최소가입금액: 10만원 이상,,20260720,,202607201300,금융감독원 금융상품한눈에 Open API,2026-08-10T14:19:08
030300,저축은행,202607,0010471,페퍼저축은행,24-0069,"페퍼루 중도해지 Free정기예금 (대면, 비대면)",6,M,복리,2.90%,2.45%,"123,414",2.90%,"영업점,인터넷,스마트폰",1,제한없음,복리,,우대사항없음,* 만기 후 1개월 이내 기간 : 당초 약정금리 또는 만기시 동일상품 동일계약기간의 신규 약정금리 중 낮은이율 * 만기 후 1개월 초과 이후 기간 : 보통예금 이율(연 0.50%) 적용,최소가입금액: 10만원 이상,,20260720,,202607201300,금융감독원 금융상품한눈에 Open API,2026-08-10T14:19:08
030300,저축은행,202607,0010471,페퍼저축은행,24-0069,"페퍼루 중도해지 Free정기예금 (대면, 비대면)",12,M,복리,3.00%,2.54%,"257,319",3.00%,"영업점,인터넷,스마트폰",1,제한없음,복리,,우대사항없음,* 만기 후 1개월 이내 기간 : 당초 약정금리 또는 만기시 동일상품 동일계약기간의 신규 약정금리 중 낮은이율 * 만기 후 1개월 초과 이후 기간 : 보통예금 이율(연 0.50%) 적용,최소가입금액: 10만원 이상,,20260720,,202607201300,금융감독원 금융상품한눈에 Open API,2026-08-10T14:19:08
030300,저축은행,202607,0010471,페퍼저축은행,24-0069,"페퍼루 중도해지 Free정기예금 (대면, 비대면)",24,M,복리,2.50%,2.11%,"433,291",2.50%,"영업점,인터넷,스마트폰",1,제한없음,복리,,우대사항없음,* 만기 후 1개월 이내 기간 : 당초 약정금리 또는 만기시 동일상품 동일계약기간의 신규 약정금리 중 낮은이율 * 만기 후 1개월 초과 이후 기간 : 보통예금 이율(연 0.50%) 적용,최소가입금액: 10만원 이상,,20260720,,202607201300,금융감독원 금융상품한눈에 Open API,2026-08-10T14:19:08
030300,저축은행,202607,0010471,페퍼저축은행,24-0069,"페퍼루 중도해지 Free정기예금 (대면, 비대면)",36,M,복리,2.50%,2.11%,"658,189",2.50%,"영업점,인터넷,스마트폰",1,제한없음,복리,,우대사항없음,* 만기 후 1개월 이내 기간 : 당초 약정금리 또는 만기시 동일상품 동일계약기간의 신규 약정금리 중 낮은이율 * 만기 후 1개월 초과 이후 기간 : 보통예금 이율(연 0.50%) 적용,최소가입금액: 10만원 이상,,20260720,,202607201300,금융감독원 금융상품한눈에 Open API,2026-08-10T14:19:08
030300,저축은행,202607,0010471,페퍼저축은행,24-0081,페퍼스회전정기예금 (디지털페퍼앱),12,S,단리,4.00%,3.38%,"338,000",4.00%,스마트폰,1,제한없음 (실명의 개인),단리,,*페퍼스회전정기예금(회전주기 12개월) 기본금리:매 1년마다 해당시점 정기예금 1년 금리 +0.1%로 자동연장되는 변동금리 상품(1년 단위 확정금리). 매 1년 경과 후 중도해지시 회전일로부터 1년 경과 시점까지는 정상이율 적용. 12개월 정기예금(비대면) 기본금리(연 3.90%)+ 기본 우대금리(연 0.10%),* 만기 후 1개월 이내 기간 : 최종 회전이율과 만기 시점 동일 상품 동일 계약기간의 신규 약정금리 중 낮은 금리를 적용 * 만기 후 1개월 초과 이후 기간 : 보통예금 이율(연 0.50%) 적용,비대면 전용상품 최소가입금액: 10만원 이상,,20260806,,202608060850,금융감독원 금융상품한눈에 Open API,2026-08-10T14:19:08
030300,저축은행,202607,0010471,페퍼저축은행,24-0081,페퍼스회전정기예금 (디지털페퍼앱),12,M,복리,4.00%,3.38%,"344,673",4.00%,스마트폰,1,제한없음 (실명의 개인),복리,,*페퍼스회전정기예금(회전주기 12개월) 기본금리:매 1년마다 해당시점 정기예금 1년 금리 +0.1%로 자동연장되는 변동금리 상품(1년 단위 확정금리). 매 1년 경과 후 중도해지시 회전일로부터 1년 경과 시점까지는 정상이율 적용. 12개월 정기예금(비대면) 기본금리(연 3.90%)+ 기본 우대금리(연 0.10%),* 만기 후 1개월 이내 기간 : 최종 회전이율과 만기 시점 동일 상품 동일 계약기간의 신규 약정금리 중 낮은 금리를 적용 * 만기 후 1개월 초과 이후 기간 : 보통예금 이율(연 0.50%) 적용,비대면 전용상품 최소가입금액: 10만원 이상,,20260806,,202608060850,금융감독원 금융상품한눈에 Open API,2026-08-10T14:19:08
030300,저축은행,202607,0010471,페퍼저축은행,24-0083,페퍼스 정기예금 (디지털페퍼앱),1,S,단리,2.00%,1.69%,"14,000",2.00%,스마트폰,1,제한없음 (실명의 개인),단리,,해당사항 없음,* 만기 후 1개월 이내 기간 : 당초 약정금리 또는 만기시 동일상품 동일계약기간의 신규 약정금리 중 낮은이율 * 만기 후 1개월 초과 이후 기간 : 보통예금 이율(연 0.50%) 적용,비대면 전용상품 최소가입금액: 10만원 이상,,20260806,,202608060850,금융감독원 금융상품한눈에 Open API,2026-08-10T14:19:08
030300,저축은행,202607,0010471,페퍼저축은행,24-0083,페퍼스 정기예금 (디지털페퍼앱),3,S,단리,2.30%,1.95%,"49,000",2.30%,스마트폰,1,제한없음 (실명의 개인),단리,,해당사항 없음,* 만기 후 1개월 이내 기간 : 당초 약정금리 또는 만기시 동일상품 동일계약기간의 신규 약정금리 중 낮은이율 * 만기 후 1개월 초과 이후 기간 : 보통예금 이율(연 0.50%) 적용,비대면 전용상품 최소가입금액: 10만원 이상,,20260806,,202608060850,금융감독원 금융상품한눈에 Open API,2026-08-10T14:19:08
030300,저축은행,202607,0010471,페퍼저축은행,24-0083,페퍼스 정기예금 (디지털페퍼앱),6,S,단리,2.60%,2.20%,"110,000",2.60%,스마트폰,1,제한없음 (실명의 개인),단리,,해당사항 없음,* 만기 후 1개월 이내 기간 : 당초 약정금리 또는 만기시 동일상품 동일계약기간의 신규 약정금리 중 낮은이율 * 만기 후 1개월 초과 이후 기간 : 보통예금 이율(연 0.50%) 적용,비대면 전용상품 최소가입금액: 10만원 이상,,20260806,,202608060850,금융감독원 금융상품한눈에 Open API,2026-08-10T14:19:08
030300,저축은행,202607,0010471,페퍼저축은행,24-0083,페퍼스 정기예금 (디지털페퍼앱),12,S,단리,3.90%,3.30%,"330,000",3.90%,스마트폰,1,제한없음 (실명의 개인),단리,,해당사항 없음,* 만기 후 1개월 이내 기간 : 당초 약정금리 또는 만기시 동일상품 동일계약기간의 신규 약정금리 중 낮은이율 * 만기 후 1개월 초과 이후 기간 : 보통예금 이율(연 0.50%) 적용,비대면 전용상품 최소가입금액: 10만원 이상,,20260806,,202608060850,금융감독원 금융상품한눈에 Open API,2026-08-10T14:19:08
030300,저축은행,202607,0010471,페퍼저축은행,24-0083,페퍼스 정기예금 (디지털페퍼앱),24,S,단리,2.50%,2.11%,"423,000",2.50%,스마트폰,1,제한없음 (실명의 개인),단리,,해당사항 없음,* 만기 후 1개월 이내 기간 : 당초 약정금리 또는 만기시 동일상품 동일계약기간의 신규 약정금리 중 낮은이율 * 만기 후 1개월 초과 이후 기간 : 보통예금 이율(연 0.50%) 적용,비대면 전용상품 최소가입금액: 10만원 이상,,20260806,,202608060850,금융감독원 금융상품한눈에 Open API,2026-08-10T14:19:08
030300,저축은행,202607,0010471,페퍼저축은행,24-0083,페퍼스 정기예금 (디지털페퍼앱),36,S,단리,2.50%,2.11%,"634,000",2.50%,스마트폰,1,제한없음 (실명의 개인),단리,,해당사항 없음,* 만기 후 1개월 이내 기간 : 당초 약정금리 또는 만기시 동일상품 동일계약기간의 신규 약정금리 중 낮은이율 * 만기 후 1개월 초과 이후 기간 : 보통예금 이율(연 0.50%) 적용,비대면 전용상품 최소가입금액: 10만원 이상,,20260806,,202608060850,금융감독원 금융상품한눈에 Open API,2026-08-10T14:19:08
030300,저축은행,202607,0010471,페퍼저축은행,24-0083,페퍼스 정기예금 (디지털페퍼앱),1,M,복리,2.00%,1.69%,"14,100",2.00%,스마트폰,1,제한없음 (실명의 개인),복리,,해당사항 없음,* 만기 후 1개월 이내 기간 : 당초 약정금리 또는 만기시 동일상품 동일계약기간의 신규 약정금리 중 낮은이율 * 만기 후 1개월 초과 이후 기간 : 보통예금 이율(연 0.50%) 적용,비대면 전용상품 최소가입금액: 10만원 이상,,20260806,,202608060850,금융감독원 금융상품한눈에 Open API,2026-08-10T14:19:08
030300,저축은행,202607,0010471,페퍼저축은행,24-0083,페퍼스 정기예금 (디지털페퍼앱),3,M,복리,2.30%,1.95%,"48,738",2.30%,스마트폰,1,제한없음 (실명의 개인),복리,,해당사항 없음,* 만기 후 1개월 이내 기간 : 당초 약정금리 또는 만기시 동일상품 동일계약기간의 신규 약정금리 중 낮은이율 * 만기 후 1개월 초과 이후 기간 : 보통예금 이율(연 0.50%) 적용,비대면 전용상품 최소가입금액: 10만원 이상,,20260806,,202608060850,금융감독원 금융상품한눈에 Open API,2026-08-10T14:19:08
030300,저축은행,202607,0010471,페퍼저축은행,24-0083,페퍼스 정기예금 (디지털페퍼앱),6,M,복리,2.60%,2.20%,"110,577",2.60%,스마트폰,1,제한없음 (실명의 개인),복리,,해당사항 없음,* 만기 후 1개월 이내 기간 : 당초 약정금리 또는 만기시 동일상품 동일계약기간의 신규 약정금리 중 낮은이율 * 만기 후 1개월 초과 이후 기간 : 보통예금 이율(연 0.50%) 적용,비대면 전용상품 최소가입금액: 10만원 이상,,20260806,,202608060850,금융감독원 금융상품한눈에 Open API,2026-08-10T14:19:08
030300,저축은행,202607,0010471,페퍼저축은행,24-0083,페퍼스 정기예금 (디지털페퍼앱),12,M,복리,3.90%,3.30%,"335,902",3.90%,스마트폰,1,제한없음 (실명의 개인),복리,,해당사항 없음,* 만기 후 1개월 이내 기간 : 당초 약정금리 또는 만기시 동일상품 동일계약기간의 신규 약정금리 중 낮은이율 * 만기 후 1개월 초과 이후 기간 : 보통예금 이율(연 0.50%) 적용,비대면 전용상품 최소가입금액: 10만원 이상,,20260806,,202608060850,금융감독원 금융상품한눈에 Open API,2026-08-10T14:19:08
030300,저축은행,202607,0010471,페퍼저축은행,24-0083,페퍼스 정기예금 (디지털페퍼앱),24,M,복리,2.50%,2.11%,"433,291",2.50%,스마트폰,1,제한없음 (실명의 개인),복리,,해당사항 없음,* 만기 후 1개월 이내 기간 : 당초 약정금리 또는 만기시 동일상품 동일계약기간의 신규 약정금리 중 낮은이율 * 만기 후 1개월 초과 이후 기간 : 보통예금 이율(연 0.50%) 적용,비대면 전용상품 최소가입금액: 10만원 이상,,20260806,,202608060850,금융감독원 금융상품한눈에 Open API,2026-08-10T14:19:08
030300,저축은행,202607,0010471,페퍼저축은행,24-0083,페퍼스 정기예금 (디지털페퍼앱),36,M,복리,2.50%,2.11%,"658,189",2.50%,스마트폰,1,제한없음 (실명의 개인),복리,,해당사항 없음,* 만기 후 1개월 이내 기간 : 당초 약정금리 또는 만기시 동일상품 동일계약기간의 신규 약정금리 중 낮은이율 * 만기 후 1개월 초과 이후 기간 : 보통예금 이율(연 0.50%) 적용,비대면 전용상품 최소가입금액: 10만원 이상,,20260806,,202608060850,금융감독원 금융상품한눈에 Open API,2026-08-10T14:19:08
030300,저축은행,202607,0010471,페퍼저축은행,24-0085,페퍼스중도해지Free정기예금 (디지털페퍼앱),1,M,복리,2.80%,2.37%,"19,740",2.80%,스마트폰,1,제한없음 (실명의 개인),복리,,우대사항없음,* 만기 후 1개월 이내 기간 : 당초 약정금리 또는 만기시 동일상품 동일계약기간의 신규 약정금리 중 낮은이율 * 만기 후 1개월 초과 이후 기간 : 보통예금 이율(연 0.50%) 적용,비대면 전용상품 최소가입금액: 10만원 이상,,20260720,,202607201300,금융감독원 금융상품한눈에 Open API,2026-08-10T14:19:08
030300,저축은행,202607,0010471,페퍼저축은행,24-0085,페퍼스중도해지Free정기예금 (디지털페퍼앱),3,M,복리,2.80%,2.37%,"59,358",2.80%,스마트폰,1,제한없음 (실명의 개인),복리,,우대사항없음,* 만기 후 1개월 이내 기간 : 당초 약정금리 또는 만기시 동일상품 동일계약기간의 신규 약정금리 중 낮은이율 * 만기 후 1개월 초과 이후 기간 : 보통예금 이율(연 0.50%) 적용,비대면 전용상품 최소가입금액: 10만원 이상,,20260720,,202607201300,금융감독원 금융상품한눈에 Open API,2026-08-10T14:19:08
030300,저축은행,202607,0010471,페퍼저축은행,24-0085,페퍼스중도해지Free정기예금 (디지털페퍼앱),6,M,복리,2.90%,2.45%,"123,414",2.90%,스마트폰,1,제한없음 (실명의 개인),복리,,우대사항없음,* 만기 후 1개월 이내 기간 : 당초 약정금리 또는 만기시 동일상품 동일계약기간의 신규 약정금리 중 낮은이율 * 만기 후 1개월 초과 이후 기간 : 보통예금 이율(연 0.50%) 적용,비대면 전용상품 최소가입금액: 10만원 이상,,20260720,,202607201300,금융감독원 금융상품한눈에 Open API,2026-08-10T14:19:08
030300,저축은행,202607,0010471,페퍼저축은행,24-0085,페퍼스중도해지Free정기예금 (디지털페퍼앱),12,M,복리,3.00%,2.54%,"257,319",3.00%,스마트폰,1,제한없음 (실명의 개인),복리,,우대사항없음,* 만기 후 1개월 이내 기간 : 당초 약정금리 또는 만기시 동일상품 동일계약기간의 신규 약정금리 중 낮은이율 * 만기 후 1개월 초과 이후 기간 : 보통예금 이율(연 0.50%) 적용,비대면 전용상품 최소가입금액: 10만원 이상,,20260720,,202607201300,금융감독원 금융상품한눈에 Open API,2026-08-10T14:19:08
030300,저축은행,202607,0010471,페퍼저축은행,24-0085,페퍼스중도해지Free정기예금 (디지털페퍼앱),24,M,복리,2.50%,2.11%,"433,291",2.50%,스마트폰,1,제한없음 (실명의 개인),복리,,우대사항없음,* 만기 후 1개월 이내 기간 : 당초 약정금리 또는 만기시 동일상품 동일계약기간의 신규 약정금리 중 낮은이율 * 만기 후 1개월 초과 이후 기간 : 보통예금 이율(연 0.50%) 적용,비대면 전용상품 최소가입금액: 10만원 이상,,20260720,,202607201300,금융감독원 금융상품한눈에 Open API,2026-08-10T14:19:08
030300,저축은행,202607,0010471,페퍼저축은행,24-0085,페퍼스중도해지Free정기예금 (디지털페퍼앱),36,M,복리,2.50%,2.11%,"658,189",2.50%,스마트폰,1,제한없음 (실명의 개인),복리,,우대사항없음,* 만기 후 1개월 이내 기간 : 당초 약정금리 또는 만기시 동일상품 동일계약기간의 신규 약정금리 중 낮은이율 * 만기 후 1개월 초과 이후 기간 : 보통예금 이율(연 0.50%) 적용,비대면 전용상품 최소가입금액: 10만원 이상,,20260720,,202607201300,금융감독원 금융상품한눈에 Open API,2026-08-10T14:19:08
030300,저축은행,202607,0010471,페퍼저축은행,24-0086,"♥회전정기예금(창구 전용) (평촌, 부천)",12,S,단리,3.95%,3.34%,"334,000",3.95%,영업점,1,제한없음,단리,,*♥회전정기예금(회전주기 12개월) 기본금리: 매 1년마다 해당시점 정기예금 1년 금리 +0.1%로 자동연장되는 변동금리 상품(1년 단위 확정금리). 매 1년 경과 후 중도해지시 회전일로부터 1년 경과 시점까지는 정상이율 적용. 12개월 정기예금(대면) 기본금리(연 3.85%)+ 기본 우대금리(연 0.10%),* 만기 후 1개월 이내 기간 : 최종 회전이율과 만기 시점 동일 상품 동일 계약기간의 신규 약정금리 중 낮은 금리를 적용 * 만기 후 1개월 초과 이후 기간 : 보통예금 이율(연 0.50%) 적용,"창구 내방 고객 전용 회전정기예금: 평촌♥(평촌지점), 부천♥(부천지점), 최소 가입금액: 10만원 이상",,20260806,,202608060850,금융감독원 금융상품한눈에 Open API,2026-08-10T14:19:08
030300,저축은행,202607,0010471,페퍼저축은행,24-0086,"♥회전정기예금(창구 전용) (평촌, 부천)",12,M,복리,3.95%,3.34%,"340,287",3.95%,영업점,1,제한없음,복리,,*♥회전정기예금(회전주기 12개월) 기본금리: 매 1년마다 해당시점 정기예금 1년 금리 +0.1%로 자동연장되는 변동금리 상품(1년 단위 확정금리). 매 1년 경과 후 중도해지시 회전일로부터 1년 경과 시점까지는 정상이율 적용. 12개월 정기예금(대면) 기본금리(연 3.85%)+ 기본 우대금리(연 0.10%),* 만기 후 1개월 이내 기간 : 최종 회전이율과 만기 시점 동일 상품 동일 계약기간의 신규 약정금리 중 낮은 금리를 적용 * 만기 후 1개월 초과 이후 기간 : 보통예금 이율(연 0.50%) 적용,"창구 내방 고객 전용 회전정기예금: 평촌♥(평촌지점), 부천♥(부천지점), 최소 가입금액: 10만원 이상",,20260806,,202608060850,금융감독원 금융상품한눈에 Open API,2026-08-10T14:19:08
030300,저축은행,202607,0010471,페퍼저축은행,24-0089,페퍼스6개월회전정기예금 (디지털페퍼앱),6,S,단리,3.81%,3.22%,"161,000",3.81%,스마트폰,1,제한없음 (실명의 개인),단리,,해당사항 없음,* 만기 후 1개월 이내 기간 : 최종 회전이율과 만기 시점 동일 상품 동일 계약기간의 신규 약정금리 중 낮은 금리를 적용 * 만기 후 1개월 초과 이후 기간 : 보통예금 이율(연 0.50%) 적용,비대면 전용상품 최소가입금액: 10만원 이상,,20260720,,202607201300,금융감독원 금융상품한눈에 Open API,2026-08-10T14:19:08
030300,저축은행,202607,0010471,페퍼저축은행,24-0089,페퍼스6개월회전정기예금 (디지털페퍼앱),6,M,복리,3.81%,3.22%,"162,448",3.81%,스마트폰,1,제한없음 (실명의 개인),복리,,해당사항 없음,* 만기 후 1개월 이내 기간 : 최종 회전이율과 만기 시점 동일 상품 동일 계약기간의 신규 약정금리 중 낮은 금리를 적용 * 만기 후 1개월 초과 이후 기간 : 보통예금 이율(연 0.50%) 적용,비대면 전용상품 최소가입금액: 10만원 이상,,20260720,,202607201300,금융감독원 금융상품한눈에 Open API,2026-08-10T14:19:08
030300,저축은행,202607,0010471,페퍼저축은행,24-0090,"6개월 회전정기예금 (대면, 비대면)",6,S,단리,3.81%,3.22%,"161,000",3.81%,"영업점,인터넷,스마트폰",1,제한없음,단리,,해당사항 없음,* 만기 후 1개월 이내 기간 : 최종 회전이율과 만기 시점 동일 상품 동일 계약기간의 신규 약정금리 중 낮은 금리를 적용 * 만기 후 1개월 초과 이후 기간 : 보통예금 이율(연 0.50%) 적용,최소가입금액: 10만원 이상,,20260720,,202607201300,금융감독원 금융상품한눈에 Open API,2026-08-10T14:19:08
030300,저축은행,202607,0010471,페퍼저축은행,24-0090,"6개월 회전정기예금 (대면, 비대면)",6,M,복리,3.81%,3.22%,"162,448",3.81%,"영업점,인터넷,스마트폰",1,제한없음,복리,,해당사항 없음,* 만기 후 1개월 이내 기간 : 최종 회전이율과 만기 시점 동일 상품 동일 계약기간의 신규 약정금리 중 낮은 금리를 적용 * 만기 후 1개월 초과 이후 기간 : 보통예금 이율(연 0.50%) 적용,최소가입금액: 10만원 이상,,20260720,,202607201300,금융감독원 금융상품한눈에 Open API,2026-08-10T14:19:08
030300,저축은행,202607,0010473,상상인저축은행,GP240036,파킹통장 369 정기예금,24,S,단리,2.11%,1.79%,"357,000",2.11%,영업점,1,제한없음,단리,,없음,[2019년 7월 1일 이전 신규] 연 0.1% (세전) [2019년 7월 1일 신규분부터] - 1개월 이내 : 당초 약정이율과 만기시점 해당상품 신규약정이율 중 낮은 이율 - 1개월 초과 : 연 0.1% (세전),없음,,20260722,,202607220818,금융감독원 금융상품한눈에 Open API,2026-08-10T14:19:08
030300,저축은행,202607,0010473,상상인저축은행,GP240036,파킹통장 369 정기예금,24,M,복리,2.11%,1.79%,"364,325",2.11%,영업점,1,제한없음,복리,,없음,[2019년 7월 1일 이전 신규] 연 0.1% (세전) [2019년 7월 1일 신규분부터] - 1개월 이내 : 당초 약정이율과 만기시점 해당상품 신규약정이율 중 낮은 이율 - 1개월 초과 : 연 0.1% (세전),없음,,20260722,,202607220818,금융감독원 금융상품한눈에 Open API,2026-08-10T14:19:08
030300,저축은행,202607,0010473,상상인저축은행,GP240037,파킹통장 369 정기예금E,24,S,단리,2.11%,1.79%,"357,000",2.11%,"인터넷,스마트폰",1,제한없음,단리,,없음,[2019년 7월 1일 이전 신규] 연 0.1% (세전) [2019년 7월 1일 신규분부터] - 1개월 이내 : 당초 약정이율과 만기시점 해당상품 신규약정이율 중 낮은 이율 - 1개월 초과 : 연 0.1% (세전),없음,,20260722,,202607220818,금융감독원 금융상품한눈에 Open API,2026-08-10T14:19:08
030300,저축은행,202607,0010473,상상인저축은행,GP240037,파킹통장 369 정기예금E,24,M,복리,2.11%,1.79%,"364,325",2.11%,"인터넷,스마트폰",1,제한없음,복리,,없음,[2019년 7월 1일 이전 신규] 연 0.1% (세전) [2019년 7월 1일 신규분부터] - 1개월 이내 : 당초 약정이율과 만기시점 해당상품 신규약정이율 중 낮은 이율 - 1개월 초과 : 연 0.1% (세전),없음,,20260722,,202607220818,금융감독원 금융상품한눈에 Open API,2026-08-10T14:19:08
030300,저축은행,202607,0010473,상상인저축은행,GP240038,비대면 파킹통장 369 정기예금,24,S,단리,2.11%,1.79%,"357,000",2.11%,스마트폰,1,제한없음,단리,,없음,[2019년 7월 1일 이전 신규] 연 0.1% (세전) [2019년 7월 1일 신규분부터] - 1개월 이내 : 당초 약정이율과 만기시점 해당상품 신규약정이율 중 낮은 이율 - 1개월 초과 : 연 0.1% (세전),없음,,20260722,,202607220818,금융감독원 금융상품한눈에 Open API,2026-08-10T14:19:08
030300,저축은행,202607,0010473,상상인저축은행,GP240038,비대면 파킹통장 369 정기예금,24,M,복리,2.11%,1.79%,"364,325",2.11%,스마트폰,1,제한없음,복리,,없음,[2019년 7월 1일 이전 신규] 연 0.1% (세전) [2019년 7월 1일 신규분부터] - 1개월 이내 : 당초 약정이율과 만기시점 해당상품 신규약정이율 중 낮은 이율 - 1개월 초과 : 연 0.1% (세전),없음,,20260722,,202607220818,금융감독원 금융상품한눈에 Open API,2026-08-10T14:19:08
030300,저축은행,202607,0010473,상상인저축은행,GP240043,뱅뱅뱅 파킹통장 369 정기예금,24,S,단리,2.11%,1.79%,"357,000",2.11%,스마트폰,1,제한없음,단리,,없음,[2019년 7월 1일 이전 신규] 연 0.1% (세전) [2019년 7월 1일 신규분부터] - 1개월 이내 : 당초 약정이율과 만기시점 해당상품 신규약정이율 중 낮은 이율 - 1개월 초과 : 연 0.1% (세전),없음,,20260722,,202607220818,금융감독원 금융상품한눈에 Open API,2026-08-10T14:19:08
030300,저축은행,202607,0010473,상상인저축은행,GP240043,뱅뱅뱅 파킹통장 369 정기예금,24,M,복리,2.11%,1.79%,"364,325",2.11%,스마트폰,1,제한없음,복리,,없음,[2019년 7월 1일 이전 신규] 연 0.1% (세전) [2019년 7월 1일 신규분부터] - 1개월 이내 : 당초 약정이율과 만기시점 해당상품 신규약정이율 중 낮은 이율 - 1개월 초과 : 연 0.1% (세전),없음,,20260722,,202607220818,금융감독원 금융상품한눈에 Open API,2026-08-10T14:19:08
030300,저축은행,202607,0010473,상상인저축은행,GP240054,뱅뱅뱅369회전정기예금,3,S,단리,1.96%,1.66%,"41,000",1.96%,스마트폰,1,제한없음,단리,,없음,만기후 1개월 이내 : 최종 회전이율과 만기시점 동일상품 동일계약기간의 신규약정이율 중 낮은 이율 만기후 1개월 초과 : 연 0.1%(세전),없음,,20260722,,202607220818,금융감독원 금융상품한눈에 Open API,2026-08-10T14:19:08
030300,저축은행,202607,0010473,상상인저축은행,GP240054,뱅뱅뱅369회전정기예금,6,S,단리,2.30%,1.95%,"97,000",2.30%,스마트폰,1,제한없음,단리,,없음,만기후 1개월 이내 : 최종 회전이율과 만기시점 동일상품 동일계약기간의 신규약정이율 중 낮은 이율 만기후 1개월 초과 : 연 0.1%(세전),없음,,20260722,,202607220818,금융감독원 금융상품한눈에 Open API,2026-08-10T14:19:08
030300,저축은행,202607,0010473,상상인저축은행,GP240054,뱅뱅뱅369회전정기예금,36,S,단리,3.80%,3.21%,"964,000",3.80%,스마트폰,1,제한없음,단리,,없음,만기후 1개월 이내 : 최종 회전이율과 만기시점 동일상품 동일계약기간의 신규약정이율 중 낮은 이율 만기후 1개월 초과 : 연 0.1%(세전),없음,,20260722,,202607220818,금융감독원 금융상품한눈에 Open API,2026-08-10T14:19:08
030300,저축은행,202607,0010473,상상인저축은행,GP240054,뱅뱅뱅369회전정기예금,3,M,복리,1.96%,1.66%,"41,522",1.96%,스마트폰,1,제한없음,복리,,없음,만기후 1개월 이내 : 최종 회전이율과 만기시점 동일상품 동일계약기간의 신규약정이율 중 낮은 이율 만기후 1개월 초과 : 연 0.1%(세전),없음,,20260722,,202607220818,금융감독원 금융상품한눈에 Open API,2026-08-10T14:19:08
030300,저축은행,202607,0010473,상상인저축은행,GP240054,뱅뱅뱅369회전정기예금,6,M,복리,2.30%,1.95%,"97,757",2.30%,스마트폰,1,제한없음,복리,,없음,만기후 1개월 이내 : 최종 회전이율과 만기시점 동일상품 동일계약기간의 신규약정이율 중 낮은 이율 만기후 1개월 초과 : 연 0.1%(세전),없음,,20260722,,202607220818,금융감독원 금융상품한눈에 Open API,2026-08-10T14:19:08
030300,저축은행,202607,0010473,상상인저축은행,GP240054,뱅뱅뱅369회전정기예금,36,M,복리,3.80%,3.21%,"1,019,855",3.80%,스마트폰,1,제한없음,복리,,없음,만기후 1개월 이내 : 최종 회전이율과 만기시점 동일상품 동일계약기간의 신규약정이율 중 낮은 이율 만기후 1개월 초과 : 연 0.1%(세전),없음,,20260722,,202607220818,금융감독원 금융상품한눈에 Open API,2026-08-10T14:19:08
030300,저축은행,202607,0010473,상상인저축은행,GP240060,369회전정기예금,3,S,단리,1.96%,1.66%,"41,000",1.96%,영업점,1,제한없음,단리,,없음,만기후 1개월 이내 : 최종 회전이율과 만기시점 동일상품 동일계약기간의 신규약정이율 중 낮은 이율 만기후 1개월 초과 : 연 0.1%(세전),없음,,20260722,,202607220818,금융감독원 금융상품한눈에 Open API,2026-08-10T14:19:08
030300,저축은행,202607,0010473,상상인저축은행,GP240060,369회전정기예금,6,S,단리,2.30%,1.95%,"97,000",2.30%,영업점,1,제한없음,단리,,없음,만기후 1개월 이내 : 최종 회전이율과 만기시점 동일상품 동일계약기간의 신규약정이율 중 낮은 이율 만기후 1개월 초과 : 연 0.1%(세전),없음,,20260722,,202607220818,금융감독원 금융상품한눈에 Open API,2026-08-10T14:19:08
030300,저축은행,202607,0010473,상상인저축은행,GP240060,369회전정기예금,36,S,단리,3.80%,3.21%,"964,000",3.80%,영업점,1,제한없음,단리,,없음,만기후 1개월 이내 : 최종 회전이율과 만기시점 동일상품 동일계약기간의 신규약정이율 중 낮은 이율 만기후 1개월 초과 : 연 0.1%(세전),없음,,20260722,,202607220818,금융감독원 금융상품한눈에 Open API,2026-08-10T14:19:08
030300,저축은행,202607,0010473,상상인저축은행,GP240060,369회전정기예금,3,M,복리,1.96%,1.66%,"41,522",1.96%,영업점,1,제한없음,복리,,없음,만기후 1개월 이내 : 최종 회전이율과 만기시점 동일상품 동일계약기간의 신규약정이율 중 낮은 이율 만기후 1개월 초과 : 연 0.1%(세전),없음,,20260722,,202607220818,금융감독원 금융상품한눈에 Open API,2026-08-10T14:19:08
030300,저축은행,202607,0010473,상상인저축은행,GP240060,369회전정기예금,6,M,복리,2.30%,1.95%,"97,757",2.30%,영업점,1,제한없음,복리,,없음,만기후 1개월 이내 : 최종 회전이율과 만기시점 동일상품 동일계약기간의 신규약정이율 중 낮은 이율 만기후 1개월 초과 : 연 0.1%(세전),없음,,20260722,,202607220818,금융감독원 금융상품한눈에 Open API,2026-08-10T14:19:08
030300,저축은행,202607,0010473,상상인저축은행,GP240060,369회전정기예금,36,M,복리,3.80%,3.21%,"1,019,855",3.80%,영업점,1,제한없음,복리,,없음,만기후 1개월 이내 : 최종 회전이율과 만기시점 동일상품 동일계약기간의 신규약정이율 중 낮은 이율 만기후 1개월 초과 : 연 0.1%(세전),없음,,20260722,,202607220818,금융감독원 금융상품한눈에 Open API,2026-08-10T14:19:08
030300,저축은행,202607,0010473,상상인저축은행,GP240066,369회전정기예금E,3,S,단리,1.96%,1.66%,"41,000",1.96%,"인터넷,스마트폰",1,제한없음,단리,,없음,만기후 1개월 이내 : 최종 회전이율과 만기시점 동일상품 동일계약기간의 신규약정이율 중 낮은 이율 만기후 1개월 초과 : 연 0.1%(세전),없음,,20260722,,202607220818,금융감독원 금융상품한눈에 Open API,2026-08-10T14:19:08
030300,저축은행,202607,0010473,상상인저축은행,GP240066,369회전정기예금E,6,S,단리,2.30%,1.95%,"97,000",2.30%,"인터넷,스마트폰",1,제한없음,단리,,없음,만기후 1개월 이내 : 최종 회전이율과 만기시점 동일상품 동일계약기간의 신규약정이율 중 낮은 이율 만기후 1개월 초과 : 연 0.1%(세전),없음,,20260722,,202607220818,금융감독원 금융상품한눈에 Open API,2026-08-10T14:19:08
030300,저축은행,202607,0010473,상상인저축은행,GP240066,369회전정기예금E,36,S,단리,3.80%,3.21%,"964,000",3.80%,"인터넷,스마트폰",1,제한없음,단리,,없음,만기후 1개월 이내 : 최종 회전이율과 만기시점 동일상품 동일계약기간의 신규약정이율 중 낮은 이율 만기후 1개월 초과 : 연 0.1%(세전),없음,,20260722,,202607220818,금융감독원 금융상품한눈에 Open API,2026-08-10T14:19:08
030300,저축은행,202607,0010473,상상인저축은행,GP240066,369회전정기예금E,3,M,복리,1.96%,1.66%,"41,522",1.96%,"인터넷,스마트폰",1,제한없음,복리,,없음,만기후 1개월 이내 : 최종 회전이율과 만기시점 동일상품 동일계약기간의 신규약정이율 중 낮은 이율 만기후 1개월 초과 : 연 0.1%(세전),없음,,20260722,,202607220818,금융감독원 금융상품한눈에 Open API,2026-08-10T14:19:08
030300,저축은행,202607,0010473,상상인저축은행,GP240066,369회전정기예금E,6,M,복리,2.30%,1.95%,"97,757",2.30%,"인터넷,스마트폰",1,제한없음,복리,,없음,만기후 1개월 이내 : 최종 회전이율과 만기시점 동일상품 동일계약기간의 신규약정이율 중 낮은 이율 만기후 1개월 초과 : 연 0.1%(세전),없음,,20260722,,202607220818,금융감독원 금융상품한눈에 Open API,2026-08-10T14:19:08
030300,저축은행,202607,0010473,상상인저축은행,GP240066,369회전정기예금E,36,M,복리,3.80%,3.21%,"1,019,855",3.80%,"인터넷,스마트폰",1,제한없음,복리,,없음,만기후 1개월 이내 : 최종 회전이율과 만기시점 동일상품 동일계약기간의 신규약정이율 중 낮은 이율 만기후 1개월 초과 : 연 0.1%(세전),없음,,20260722,,202607220818,금융감독원 금융상품한눈에 Open API,2026-08-10T14:19:08
030300,저축은행,202607,0010473,상상인저축은행,GP240072,비대면369회전정기예금,3,S,단리,1.96%,1.66%,"41,000",1.96%,스마트폰,1,제한없음,단리,,없음,만기후 1개월 이내 : 최종 회전이율과 만기시점 동일상품 동일계약기간의 신규약정이율 중 낮은 이율 만기후 1개월 초과 : 연 0.1%(세전),없음,,20260722,,202607220818,금융감독원 금융상품한눈에 Open API,2026-08-10T14:19:08
030300,저축은행,202607,0010473,상상인저축은행,GP240072,비대면369회전정기예금,6,S,단리,2.30%,1.95%,"97,000",2.30%,스마트폰,1,제한없음,단리,,없음,만기후 1개월 이내 : 최종 회전이율과 만기시점 동일상품 동일계약기간의 신규약정이율 중 낮은 이율 만기후 1개월 초과 : 연 0.1%(세전),없음,,20260722,,202607220818,금융감독원 금융상품한눈에 Open API,2026-08-10T14:19:08
030300,저축은행,202607,0010473,상상인저축은행,GP240072,비대면369회전정기예금,36,S,단리,3.80%,3.21%,"964,000",3.80%,스마트폰,1,제한없음,단리,,없음,만기후 1개월 이내 : 최종 회전이율과 만기시점 동일상품 동일계약기간의 신규약정이율 중 낮은 이율 만기후 1개월 초과 : 연 0.1%(세전),없음,,20260722,,202607220818,금융감독원 금융상품한눈에 Open API,2026-08-10T14:19:08
030300,저축은행,202607,0010473,상상인저축은행,GP240072,비대면369회전정기예금,3,M,복리,1.96%,1.66%,"41,522",1.96%,스마트폰,1,제한없음,복리,,없음,만기후 1개월 이내 : 최종 회전이율과 만기시점 동일상품 동일계약기간의 신규약정이율 중 낮은 이율 만기후 1개월 초과 : 연 0.1%(세전),없음,,20260722,,202607220818,금융감독원 금융상품한눈에 Open API,2026-08-10T14:19:08
030300,저축은행,202607,0010473,상상인저축은행,GP240072,비대면369회전정기예금,6,M,복리,2.30%,1.95%,"97,757",2.30%,스마트폰,1,제한없음,복리,,없음,만기후 1개월 이내 : 최종 회전이율과 만기시점 동일상품 동일계약기간의 신규약정이율 중 낮은 이율 만기후 1개월 초과 : 연 0.1%(세전),없음,,20260722,,202607220818,금융감독원 금융상품한눈에 Open API,2026-08-10T14:19:08
030300,저축은행,202607,0010473,상상인저축은행,GP240072,비대면369회전정기예금,36,M,복리,3.80%,3.21%,"1,019,855",3.80%,스마트폰,1,제한없음,복리,,없음,만기후 1개월 이내 : 최종 회전이율과 만기시점 동일상품 동일계약기간의 신규약정이율 중 낮은 이율 만기후 1개월 초과 : 연 0.1%(세전),없음,,20260722,,202607220818,금융감독원 금융상품한눈에 Open API,2026-08-10T14:19:08
030300,저축은행,202607,0010473,상상인저축은행,GP240078,뱅뱅뱅 회전정기예금,12,S,단리,3.80%,3.21%,"321,000",3.80%,스마트폰,1,제한없음,단리,,없음,신규가입일 당시 영업점 및 인터넷 홈페이지에 고시한 경과기간별 만기후이자율 적용 -1개월 이내: 최종 회전이율과 만기시점 동일상품 동일계약기간의 신규약정금리 중 낮은 금리를 적용 -1개월 초과: 보통예금 이율: 연0.1%(세전),없음,,20260722,,202607220818,금융감독원 금융상품한눈에 Open API,2026-08-10T14:19:08
030300,저축은행,202607,0010473,상상인저축은행,GP240078,뱅뱅뱅 회전정기예금,12,M,복리,3.80%,3.21%,"327,139",3.80%,스마트폰,1,제한없음,복리,,없음,신규가입일 당시 영업점 및 인터넷 홈페이지에 고시한 경과기간별 만기후이자율 적용 -1개월 이내: 최종 회전이율과 만기시점 동일상품 동일계약기간의 신규약정금리 중 낮은 금리를 적용 -1개월 초과: 보통예금 이율: 연0.1%(세전),없음,,20260722,,202607220818,금융감독원 금융상품한눈에 Open API,2026-08-10T14:19:08
030300,저축은행,202607,0010473,상상인저축은행,GP240080,회전정기예금,12,S,단리,3.90%,3.30%,"330,000",3.90%,영업점,1,제한없음,단리,,없음,신규가입일 당시 영업점 및 인터넷 홈페이지에 고시한 경과기간별 만기후이자율 적용 -1개월 이내: 최종 회전이율과 만기시점 동일상품 동일계약기간의 신규약정금리 중 낮은 금리를 적용 -1개월 초과: 보통예금 이율: 연0.1%(세전),없음,,20260722,,202607220818,금융감독원 금융상품한눈에 Open API,2026-08-10T14:19:08
030300,저축은행,202607,0010473,상상인저축은행,GP240080,회전정기예금,12,M,복리,3.90%,3.30%,"335,902",3.90%,영업점,1,제한없음,복리,,없음,신규가입일 당시 영업점 및 인터넷 홈페이지에 고시한 경과기간별 만기후이자율 적용 -1개월 이내: 최종 회전이율과 만기시점 동일상품 동일계약기간의 신규약정금리 중 낮은 금리를 적용 -1개월 초과: 보통예금 이율: 연0.1%(세전),없음,,20260722,,202607220818,금융감독원 금융상품한눈에 Open API,2026-08-10T14:19:08
030300,저축은행,202607,0010473,상상인저축은행,GP240082,회전E-정기예금,12,S,단리,3.80%,3.21%,"321,000",3.80%,"인터넷,스마트폰",1,제한없음,단리,,없음,신규가입일 당시 영업점 및 인터넷 홈페이지에 고시한 경과기간별 만기후이자율 적용 -1개월 이내: 최종 회전이율과 만기시점 동일상품 동일계약기간의 신규약정금리 중 낮은 금리를 적용 -1개월 초과: 보통예금 이율: 연0.1%(세전),없음,,20260722,,202607220818,금융감독원 금융상품한눈에 Open API,2026-08-10T14:19:08
030300,저축은행,202607,0010473,상상인저축은행,GP240082,회전E-정기예금,12,M,복리,3.80%,3.21%,"327,139",3.80%,"인터넷,스마트폰",1,제한없음,복리,,없음,신규가입일 당시 영업점 및 인터넷 홈페이지에 고시한 경과기간별 만기후이자율 적용 -1개월 이내: 최종 회전이율과 만기시점 동일상품 동일계약기간의 신규약정금리 중 낮은 금리를 적용 -1개월 초과: 보통예금 이율: 연0.1%(세전),없음,,20260722,,202607220818,금융감독원 금융상품한눈에 Open API,2026-08-10T14:19:08
030300,저축은행,202607,0010473,상상인저축은행,GP240084,비대면 회전정기예금,12,S,단리,3.80%,3.21%,"321,000",3.80%,스마트폰,1,제한없음,단리,,없음,신규가입일 당시 영업점 및 인터넷 홈페이지에 고시한 경과기간별 만기후이자율 적용 -1개월 이내: 최종 회전이율과 만기시점 동일상품 동일계약기간의 신규약정금리 중 낮은 금리를 적용 -1개월 초과: 보통예금 이율: 연0.1%(세전),없음,,20260722,,202607220818,금융감독원 금융상품한눈에 Open API,2026-08-10T14:19:08
030300,저축은행,202607,0010473,상상인저축은행,GP240084,비대면 회전정기예금,12,M,복리,3.80%,3.21%,"327,139",3.80%,스마트폰,1,제한없음,복리,,없음,신규가입일 당시 영업점 및 인터넷 홈페이지에 고시한 경과기간별 만기후이자율 적용 -1개월 이내: 최종 회전이율과 만기시점 동일상품 동일계약기간의 신규약정금리 중 낮은 금리를 적용 -1개월 초과: 보통예금 이율: 연0.1%(세전),없음,,20260722,,202607220818,금융감독원 금융상품한눈에 Open API,2026-08-10T14:19:08
030300,저축은행,202607,0010473,상상인저축은행,GP240086,정기예금,12,S,단리,3.90%,3.30%,"330,000",3.90%,영업점,1,제한없음,단리,,없음,[2019년 7월 1일 이전 신규] 연 0.1% (세전) [2019년 7월 1일 신규분부터] - 1개월 이내 : 당초 약정이율과 만기시점 해당상품 신규약정이율 중 낮은 이율 - 1개월 초과 : 연 0.1% (세전),없음,,20260722,,202607220818,금융감독원 금융상품한눈에 Open API,2026-08-10T14:19:08
030300,저축은행,202607,0010473,상상인저축은행,GP240086,정기예금,24,S,단리,2.40%,2.03%,"406,000",2.40%,영업점,1,제한없음,단리,,없음,[2019년 7월 1일 이전 신규] 연 0.1% (세전) [2019년 7월 1일 신규분부터] - 1개월 이내 : 당초 약정이율과 만기시점 해당상품 신규약정이율 중 낮은 이율 - 1개월 초과 : 연 0.1% (세전),없음,,20260722,,202607220818,금융감독원 금융상품한눈에 Open API,2026-08-10T14:19:08
030300,저축은행,202607,0010473,상상인저축은행,GP240086,정기예금,12,M,복리,3.90%,3.30%,"335,902",3.90%,영업점,1,제한없음,복리,,없음,[2019년 7월 1일 이전 신규] 연 0.1% (세전) [2019년 7월 1일 신규분부터] - 1개월 이내 : 당초 약정이율과 만기시점 해당상품 신규약정이율 중 낮은 이율 - 1개월 초과 : 연 0.1% (세전),없음,,20260722,,202607220818,금융감독원 금융상품한눈에 Open API,2026-08-10T14:19:08
030300,저축은행,202607,0010473,상상인저축은행,GP240086,정기예금,24,M,복리,2.40%,2.03%,"415,558",2.40%,영업점,1,제한없음,복리,,없음,[2019년 7월 1일 이전 신규] 연 0.1% (세전) [2019년 7월 1일 신규분부터] - 1개월 이내 : 당초 약정이율과 만기시점 해당상품 신규약정이율 중 낮은 이율 - 1개월 초과 : 연 0.1% (세전),없음,,20260722,,202607220818,금융감독원 금융상품한눈에 Open API,2026-08-10T14:19:08
030300,저축은행,202607,0010473,상상인저축은행,GP240087,정기예금-단기,1,S,단리,1.86%,1.57%,"13,000",1.86%,영업점,1,제한없음,단리,,없음,[2019년 7월 1일 이전 신규] 연 0.1% (세전) [2019년 7월 1일 신규분부터] - 1개월 이내 : 당초 약정이율과 만기시점 해당상품 신규약정이율 중 낮은 이율 - 1개월 초과 : 연 0.1% (세전),없음,,20260722,,202607220818,금융감독원 금융상품한눈에 Open API,2026-08-10T14:19:08
030300,저축은행,202607,0010473,상상인저축은행,GP240087,정기예금-단기,3,S,단리,1.96%,1.66%,"41,000",1.96%,영업점,1,제한없음,단리,,없음,[2019년 7월 1일 이전 신규] 연 0.1% (세전) [2019년 7월 1일 신규분부터] - 1개월 이내 : 당초 약정이율과 만기시점 해당상품 신규약정이율 중 낮은 이율 - 1개월 초과 : 연 0.1% (세전),없음,,20260722,,202607220818,금융감독원 금융상품한눈에 Open API,2026-08-10T14:19:08
030300,저축은행,202607,0010473,상상인저축은행,GP240087,정기예금-단기,6,S,단리,2.30%,1.95%,"97,000",2.30%,영업점,1,제한없음,단리,,없음,[2019년 7월 1일 이전 신규] 연 0.1% (세전) [2019년 7월 1일 신규분부터] - 1개월 이내 : 당초 약정이율과 만기시점 해당상품 신규약정이율 중 낮은 이율 - 1개월 초과 : 연 0.1% (세전),없음,,20260722,,202607220818,금융감독원 금융상품한눈에 Open API,2026-08-10T14:19:08
030300,저축은행,202607,0010473,상상인저축은행,GP240087,정기예금-단기,1,M,복리,1.86%,1.57%,"13,113",1.86%,영업점,1,제한없음,복리,,없음,[2019년 7월 1일 이전 신규] 연 0.1% (세전) [2019년 7월 1일 신규분부터] - 1개월 이내 : 당초 약정이율과 만기시점 해당상품 신규약정이율 중 낮은 이율 - 1개월 초과 : 연 0.1% (세전),없음,,20260722,,202607220818,금융감독원 금융상품한눈에 Open API,2026-08-10T14:19:08
030300,저축은행,202607,0010473,상상인저축은행,GP240087,정기예금-단기,3,M,복리,1.96%,1.66%,"41,522",1.96%,영업점,1,제한없음,복리,,없음,[2019년 7월 1일 이전 신규] 연 0.1% (세전) [2019년 7월 1일 신규분부터] - 1개월 이내 : 당초 약정이율과 만기시점 해당상품 신규약정이율 중 낮은 이율 - 1개월 초과 : 연 0.1% (세전),없음,,20260722,,202607220818,금융감독원 금융상품한눈에 Open API,2026-08-10T14:19:08
030300,저축은행,202607,0010473,상상인저축은행,GP240087,정기예금-단기,6,M,복리,2.30%,1.95%,"97,757",2.30%,영업점,1,제한없음,복리,,없음,[2019년 7월 1일 이전 신규] 연 0.1% (세전) [2019년 7월 1일 신규분부터] - 1개월 이내 : 당초 약정이율과 만기시점 해당상품 신규약정이율 중 낮은 이율 - 1개월 초과 : 연 0.1% (세전),없음,,20260722,,202607220818,금융감독원 금융상품한눈에 Open API,2026-08-10T14:19:08
030300,저축은행,202607,0010473,상상인저축은행,GP240090,e-정기예금,12,S,단리,3.80%,3.21%,"321,000",3.80%,"인터넷,스마트폰",1,제한없음,단리,,없음,[2019년 7월 1일 이전 신규] 연 0.1% (세전) [2019년 7월 1일 신규분부터] - 1개월 이내 : 당초 약정이율과 만기시점 해당상품 신규약정이율 중 낮은 이율 - 1개월 초과 : 연 0.1% (세전),없음,,20260722,,202607220818,금융감독원 금융상품한눈에 Open API,2026-08-10T14:19:08
030300,저축은행,202607,0010473,상상인저축은행,GP240090,e-정기예금,24,S,단리,2.40%,2.03%,"406,000",2.40%,"인터넷,스마트폰",1,제한없음,단리,,없음,[2019년 7월 1일 이전 신규] 연 0.1% (세전) [2019년 7월 1일 신규분부터] - 1개월 이내 : 당초 약정이율과 만기시점 해당상품 신규약정이율 중 낮은 이율 - 1개월 초과 : 연 0.1% (세전),없음,,20260722,,202607220818,금융감독원 금융상품한눈에 Open API,2026-08-10T14:19:08
030300,저축은행,202607,0010473,상상인저축은행,GP240090,e-정기예금,12,M,복리,3.80%,3.21%,"327,139",3.80%,"인터넷,스마트폰",1,제한없음,복리,,없음,[2019년 7월 1일 이전 신규] 연 0.1% (세전) [2019년 7월 1일 신규분부터] - 1개월 이내 : 당초 약정이율과 만기시점 해당상품 신규약정이율 중 낮은 이율 - 1개월 초과 : 연 0.1% (세전),없음,,20260722,,202607220818,금융감독원 금융상품한눈에 Open API,2026-08-10T14:19:08
030300,저축은행,202607,0010473,상상인저축은행,GP240090,e-정기예금,24,M,복리,2.40%,2.03%,"415,558",2.40%,"인터넷,스마트폰",1,제한없음,복리,,없음,[2019년 7월 1일 이전 신규] 연 0.1% (세전) [2019년 7월 1일 신규분부터] - 1개월 이내 : 당초 약정이율과 만기시점 해당상품 신규약정이율 중 낮은 이율 - 1개월 초과 : 연 0.1% (세전),없음,,20260722,,202607220818,금융감독원 금융상품한눈에 Open API,2026-08-10T14:19:08
030300,저축은행,202607,0010473,상상인저축은행,GP240091,e-정기예금-단기,1,S,단리,1.86%,1.57%,"13,000",1.86%,"인터넷,스마트폰",1,제한없음,단리,,없음,[2019년 7월 1일 이전 신규] 연 0.1% (세전) [2019년 7월 1일 신규분부터] - 1개월 이내 : 당초 약정이율과 만기시점 해당상품 신규약정이율 중 낮은 이율 - 1개월 초과 : 연 0.1% (세전),없음,,20260722,,202607220818,금융감독원 금융상품한눈에 Open API,2026-08-10T14:19:08
030300,저축은행,202607,0010473,상상인저축은행,GP240091,e-정기예금-단기,3,S,단리,1.96%,1.66%,"41,000",1.96%,"인터넷,스마트폰",1,제한없음,단리,,없음,[2019년 7월 1일 이전 신규] 연 0.1% (세전) [2019년 7월 1일 신규분부터] - 1개월 이내 : 당초 약정이율과 만기시점 해당상품 신규약정이율 중 낮은 이율 - 1개월 초과 : 연 0.1% (세전),없음,,20260722,,202607220818,금융감독원 금융상품한눈에 Open API,2026-08-10T14:19:08
030300,저축은행,202607,0010473,상상인저축은행,GP240091,e-정기예금-단기,6,S,단리,2.30%,1.95%,"97,000",2.30%,"인터넷,스마트폰",1,제한없음,단리,,없음,[2019년 7월 1일 이전 신규] 연 0.1% (세전) [2019년 7월 1일 신규분부터] - 1개월 이내 : 당초 약정이율과 만기시점 해당상품 신규약정이율 중 낮은 이율 - 1개월 초과 : 연 0.1% (세전),없음,,20260722,,202607220818,금융감독원 금융상품한눈에 Open API,2026-08-10T14:19:08
030300,저축은행,202607,0010473,상상인저축은행,GP240091,e-정기예금-단기,1,M,복리,1.86%,1.57%,"13,113",1.86%,"인터넷,스마트폰",1,제한없음,복리,,없음,[2019년 7월 1일 이전 신규] 연 0.1% (세전) [2019년 7월 1일 신규분부터] - 1개월 이내 : 당초 약정이율과 만기시점 해당상품 신규약정이율 중 낮은 이율 - 1개월 초과 : 연 0.1% (세전),없음,,20260722,,202607220818,금융감독원 금융상품한눈에 Open API,2026-08-10T14:19:08
030300,저축은행,202607,0010473,상상인저축은행,GP240091,e-정기예금-단기,3,M,복리,1.96%,1.66%,"41,522",1.96%,"인터넷,스마트폰",1,제한없음,복리,,없음,[2019년 7월 1일 이전 신규] 연 0.1% (세전) [2019년 7월 1일 신규분부터] - 1개월 이내 : 당초 약정이율과 만기시점 해당상품 신규약정이율 중 낮은 이율 - 1개월 초과 : 연 0.1% (세전),없음,,20260722,,202607220818,금융감독원 금융상품한눈에 Open API,2026-08-10T14:19:08
030300,저축은행,202607,0010473,상상인저축은행,GP240091,e-정기예금-단기,6,M,복리,2.30%,1.95%,"97,757",2.30%,"인터넷,스마트폰",1,제한없음,복리,,없음,[2019년 7월 1일 이전 신규] 연 0.1% (세전) [2019년 7월 1일 신규분부터] - 1개월 이내 : 당초 약정이율과 만기시점 해당상품 신규약정이율 중 낮은 이율 - 1개월 초과 : 연 0.1% (세전),없음,,20260722,,202607220818,금융감독원 금융상품한눈에 Open API,2026-08-10T14:19:08
030300,저축은행,202607,0010473,상상인저축은행,GP240094,비대면 정기예금,12,S,단리,3.80%,3.21%,"321,000",3.80%,스마트폰,1,제한없음,단리,,없음,[2019년 7월 1일 이전 신규] 연 0.1% (세전) [2019년 7월 1일 신규분부터] - 1개월 이내 : 당초 약정이율과 만기시점 해당상품 신규약정이율 중 낮은 이율 - 1개월 초과 : 연 0.1% (세전),없음,,20260722,,202607220818,금융감독원 금융상품한눈에 Open API,2026-08-10T14:19:08
030300,저축은행,202607,0010473,상상인저축은행,GP240094,비대면 정기예금,24,S,단리,2.40%,2.03%,"406,000",2.40%,스마트폰,1,제한없음,단리,,없음,[2019년 7월 1일 이전 신규] 연 0.1% (세전) [2019년 7월 1일 신규분부터] - 1개월 이내 : 당초 약정이율과 만기시점 해당상품 신규약정이율 중 낮은 이율 - 1개월 초과 : 연 0.1% (세전),없음,,20260722,,202607220818,금융감독원 금융상품한눈에 Open API,2026-08-10T14:19:08
030300,저축은행,202607,0010473,상상인저축은행,GP240094,비대면 정기예금,12,M,복리,3.80%,3.21%,"327,139",3.80%,스마트폰,1,제한없음,복리,,없음,[2019년 7월 1일 이전 신규] 연 0.1% (세전) [2019년 7월 1일 신규분부터] - 1개월 이내 : 당초 약정이율과 만기시점 해당상품 신규약정이율 중 낮은 이율 - 1개월 초과 : 연 0.1% (세전),없음,,20260722,,202607220818,금융감독원 금융상품한눈에 Open API,2026-08-10T14:19:08
030300,저축은행,202607,0010473,상상인저축은행,GP240094,비대면 정기예금,24,M,복리,2.40%,2.03%,"415,558",2.40%,스마트폰,1,제한없음,복리,,없음,[2019년 7월 1일 이전 신규] 연 0.1% (세전) [2019년 7월 1일 신규분부터] - 1개월 이내 : 당초 약정이율과 만기시점 해당상품 신규약정이율 중 낮은 이율 - 1개월 초과 : 연 0.1% (세전),없음,,20260722,,202607220818,금융감독원 금융상품한눈에 Open API,2026-08-10T14:19:08
030300,저축은행,202607,0010473,상상인저축은행,GP240095,비대면 정기예금-단기,1,S,단리,1.86%,1.57%,"13,000",1.86%,스마트폰,1,제한없음,단리,,없음,[2019년 7월 1일 이전 신규] 연 0.1% (세전) [2019년 7월 1일 신규분부터] - 1개월 이내 : 당초 약정이율과 만기시점 해당상품 신규약정이율 중 낮은 이율 - 1개월 초과 : 연 0.1% (세전),없음,,20260722,,202607220818,금융감독원 금융상품한눈에 Open API,2026-08-10T14:19:08
030300,저축은행,202607,0010473,상상인저축은행,GP240095,비대면 정기예금-단기,3,S,단리,1.96%,1.66%,"41,000",1.96%,스마트폰,1,제한없음,단리,,없음,[2019년 7월 1일 이전 신규] 연 0.1% (세전) [2019년 7월 1일 신규분부터] - 1개월 이내 : 당초 약정이율과 만기시점 해당상품 신규약정이율 중 낮은 이율 - 1개월 초과 : 연 0.1% (세전),없음,,20260722,,202607220818,금융감독원 금융상품한눈에 Open API,2026-08-10T14:19:08
030300,저축은행,202607,0010473,상상인저축은행,GP240095,비대면 정기예금-단기,6,S,단리,2.30%,1.95%,"97,000",2.30%,스마트폰,1,제한없음,단리,,없음,[2019년 7월 1일 이전 신규] 연 0.1% (세전) [2019년 7월 1일 신규분부터] - 1개월 이내 : 당초 약정이율과 만기시점 해당상품 신규약정이율 중 낮은 이율 - 1개월 초과 : 연 0.1% (세전),없음,,20260722,,202607220818,금융감독원 금융상품한눈에 Open API,2026-08-10T14:19:08
030300,저축은행,202607,0010473,상상인저축은행,GP240095,비대면 정기예금-단기,1,M,복리,1.86%,1.57%,"13,113",1.86%,스마트폰,1,제한없음,복리,,없음,[2019년 7월 1일 이전 신규] 연 0.1% (세전) [2019년 7월 1일 신규분부터] - 1개월 이내 : 당초 약정이율과 만기시점 해당상품 신규약정이율 중 낮은 이율 - 1개월 초과 : 연 0.1% (세전),없음,,20260722,,202607220818,금융감독원 금융상품한눈에 Open API,2026-08-10T14:19:08
030300,저축은행,202607,0010473,상상인저축은행,GP240095,비대면 정기예금-단기,3,M,복리,1.96%,1.66%,"41,522",1.96%,스마트폰,1,제한없음,복리,,없음,[2019년 7월 1일 이전 신규] 연 0.1% (세전) [2019년 7월 1일 신규분부터] - 1개월 이내 : 당초 약정이율과 만기시점 해당상품 신규약정이율 중 낮은 이율 - 1개월 초과 : 연 0.1% (세전),없음,,20260722,,202607220818,금융감독원 금융상품한눈에 Open API,2026-08-10T14:19:08
030300,저축은행,202607,0010473,상상인저축은행,GP240095,비대면 정기예금-단기,6,M,복리,2.30%,1.95%,"97,757",2.30%,스마트폰,1,제한없음,복리,,없음,[2019년 7월 1일 이전 신규] 연 0.1% (세전) [2019년 7월 1일 신규분부터] - 1개월 이내 : 당초 약정이율과 만기시점 해당상품 신규약정이율 중 낮은 이율 - 1개월 초과 : 연 0.1% (세전),없음,,20260722,,202607220818,금융감독원 금융상품한눈에 Open API,2026-08-10T14:19:08
030300,저축은행,202607,0010473,상상인저축은행,GP240098,뱅뱅뱅 정기예금,12,S,단리,3.80%,3.21%,"321,000",3.80%,스마트폰,1,제한없음,단리,,없음,[2019년 7월 1일 이전 신규] 연 0.1% (세전) [2019년 7월 1일 신규분부터] - 1개월 이내 : 당초 약정이율과 만기시점 해당상품 신규약정이율 중 낮은 이율 - 1개월 초과 : 연 0.1% (세전),없음,,20260722,,202607220818,금융감독원 금융상품한눈에 Open API,2026-08-10T14:19:08
030300,저축은행,202607,0010473,상상인저축은행,GP240098,뱅뱅뱅 정기예금,24,S,단리,2.40%,2.03%,"406,000",2.40%,스마트폰,1,제한없음,단리,,없음,[2019년 7월 1일 이전 신규] 연 0.1% (세전) [2019년 7월 1일 신규분부터] - 1개월 이내 : 당초 약정이율과 만기시점 해당상품 신규약정이율 중 낮은 이율 - 1개월 초과 : 연 0.1% (세전),없음,,20260722,,202607220818,금융감독원 금융상품한눈에 Open API,2026-08-10T14:19:08
030300,저축은행,202607,0010473,상상인저축은행,GP240098,뱅뱅뱅 정기예금,12,M,복리,3.80%,3.21%,"327,139",3.80%,스마트폰,1,제한없음,복리,,없음,[2019년 7월 1일 이전 신규] 연 0.1% (세전) [2019년 7월 1일 신규분부터] - 1개월 이내 : 당초 약정이율과 만기시점 해당상품 신규약정이율 중 낮은 이율 - 1개월 초과 : 연 0.1% (세전),없음,,20260722,,202607220818,금융감독원 금융상품한눈에 Open API,2026-08-10T14:19:08
030300,저축은행,202607,0010473,상상인저축은행,GP240098,뱅뱅뱅 정기예금,24,M,복리,2.40%,2.03%,"415,558",2.40%,스마트폰,1,제한없음,복리,,없음,[2019년 7월 1일 이전 신규] 연 0.1% (세전) [2019년 7월 1일 신규분부터] - 1개월 이내 : 당초 약정이율과 만기시점 해당상품 신규약정이율 중 낮은 이율 - 1개월 초과 : 연 0.1% (세전),없음,,20260722,,202607220818,금융감독원 금융상품한눈에 Open API,2026-08-10T14:19:08
030300,저축은행,202607,0010473,상상인저축은행,GP240099,뱅뱅뱅 정기예금-단기,1,S,단리,1.86%,1.57%,"13,000",1.86%,스마트폰,1,제한없음,단리,,없음,[2019년 7월 1일 이전 신규] 연 0.1% (세전) [2019년 7월 1일 신규분부터] - 1개월 이내 : 당초 약정이율과 만기시점 해당상품 신규약정이율 중 낮은 이율 - 1개월 초과 : 연 0.1% (세전),없음,,20260722,,202607220818,금융감독원 금융상품한눈에 Open API,2026-08-10T14:19:08
030300,저축은행,202607,0010473,상상인저축은행,GP240099,뱅뱅뱅 정기예금-단기,3,S,단리,1.96%,1.66%,"41,000",1.96%,스마트폰,1,제한없음,단리,,없음,[2019년 7월 1일 이전 신규] 연 0.1% (세전) [2019년 7월 1일 신규분부터] - 1개월 이내 : 당초 약정이율과 만기시점 해당상품 신규약정이율 중 낮은 이율 - 1개월 초과 : 연 0.1% (세전),없음,,20260722,,202607220818,금융감독원 금융상품한눈에 Open API,2026-08-10T14:19:08
030300,저축은행,202607,0010473,상상인저축은행,GP240099,뱅뱅뱅 정기예금-단기,6,S,단리,2.30%,1.95%,"97,000",2.30%,스마트폰,1,제한없음,단리,,없음,[2019년 7월 1일 이전 신규] 연 0.1% (세전) [2019년 7월 1일 신규분부터] - 1개월 이내 : 당초 약정이율과 만기시점 해당상품 신규약정이율 중 낮은 이율 - 1개월 초과 : 연 0.1% (세전),없음,,20260722,,202607220818,금융감독원 금융상품한눈에 Open API,2026-08-10T14:19:08
030300,저축은행,202607,0010473,상상인저축은행,GP240099,뱅뱅뱅 정기예금-단기,1,M,복리,1.86%,1.57%,"13,113",1.86%,스마트폰,1,제한없음,복리,,없음,[2019년 7월 1일 이전 신규] 연 0.1% (세전) [2019년 7월 1일 신규분부터] - 1개월 이내 : 당초 약정이율과 만기시점 해당상품 신규약정이율 중 낮은 이율 - 1개월 초과 : 연 0.1% (세전),없음,,20260722,,202607220818,금융감독원 금융상품한눈에 Open API,2026-08-10T14:19:08
030300,저축은행,202607,0010473,상상인저축은행,GP240099,뱅뱅뱅 정기예금-단기,3,M,복리,1.96%,1.66%,"41,522",1.96%,스마트폰,1,제한없음,복리,,없음,[2019년 7월 1일 이전 신규] 연 0.1% (세전) [2019년 7월 1일 신규분부터] - 1개월 이내 : 당초 약정이율과 만기시점 해당상품 신규약정이율 중 낮은 이율 - 1개월 초과 : 연 0.1% (세전),없음,,20260722,,202607220818,금융감독원 금융상품한눈에 Open API,2026-08-10T14:19:08
030300,저축은행,202607,0010473,상상인저축은행,GP240099,뱅뱅뱅 정기예금-단기,6,M,복리,2.30%,1.95%,"97,757",2.30%,스마트폰,1,제한없음,복리,,없음,[2019년 7월 1일 이전 신규] 연 0.1% (세전) [2019년 7월 1일 신규분부터] - 1개월 이내 : 당초 약정이율과 만기시점 해당상품 신규약정이율 중 낮은 이율 - 1개월 초과 : 연 0.1% (세전),없음,,20260722,,202607220818,금융감독원 금융상품한눈에 Open API,2026-08-10T14:19:08
030300,저축은행,202607,0010473,상상인저축은행,GP240103,뱅뱅뱅 9개월 회전정기예금,36,S,단리,3.80%,3.21%,"964,000",3.80%,스마트폰,1,제한없음,단리,,없음,신규가입일 당시 영업점 및 인터넷 홈페이지에 고시한 경과기간별 만기후이자율 적용 -1개월 이내: 최종 회전이율과 만기시점 동일상품 동일계약기간의 신규약정금리 중 낮은 금리를 적용 -1개월 초과: 보통예금 이율: 연0.1%(세전),없음,,20260722,,202607220818,금융감독원 금융상품한눈에 Open API,2026-08-10T14:19:08
030300,저축은행,202607,0010473,상상인저축은행,GP240103,뱅뱅뱅 9개월 회전정기예금,36,M,복리,3.80%,3.21%,"1,019,855",3.80%,스마트폰,1,제한없음,복리,,없음,신규가입일 당시 영업점 및 인터넷 홈페이지에 고시한 경과기간별 만기후이자율 적용 -1개월 이내: 최종 회전이율과 만기시점 동일상품 동일계약기간의 신규약정금리 중 낮은 금리를 적용 -1개월 초과: 보통예금 이율: 연0.1%(세전),없음,,20260722,,202607220818,금융감독원 금융상품한눈에 Open API,2026-08-10T14:19:08
030300,저축은행,202607,0010473,상상인저축은행,GP240105,9개월 회전정기예금,36,S,단리,3.80%,3.21%,"964,000",3.80%,영업점,1,제한없음,단리,,없음,신규가입일 당시 영업점 및 인터넷 홈페이지에 고시한 경과기간별 만기후이자율 적용 -1개월 이내: 최종 회전이율과 만기시점 동일상품 동일계약기간의 신규약정금리 중 낮은 금리를 적용 -1개월 초과: 보통예금 이율: 연0.1%(세전),없음,,20260722,,202607220818,금융감독원 금융상품한눈에 Open API,2026-08-10T14:19:08
030300,저축은행,202607,0010473,상상인저축은행,GP240105,9개월 회전정기예금,36,M,복리,3.80%,3.21%,"1,019,855",3.80%,영업점,1,제한없음,복리,,없음,신규가입일 당시 영업점 및 인터넷 홈페이지에 고시한 경과기간별 만기후이자율 적용 -1개월 이내: 최종 회전이율과 만기시점 동일상품 동일계약기간의 신규약정금리 중 낮은 금리를 적용 -1개월 초과: 보통예금 이율: 연0.1%(세전),없음,,20260722,,202607220818,금융감독원 금융상품한눈에 Open API,2026-08-10T14:19:08
030300,저축은행,202607,0010473,상상인저축은행,GP240107,e-9개월 회전정기예금,36,S,단리,3.80%,3.21%,"964,000",3.80%,"인터넷,스마트폰",1,제한없음,단리,,없음,신규가입일 당시 영업점 및 인터넷 홈페이지에 고시한 경과기간별 만기후이자율 적용 -1개월 이내: 최종 회전이율과 만기시점 동일상품 동일계약기간의 신규약정금리 중 낮은 금리를 적용 -1개월 초과: 보통예금 이율: 연0.1%(세전),없음,,20260722,,202607220818,금융감독원 금융상품한눈에 Open API,2026-08-10T14:19:08
030300,저축은행,202607,0010473,상상인저축은행,GP240107,e-9개월 회전정기예금,36,M,복리,3.80%,3.21%,"1,019,855",3.80%,"인터넷,스마트폰",1,제한없음,복리,,없음,신규가입일 당시 영업점 및 인터넷 홈페이지에 고시한 경과기간별 만기후이자율 적용 -1개월 이내: 최종 회전이율과 만기시점 동일상품 동일계약기간의 신규약정금리 중 낮은 금리를 적용 -1개월 초과: 보통예금 이율: 연0.1%(세전),없음,,20260722,,202607220818,금융감독원 금융상품한눈에 Open API,2026-08-10T14:19:08
030300,저축은행,202607,0010473,상상인저축은행,GP240109,비대면 9개월 회전정기예금,36,S,단리,3.80%,3.21%,"964,000",3.80%,스마트폰,1,제한없음,단리,,없음,신규가입일 당시 영업점 및 인터넷 홈페이지에 고시한 경과기간별 만기후이자율 적용 -1개월 이내: 최종 회전이율과 만기시점 동일상품 동일계약기간의 신규약정금리 중 낮은 금리를 적용 -1개월 초과: 보통예금 이율: 연0.1%(세전),없음,,20260722,,202607220818,금융감독원 금융상품한눈에 Open API,2026-08-10T14:19:08
030300,저축은행,202607,0010473,상상인저축은행,GP240109,비대면 9개월 회전정기예금,36,M,복리,3.80%,3.21%,"1,019,855",3.80%,스마트폰,1,제한없음,복리,,없음,신규가입일 당시 영업점 및 인터넷 홈페이지에 고시한 경과기간별 만기후이자율 적용 -1개월 이내: 최종 회전이율과 만기시점 동일상품 동일계약기간의 신규약정금리 중 낮은 금리를 적용 -1개월 초과: 보통예금 이율: 연0.1%(세전),없음,,20260722,,202607220818,금융감독원 금융상품한눈에 Open API,2026-08-10T14:19:08
030300,저축은행,202607,0010477,한화저축은행,240071,한화가족사랑정기예금,1,S,단리,1.60%,1.35%,"11,000",1.60%,영업점,1,제한없음,단리,,없음,- 만기 후 1개월 이하: 만기일 현재 금리 적용 - 만기 후 1개월 초과: 보통예금 이율,없음,,20260720,,202607201300,금융감독원 금융상품한눈에 Open API,2026-08-10T14:19:08
030300,저축은행,202607,0010477,한화저축은행,240071,한화가족사랑정기예금,3,S,단리,2.00%,1.69%,"42,000",2.00%,영업점,1,제한없음,단리,,없음,- 만기 후 1개월 이하: 만기일 현재 금리 적용 - 만기 후 1개월 초과: 보통예금 이율,없음,,20260720,,202607201300,금융감독원 금융상품한눈에 Open API,2026-08-10T14:19:08
030300,저축은행,202607,0010477,한화저축은행,240071,한화가족사랑정기예금,6,S,단리,2.50%,2.11%,"106,000",2.50%,영업점,1,제한없음,단리,,없음,- 만기 후 1개월 이하: 만기일 현재 금리 적용 - 만기 후 1개월 초과: 보통예금 이율,없음,,20260720,,202607201300,금융감독원 금융상품한눈에 Open API,2026-08-10T14:19:08
030300,저축은행,202607,0010477,한화저축은행,240071,한화가족사랑정기예금,12,S,단리,3.80%,3.21%,"321,000",3.80%,영업점,1,제한없음,단리,,없음,- 만기 후 1개월 이하: 만기일 현재 금리 적용 - 만기 후 1개월 초과: 보통예금 이율,없음,,20260720,,202607201300,금융감독원 금융상품한눈에 Open API,2026-08-10T14:19:08
030300,저축은행,202607,0010477,한화저축은행,240071,한화가족사랑정기예금,24,S,단리,3.80%,3.21%,"643,000",3.80%,영업점,1,제한없음,단리,,없음,- 만기 후 1개월 이하: 만기일 현재 금리 적용 - 만기 후 1개월 초과: 보통예금 이율,없음,,20260720,,202607201300,금융감독원 금융상품한눈에 Open API,2026-08-10T14:19:08
030300,저축은행,202607,0010477,한화저축은행,240071,한화가족사랑정기예금,1,M,복리,1.60%,1.35%,"11,280",1.60%,영업점,1,제한없음,복리,,없음,- 만기 후 1개월 이하: 만기일 현재 금리 적용 - 만기 후 1개월 초과: 보통예금 이율,없음,,20260720,,202607201300,금융감독원 금융상품한눈에 Open API,2026-08-10T14:19:08
030300,저축은행,202607,0010477,한화저축은행,240071,한화가족사랑정기예금,3,M,복리,2.00%,1.69%,"42,371",2.00%,영업점,1,제한없음,복리,,없음,- 만기 후 1개월 이하: 만기일 현재 금리 적용 - 만기 후 1개월 초과: 보통예금 이율,없음,,20260720,,202607201300,금융감독원 금융상품한눈에 Open API,2026-08-10T14:19:08
030300,저축은행,202607,0010477,한화저축은행,240071,한화가족사랑정기예금,6,M,복리,2.50%,2.11%,"106,302",2.50%,영업점,1,제한없음,복리,,없음,- 만기 후 1개월 이하: 만기일 현재 금리 적용 - 만기 후 1개월 초과: 보통예금 이율,없음,,20260720,,202607201300,금융감독원 금융상품한눈에 Open API,2026-08-10T14:19:08
030300,저축은행,202607,0010477,한화저축은행,240071,한화가족사랑정기예금,12,M,복리,3.80%,3.21%,"327,139",3.80%,영업점,1,제한없음,복리,,없음,- 만기 후 1개월 이하: 만기일 현재 금리 적용 - 만기 후 1개월 초과: 보통예금 이율,없음,,20260720,,202607201300,금융감독원 금융상품한눈에 Open API,2026-08-10T14:19:08
030300,저축은행,202607,0010477,한화저축은행,240071,한화가족사랑정기예금,24,M,복리,3.80%,3.21%,"666,927",3.80%,영업점,1,제한없음,복리,,없음,- 만기 후 1개월 이하: 만기일 현재 금리 적용 - 만기 후 1개월 초과: 보통예금 이율,없음,,20260720,,202607201300,금융감독원 금융상품한눈에 Open API,2026-08-10T14:19:08
030300,저축은행,202607,0010477,한화저축은행,240093,e뱅킹정기예금,1,S,단리,1.60%,1.35%,"11,000",1.60%,"인터넷,스마트폰",1,"제한없음 (인터넷뱅킹, 스마트폰뱅킹 전용)",단리,,없음,- 만기 후 1개월 이하: 만기일 현재 금리 적용 - 만기 후 1개월 초과: 보통예금 이율,없음,,20260720,,202607201300,금융감독원 금융상품한눈에 Open API,2026-08-10T14:19:08
030300,저축은행,202607,0010477,한화저축은행,240093,e뱅킹정기예금,3,S,단리,2.00%,1.69%,"42,000",2.00%,"인터넷,스마트폰",1,"제한없음 (인터넷뱅킹, 스마트폰뱅킹 전용)",단리,,없음,- 만기 후 1개월 이하: 만기일 현재 금리 적용 - 만기 후 1개월 초과: 보통예금 이율,없음,,20260720,,202607201300,금융감독원 금융상품한눈에 Open API,2026-08-10T14:19:08
030300,저축은행,202607,0010477,한화저축은행,240093,e뱅킹정기예금,6,S,단리,2.50%,2.11%,"106,000",2.50%,"인터넷,스마트폰",1,"제한없음 (인터넷뱅킹, 스마트폰뱅킹 전용)",단리,,없음,- 만기 후 1개월 이하: 만기일 현재 금리 적용 - 만기 후 1개월 초과: 보통예금 이율,없음,,20260720,,202607201300,금융감독원 금융상품한눈에 Open API,2026-08-10T14:19:08
030300,저축은행,202607,0010477,한화저축은행,240093,e뱅킹정기예금,12,S,단리,3.95%,3.34%,"334,000",3.95%,"인터넷,스마트폰",1,"제한없음 (인터넷뱅킹, 스마트폰뱅킹 전용)",단리,,없음,- 만기 후 1개월 이하: 만기일 현재 금리 적용 - 만기 후 1개월 초과: 보통예금 이율,없음,,20260720,,202607201300,금융감독원 금융상품한눈에 Open API,2026-08-10T14:19:08
030300,저축은행,202607,0010477,한화저축은행,240093,e뱅킹정기예금,24,S,단리,3.95%,3.34%,"668,000",3.95%,"인터넷,스마트폰",1,"제한없음 (인터넷뱅킹, 스마트폰뱅킹 전용)",단리,,없음,- 만기 후 1개월 이하: 만기일 현재 금리 적용 - 만기 후 1개월 초과: 보통예금 이율,없음,,20260720,,202607201300,금융감독원 금융상품한눈에 Open API,2026-08-10T14:19:08
030300,저축은행,202607,0010477,한화저축은행,240093,e뱅킹정기예금,1,M,복리,1.60%,1.35%,"11,280",1.60%,"인터넷,스마트폰",1,"제한없음 (인터넷뱅킹, 스마트폰뱅킹 전용)",복리,,없음,- 만기 후 1개월 이하: 만기일 현재 금리 적용 - 만기 후 1개월 초과: 보통예금 이율,없음,,20260720,,202607201300,금융감독원 금융상품한눈에 Open API,2026-08-10T14:19:08
030300,저축은행,202607,0010477,한화저축은행,240093,e뱅킹정기예금,3,M,복리,2.00%,1.69%,"42,371",2.00%,"인터넷,스마트폰",1,"제한없음 (인터넷뱅킹, 스마트폰뱅킹 전용)",복리,,없음,- 만기 후 1개월 이하: 만기일 현재 금리 적용 - 만기 후 1개월 초과: 보통예금 이율,없음,,20260720,,202607201300,금융감독원 금융상품한눈에 Open API,2026-08-10T14:19:08
030300,저축은행,202607,0010477,한화저축은행,240093,e뱅킹정기예금,6,M,복리,2.50%,2.11%,"106,302",2.50%,"인터넷,스마트폰",1,"제한없음 (인터넷뱅킹, 스마트폰뱅킹 전용)",복리,,없음,- 만기 후 1개월 이하: 만기일 현재 금리 적용 - 만기 후 1개월 초과: 보통예금 이율,없음,,20260720,,202607201300,금융감독원 금융상품한눈에 Open API,2026-08-10T14:19:08
030300,저축은행,202607,0010477,한화저축은행,240093,e뱅킹정기예금,12,M,복리,3.95%,3.34%,"340,287",3.95%,"인터넷,스마트폰",1,"제한없음 (인터넷뱅킹, 스마트폰뱅킹 전용)",복리,,없음,- 만기 후 1개월 이하: 만기일 현재 금리 적용 - 만기 후 1개월 초과: 보통예금 이율,없음,,20260720,,202607201300,금융감독원 금융상품한눈에 Open API,2026-08-10T14:19:08
030300,저축은행,202607,0010477,한화저축은행,240093,e뱅킹정기예금,24,M,복리,3.95%,3.34%,"694,261",3.95%,"인터넷,스마트폰",1,"제한없음 (인터넷뱅킹, 스마트폰뱅킹 전용)",복리,,없음,- 만기 후 1개월 이하: 만기일 현재 금리 적용 - 만기 후 1개월 초과: 보통예금 이율,없음,,20260720,,202607201300,금융감독원 금융상품한눈에 Open API,2026-08-10T14:19:08
030300,저축은행,202607,0010477,한화저축은행,240095,한화자동연장정기예금,1,S,단리,1.60%,1.35%,"11,000",1.60%,영업점,1,제한없음,단리,,없음,- 만기 후 1개월 이하: 만기일 현재 금리 적용 - 만기 후 1개월 초과: 보통예금 이율,없음,,20260720,,202607201300,금융감독원 금융상품한눈에 Open API,2026-08-10T14:19:08
030300,저축은행,202607,0010477,한화저축은행,240095,한화자동연장정기예금,3,S,단리,2.00%,1.69%,"42,000",2.00%,영업점,1,제한없음,단리,,없음,- 만기 후 1개월 이하: 만기일 현재 금리 적용 - 만기 후 1개월 초과: 보통예금 이율,없음,,20260720,,202607201300,금융감독원 금융상품한눈에 Open API,2026-08-10T14:19:08
030300,저축은행,202607,0010477,한화저축은행,240095,한화자동연장정기예금,6,S,단리,2.50%,2.11%,"106,000",2.50%,영업점,1,제한없음,단리,,없음,- 만기 후 1개월 이하: 만기일 현재 금리 적용 - 만기 후 1개월 초과: 보통예금 이율,없음,,20260720,,202607201300,금융감독원 금융상품한눈에 Open API,2026-08-10T14:19:08
030300,저축은행,202607,0010477,한화저축은행,240095,한화자동연장정기예금,12,S,단리,3.85%,3.26%,"326,000",3.85%,영업점,1,제한없음,단리,,없음,- 만기 후 1개월 이하: 만기일 현재 금리 적용 - 만기 후 1개월 초과: 보통예금 이율,없음,,20260720,,202607201300,금융감독원 금융상품한눈에 Open API,2026-08-10T14:19:08
030300,저축은행,202607,0010477,한화저축은행,240095,한화자동연장정기예금,24,S,단리,3.85%,3.26%,"651,000",3.85%,영업점,1,제한없음,단리,,없음,- 만기 후 1개월 이하: 만기일 현재 금리 적용 - 만기 후 1개월 초과: 보통예금 이율,없음,,20260720,,202607201300,금융감독원 금융상품한눈에 Open API,2026-08-10T14:19:08
030300,저축은행,202607,0010477,한화저축은행,240095,한화자동연장정기예금,1,M,복리,1.60%,1.35%,"11,280",1.60%,영업점,1,제한없음,복리,,없음,- 만기 후 1개월 이하: 만기일 현재 금리 적용 - 만기 후 1개월 초과: 보통예금 이율,없음,,20260720,,202607201300,금융감독원 금융상품한눈에 Open API,2026-08-10T14:19:08
030300,저축은행,202607,0010477,한화저축은행,240095,한화자동연장정기예금,3,M,복리,2.00%,1.69%,"42,371",2.00%,영업점,1,제한없음,복리,,없음,- 만기 후 1개월 이하: 만기일 현재 금리 적용 - 만기 후 1개월 초과: 보통예금 이율,없음,,20260720,,202607201300,금융감독원 금융상품한눈에 Open API,2026-08-10T14:19:08
030300,저축은행,202607,0010477,한화저축은행,240095,한화자동연장정기예금,6,M,복리,2.50%,2.11%,"106,302",2.50%,영업점,1,제한없음,복리,,없음,- 만기 후 1개월 이하: 만기일 현재 금리 적용 - 만기 후 1개월 초과: 보통예금 이율,없음,,20260720,,202607201300,금융감독원 금융상품한눈에 Open API,2026-08-10T14:19:08
030300,저축은행,202607,0010477,한화저축은행,240095,한화자동연장정기예금,12,M,복리,3.85%,3.26%,"331,519",3.85%,영업점,1,제한없음,복리,,없음,- 만기 후 1개월 이하: 만기일 현재 금리 적용 - 만기 후 1개월 초과: 보통예금 이율,없음,,20260720,,202607201300,금융감독원 금융상품한눈에 Open API,2026-08-10T14:19:08
030300,저축은행,202607,0010477,한화저축은행,240095,한화자동연장정기예금,24,M,복리,3.85%,3.26%,"676,030",3.85%,영업점,1,제한없음,복리,,없음,- 만기 후 1개월 이하: 만기일 현재 금리 적용 - 만기 후 1개월 초과: 보통예금 이율,없음,,20260720,,202607201300,금융감독원 금융상품한눈에 Open API,2026-08-10T14:19:08
030300,저축은행,202607,0010477,한화저축은행,240097,한화회전정기예금,3,S,단리,3.55%,3.00%,"75,000",3.55%,영업점,1,제한없음,단리,,없음,- 만기 후 1개월 이하: 만기일 현재 금리 적용 - 만기 후 1개월 초과: 보통예금 이율,없음,,20260720,,202607201300,금융감독원 금융상품한눈에 Open API,2026-08-10T14:19:08
030300,저축은행,202607,0010477,한화저축은행,240097,한화회전정기예금,6,S,단리,3.70%,3.13%,"157,000",3.70%,영업점,1,제한없음,단리,,없음,- 만기 후 1개월 이하: 만기일 현재 금리 적용 - 만기 후 1개월 초과: 보통예금 이율,없음,,20260720,,202607201300,금융감독원 금융상품한눈에 Open API,2026-08-10T14:19:08
030300,저축은행,202607,0010477,한화저축은행,240097,한화회전정기예금,12,S,단리,3.90%,3.30%,"330,000",3.90%,영업점,1,제한없음,단리,,없음,- 만기 후 1개월 이하: 만기일 현재 금리 적용 - 만기 후 1개월 초과: 보통예금 이율,없음,,20260720,,202607201300,금융감독원 금융상품한눈에 Open API,2026-08-10T14:19:08
030300,저축은행,202607,0010477,한화저축은행,240097,한화회전정기예금,3,M,복리,3.55%,3.00%,"75,305",3.55%,영업점,1,제한없음,복리,,없음,- 만기 후 1개월 이하: 만기일 현재 금리 적용 - 만기 후 1개월 초과: 보통예금 이율,없음,,20260720,,202607201300,금융감독원 금융상품한눈에 Open API,2026-08-10T14:19:08
030300,저축은행,202607,0010477,한화저축은행,240097,한화회전정기예금,6,M,복리,3.70%,3.13%,"157,721",3.70%,영업점,1,제한없음,복리,,없음,- 만기 후 1개월 이하: 만기일 현재 금리 적용 - 만기 후 1개월 초과: 보통예금 이율,없음,,20260720,,202607201300,금융감독원 금융상품한눈에 Open API,2026-08-10T14:19:08
030300,저축은행,202607,0010477,한화저축은행,240097,한화회전정기예금,12,M,복리,3.90%,3.30%,"335,902",3.90%,영업점,1,제한없음,복리,,없음,- 만기 후 1개월 이하: 만기일 현재 금리 적용 - 만기 후 1개월 초과: 보통예금 이율,없음,,20260720,,202607201300,금융감독원 금융상품한눈에 Open API,2026-08-10T14:19:08
030300,저축은행,202607,0010477,한화저축은행,240109,한화e-회전정기예금,3,S,단리,3.65%,3.09%,"77,000",3.65%,"인터넷,스마트폰",1,"제한없음 (인터넷뱅킹, 스마트폰뱅킹 전용)",단리,,없음,- 만기 후 1개월 이하: 만기일 현재 금리 적용 - 만기 후 1개월 초과: 보통예금 이율,없음,,20260720,,202607201300,금융감독원 금융상품한눈에 Open API,2026-08-10T14:19:08
030300,저축은행,202607,0010477,한화저축은행,240109,한화e-회전정기예금,6,S,단리,3.80%,3.21%,"161,000",3.80%,"인터넷,스마트폰",1,"제한없음 (인터넷뱅킹, 스마트폰뱅킹 전용)",단리,,없음,- 만기 후 1개월 이하: 만기일 현재 금리 적용 - 만기 후 1개월 초과: 보통예금 이율,없음,,20260720,,202607201300,금융감독원 금융상품한눈에 Open API,2026-08-10T14:19:08
030300,저축은행,202607,0010477,한화저축은행,240109,한화e-회전정기예금,12,S,단리,4.00%,3.38%,"338,000",4.00%,"인터넷,스마트폰",1,"제한없음 (인터넷뱅킹, 스마트폰뱅킹 전용)",단리,,없음,- 만기 후 1개월 이하: 만기일 현재 금리 적용 - 만기 후 1개월 초과: 보통예금 이율,없음,,20260720,,202607201300,금융감독원 금융상품한눈에 Open API,2026-08-10T14:19:08
030300,저축은행,202607,0010477,한화저축은행,240109,한화e-회전정기예금,3,M,복리,3.65%,3.09%,"77,433",3.65%,"인터넷,스마트폰",1,"제한없음 (인터넷뱅킹, 스마트폰뱅킹 전용)",복리,,없음,- 만기 후 1개월 이하: 만기일 현재 금리 적용 - 만기 후 1개월 초과: 보통예금 이율,없음,,20260720,,202607201300,금융감독원 금융상품한눈에 Open API,2026-08-10T14:19:08
030300,저축은행,202607,0010477,한화저축은행,240109,한화e-회전정기예금,6,M,복리,3.80%,3.21%,"162,018",3.80%,"인터넷,스마트폰",1,"제한없음 (인터넷뱅킹, 스마트폰뱅킹 전용)",복리,,없음,- 만기 후 1개월 이하: 만기일 현재 금리 적용 - 만기 후 1개월 초과: 보통예금 이율,없음,,20260720,,202607201300,금융감독원 금융상품한눈에 Open API,2026-08-10T14:19:08
030300,저축은행,202607,0010477,한화저축은행,240109,한화e-회전정기예금,12,M,복리,4.00%,3.38%,"344,673",4.00%,"인터넷,스마트폰",1,"제한없음 (인터넷뱅킹, 스마트폰뱅킹 전용)",복리,,없음,- 만기 후 1개월 이하: 만기일 현재 금리 적용 - 만기 후 1개월 초과: 보통예금 이율,없음,,20260720,,202607201300,금융감독원 금융상품한눈에 Open API,2026-08-10T14:19:08
030300,저축은행,202607,0010477,한화저축은행,240111,Mymo 정기예금,1,S,단리,1.60%,1.35%,"11,000",1.60%,스마트폰,1,제한없음 (자체앱(Mymo) 전용),단리,,없음,- 만기 후 1개월 이하: 만기일 현재 금리 적용 - 만기 후 1개월 초과: 보통예금 이율,자체앱(Mymo) 전용,,20260720,,202607201300,금융감독원 금융상품한눈에 Open API,2026-08-10T14:19:08
030300,저축은행,202607,0010477,한화저축은행,240111,Mymo 정기예금,3,S,단리,2.00%,1.69%,"42,000",2.00%,스마트폰,1,제한없음 (자체앱(Mymo) 전용),단리,,없음,- 만기 후 1개월 이하: 만기일 현재 금리 적용 - 만기 후 1개월 초과: 보통예금 이율,자체앱(Mymo) 전용,,20260720,,202607201300,금융감독원 금융상품한눈에 Open API,2026-08-10T14:19:08
030300,저축은행,202607,0010477,한화저축은행,240111,Mymo 정기예금,6,S,단리,2.50%,2.11%,"106,000",2.50%,스마트폰,1,제한없음 (자체앱(Mymo) 전용),단리,,없음,- 만기 후 1개월 이하: 만기일 현재 금리 적용 - 만기 후 1개월 초과: 보통예금 이율,자체앱(Mymo) 전용,,20260720,,202607201300,금융감독원 금융상품한눈에 Open API,2026-08-10T14:19:08
030300,저축은행,202607,0010477,한화저축은행,240111,Mymo 정기예금,12,S,단리,3.95%,3.34%,"334,000",3.95%,스마트폰,1,제한없음 (자체앱(Mymo) 전용),단리,,없음,- 만기 후 1개월 이하: 만기일 현재 금리 적용 - 만기 후 1개월 초과: 보통예금 이율,자체앱(Mymo) 전용,,20260720,,202607201300,금융감독원 금융상품한눈에 Open API,2026-08-10T14:19:08
030300,저축은행,202607,0010477,한화저축은행,240111,Mymo 정기예금,24,S,단리,3.95%,3.34%,"668,000",3.95%,스마트폰,1,제한없음 (자체앱(Mymo) 전용),단리,,없음,- 만기 후 1개월 이하: 만기일 현재 금리 적용 - 만기 후 1개월 초과: 보통예금 이율,자체앱(Mymo) 전용,,20260720,,202607201300,금융감독원 금융상품한눈에 Open API,2026-08-10T14:19:08
030300,저축은행,202607,0010477,한화저축은행,240111,Mymo 정기예금,1,M,복리,1.60%,1.35%,"11,280",1.60%,스마트폰,1,제한없음 (자체앱(Mymo) 전용),복리,,없음,- 만기 후 1개월 이하: 만기일 현재 금리 적용 - 만기 후 1개월 초과: 보통예금 이율,자체앱(Mymo) 전용,,20260720,,202607201300,금융감독원 금융상품한눈에 Open API,2026-08-10T14:19:08
030300,저축은행,202607,0010477,한화저축은행,240111,Mymo 정기예금,3,M,복리,2.00%,1.69%,"42,371",2.00%,스마트폰,1,제한없음 (자체앱(Mymo) 전용),복리,,없음,- 만기 후 1개월 이하: 만기일 현재 금리 적용 - 만기 후 1개월 초과: 보통예금 이율,자체앱(Mymo) 전용,,20260720,,202607201300,금융감독원 금융상품한눈에 Open API,2026-08-10T14:19:08
030300,저축은행,202607,0010477,한화저축은행,240111,Mymo 정기예금,6,M,복리,2.50%,2.11%,"106,302",2.50%,스마트폰,1,제한없음 (자체앱(Mymo) 전용),복리,,없음,- 만기 후 1개월 이하: 만기일 현재 금리 적용 - 만기 후 1개월 초과: 보통예금 이율,자체앱(Mymo) 전용,,20260720,,202607201300,금융감독원 금융상품한눈에 Open API,2026-08-10T14:19:08
030300,저축은행,202607,0010477,한화저축은행,240111,Mymo 정기예금,12,M,복리,3.95%,3.34%,"340,287",3.95%,스마트폰,1,제한없음 (자체앱(Mymo) 전용),복리,,없음,- 만기 후 1개월 이하: 만기일 현재 금리 적용 - 만기 후 1개월 초과: 보통예금 이율,자체앱(Mymo) 전용,,20260720,,202607201300,금융감독원 금융상품한눈에 Open API,2026-08-10T14:19:08
030300,저축은행,202607,0010477,한화저축은행,240111,Mymo 정기예금,24,M,복리,3.95%,3.34%,"694,261",3.95%,스마트폰,1,제한없음 (자체앱(Mymo) 전용),복리,,없음,- 만기 후 1개월 이하: 만기일 현재 금리 적용 - 만기 후 1개월 초과: 보통예금 이율,자체앱(Mymo) 전용,,20260720,,202607201300,금융감독원 금융상품한눈에 Open API,2026-08-10T14:19:08
030300,저축은행,202607,0010477,한화저축은행,240113,Mymo 회전정기예금,6,S,단리,3.80%,3.21%,"161,000",3.80%,스마트폰,1,제한없음 (자체앱(Mymo) 전용),단리,,없음,- 만기 후 1개월 이하: 만기일 현재 금리 적용 - 만기 후 1개월 초과: 보통예금 이율,자체앱(Mymo) 전용,,20260720,,202607201300,금융감독원 금융상품한눈에 Open API,2026-08-10T14:19:08
030300,저축은행,202607,0010477,한화저축은행,240113,Mymo 회전정기예금,12,S,단리,4.00%,3.38%,"338,000",4.00%,스마트폰,1,제한없음 (자체앱(Mymo) 전용),단리,,없음,- 만기 후 1개월 이하: 만기일 현재 금리 적용 - 만기 후 1개월 초과: 보통예금 이율,자체앱(Mymo) 전용,,20260720,,202607201300,금융감독원 금융상품한눈에 Open API,2026-08-10T14:19:08
030300,저축은행,202607,0010477,한화저축은행,240113,Mymo 회전정기예금,6,M,복리,3.80%,3.21%,"162,018",3.80%,스마트폰,1,제한없음 (자체앱(Mymo) 전용),복리,,없음,- 만기 후 1개월 이하: 만기일 현재 금리 적용 - 만기 후 1개월 초과: 보통예금 이율,자체앱(Mymo) 전용,,20260720,,202607201300,금융감독원 금융상품한눈에 Open API,2026-08-10T14:19:08
030300,저축은행,202607,0010477,한화저축은행,240113,Mymo 회전정기예금,12,M,복리,4.00%,3.38%,"344,673",4.00%,스마트폰,1,제한없음 (자체앱(Mymo) 전용),복리,,없음,- 만기 후 1개월 이하: 만기일 현재 금리 적용 - 만기 후 1개월 초과: 보통예금 이율,자체앱(Mymo) 전용,,20260720,,202607201300,금융감독원 금융상품한눈에 Open API,2026-08-10T14:19:08
030300,저축은행,202607,0010478,CK저축은행,240003,"정기예금(인터넷,모바일,비대면)",1,S,단리,2.10%,1.78%,"15,000",2.10%,"인터넷,스마트폰",1,제한없음,단리,,없음,- 만기 후 1개월 이내 : 약정금리 - 만기 후 1개월 초과 : 연 0.1%,스마트폰 및 인터넷 전용가입,1000000000,20260805,,202608050824,금융감독원 금융상품한눈에 Open API,2026-08-10T14:19:08
030300,저축은행,202607,0010478,CK저축은행,240003,"정기예금(인터넷,모바일,비대면)",3,S,단리,2.10%,1.78%,"44,000",2.10%,"인터넷,스마트폰",1,제한없음,단리,,없음,- 만기 후 1개월 이내 : 약정금리 - 만기 후 1개월 초과 : 연 0.1%,스마트폰 및 인터넷 전용가입,1000000000,20260805,,202608050824,금융감독원 금융상품한눈에 Open API,2026-08-10T14:19:08
030300,저축은행,202607,0010478,CK저축은행,240003,"정기예금(인터넷,모바일,비대면)",6,S,단리,2.30%,1.95%,"97,000",2.30%,"인터넷,스마트폰",1,제한없음,단리,,없음,- 만기 후 1개월 이내 : 약정금리 - 만기 후 1개월 초과 : 연 0.1%,스마트폰 및 인터넷 전용가입,1000000000,20260805,,202608050824,금융감독원 금융상품한눈에 Open API,2026-08-10T14:19:08
030300,저축은행,202607,0010478,CK저축은행,240003,"정기예금(인터넷,모바일,비대면)",12,S,단리,4.01%,3.39%,"339,000",4.01%,"인터넷,스마트폰",1,제한없음,단리,,없음,- 만기 후 1개월 이내 : 약정금리 - 만기 후 1개월 초과 : 연 0.1%,스마트폰 및 인터넷 전용가입,1000000000,20260805,,202608050824,금융감독원 금융상품한눈에 Open API,2026-08-10T14:19:08
030300,저축은행,202607,0010478,CK저축은행,240003,"정기예금(인터넷,모바일,비대면)",24,S,단리,2.50%,2.11%,"423,000",2.50%,"인터넷,스마트폰",1,제한없음,단리,,없음,- 만기 후 1개월 이내 : 약정금리 - 만기 후 1개월 초과 : 연 0.1%,스마트폰 및 인터넷 전용가입,1000000000,20260805,,202608050824,금융감독원 금융상품한눈에 Open API,2026-08-10T14:19:08
030300,저축은행,202607,0010478,CK저축은행,240003,"정기예금(인터넷,모바일,비대면)",36,S,단리,2.50%,2.11%,"634,000",2.50%,"인터넷,스마트폰",1,제한없음,단리,,없음,- 만기 후 1개월 이내 : 약정금리 - 만기 후 1개월 초과 : 연 0.1%,스마트폰 및 인터넷 전용가입,1000000000,20260805,,202608050824,금융감독원 금융상품한눈에 Open API,2026-08-10T14:19:08
030300,저축은행,202607,0010478,CK저축은행,240003,"정기예금(인터넷,모바일,비대면)",1,M,복리,2.10%,1.78%,"14,805",2.10%,"인터넷,스마트폰",1,제한없음,복리,,없음,- 만기 후 1개월 이내 : 약정금리 - 만기 후 1개월 초과 : 연 0.1%,스마트폰 및 인터넷 전용가입,1000000000,20260805,,202608050824,금융감독원 금융상품한눈에 Open API,2026-08-10T14:19:08
030300,저축은행,202607,0010478,CK저축은행,240003,"정기예금(인터넷,모바일,비대면)",3,M,복리,2.10%,1.78%,"44,493",2.10%,"인터넷,스마트폰",1,제한없음,복리,,없음,- 만기 후 1개월 이내 : 약정금리 - 만기 후 1개월 초과 : 연 0.1%,스마트폰 및 인터넷 전용가입,1000000000,20260805,,202608050824,금융감독원 금융상품한눈에 Open API,2026-08-10T14:19:08
030300,저축은행,202607,0010478,CK저축은행,240003,"정기예금(인터넷,모바일,비대면)",6,M,복리,2.30%,1.95%,"97,757",2.30%,"인터넷,스마트폰",1,제한없음,복리,,없음,- 만기 후 1개월 이내 : 약정금리 - 만기 후 1개월 초과 : 연 0.1%,스마트폰 및 인터넷 전용가입,1000000000,20260805,,202608050824,금융감독원 금융상품한눈에 Open API,2026-08-10T14:19:08
030300,저축은행,202607,0010478,CK저축은행,240003,"정기예금(인터넷,모바일,비대면)",12,M,복리,4.01%,3.39%,"345,551",4.01%,"인터넷,스마트폰",1,제한없음,복리,,없음,- 만기 후 1개월 이내 : 약정금리 - 만기 후 1개월 초과 : 연 0.1%,스마트폰 및 인터넷 전용가입,1000000000,20260805,,202608050824,금융감독원 금융상품한눈에 Open API,2026-08-10T14:19:08
030300,저축은행,202607,0010478,CK저축은행,240003,"정기예금(인터넷,모바일,비대면)",24,M,복리,2.50%,2.11%,"433,291",2.50%,"인터넷,스마트폰",1,제한없음,복리,,없음,- 만기 후 1개월 이내 : 약정금리 - 만기 후 1개월 초과 : 연 0.1%,스마트폰 및 인터넷 전용가입,1000000000,20260805,,202608050824,금융감독원 금융상품한눈에 Open API,2026-08-10T14:19:08
030300,저축은행,202607,0010478,CK저축은행,240003,"정기예금(인터넷,모바일,비대면)",36,M,복리,2.50%,2.11%,"658,189",2.50%,"인터넷,스마트폰",1,제한없음,복리,,없음,- 만기 후 1개월 이내 : 약정금리 - 만기 후 1개월 초과 : 연 0.1%,스마트폰 및 인터넷 전용가입,1000000000,20260805,,202608050824,금융감독원 금융상품한눈에 Open API,2026-08-10T14:19:08
030300,저축은행,202607,0010478,CK저축은행,240006,정기예금(강릉지점),1,S,단리,2.10%,1.78%,"15,000",2.10%,영업점,1,제한없음,단리,,없음,- 만기 후 1개월 이내 : 약정금리 - 만기 후 1개월 초과 : 연 0.1%,없음,1000000000,20260805,,202608050824,금융감독원 금융상품한눈에 Open API,2026-08-10T14:19:08
030300,저축은행,202607,0010478,CK저축은행,240006,정기예금(강릉지점),3,S,단리,2.10%,1.78%,"44,000",2.10%,영업점,1,제한없음,단리,,없음,- 만기 후 1개월 이내 : 약정금리 - 만기 후 1개월 초과 : 연 0.1%,없음,1000000000,20260805,,202608050824,금융감독원 금융상품한눈에 Open API,2026-08-10T14:19:08
030300,저축은행,202607,0010478,CK저축은행,240006,정기예금(강릉지점),6,S,단리,2.30%,1.95%,"97,000",2.30%,영업점,1,제한없음,단리,,없음,- 만기 후 1개월 이내 : 약정금리 - 만기 후 1개월 초과 : 연 0.1%,없음,1000000000,20260805,,202608050824,금융감독원 금융상품한눈에 Open API,2026-08-10T14:19:08
030300,저축은행,202607,0010478,CK저축은행,240006,정기예금(강릉지점),12,S,단리,3.30%,2.79%,"279,000",3.30%,영업점,1,제한없음,단리,,없음,- 만기 후 1개월 이내 : 약정금리 - 만기 후 1개월 초과 : 연 0.1%,없음,1000000000,20260805,,202608050824,금융감독원 금융상품한눈에 Open API,2026-08-10T14:19:08
030300,저축은행,202607,0010478,CK저축은행,240006,정기예금(강릉지점),24,S,단리,2.80%,2.37%,"474,000",2.80%,영업점,1,제한없음,단리,,없음,- 만기 후 1개월 이내 : 약정금리 - 만기 후 1개월 초과 : 연 0.1%,없음,1000000000,20260805,,202608050824,금융감독원 금융상품한눈에 Open API,2026-08-10T14:19:08
030300,저축은행,202607,0010478,CK저축은행,240006,정기예금(강릉지점),36,S,단리,2.80%,2.37%,"711,000",2.80%,영업점,1,제한없음,단리,,없음,- 만기 후 1개월 이내 : 약정금리 - 만기 후 1개월 초과 : 연 0.1%,없음,1000000000,20260805,,202608050824,금융감독원 금융상품한눈에 Open API,2026-08-10T14:19:08
030300,저축은행,202607,0010478,CK저축은행,240006,정기예금(강릉지점),1,M,복리,2.10%,1.78%,"14,805",2.10%,영업점,1,제한없음,복리,,없음,- 만기 후 1개월 이내 : 약정금리 - 만기 후 1개월 초과 : 연 0.1%,없음,1000000000,20260805,,202608050824,금융감독원 금융상품한눈에 Open API,2026-08-10T14:19:08
030300,저축은행,202607,0010478,CK저축은행,240006,정기예금(강릉지점),3,M,복리,2.10%,1.78%,"44,493",2.10%,영업점,1,제한없음,복리,,없음,- 만기 후 1개월 이내 : 약정금리 - 만기 후 1개월 초과 : 연 0.1%,없음,1000000000,20260805,,202608050824,금융감독원 금융상품한눈에 Open API,2026-08-10T14:19:08
030300,저축은행,202607,0010478,CK저축은행,240006,정기예금(강릉지점),6,M,복리,2.30%,1.95%,"97,757",2.30%,영업점,1,제한없음,복리,,없음,- 만기 후 1개월 이내 : 약정금리 - 만기 후 1개월 초과 : 연 0.1%,없음,1000000000,20260805,,202608050824,금융감독원 금융상품한눈에 Open API,2026-08-10T14:19:08
030300,저축은행,202607,0010478,CK저축은행,240006,정기예금(강릉지점),12,M,복리,3.30%,2.79%,"283,442",3.30%,영업점,1,제한없음,복리,,없음,- 만기 후 1개월 이내 : 약정금리 - 만기 후 1개월 초과 : 연 0.1%,없음,1000000000,20260805,,202608050824,금융감독원 금융상품한눈에 Open API,2026-08-10T14:19:08
030300,저축은행,202607,0010478,CK저축은행,240006,정기예금(강릉지점),24,M,복리,2.80%,2.37%,"486,693",2.80%,영업점,1,제한없음,복리,,없음,- 만기 후 1개월 이내 : 약정금리 - 만기 후 1개월 초과 : 연 0.1%,없음,1000000000,20260805,,202608050824,금융감독원 금융상품한눈에 Open API,2026-08-10T14:19:08
030300,저축은행,202607,0010478,CK저축은행,240006,정기예금(강릉지점),36,M,복리,2.80%,2.37%,"740,440",2.80%,영업점,1,제한없음,복리,,없음,- 만기 후 1개월 이내 : 약정금리 - 만기 후 1개월 초과 : 연 0.1%,없음,1000000000,20260805,,202608050824,금융감독원 금융상품한눈에 Open API,2026-08-10T14:19:08
030300,저축은행,202607,0010478,CK저축은행,240010,정기예금(춘천본점),1,S,단리,2.10%,1.78%,"15,000",2.10%,영업점,1,제한없음,단리,,없음,- 만기 후 1개월 이내 : 약정금리 - 만기 후 1개월 초과 : 연 0.1%,없음,1000000000,20260805,,202608050824,금융감독원 금융상품한눈에 Open API,2026-08-10T14:19:08
030300,저축은행,202607,0010478,CK저축은행,240010,정기예금(춘천본점),3,S,단리,2.10%,1.78%,"44,000",2.10%,영업점,1,제한없음,단리,,없음,- 만기 후 1개월 이내 : 약정금리 - 만기 후 1개월 초과 : 연 0.1%,없음,1000000000,20260805,,202608050824,금융감독원 금융상품한눈에 Open API,2026-08-10T14:19:08
030300,저축은행,202607,0010478,CK저축은행,240010,정기예금(춘천본점),6,S,단리,2.30%,1.95%,"97,000",2.30%,영업점,1,제한없음,단리,,없음,- 만기 후 1개월 이내 : 약정금리 - 만기 후 1개월 초과 : 연 0.1%,없음,1000000000,20260805,,202608050824,금융감독원 금융상품한눈에 Open API,2026-08-10T14:19:08
030300,저축은행,202607,0010478,CK저축은행,240010,정기예금(춘천본점),12,S,단리,3.30%,2.79%,"279,000",3.30%,영업점,1,제한없음,단리,,없음,- 만기 후 1개월 이내 : 약정금리 - 만기 후 1개월 초과 : 연 0.1%,없음,1000000000,20260805,,202608050824,금융감독원 금융상품한눈에 Open API,2026-08-10T14:19:08
030300,저축은행,202607,0010478,CK저축은행,240010,정기예금(춘천본점),24,S,단리,2.80%,2.37%,"474,000",2.80%,영업점,1,제한없음,단리,,없음,- 만기 후 1개월 이내 : 약정금리 - 만기 후 1개월 초과 : 연 0.1%,없음,1000000000,20260805,,202608050824,금융감독원 금융상품한눈에 Open API,2026-08-10T14:19:08
030300,저축은행,202607,0010478,CK저축은행,240010,정기예금(춘천본점),36,S,단리,2.80%,2.37%,"711,000",2.80%,영업점,1,제한없음,단리,,없음,- 만기 후 1개월 이내 : 약정금리 - 만기 후 1개월 초과 : 연 0.1%,없음,1000000000,20260805,,202608050824,금융감독원 금융상품한눈에 Open API,2026-08-10T14:19:08
030300,저축은행,202607,0010478,CK저축은행,240010,정기예금(춘천본점),1,M,복리,2.10%,1.78%,"14,805",2.10%,영업점,1,제한없음,복리,,없음,- 만기 후 1개월 이내 : 약정금리 - 만기 후 1개월 초과 : 연 0.1%,없음,1000000000,20260805,,202608050824,금융감독원 금융상품한눈에 Open API,2026-08-10T14:19:08
030300,저축은행,202607,0010478,CK저축은행,240010,정기예금(춘천본점),3,M,복리,2.10%,1.78%,"44,493",2.10%,영업점,1,제한없음,복리,,없음,- 만기 후 1개월 이내 : 약정금리 - 만기 후 1개월 초과 : 연 0.1%,없음,1000000000,20260805,,202608050824,금융감독원 금융상품한눈에 Open API,2026-08-10T14:19:08
030300,저축은행,202607,0010478,CK저축은행,240010,정기예금(춘천본점),6,M,복리,2.30%,1.95%,"97,757",2.30%,영업점,1,제한없음,복리,,없음,- 만기 후 1개월 이내 : 약정금리 - 만기 후 1개월 초과 : 연 0.1%,없음,1000000000,20260805,,202608050824,금융감독원 금융상품한눈에 Open API,2026-08-10T14:19:08
030300,저축은행,202607,0010478,CK저축은행,240010,정기예금(춘천본점),12,M,복리,3.30%,2.79%,"283,442",3.30%,영업점,1,제한없음,복리,,없음,- 만기 후 1개월 이내 : 약정금리 - 만기 후 1개월 초과 : 연 0.1%,없음,1000000000,20260805,,202608050824,금융감독원 금융상품한눈에 Open API,2026-08-10T14:19:08
030300,저축은행,202607,0010478,CK저축은행,240010,정기예금(춘천본점),24,M,복리,2.80%,2.37%,"486,693",2.80%,영업점,1,제한없음,복리,,없음,- 만기 후 1개월 이내 : 약정금리 - 만기 후 1개월 초과 : 연 0.1%,없음,1000000000,20260805,,202608050824,금융감독원 금융상품한눈에 Open API,2026-08-10T14:19:08
030300,저축은행,202607,0010478,CK저축은행,240010,정기예금(춘천본점),36,M,복리,2.80%,2.37%,"740,440",2.80%,영업점,1,제한없음,복리,,없음,- 만기 후 1개월 이내 : 약정금리 - 만기 후 1개월 초과 : 연 0.1%,없음,1000000000,20260805,,202608050824,금융감독원 금융상품한눈에 Open API,2026-08-10T14:19:08
030300,저축은행,202607,0010485,대명상호저축은행,401001,정기예금,3,S,단리,2.80%,2.37%,"59,000",2.80%,영업점,1,제한없음 (누구나가입가능),단리,,없음,- 만기 후 1개월 이하: 약정금리와 동일한 금리 적용 - 만기 후 1개월 초과: 보통예금이율,없음,,20260723,,202607230822,금융감독원 금융상품한눈에 Open API,2026-08-10T14:19:08
030300,저축은행,202607,0010485,대명상호저축은행,401001,정기예금,6,S,단리,3.20%,2.71%,"135,000",3.20%,영업점,1,제한없음 (누구나가입가능),단리,,없음,- 만기 후 1개월 이하: 약정금리와 동일한 금리 적용 - 만기 후 1개월 초과: 보통예금이율,없음,,20260723,,202607230822,금융감독원 금융상품한눈에 Open API,2026-08-10T14:19:08
030300,저축은행,202607,0010485,대명상호저축은행,401001,정기예금,12,S,단리,3.75%,3.17%,"317,000",3.75%,영업점,1,제한없음 (누구나가입가능),단리,,없음,- 만기 후 1개월 이하: 약정금리와 동일한 금리 적용 - 만기 후 1개월 초과: 보통예금이율,없음,,20260723,,202607230822,금융감독원 금융상품한눈에 Open API,2026-08-10T14:19:08
030300,저축은행,202607,0010485,대명상호저축은행,401001,정기예금,24,S,단리,3.00%,2.54%,"508,000",3.00%,영업점,1,제한없음 (누구나가입가능),단리,,없음,- 만기 후 1개월 이하: 약정금리와 동일한 금리 적용 - 만기 후 1개월 초과: 보통예금이율,없음,,20260723,,202607230822,금융감독원 금융상품한눈에 Open API,2026-08-10T14:19:08
030300,저축은행,202607,0010485,대명상호저축은행,401001,정기예금,6,M,복리,3.22%,2.72%,"137,123",3.22%,영업점,1,제한없음 (누구나가입가능),복리,,없음,- 만기 후 1개월 이하: 약정금리와 동일한 금리 적용 - 만기 후 1개월 초과: 보통예금이율,없음,,20260723,,202607230822,금융감독원 금융상품한눈에 Open API,2026-08-10T14:19:08
030300,저축은행,202607,0010485,대명상호저축은행,401001,정기예금,12,M,복리,3.81%,3.22%,"328,015",3.81%,영업점,1,제한없음 (누구나가입가능),복리,,없음,- 만기 후 1개월 이하: 약정금리와 동일한 금리 적용 - 만기 후 1개월 초과: 보통예금이율,없음,,20260723,,202607230822,금융감독원 금융상품한눈에 Open API,2026-08-10T14:19:08
030300,저축은행,202607,0010485,대명상호저축은행,401001,정기예금,24,M,복리,3.08%,2.61%,"536,812",3.08%,영업점,1,제한없음 (누구나가입가능),복리,,없음,- 만기 후 1개월 이하: 약정금리와 동일한 금리 적용 - 만기 후 1개월 초과: 보통예금이율,없음,,20260723,,202607230822,금융감독원 금융상품한눈에 Open API,2026-08-10T14:19:08
030300,저축은행,202607,0010485,대명상호저축은행,401004,E-플러스 정기예금,6,S,단리,2.85%,2.41%,"121,000",2.85%,"인터넷,스마트폰",1,제한없음 (누구나가입가능),단리,,없음,- 만기 후 1개월 이하: 약정금리와 동일한 금리 적용 - 만기 후 1개월 초과: 보통예금이율,"인터넷,모바일로 가입가능",,20260720,,202607201300,금융감독원 금융상품한눈에 Open API,2026-08-10T14:19:08
030300,저축은행,202607,0010485,대명상호저축은행,401004,E-플러스 정기예금,12,S,단리,3.35%,2.83%,"283,000",3.35%,"인터넷,스마트폰",1,제한없음 (누구나가입가능),단리,,없음,- 만기 후 1개월 이하: 약정금리와 동일한 금리 적용 - 만기 후 1개월 초과: 보통예금이율,"인터넷,모바일로 가입가능",,20260720,,202607201300,금융감독원 금융상품한눈에 Open API,2026-08-10T14:19:08
030300,저축은행,202607,0010485,대명상호저축은행,401004,E-플러스 정기예금,6,M,복리,2.86%,2.42%,"121,701",2.86%,"인터넷,스마트폰",1,제한없음 (누구나가입가능),복리,,없음,- 만기 후 1개월 이하: 약정금리와 동일한 금리 적용 - 만기 후 1개월 초과: 보통예금이율,"인터넷,모바일로 가입가능",,20260720,,202607201300,금융감독원 금융상품한눈에 Open API,2026-08-10T14:19:08
030300,저축은행,202607,0010485,대명상호저축은행,401004,E-플러스 정기예금,12,M,복리,3.40%,2.88%,"292,165",3.40%,"인터넷,스마트폰",1,제한없음 (누구나가입가능),복리,,없음,- 만기 후 1개월 이하: 약정금리와 동일한 금리 적용 - 만기 후 1개월 초과: 보통예금이율,"인터넷,모바일로 가입가능",,20260720,,202607201300,금융감독원 금융상품한눈에 Open API,2026-08-10T14:19:08
030300,저축은행,202607,0010488,우리금융저축은행,240027,정기예금,1,S,단리,2.20%,1.86%,"16,000",2.20%,영업점,1,제한없음,단리,,-,*만기 후 1개월 이내: 가입 시 약정이율과 만기 시 판매이율 중 낮은금리 적용 *1개월 초과 시 : 연0.3% *2019.07.01. 이후 가입분 부터적용.이전가입분은 연0.3%,-,,20260720,,202607201300,금융감독원 금융상품한눈에 Open API,2026-08-10T14:19:08
030300,저축은행,202607,0010488,우리금융저축은행,240027,정기예금,3,S,단리,2.20%,1.86%,"47,000",2.20%,영업점,1,제한없음,단리,,-,*만기 후 1개월 이내: 가입 시 약정이율과 만기 시 판매이율 중 낮은금리 적용 *1개월 초과 시 : 연0.3% *2019.07.01. 이후 가입분 부터적용.이전가입분은 연0.3%,-,,20260720,,202607201300,금융감독원 금융상품한눈에 Open API,2026-08-10T14:19:08
030300,저축은행,202607,0010488,우리금융저축은행,240027,정기예금,6,S,단리,3.20%,2.71%,"135,000",3.20%,영업점,1,제한없음,단리,,-,*만기 후 1개월 이내: 가입 시 약정이율과 만기 시 판매이율 중 낮은금리 적용 *1개월 초과 시 : 연0.3% *2019.07.01. 이후 가입분 부터적용.이전가입분은 연0.3%,-,,20260720,,202607201300,금융감독원 금융상품한눈에 Open API,2026-08-10T14:19:08
030300,저축은행,202607,0010488,우리금융저축은행,240027,정기예금,12,S,단리,3.30%,2.79%,"279,000",3.30%,영업점,1,제한없음,단리,,-,*만기 후 1개월 이내: 가입 시 약정이율과 만기 시 판매이율 중 낮은금리 적용 *1개월 초과 시 : 연0.3% *2019.07.01. 이후 가입분 부터적용.이전가입분은 연0.3%,-,,20260720,,202607201300,금융감독원 금융상품한눈에 Open API,2026-08-10T14:19:08
030300,저축은행,202607,0010488,우리금융저축은행,240027,정기예금,24,S,단리,2.00%,1.69%,"338,000",2.00%,영업점,1,제한없음,단리,,-,*만기 후 1개월 이내: 가입 시 약정이율과 만기 시 판매이율 중 낮은금리 적용 *1개월 초과 시 : 연0.3% *2019.07.01. 이후 가입분 부터적용.이전가입분은 연0.3%,-,,20260720,,202607201300,금융감독원 금융상품한눈에 Open API,2026-08-10T14:19:08
030300,저축은행,202607,0010488,우리금융저축은행,240027,정기예금,36,S,단리,2.00%,1.69%,"508,000",2.00%,영업점,1,제한없음,단리,,-,*만기 후 1개월 이내: 가입 시 약정이율과 만기 시 판매이율 중 낮은금리 적용 *1개월 초과 시 : 연0.3% *2019.07.01. 이후 가입분 부터적용.이전가입분은 연0.3%,-,,20260720,,202607201300,금융감독원 금융상품한눈에 Open API,2026-08-10T14:19:08
030300,저축은행,202607,0010488,우리금융저축은행,240027,정기예금,1,M,복리,2.20%,1.86%,"15,510",2.20%,영업점,1,제한없음,복리,,-,*만기 후 1개월 이내: 가입 시 약정이율과 만기 시 판매이율 중 낮은금리 적용 *1개월 초과 시 : 연0.3% *2019.07.01. 이후 가입분 부터적용.이전가입분은 연0.3%,-,,20260720,,202607201300,금융감독원 금융상품한눈에 Open API,2026-08-10T14:19:08
030300,저축은행,202607,0010488,우리금융저축은행,240027,정기예금,3,M,복리,2.20%,1.86%,"46,615",2.20%,영업점,1,제한없음,복리,,-,*만기 후 1개월 이내: 가입 시 약정이율과 만기 시 판매이율 중 낮은금리 적용 *1개월 초과 시 : 연0.3% *2019.07.01. 이후 가입분 부터적용.이전가입분은 연0.3%,-,,20260720,,202607201300,금융감독원 금융상품한눈에 Open API,2026-08-10T14:19:08
030300,저축은행,202607,0010488,우리금융저축은행,240027,정기예금,6,M,복리,3.20%,2.71%,"136,266",3.20%,영업점,1,제한없음,복리,,-,*만기 후 1개월 이내: 가입 시 약정이율과 만기 시 판매이율 중 낮은금리 적용 *1개월 초과 시 : 연0.3% *2019.07.01. 이후 가입분 부터적용.이전가입분은 연0.3%,-,,20260720,,202607201300,금융감독원 금융상품한눈에 Open API,2026-08-10T14:19:08
030300,저축은행,202607,0010488,우리금융저축은행,240027,정기예금,12,M,복리,3.30%,2.79%,"283,442",3.30%,영업점,1,제한없음,복리,,-,*만기 후 1개월 이내: 가입 시 약정이율과 만기 시 판매이율 중 낮은금리 적용 *1개월 초과 시 : 연0.3% *2019.07.01. 이후 가입분 부터적용.이전가입분은 연0.3%,-,,20260720,,202607201300,금융감독원 금융상품한눈에 Open API,2026-08-10T14:19:08
030300,저축은행,202607,0010488,우리금융저축은행,240027,정기예금,24,M,복리,2.00%,1.69%,"344,966",2.00%,영업점,1,제한없음,복리,,-,*만기 후 1개월 이내: 가입 시 약정이율과 만기 시 판매이율 중 낮은금리 적용 *1개월 초과 시 : 연0.3% *2019.07.01. 이후 가입분 부터적용.이전가입분은 연0.3%,-,,20260720,,202607201300,금융감독원 금융상품한눈에 Open API,2026-08-10T14:19:08
030300,저축은행,202607,0010488,우리금융저축은행,240027,정기예금,36,M,복리,2.00%,1.69%,"522,689",2.00%,영업점,1,제한없음,복리,,-,*만기 후 1개월 이내: 가입 시 약정이율과 만기 시 판매이율 중 낮은금리 적용 *1개월 초과 시 : 연0.3% *2019.07.01. 이후 가입분 부터적용.이전가입분은 연0.3%,-,,20260720,,202607201300,금융감독원 금융상품한눈에 Open API,2026-08-10T14:19:08
030300,저축은행,202607,0010488,우리금융저축은행,240036,e-정기예금,1,S,단리,2.20%,1.86%,"16,000",2.20%,"인터넷,스마트폰",1,제한없음,단리,,-,*만기 후 1개월 이내: 가입 시 약정이율과 만기 시 판매이율 중 낮은금리 적용 *1개월 초과 시 : 연0.3% *2019.07.01. 이후 가입분 부터적용.이전가입분은 연0.3%,-,,20260720,,202607201300,금융감독원 금융상품한눈에 Open API,2026-08-10T14:19:08
030300,저축은행,202607,0010488,우리금융저축은행,240036,e-정기예금,3,S,단리,2.20%,1.86%,"47,000",2.20%,"인터넷,스마트폰",1,제한없음,단리,,-,*만기 후 1개월 이내: 가입 시 약정이율과 만기 시 판매이율 중 낮은금리 적용 *1개월 초과 시 : 연0.3% *2019.07.01. 이후 가입분 부터적용.이전가입분은 연0.3%,-,,20260720,,202607201300,금융감독원 금융상품한눈에 Open API,2026-08-10T14:19:08
030300,저축은행,202607,0010488,우리금융저축은행,240036,e-정기예금,6,S,단리,3.20%,2.71%,"135,000",3.20%,"인터넷,스마트폰",1,제한없음,단리,,-,*만기 후 1개월 이내: 가입 시 약정이율과 만기 시 판매이율 중 낮은금리 적용 *1개월 초과 시 : 연0.3% *2019.07.01. 이후 가입분 부터적용.이전가입분은 연0.3%,-,,20260720,,202607201300,금융감독원 금융상품한눈에 Open API,2026-08-10T14:19:08
030300,저축은행,202607,0010488,우리금융저축은행,240036,e-정기예금,12,S,단리,3.30%,2.79%,"279,000",3.30%,"인터넷,스마트폰",1,제한없음,단리,,-,*만기 후 1개월 이내: 가입 시 약정이율과 만기 시 판매이율 중 낮은금리 적용 *1개월 초과 시 : 연0.3% *2019.07.01. 이후 가입분 부터적용.이전가입분은 연0.3%,-,,20260720,,202607201300,금융감독원 금융상품한눈에 Open API,2026-08-10T14:19:08
030300,저축은행,202607,0010488,우리금융저축은행,240036,e-정기예금,24,S,단리,2.00%,1.69%,"338,000",2.00%,"인터넷,스마트폰",1,제한없음,단리,,-,*만기 후 1개월 이내: 가입 시 약정이율과 만기 시 판매이율 중 낮은금리 적용 *1개월 초과 시 : 연0.3% *2019.07.01. 이후 가입분 부터적용.이전가입분은 연0.3%,-,,20260720,,202607201300,금융감독원 금융상품한눈에 Open API,2026-08-10T14:19:08
030300,저축은행,202607,0010488,우리금융저축은행,240036,e-정기예금,36,S,단리,2.00%,1.69%,"508,000",2.00%,"인터넷,스마트폰",1,제한없음,단리,,-,*만기 후 1개월 이내: 가입 시 약정이율과 만기 시 판매이율 중 낮은금리 적용 *1개월 초과 시 : 연0.3% *2019.07.01. 이후 가입분 부터적용.이전가입분은 연0.3%,-,,20260720,,202607201300,금융감독원 금융상품한눈에 Open API,2026-08-10T14:19:08
030300,저축은행,202607,0010488,우리금융저축은행,240036,e-정기예금,1,M,복리,2.20%,1.86%,"15,510",2.20%,"인터넷,스마트폰",1,제한없음,복리,,-,*만기 후 1개월 이내: 가입 시 약정이율과 만기 시 판매이율 중 낮은금리 적용 *1개월 초과 시 : 연0.3% *2019.07.01. 이후 가입분 부터적용.이전가입분은 연0.3%,-,,20260720,,202607201300,금융감독원 금융상품한눈에 Open API,2026-08-10T14:19:08
030300,저축은행,202607,0010488,우리금융저축은행,240036,e-정기예금,3,M,복리,2.20%,1.86%,"46,615",2.20%,"인터넷,스마트폰",1,제한없음,복리,,-,*만기 후 1개월 이내: 가입 시 약정이율과 만기 시 판매이율 중 낮은금리 적용 *1개월 초과 시 : 연0.3% *2019.07.01. 이후 가입분 부터적용.이전가입분은 연0.3%,-,,20260720,,202607201300,금융감독원 금융상품한눈에 Open API,2026-08-10T14:19:08
030300,저축은행,202607,0010488,우리금융저축은행,240036,e-정기예금,6,M,복리,3.20%,2.71%,"136,266",3.20%,"인터넷,스마트폰",1,제한없음,복리,,-,*만기 후 1개월 이내: 가입 시 약정이율과 만기 시 판매이율 중 낮은금리 적용 *1개월 초과 시 : 연0.3% *2019.07.01. 이후 가입분 부터적용.이전가입분은 연0.3%,-,,20260720,,202607201300,금융감독원 금융상품한눈에 Open API,2026-08-10T14:19:08
030300,저축은행,202607,0010488,우리금융저축은행,240036,e-정기예금,12,M,복리,3.30%,2.79%,"283,442",3.30%,"인터넷,스마트폰",1,제한없음,복리,,-,*만기 후 1개월 이내: 가입 시 약정이율과 만기 시 판매이율 중 낮은금리 적용 *1개월 초과 시 : 연0.3% *2019.07.01. 이후 가입분 부터적용.이전가입분은 연0.3%,-,,20260720,,202607201300,금융감독원 금융상품한눈에 Open API,2026-08-10T14:19:08
030300,저축은행,202607,0010488,우리금융저축은행,240036,e-정기예금,24,M,복리,2.00%,1.69%,"344,966",2.00%,"인터넷,스마트폰",1,제한없음,복리,,-,*만기 후 1개월 이내: 가입 시 약정이율과 만기 시 판매이율 중 낮은금리 적용 *1개월 초과 시 : 연0.3% *2019.07.01. 이후 가입분 부터적용.이전가입분은 연0.3%,-,,20260720,,202607201300,금융감독원 금융상품한눈에 Open API,2026-08-10T14:19:08
030300,저축은행,202607,0010488,우리금융저축은행,240036,e-정기예금,36,M,복리,2.00%,1.69%,"522,689",2.00%,"인터넷,스마트폰",1,제한없음,복리,,-,*만기 후 1개월 이내: 가입 시 약정이율과 만기 시 판매이율 중 낮은금리 적용 *1개월 초과 시 : 연0.3% *2019.07.01. 이후 가입분 부터적용.이전가입분은 연0.3%,-,,20260720,,202607201300,금융감독원 금융상품한눈에 Open API,2026-08-10T14:19:08
030300,저축은행,202607,0010488,우리금융저축은행,240048,회전정기예금,12,S,단리,3.80%,3.21%,"321,000",3.80%,영업점,1,제한없음,단리,,-,*만기 후 1개월 이내: 가입 시 약정이율과 만기 시 판매이율 중 낮은금리 적용 *1개월 초과 시 : 연0.3% *2019.07.01. 이후 가입분 부터적용.이전가입분은 연0.3%,-,,20260720,,202607201300,금융감독원 금융상품한눈에 Open API,2026-08-10T14:19:08
030300,저축은행,202607,0010488,우리금융저축은행,240048,회전정기예금,12,M,복리,3.80%,3.21%,"327,139",3.80%,영업점,1,제한없음,복리,,-,*만기 후 1개월 이내: 가입 시 약정이율과 만기 시 판매이율 중 낮은금리 적용 *1개월 초과 시 : 연0.3% *2019.07.01. 이후 가입분 부터적용.이전가입분은 연0.3%,-,,20260720,,202607201300,금융감독원 금융상품한눈에 Open API,2026-08-10T14:19:08
030300,저축은행,202607,0010488,우리금융저축은행,240050,e-회전정기예금,12,S,단리,3.80%,3.21%,"321,000",3.80%,"인터넷,스마트폰",1,제한없음,단리,,-,*만기 후 1개월 이내: 가입 시 약정이율과 만기 시 판매이율 중 낮은금리 적용 *1개월 초과 시 : 연0.3% *2019.07.01. 이후 가입분 부터적용.이전가입분은 연0.3%,-,,20260720,,202607201300,금융감독원 금융상품한눈에 Open API,2026-08-10T14:19:08
030300,저축은행,202607,0010488,우리금융저축은행,240050,e-회전정기예금,12,M,복리,3.80%,3.21%,"327,139",3.80%,"인터넷,스마트폰",1,제한없음,복리,,-,*만기 후 1개월 이내: 가입 시 약정이율과 만기 시 판매이율 중 낮은금리 적용 *1개월 초과 시 : 연0.3% *2019.07.01. 이후 가입분 부터적용.이전가입분은 연0.3%,-,,20260720,,202607201300,금융감독원 금융상품한눈에 Open API,2026-08-10T14:19:08
030300,저축은행,202607,0010488,우리금융저축은행,240053,우리E음정기예금,1,S,단리,2.20%,1.86%,"16,000",2.20%,스마트폰,1,제한없음 (개인(만19세이상)),단리,,-,*만기 후 1개월 이내: 가입 시 약정이율과 만기 시 판매이율 중 낮은금리 적용 *1개월 초과 시 : 연0.3% *2019.07.01. 이후 가입분 부터적용.이전가입분은 연0.3%,-,,20260720,,202607201300,금융감독원 금융상품한눈에 Open API,2026-08-10T14:19:08
030300,저축은행,202607,0010488,우리금융저축은행,240053,우리E음정기예금,3,S,단리,2.20%,1.86%,"47,000",2.20%,스마트폰,1,제한없음 (개인(만19세이상)),단리,,-,*만기 후 1개월 이내: 가입 시 약정이율과 만기 시 판매이율 중 낮은금리 적용 *1개월 초과 시 : 연0.3% *2019.07.01. 이후 가입분 부터적용.이전가입분은 연0.3%,-,,20260720,,202607201300,금융감독원 금융상품한눈에 Open API,2026-08-10T14:19:08
030300,저축은행,202607,0010488,우리금융저축은행,240053,우리E음정기예금,6,S,단리,3.20%,2.71%,"135,000",3.20%,스마트폰,1,제한없음 (개인(만19세이상)),단리,,-,*만기 후 1개월 이내: 가입 시 약정이율과 만기 시 판매이율 중 낮은금리 적용 *1개월 초과 시 : 연0.3% *2019.07.01. 이후 가입분 부터적용.이전가입분은 연0.3%,-,,20260720,,202607201300,금융감독원 금융상품한눈에 Open API,2026-08-10T14:19:08
030300,저축은행,202607,0010488,우리금융저축은행,240053,우리E음정기예금,12,S,단리,3.30%,2.79%,"279,000",3.30%,스마트폰,1,제한없음 (개인(만19세이상)),단리,,-,*만기 후 1개월 이내: 가입 시 약정이율과 만기 시 판매이율 중 낮은금리 적용 *1개월 초과 시 : 연0.3% *2019.07.01. 이후 가입분 부터적용.이전가입분은 연0.3%,-,,20260720,,202607201300,금융감독원 금융상품한눈에 Open API,2026-08-10T14:19:08
030300,저축은행,202607,0010488,우리금융저축은행,240053,우리E음정기예금,24,S,단리,2.00%,1.69%,"338,000",2.00%,스마트폰,1,제한없음 (개인(만19세이상)),단리,,-,*만기 후 1개월 이내: 가입 시 약정이율과 만기 시 판매이율 중 낮은금리 적용 *1개월 초과 시 : 연0.3% *2019.07.01. 이후 가입분 부터적용.이전가입분은 연0.3%,-,,20260720,,202607201300,금융감독원 금융상품한눈에 Open API,2026-08-10T14:19:08
030300,저축은행,202607,0010488,우리금융저축은행,240053,우리E음정기예금,36,S,단리,2.00%,1.69%,"508,000",2.00%,스마트폰,1,제한없음 (개인(만19세이상)),단리,,-,*만기 후 1개월 이내: 가입 시 약정이율과 만기 시 판매이율 중 낮은금리 적용 *1개월 초과 시 : 연0.3% *2019.07.01. 이후 가입분 부터적용.이전가입분은 연0.3%,-,,20260720,,202607201300,금융감독원 금융상품한눈에 Open API,2026-08-10T14:19:08
030300,저축은행,202607,0010488,우리금융저축은행,240053,우리E음정기예금,1,M,복리,2.20%,1.86%,"15,510",2.20%,스마트폰,1,제한없음 (개인(만19세이상)),복리,,-,*만기 후 1개월 이내: 가입 시 약정이율과 만기 시 판매이율 중 낮은금리 적용 *1개월 초과 시 : 연0.3% *2019.07.01. 이후 가입분 부터적용.이전가입분은 연0.3%,-,,20260720,,202607201300,금융감독원 금융상품한눈에 Open API,2026-08-10T14:19:08
030300,저축은행,202607,0010488,우리금융저축은행,240053,우리E음정기예금,3,M,복리,2.20%,1.86%,"46,615",2.20%,스마트폰,1,제한없음 (개인(만19세이상)),복리,,-,*만기 후 1개월 이내: 가입 시 약정이율과 만기 시 판매이율 중 낮은금리 적용 *1개월 초과 시 : 연0.3% *2019.07.01. 이후 가입분 부터적용.이전가입분은 연0.3%,-,,20260720,,202607201300,금융감독원 금융상품한눈에 Open API,2026-08-10T14:19:08
030300,저축은행,202607,0010488,우리금융저축은행,240053,우리E음정기예금,6,M,복리,3.20%,2.71%,"136,266",3.20%,스마트폰,1,제한없음 (개인(만19세이상)),복리,,-,*만기 후 1개월 이내: 가입 시 약정이율과 만기 시 판매이율 중 낮은금리 적용 *1개월 초과 시 : 연0.3% *2019.07.01. 이후 가입분 부터적용.이전가입분은 연0.3%,-,,20260720,,202607201300,금융감독원 금융상품한눈에 Open API,2026-08-10T14:19:08
030300,저축은행,202607,0010488,우리금융저축은행,240053,우리E음정기예금,12,M,복리,3.30%,2.79%,"283,442",3.30%,스마트폰,1,제한없음 (개인(만19세이상)),복리,,-,*만기 후 1개월 이내: 가입 시 약정이율과 만기 시 판매이율 중 낮은금리 적용 *1개월 초과 시 : 연0.3% *2019.07.01. 이후 가입분 부터적용.이전가입분은 연0.3%,-,,20260720,,202607201300,금융감독원 금융상품한눈에 Open API,2026-08-10T14:19:08
030300,저축은행,202607,0010488,우리금융저축은행,240053,우리E음정기예금,24,M,복리,2.00%,1.69%,"344,966",2.00%,스마트폰,1,제한없음 (개인(만19세이상)),복리,,-,*만기 후 1개월 이내: 가입 시 약정이율과 만기 시 판매이율 중 낮은금리 적용 *1개월 초과 시 : 연0.3% *2019.07.01. 이후 가입분 부터적용.이전가입분은 연0.3%,-,,20260720,,202607201300,금융감독원 금융상품한눈에 Open API,2026-08-10T14:19:08
030300,저축은행,202607,0010488,우리금융저축은행,240053,우리E음정기예금,36,M,복리,2.00%,1.69%,"522,689",2.00%,스마트폰,1,제한없음 (개인(만19세이상)),복리,,-,*만기 후 1개월 이내: 가입 시 약정이율과 만기 시 판매이율 중 낮은금리 적용 *1개월 초과 시 : 연0.3% *2019.07.01. 이후 가입분 부터적용.이전가입분은 연0.3%,-,,20260720,,202607201300,금융감독원 금융상품한눈에 Open API,2026-08-10T14:19:08
030300,저축은행,202607,0010489,청주저축은행,240010,정기예금_본점,1,S,단리,1.20%,1.02%,"8,000",1.20%,영업점,1,제한없음,단리,,없음,"1개월 이내 : 만기시 동일상품 동일계약기간의 신규 약정금리, 1개월 초과 : 보통예금 이율",상품 문의 ☎ 043-256-9114,,20260731,,202607311906,금융감독원 금융상품한눈에 Open API,2026-08-10T14:19:08
030300,저축은행,202607,0010489,청주저축은행,240010,정기예금_본점,3,S,단리,2.50%,2.11%,"53,000",2.50%,영업점,1,제한없음,단리,,없음,"1개월 이내 : 만기시 동일상품 동일계약기간의 신규 약정금리, 1개월 초과 : 보통예금 이율",상품 문의 ☎ 043-256-9114,,20260731,,202607311906,금융감독원 금융상품한눈에 Open API,2026-08-10T14:19:08
030300,저축은행,202607,0010489,청주저축은행,240010,정기예금_본점,6,S,단리,3.05%,2.58%,"129,000",3.05%,영업점,1,제한없음,단리,,없음,"1개월 이내 : 만기시 동일상품 동일계약기간의 신규 약정금리, 1개월 초과 : 보통예금 이율",상품 문의 ☎ 043-256-9114,,20260731,,202607311906,금융감독원 금융상품한눈에 Open API,2026-08-10T14:19:08
030300,저축은행,202607,0010489,청주저축은행,240010,정기예금_본점,12,S,단리,4.00%,3.38%,"338,000",4.00%,영업점,1,제한없음,단리,,없음,"1개월 이내 : 만기시 동일상품 동일계약기간의 신규 약정금리, 1개월 초과 : 보통예금 이율",상품 문의 ☎ 043-256-9114,,20260731,,202607311906,금융감독원 금융상품한눈에 Open API,2026-08-10T14:19:08
030300,저축은행,202607,0010489,청주저축은행,240010,정기예금_본점,24,S,단리,3.60%,3.05%,"609,000",3.60%,영업점,1,제한없음,단리,,없음,"1개월 이내 : 만기시 동일상품 동일계약기간의 신규 약정금리, 1개월 초과 : 보통예금 이율",상품 문의 ☎ 043-256-9114,,20260731,,202607311906,금융감독원 금융상품한눈에 Open API,2026-08-10T14:19:08
030300,저축은행,202607,0010489,청주저축은행,240010,정기예금_본점,36,S,단리,3.60%,3.05%,"914,000",3.60%,영업점,1,제한없음,단리,,없음,"1개월 이내 : 만기시 동일상품 동일계약기간의 신규 약정금리, 1개월 초과 : 보통예금 이율",상품 문의 ☎ 043-256-9114,,20260731,,202607311906,금융감독원 금융상품한눈에 Open API,2026-08-10T14:19:08
030300,저축은행,202607,0010489,청주저축은행,240010,정기예금_본점,1,M,복리,1.20%,1.02%,"8,460",1.20%,영업점,1,제한없음,복리,,없음,"1개월 이내 : 만기시 동일상품 동일계약기간의 신규 약정금리, 1개월 초과 : 보통예금 이율",상품 문의 ☎ 043-256-9114,,20260731,,202607311906,금융감독원 금융상품한눈에 Open API,2026-08-10T14:19:08
030300,저축은행,202607,0010489,청주저축은행,240010,정기예금_본점,3,M,복리,2.50%,2.11%,"52,985",2.50%,영업점,1,제한없음,복리,,없음,"1개월 이내 : 만기시 동일상품 동일계약기간의 신규 약정금리, 1개월 초과 : 보통예금 이율",상품 문의 ☎ 043-256-9114,,20260731,,202607311906,금융감독원 금융상품한눈에 Open API,2026-08-10T14:19:08
030300,저축은행,202607,0010489,청주저축은행,240010,정기예금_본점,6,M,복리,3.05%,2.58%,"129,838",3.05%,영업점,1,제한없음,복리,,없음,"1개월 이내 : 만기시 동일상품 동일계약기간의 신규 약정금리, 1개월 초과 : 보통예금 이율",상품 문의 ☎ 043-256-9114,,20260731,,202607311906,금융감독원 금융상품한눈에 Open API,2026-08-10T14:19:08
030300,저축은행,202607,0010489,청주저축은행,240010,정기예금_본점,12,M,복리,4.00%,3.38%,"344,673",4.00%,영업점,1,제한없음,복리,,없음,"1개월 이내 : 만기시 동일상품 동일계약기간의 신규 약정금리, 1개월 초과 : 보통예금 이율",상품 문의 ☎ 043-256-9114,,20260731,,202607311906,금융감독원 금융상품한눈에 Open API,2026-08-10T14:19:08
030300,저축은행,202607,0010489,청주저축은행,240010,정기예금_본점,24,M,복리,3.60%,3.05%,"630,604",3.60%,영업점,1,제한없음,복리,,없음,"1개월 이내 : 만기시 동일상품 동일계약기간의 신규 약정금리, 1개월 초과 : 보통예금 이율",상품 문의 ☎ 043-256-9114,,20260731,,202607311906,금융감독원 금융상품한눈에 Open API,2026-08-10T14:19:08
030300,저축은행,202607,0010489,청주저축은행,240010,정기예금_본점,36,M,복리,3.60%,3.05%,"963,320",3.60%,영업점,1,제한없음,복리,,없음,"1개월 이내 : 만기시 동일상품 동일계약기간의 신규 약정금리, 1개월 초과 : 보통예금 이율",상품 문의 ☎ 043-256-9114,,20260731,,202607311906,금융감독원 금융상품한눈에 Open API,2026-08-10T14:19:08
030300,저축은행,202607,0010489,청주저축은행,240014,E-정기예금,1,S,단리,1.20%,1.02%,"8,000",1.20%,"인터넷,스마트폰",1,제한없음,단리,,없음,"1개월 이내 : 만기시 동일상품 동일계약기간의 신규 약정금리, 1개월 초과 : 보통예금 이율",상품 문의 ☎ 043-256-9114,,20260731,,202607311906,금융감독원 금융상품한눈에 Open API,2026-08-10T14:19:08
030300,저축은행,202607,0010489,청주저축은행,240014,E-정기예금,3,S,단리,2.50%,2.11%,"53,000",2.50%,"인터넷,스마트폰",1,제한없음,단리,,없음,"1개월 이내 : 만기시 동일상품 동일계약기간의 신규 약정금리, 1개월 초과 : 보통예금 이율",상품 문의 ☎ 043-256-9114,,20260731,,202607311906,금융감독원 금융상품한눈에 Open API,2026-08-10T14:19:08
030300,저축은행,202607,0010489,청주저축은행,240014,E-정기예금,6,S,단리,3.05%,2.58%,"129,000",3.05%,"인터넷,스마트폰",1,제한없음,단리,,없음,"1개월 이내 : 만기시 동일상품 동일계약기간의 신규 약정금리, 1개월 초과 : 보통예금 이율",상품 문의 ☎ 043-256-9114,,20260731,,202607311906,금융감독원 금융상품한눈에 Open API,2026-08-10T14:19:08
030300,저축은행,202607,0010489,청주저축은행,240014,E-정기예금,12,S,단리,4.00%,3.38%,"338,000",4.00%,"인터넷,스마트폰",1,제한없음,단리,,없음,"1개월 이내 : 만기시 동일상품 동일계약기간의 신규 약정금리, 1개월 초과 : 보통예금 이율",상품 문의 ☎ 043-256-9114,,20260731,,202607311906,금융감독원 금융상품한눈에 Open API,2026-08-10T14:19:08
030300,저축은행,202607,0010489,청주저축은행,240014,E-정기예금,24,S,단리,3.80%,3.21%,"643,000",3.80%,"인터넷,스마트폰",1,제한없음,단리,,없음,"1개월 이내 : 만기시 동일상품 동일계약기간의 신규 약정금리, 1개월 초과 : 보통예금 이율",상품 문의 ☎ 043-256-9114,,20260731,,202607311906,금융감독원 금융상품한눈에 Open API,2026-08-10T14:19:08
030300,저축은행,202607,0010489,청주저축은행,240014,E-정기예금,36,S,단리,3.60%,3.05%,"914,000",3.60%,"인터넷,스마트폰",1,제한없음,단리,,없음,"1개월 이내 : 만기시 동일상품 동일계약기간의 신규 약정금리, 1개월 초과 : 보통예금 이율",상품 문의 ☎ 043-256-9114,,20260731,,202607311906,금융감독원 금융상품한눈에 Open API,2026-08-10T14:19:08
030300,저축은행,202607,0010489,청주저축은행,240014,E-정기예금,1,M,복리,1.20%,1.02%,"8,460",1.20%,"인터넷,스마트폰",1,제한없음,복리,,없음,"1개월 이내 : 만기시 동일상품 동일계약기간의 신규 약정금리, 1개월 초과 : 보통예금 이율",상품 문의 ☎ 043-256-9114,,20260731,,202607311906,금융감독원 금융상품한눈에 Open API,2026-08-10T14:19:08
030300,저축은행,202607,0010489,청주저축은행,240014,E-정기예금,3,M,복리,2.50%,2.11%,"52,985",2.50%,"인터넷,스마트폰",1,제한없음,복리,,없음,"1개월 이내 : 만기시 동일상품 동일계약기간의 신규 약정금리, 1개월 초과 : 보통예금 이율",상품 문의 ☎ 043-256-9114,,20260731,,202607311906,금융감독원 금융상품한눈에 Open API,2026-08-10T14:19:08
030300,저축은행,202607,0010489,청주저축은행,240014,E-정기예금,6,M,복리,3.05%,2.58%,"129,838",3.05%,"인터넷,스마트폰",1,제한없음,복리,,없음,"1개월 이내 : 만기시 동일상품 동일계약기간의 신규 약정금리, 1개월 초과 : 보통예금 이율",상품 문의 ☎ 043-256-9114,,20260731,,202607311906,금융감독원 금융상품한눈에 Open API,2026-08-10T14:19:08
030300,저축은행,202607,0010489,청주저축은행,240014,E-정기예금,12,M,복리,4.00%,3.38%,"344,673",4.00%,"인터넷,스마트폰",1,제한없음,복리,,없음,"1개월 이내 : 만기시 동일상품 동일계약기간의 신규 약정금리, 1개월 초과 : 보통예금 이율",상품 문의 ☎ 043-256-9114,,20260731,,202607311906,금융감독원 금융상품한눈에 Open API,2026-08-10T14:19:08
030300,저축은행,202607,0010489,청주저축은행,240014,E-정기예금,24,M,복리,3.80%,3.21%,"666,927",3.80%,"인터넷,스마트폰",1,제한없음,복리,,없음,"1개월 이내 : 만기시 동일상품 동일계약기간의 신규 약정금리, 1개월 초과 : 보통예금 이율",상품 문의 ☎ 043-256-9114,,20260731,,202607311906,금융감독원 금융상품한눈에 Open API,2026-08-10T14:19:08
030300,저축은행,202607,0010489,청주저축은행,240014,E-정기예금,36,M,복리,3.60%,3.05%,"963,320",3.60%,"인터넷,스마트폰",1,제한없음,복리,,없음,"1개월 이내 : 만기시 동일상품 동일계약기간의 신규 약정금리, 1개월 초과 : 보통예금 이율",상품 문의 ☎ 043-256-9114,,20260731,,202607311906,금융감독원 금융상품한눈에 Open API,2026-08-10T14:19:08
030300,저축은행,202607,0010489,청주저축은행,240020,펫팸정기예금_천안지점,6,S,단리,3.05%,2.58%,"129,000",3.05%,영업점,1,제한없음 (반려동물을 키우는 지점방문고객(개인)),단리,,없음,"1개월 이내 : 만기시 동일상품 동일계약기간의 신규 약정금리, 1개월 초과 : 보통예금 이율",상품 문의 ☎ 041-522-9114,,20260731,,202607311906,금융감독원 금융상품한눈에 Open API,2026-08-10T14:19:08
030300,저축은행,202607,0010489,청주저축은행,240020,펫팸정기예금_천안지점,12,S,단리,4.00%,3.38%,"338,000",4.00%,영업점,1,제한없음 (반려동물을 키우는 지점방문고객(개인)),단리,,없음,"1개월 이내 : 만기시 동일상품 동일계약기간의 신규 약정금리, 1개월 초과 : 보통예금 이율",상품 문의 ☎ 041-522-9114,,20260731,,202607311906,금융감독원 금융상품한눈에 Open API,2026-08-10T14:19:08
030300,저축은행,202607,0010489,청주저축은행,240020,펫팸정기예금_천안지점,6,M,복리,3.05%,2.58%,"129,838",3.05%,영업점,1,제한없음 (반려동물을 키우는 지점방문고객(개인)),복리,,없음,"1개월 이내 : 만기시 동일상품 동일계약기간의 신규 약정금리, 1개월 초과 : 보통예금 이율",상품 문의 ☎ 041-522-9114,,20260731,,202607311906,금융감독원 금융상품한눈에 Open API,2026-08-10T14:19:08
030300,저축은행,202607,0010489,청주저축은행,240020,펫팸정기예금_천안지점,12,M,복리,4.00%,3.38%,"344,673",4.00%,영업점,1,제한없음 (반려동물을 키우는 지점방문고객(개인)),복리,,없음,"1개월 이내 : 만기시 동일상품 동일계약기간의 신규 약정금리, 1개월 초과 : 보통예금 이율",상품 문의 ☎ 041-522-9114,,20260731,,202607311906,금융감독원 금융상품한눈에 Open API,2026-08-10T14:19:08
030300,저축은행,202607,0010489,청주저축은행,240022,정기예금_천안지점,1,S,단리,1.20%,1.02%,"8,000",1.20%,영업점,1,제한없음,단리,,없음,"1개월 이내 : 만기시 동일상품 동일계약기간의 신규 약정금리, 1개월 초과 : 보통예금 이율",상품 문의 ☎ 041-522-9114,,20260731,,202607311906,금융감독원 금융상품한눈에 Open API,2026-08-10T14:19:08
030300,저축은행,202607,0010489,청주저축은행,240022,정기예금_천안지점,3,S,단리,2.50%,2.11%,"53,000",2.50%,영업점,1,제한없음,단리,,없음,"1개월 이내 : 만기시 동일상품 동일계약기간의 신규 약정금리, 1개월 초과 : 보통예금 이율",상품 문의 ☎ 041-522-9114,,20260731,,202607311906,금융감독원 금융상품한눈에 Open API,2026-08-10T14:19:08
030300,저축은행,202607,0010489,청주저축은행,240022,정기예금_천안지점,6,S,단리,3.05%,2.58%,"129,000",3.05%,영업점,1,제한없음,단리,,없음,"1개월 이내 : 만기시 동일상품 동일계약기간의 신규 약정금리, 1개월 초과 : 보통예금 이율",상품 문의 ☎ 041-522-9114,,20260731,,202607311906,금융감독원 금융상품한눈에 Open API,2026-08-10T14:19:08
030300,저축은행,202607,0010489,청주저축은행,240022,정기예금_천안지점,12,S,단리,4.00%,3.38%,"338,000",4.00%,영업점,1,제한없음,단리,,없음,"1개월 이내 : 만기시 동일상품 동일계약기간의 신규 약정금리, 1개월 초과 : 보통예금 이율",상품 문의 ☎ 041-522-9114,,20260731,,202607311906,금융감독원 금융상품한눈에 Open API,2026-08-10T14:19:08
030300,저축은행,202607,0010489,청주저축은행,240022,정기예금_천안지점,24,S,단리,3.60%,3.05%,"609,000",3.60%,영업점,1,제한없음,단리,,없음,"1개월 이내 : 만기시 동일상품 동일계약기간의 신규 약정금리, 1개월 초과 : 보통예금 이율",상품 문의 ☎ 041-522-9114,,20260731,,202607311906,금융감독원 금융상품한눈에 Open API,2026-08-10T14:19:08
030300,저축은행,202607,0010489,청주저축은행,240022,정기예금_천안지점,36,S,단리,3.60%,3.05%,"914,000",3.60%,영업점,1,제한없음,단리,,없음,"1개월 이내 : 만기시 동일상품 동일계약기간의 신규 약정금리, 1개월 초과 : 보통예금 이율",상품 문의 ☎ 041-522-9114,,20260731,,202607311906,금융감독원 금융상품한눈에 Open API,2026-08-10T14:19:08
030300,저축은행,202607,0010489,청주저축은행,240022,정기예금_천안지점,1,M,복리,1.20%,1.02%,"8,460",1.20%,영업점,1,제한없음,복리,,없음,"1개월 이내 : 만기시 동일상품 동일계약기간의 신규 약정금리, 1개월 초과 : 보통예금 이율",상품 문의 ☎ 041-522-9114,,20260731,,202607311906,금융감독원 금융상품한눈에 Open API,2026-08-10T14:19:08
030300,저축은행,202607,0010489,청주저축은행,240022,정기예금_천안지점,3,M,복리,2.50%,2.11%,"52,985",2.50%,영업점,1,제한없음,복리,,없음,"1개월 이내 : 만기시 동일상품 동일계약기간의 신규 약정금리, 1개월 초과 : 보통예금 이율",상품 문의 ☎ 041-522-9114,,20260731,,202607311906,금융감독원 금융상품한눈에 Open API,2026-08-10T14:19:08
030300,저축은행,202607,0010489,청주저축은행,240022,정기예금_천안지점,6,M,복리,3.05%,2.58%,"129,838",3.05%,영업점,1,제한없음,복리,,없음,"1개월 이내 : 만기시 동일상품 동일계약기간의 신규 약정금리, 1개월 초과 : 보통예금 이율",상품 문의 ☎ 041-522-9114,,20260731,,202607311906,금융감독원 금융상품한눈에 Open API,2026-08-10T14:19:08
030300,저축은행,202607,0010489,청주저축은행,240022,정기예금_천안지점,12,M,복리,4.00%,3.38%,"344,673",4.00%,영업점,1,제한없음,복리,,없음,"1개월 이내 : 만기시 동일상품 동일계약기간의 신규 약정금리, 1개월 초과 : 보통예금 이율",상품 문의 ☎ 041-522-9114,,20260731,,202607311906,금융감독원 금융상품한눈에 Open API,2026-08-10T14:19:08
030300,저축은행,202607,0010489,청주저축은행,240022,정기예금_천안지점,24,M,복리,3.60%,3.05%,"630,604",3.60%,영업점,1,제한없음,복리,,없음,"1개월 이내 : 만기시 동일상품 동일계약기간의 신규 약정금리, 1개월 초과 : 보통예금 이율",상품 문의 ☎ 041-522-9114,,20260731,,202607311906,금융감독원 금융상품한눈에 Open API,2026-08-10T14:19:08
030300,저축은행,202607,0010489,청주저축은행,240022,정기예금_천안지점,36,M,복리,3.60%,3.05%,"963,320",3.60%,영업점,1,제한없음,복리,,없음,"1개월 이내 : 만기시 동일상품 동일계약기간의 신규 약정금리, 1개월 초과 : 보통예금 이율",상품 문의 ☎ 041-522-9114,,20260731,,202607311906,금융감독원 금융상품한눈에 Open API,2026-08-10T14:19:08
030300,저축은행,202607,0010492,한성저축은행,24-0017,e-정기예금,1,S,단리,2.30%,1.95%,"16,000",2.30%,인터넷,1,제한없음,단리,,해당없음,- 만기후 계약동일 기간과 12개월 중 적은 기간 적용 : 가입시점 약정이율과 만기시점 현행이율 중 낮은 이율로 고정계산하여 적용 - 만기후 계약동일 기간과 12개월 중 적은 기간 초과 : 경과기간 종료시점의 보통예금이율 적용,"* 중도해지이율 - 1개월미만 : 계약일의 보통예금 이율 - 1개월이상 6개월미만 : 약정이율의 50% - 6개월이상 12개월미만 : 약정이율의 55% * 단, 최저금리는 보통예금이율 이상 적용",,20260728,,202607281420,금융감독원 금융상품한눈에 Open API,2026-08-10T14:19:08
030300,저축은행,202607,0010492,한성저축은행,24-0017,e-정기예금,3,S,단리,2.70%,2.28%,"57,000",2.70%,인터넷,1,제한없음,단리,,해당없음,- 만기후 계약동일 기간과 12개월 중 적은 기간 적용 : 가입시점 약정이율과 만기시점 현행이율 중 낮은 이율로 고정계산하여 적용 - 만기후 계약동일 기간과 12개월 중 적은 기간 초과 : 경과기간 종료시점의 보통예금이율 적용,"* 중도해지이율 - 1개월미만 : 계약일의 보통예금 이율 - 1개월이상 6개월미만 : 약정이율의 50% - 6개월이상 12개월미만 : 약정이율의 55% * 단, 최저금리는 보통예금이율 이상 적용",,20260728,,202607281420,금융감독원 금융상품한눈에 Open API,2026-08-10T14:19:08
030300,저축은행,202607,0010492,한성저축은행,24-0017,e-정기예금,6,S,단리,3.00%,2.54%,"127,000",3.00%,인터넷,1,제한없음,단리,,해당없음,- 만기후 계약동일 기간과 12개월 중 적은 기간 적용 : 가입시점 약정이율과 만기시점 현행이율 중 낮은 이율로 고정계산하여 적용 - 만기후 계약동일 기간과 12개월 중 적은 기간 초과 : 경과기간 종료시점의 보통예금이율 적용,"* 중도해지이율 - 1개월미만 : 계약일의 보통예금 이율 - 1개월이상 6개월미만 : 약정이율의 50% - 6개월이상 12개월미만 : 약정이율의 55% * 단, 최저금리는 보통예금이율 이상 적용",,20260728,,202607281420,금융감독원 금융상품한눈에 Open API,2026-08-10T14:19:08
030300,저축은행,202607,0010492,한성저축은행,24-0017,e-정기예금,12,S,단리,3.80%,3.21%,"321,000",3.80%,인터넷,1,제한없음,단리,,해당없음,- 만기후 계약동일 기간과 12개월 중 적은 기간 적용 : 가입시점 약정이율과 만기시점 현행이율 중 낮은 이율로 고정계산하여 적용 - 만기후 계약동일 기간과 12개월 중 적은 기간 초과 : 경과기간 종료시점의 보통예금이율 적용,"* 중도해지이율 - 1개월미만 : 계약일의 보통예금 이율 - 1개월이상 6개월미만 : 약정이율의 50% - 6개월이상 12개월미만 : 약정이율의 55% * 단, 최저금리는 보통예금이율 이상 적용",,20260728,,202607281420,금융감독원 금융상품한눈에 Open API,2026-08-10T14:19:08
030300,저축은행,202607,0010492,한성저축은행,24-0017,e-정기예금,1,M,복리,2.30%,1.95%,"16,215",2.30%,인터넷,1,제한없음,복리,,해당없음,- 만기후 계약동일 기간과 12개월 중 적은 기간 적용 : 가입시점 약정이율과 만기시점 현행이율 중 낮은 이율로 고정계산하여 적용 - 만기후 계약동일 기간과 12개월 중 적은 기간 초과 : 경과기간 종료시점의 보통예금이율 적용,"* 중도해지이율 - 1개월미만 : 계약일의 보통예금 이율 - 1개월이상 6개월미만 : 약정이율의 50% - 6개월이상 12개월미만 : 약정이율의 55% * 단, 최저금리는 보통예금이율 이상 적용",,20260728,,202607281420,금융감독원 금융상품한눈에 Open API,2026-08-10T14:19:08
030300,저축은행,202607,0010492,한성저축은행,24-0017,e-정기예금,3,M,복리,2.70%,2.28%,"57,234",2.70%,인터넷,1,제한없음,복리,,해당없음,- 만기후 계약동일 기간과 12개월 중 적은 기간 적용 : 가입시점 약정이율과 만기시점 현행이율 중 낮은 이율로 고정계산하여 적용 - 만기후 계약동일 기간과 12개월 중 적은 기간 초과 : 경과기간 종료시점의 보통예금이율 적용,"* 중도해지이율 - 1개월미만 : 계약일의 보통예금 이율 - 1개월이상 6개월미만 : 약정이율의 50% - 6개월이상 12개월미만 : 약정이율의 55% * 단, 최저금리는 보통예금이율 이상 적용",,20260728,,202607281420,금융감독원 금융상품한눈에 Open API,2026-08-10T14:19:08
030300,저축은행,202607,0010492,한성저축은행,24-0017,e-정기예금,6,M,복리,3.00%,2.54%,"127,696",3.00%,인터넷,1,제한없음,복리,,해당없음,- 만기후 계약동일 기간과 12개월 중 적은 기간 적용 : 가입시점 약정이율과 만기시점 현행이율 중 낮은 이율로 고정계산하여 적용 - 만기후 계약동일 기간과 12개월 중 적은 기간 초과 : 경과기간 종료시점의 보통예금이율 적용,"* 중도해지이율 - 1개월미만 : 계약일의 보통예금 이율 - 1개월이상 6개월미만 : 약정이율의 50% - 6개월이상 12개월미만 : 약정이율의 55% * 단, 최저금리는 보통예금이율 이상 적용",,20260728,,202607281420,금융감독원 금융상품한눈에 Open API,2026-08-10T14:19:08
030300,저축은행,202607,0010492,한성저축은행,24-0017,e-정기예금,12,M,복리,3.80%,3.21%,"327,139",3.80%,인터넷,1,제한없음,복리,,해당없음,- 만기후 계약동일 기간과 12개월 중 적은 기간 적용 : 가입시점 약정이율과 만기시점 현행이율 중 낮은 이율로 고정계산하여 적용 - 만기후 계약동일 기간과 12개월 중 적은 기간 초과 : 경과기간 종료시점의 보통예금이율 적용,"* 중도해지이율 - 1개월미만 : 계약일의 보통예금 이율 - 1개월이상 6개월미만 : 약정이율의 50% - 6개월이상 12개월미만 : 약정이율의 55% * 단, 최저금리는 보통예금이율 이상 적용",,20260728,,202607281420,금융감독원 금융상품한눈에 Open API,2026-08-10T14:19:08
030300,저축은행,202607,0010492,한성저축은행,24-0019,m-정기예금,1,S,단리,2.30%,1.95%,"16,000",2.30%,스마트폰,1,제한없음,단리,,해당없음,- 만기후 계약동일 기간과 12개월 중 적은 기간 적용 : 가입시점 약정이율과 만기시점 현행이율 중 낮은 이율로 고정계산하여 적용 - 만기후 계약동일 기간과 12개월 중 적은 기간 초과 : 경과기간 종료시점의 보통예금이율 적용,"* 중도해지이율 - 1개월미만 : 계약일의 보통예금 이율 - 1개월이상 6개월미만 : 약정이율의 50% - 6개월이상 12개월미만 : 약정이율의 55% * 단, 최저금리는 보통예금이율 이상 적용",,20260728,,202607281420,금융감독원 금융상품한눈에 Open API,2026-08-10T14:19:08
030300,저축은행,202607,0010492,한성저축은행,24-0019,m-정기예금,3,S,단리,2.70%,2.28%,"57,000",2.70%,스마트폰,1,제한없음,단리,,해당없음,- 만기후 계약동일 기간과 12개월 중 적은 기간 적용 : 가입시점 약정이율과 만기시점 현행이율 중 낮은 이율로 고정계산하여 적용 - 만기후 계약동일 기간과 12개월 중 적은 기간 초과 : 경과기간 종료시점의 보통예금이율 적용,"* 중도해지이율 - 1개월미만 : 계약일의 보통예금 이율 - 1개월이상 6개월미만 : 약정이율의 50% - 6개월이상 12개월미만 : 약정이율의 55% * 단, 최저금리는 보통예금이율 이상 적용",,20260728,,202607281420,금융감독원 금융상품한눈에 Open API,2026-08-10T14:19:08
030300,저축은행,202607,0010492,한성저축은행,24-0019,m-정기예금,6,S,단리,3.00%,2.54%,"127,000",3.00%,스마트폰,1,제한없음,단리,,해당없음,- 만기후 계약동일 기간과 12개월 중 적은 기간 적용 : 가입시점 약정이율과 만기시점 현행이율 중 낮은 이율로 고정계산하여 적용 - 만기후 계약동일 기간과 12개월 중 적은 기간 초과 : 경과기간 종료시점의 보통예금이율 적용,"* 중도해지이율 - 1개월미만 : 계약일의 보통예금 이율 - 1개월이상 6개월미만 : 약정이율의 50% - 6개월이상 12개월미만 : 약정이율의 55% * 단, 최저금리는 보통예금이율 이상 적용",,20260728,,202607281420,금융감독원 금융상품한눈에 Open API,2026-08-10T14:19:08
030300,저축은행,202607,0010492,한성저축은행,24-0019,m-정기예금,12,S,단리,3.80%,3.21%,"321,000",3.80%,스마트폰,1,제한없음,단리,,해당없음,- 만기후 계약동일 기간과 12개월 중 적은 기간 적용 : 가입시점 약정이율과 만기시점 현행이율 중 낮은 이율로 고정계산하여 적용 - 만기후 계약동일 기간과 12개월 중 적은 기간 초과 : 경과기간 종료시점의 보통예금이율 적용,"* 중도해지이율 - 1개월미만 : 계약일의 보통예금 이율 - 1개월이상 6개월미만 : 약정이율의 50% - 6개월이상 12개월미만 : 약정이율의 55% * 단, 최저금리는 보통예금이율 이상 적용",,20260728,,202607281420,금융감독원 금융상품한눈에 Open API,2026-08-10T14:19:08
030300,저축은행,202607,0010492,한성저축은행,24-0019,m-정기예금,1,M,복리,2.30%,1.95%,"16,215",2.30%,스마트폰,1,제한없음,복리,,해당없음,- 만기후 계약동일 기간과 12개월 중 적은 기간 적용 : 가입시점 약정이율과 만기시점 현행이율 중 낮은 이율로 고정계산하여 적용 - 만기후 계약동일 기간과 12개월 중 적은 기간 초과 : 경과기간 종료시점의 보통예금이율 적용,"* 중도해지이율 - 1개월미만 : 계약일의 보통예금 이율 - 1개월이상 6개월미만 : 약정이율의 50% - 6개월이상 12개월미만 : 약정이율의 55% * 단, 최저금리는 보통예금이율 이상 적용",,20260728,,202607281420,금융감독원 금융상품한눈에 Open API,2026-08-10T14:19:08
030300,저축은행,202607,0010492,한성저축은행,24-0019,m-정기예금,3,M,복리,2.70%,2.28%,"57,234",2.70%,스마트폰,1,제한없음,복리,,해당없음,- 만기후 계약동일 기간과 12개월 중 적은 기간 적용 : 가입시점 약정이율과 만기시점 현행이율 중 낮은 이율로 고정계산하여 적용 - 만기후 계약동일 기간과 12개월 중 적은 기간 초과 : 경과기간 종료시점의 보통예금이율 적용,"* 중도해지이율 - 1개월미만 : 계약일의 보통예금 이율 - 1개월이상 6개월미만 : 약정이율의 50% - 6개월이상 12개월미만 : 약정이율의 55% * 단, 최저금리는 보통예금이율 이상 적용",,20260728,,202607281420,금융감독원 금융상품한눈에 Open API,2026-08-10T14:19:08
030300,저축은행,202607,0010492,한성저축은행,24-0019,m-정기예금,6,M,복리,3.00%,2.54%,"127,696",3.00%,스마트폰,1,제한없음,복리,,해당없음,- 만기후 계약동일 기간과 12개월 중 적은 기간 적용 : 가입시점 약정이율과 만기시점 현행이율 중 낮은 이율로 고정계산하여 적용 - 만기후 계약동일 기간과 12개월 중 적은 기간 초과 : 경과기간 종료시점의 보통예금이율 적용,"* 중도해지이율 - 1개월미만 : 계약일의 보통예금 이율 - 1개월이상 6개월미만 : 약정이율의 50% - 6개월이상 12개월미만 : 약정이율의 55% * 단, 최저금리는 보통예금이율 이상 적용",,20260728,,202607281420,금융감독원 금융상품한눈에 Open API,2026-08-10T14:19:08
030300,저축은행,202607,0010492,한성저축은행,24-0019,m-정기예금,12,M,복리,3.80%,3.21%,"327,139",3.80%,스마트폰,1,제한없음,복리,,해당없음,- 만기후 계약동일 기간과 12개월 중 적은 기간 적용 : 가입시점 약정이율과 만기시점 현행이율 중 낮은 이율로 고정계산하여 적용 - 만기후 계약동일 기간과 12개월 중 적은 기간 초과 : 경과기간 종료시점의 보통예금이율 적용,"* 중도해지이율 - 1개월미만 : 계약일의 보통예금 이율 - 1개월이상 6개월미만 : 약정이율의 50% - 6개월이상 12개월미만 : 약정이율의 55% * 단, 최저금리는 보통예금이율 이상 적용",,20260728,,202607281420,금융감독원 금융상품한눈에 Open API,2026-08-10T14:19:08
030300,저축은행,202607,0010492,한성저축은행,24-0023,정기예금,1,S,단리,2.30%,1.95%,"16,000",2.30%,영업점,1,제한없음,단리,,해당없음,- 만기후 계약동일 기간과 12개월 중 적은 기간 적용 : 가입시점 약정이율과 만기시점 현행이율 중 낮은 이율로 고정계산하여 적용 - 만기후 계약동일 기간과 12개월 중 적은 기간 초과 : 경과기간 종료시점의 보통예금이율 적용,"*방문가입 * 중도해지이율 - 1개월미만 : 계약일의 보통예금 이율 - 1개월이상 6개월미만 : 약정이율의 50% - 6개월이상 12개월미만 : 약정이율의 55% * 단, 최저금리는 보통예금이율 이상 적용",,20260728,,202607281420,금융감독원 금융상품한눈에 Open API,2026-08-10T14:19:08
030300,저축은행,202607,0010492,한성저축은행,24-0023,정기예금,3,S,단리,2.70%,2.28%,"57,000",2.70%,영업점,1,제한없음,단리,,해당없음,- 만기후 계약동일 기간과 12개월 중 적은 기간 적용 : 가입시점 약정이율과 만기시점 현행이율 중 낮은 이율로 고정계산하여 적용 - 만기후 계약동일 기간과 12개월 중 적은 기간 초과 : 경과기간 종료시점의 보통예금이율 적용,"*방문가입 * 중도해지이율 - 1개월미만 : 계약일의 보통예금 이율 - 1개월이상 6개월미만 : 약정이율의 50% - 6개월이상 12개월미만 : 약정이율의 55% * 단, 최저금리는 보통예금이율 이상 적용",,20260728,,202607281420,금융감독원 금융상품한눈에 Open API,2026-08-10T14:19:08
030300,저축은행,202607,0010492,한성저축은행,24-0023,정기예금,6,S,단리,3.00%,2.54%,"127,000",3.00%,영업점,1,제한없음,단리,,해당없음,- 만기후 계약동일 기간과 12개월 중 적은 기간 적용 : 가입시점 약정이율과 만기시점 현행이율 중 낮은 이율로 고정계산하여 적용 - 만기후 계약동일 기간과 12개월 중 적은 기간 초과 : 경과기간 종료시점의 보통예금이율 적용,"*방문가입 * 중도해지이율 - 1개월미만 : 계약일의 보통예금 이율 - 1개월이상 6개월미만 : 약정이율의 50% - 6개월이상 12개월미만 : 약정이율의 55% * 단, 최저금리는 보통예금이율 이상 적용",,20260728,,202607281420,금융감독원 금융상품한눈에 Open API,2026-08-10T14:19:08
030300,저축은행,202607,0010492,한성저축은행,24-0023,정기예금,12,S,단리,3.80%,3.21%,"321,000",3.80%,영업점,1,제한없음,단리,,해당없음,- 만기후 계약동일 기간과 12개월 중 적은 기간 적용 : 가입시점 약정이율과 만기시점 현행이율 중 낮은 이율로 고정계산하여 적용 - 만기후 계약동일 기간과 12개월 중 적은 기간 초과 : 경과기간 종료시점의 보통예금이율 적용,"*방문가입 * 중도해지이율 - 1개월미만 : 계약일의 보통예금 이율 - 1개월이상 6개월미만 : 약정이율의 50% - 6개월이상 12개월미만 : 약정이율의 55% * 단, 최저금리는 보통예금이율 이상 적용",,20260728,,202607281420,금융감독원 금융상품한눈에 Open API,2026-08-10T14:19:08
030300,저축은행,202607,0010492,한성저축은행,24-0023,정기예금,1,M,복리,2.30%,1.95%,"16,215",2.30%,영업점,1,제한없음,복리,,해당없음,- 만기후 계약동일 기간과 12개월 중 적은 기간 적용 : 가입시점 약정이율과 만기시점 현행이율 중 낮은 이율로 고정계산하여 적용 - 만기후 계약동일 기간과 12개월 중 적은 기간 초과 : 경과기간 종료시점의 보통예금이율 적용,"*방문가입 * 중도해지이율 - 1개월미만 : 계약일의 보통예금 이율 - 1개월이상 6개월미만 : 약정이율의 50% - 6개월이상 12개월미만 : 약정이율의 55% * 단, 최저금리는 보통예금이율 이상 적용",,20260728,,202607281420,금융감독원 금융상품한눈에 Open API,2026-08-10T14:19:08
030300,저축은행,202607,0010492,한성저축은행,24-0023,정기예금,3,M,복리,2.70%,2.28%,"57,234",2.70%,영업점,1,제한없음,복리,,해당없음,- 만기후 계약동일 기간과 12개월 중 적은 기간 적용 : 가입시점 약정이율과 만기시점 현행이율 중 낮은 이율로 고정계산하여 적용 - 만기후 계약동일 기간과 12개월 중 적은 기간 초과 : 경과기간 종료시점의 보통예금이율 적용,"*방문가입 * 중도해지이율 - 1개월미만 : 계약일의 보통예금 이율 - 1개월이상 6개월미만 : 약정이율의 50% - 6개월이상 12개월미만 : 약정이율의 55% * 단, 최저금리는 보통예금이율 이상 적용",,20260728,,202607281420,금융감독원 금융상품한눈에 Open API,2026-08-10T14:19:08
030300,저축은행,202607,0010492,한성저축은행,24-0023,정기예금,6,M,복리,3.00%,2.54%,"127,696",3.00%,영업점,1,제한없음,복리,,해당없음,- 만기후 계약동일 기간과 12개월 중 적은 기간 적용 : 가입시점 약정이율과 만기시점 현행이율 중 낮은 이율로 고정계산하여 적용 - 만기후 계약동일 기간과 12개월 중 적은 기간 초과 : 경과기간 종료시점의 보통예금이율 적용,"*방문가입 * 중도해지이율 - 1개월미만 : 계약일의 보통예금 이율 - 1개월이상 6개월미만 : 약정이율의 50% - 6개월이상 12개월미만 : 약정이율의 55% * 단, 최저금리는 보통예금이율 이상 적용",,20260728,,202607281420,금융감독원 금융상품한눈에 Open API,2026-08-10T14:19:08
030300,저축은행,202607,0010492,한성저축은행,24-0023,정기예금,12,M,복리,3.80%,3.21%,"327,139",3.80%,영업점,1,제한없음,복리,,해당없음,- 만기후 계약동일 기간과 12개월 중 적은 기간 적용 : 가입시점 약정이율과 만기시점 현행이율 중 낮은 이율로 고정계산하여 적용 - 만기후 계약동일 기간과 12개월 중 적은 기간 초과 : 경과기간 종료시점의 보통예금이율 적용,"*방문가입 * 중도해지이율 - 1개월미만 : 계약일의 보통예금 이율 - 1개월이상 6개월미만 : 약정이율의 50% - 6개월이상 12개월미만 : 약정이율의 55% * 단, 최저금리는 보통예금이율 이상 적용",,20260728,,202607281420,금융감독원 금융상품한눈에 Open API,2026-08-10T14:19:08
030300,저축은행,202607,0010508,상상인플러스저축은행,02080,회전정기예금,12,S,단리,3.90%,3.30%,"330,000",3.90%,영업점,1,제한없음,단리,,없음,만기후 1개월 이내 : 최초 약정이율과 만기 시점 이율 비교 후 낮은금리 적용 만기후 1개월 이후 : 보통예금 이율 적용(연 0.1%),"실제예치기간별 차등금리 1개월 미만: 연0.1%(세전) 3개월 미만: 약정이율10% 6개월 미만: 약정이율15% 9개월 미만: 약정이율70% 12개월 미만: 약정이율95% [1회전주기 도래 전] 예금일 당시 회전정기예금 중도해지 이자율 적용 [회전주기 도래 후] 회전주기 충족분은 정상이자율 적용, 잔여분은 중도해지 이자율 적용",,20260720,,202607201300,금융감독원 금융상품한눈에 Open API,2026-08-10T14:19:08
030300,저축은행,202607,0010508,상상인플러스저축은행,02080,회전정기예금,12,M,복리,3.90%,3.30%,"335,902",3.90%,영업점,1,제한없음,복리,,없음,만기후 1개월 이내 : 최초 약정이율과 만기 시점 이율 비교 후 낮은금리 적용 만기후 1개월 이후 : 보통예금 이율 적용(연 0.1%),"실제예치기간별 차등금리 1개월 미만: 연0.1%(세전) 3개월 미만: 약정이율10% 6개월 미만: 약정이율15% 9개월 미만: 약정이율70% 12개월 미만: 약정이율95% [1회전주기 도래 전] 예금일 당시 회전정기예금 중도해지 이자율 적용 [회전주기 도래 후] 회전주기 충족분은 정상이자율 적용, 잔여분은 중도해지 이자율 적용",,20260720,,202607201300,금융감독원 금융상품한눈에 Open API,2026-08-10T14:19:08
030300,저축은행,202607,0010508,상상인플러스저축은행,02081,회전E-정기예금,12,S,단리,4.00%,3.38%,"338,000",4.00%,"인터넷,스마트폰",1,제한없음,단리,,없음,만기후 1개월 이내 : 최초 약정이율과 만기 시점 이율 비교 후 낮은금리 적용 만기후 1개월 이후 : 보통예금 이율 적용(연 0.1%),"실제예치기간별 차등금리 1개월 미만: 연0.1%(세전) 3개월 미만: 약정이율10% 6개월 미만: 약정이율15% 9개월 미만: 약정이율70% 12개월 미만: 약정이율95% [1회전주기 도래 전] 예금일 당시 회전정기예금 중도해지 이자율 적용 [회전주기 도래 후] 회전주기 충족분은 정상이자율 적용, 잔여분은 중도해지 이자율 적용",,20260720,,202607201300,금융감독원 금융상품한눈에 Open API,2026-08-10T14:19:08
030300,저축은행,202607,0010508,상상인플러스저축은행,02081,회전E-정기예금,12,M,복리,4.00%,3.38%,"344,673",4.00%,"인터넷,스마트폰",1,제한없음,복리,,없음,만기후 1개월 이내 : 최초 약정이율과 만기 시점 이율 비교 후 낮은금리 적용 만기후 1개월 이후 : 보통예금 이율 적용(연 0.1%),"실제예치기간별 차등금리 1개월 미만: 연0.1%(세전) 3개월 미만: 약정이율10% 6개월 미만: 약정이율15% 9개월 미만: 약정이율70% 12개월 미만: 약정이율95% [1회전주기 도래 전] 예금일 당시 회전정기예금 중도해지 이자율 적용 [회전주기 도래 후] 회전주기 충족분은 정상이자율 적용, 잔여분은 중도해지 이자율 적용",,20260720,,202607201300,금융감독원 금융상품한눈에 Open API,2026-08-10T14:19:08
030300,저축은행,202607,0010508,상상인플러스저축은행,02082,회전정기예금(비대면),12,S,단리,4.00%,3.38%,"338,000",4.00%,스마트폰,1,제한없음,단리,,없음,만기후 1개월 이내 : 최초 약정이율과 만기 시점 이율 비교 후 낮은금리 적용 만기후 1개월 이후 : 보통예금 이율 적용(연 0.1%),"실제예치기간별 차등금리 1개월 미만: 연0.1%(세전) 3개월 미만: 약정이율10% 6개월 미만: 약정이율15% 9개월 미만: 약정이율70% 12개월 미만: 약정이율95% [1회전주기 도래 전] 예금일 당시 회전정기예금 중도해지 이자율 적용 [회전주기 도래 후] 회전주기 충족분은 정상이자율 적용, 잔여분은 중도해지 이자율 적용",,20260720,,202607201300,금융감독원 금융상품한눈에 Open API,2026-08-10T14:19:08
030300,저축은행,202607,0010508,상상인플러스저축은행,02082,회전정기예금(비대면),12,M,복리,4.00%,3.38%,"344,673",4.00%,스마트폰,1,제한없음,복리,,없음,만기후 1개월 이내 : 최초 약정이율과 만기 시점 이율 비교 후 낮은금리 적용 만기후 1개월 이후 : 보통예금 이율 적용(연 0.1%),"실제예치기간별 차등금리 1개월 미만: 연0.1%(세전) 3개월 미만: 약정이율10% 6개월 미만: 약정이율15% 9개월 미만: 약정이율70% 12개월 미만: 약정이율95% [1회전주기 도래 전] 예금일 당시 회전정기예금 중도해지 이자율 적용 [회전주기 도래 후] 회전주기 충족분은 정상이자율 적용, 잔여분은 중도해지 이자율 적용",,20260720,,202607201300,금융감독원 금융상품한눈에 Open API,2026-08-10T14:19:08
030300,저축은행,202607,0010508,상상인플러스저축은행,02083,크크크 회전정기예금,12,S,단리,4.00%,3.38%,"338,000",4.00%,스마트폰,1,제한없음,단리,,없음,만기후 1개월 이내 : 최초 약정이율과 만기 시점 이율 비교 후 낮은금리 적용 만기후 1개월 이후 : 보통예금 이율 적용(연 0.1%),"실제예치기간별 차등금리 1개월 미만: 연0.1%(세전) 3개월 미만: 약정이율10% 6개월 미만: 약정이율15% 9개월 미만: 약정이율70% 12개월 미만: 약정이율95% [1회전주기 도래 전] 예금일 당시 회전정기예금 중도해지 이자율 적용 [회전주기 도래 후] 회전주기 충족분은 정상이자율 적용, 잔여분은 중도해지 이자율 적용",,20260720,,202607201300,금융감독원 금융상품한눈에 Open API,2026-08-10T14:19:08
030300,저축은행,202607,0010508,상상인플러스저축은행,02083,크크크 회전정기예금,12,M,복리,4.00%,3.38%,"344,673",4.00%,스마트폰,1,제한없음,복리,,없음,만기후 1개월 이내 : 최초 약정이율과 만기 시점 이율 비교 후 낮은금리 적용 만기후 1개월 이후 : 보통예금 이율 적용(연 0.1%),"실제예치기간별 차등금리 1개월 미만: 연0.1%(세전) 3개월 미만: 약정이율10% 6개월 미만: 약정이율15% 9개월 미만: 약정이율70% 12개월 미만: 약정이율95% [1회전주기 도래 전] 예금일 당시 회전정기예금 중도해지 이자율 적용 [회전주기 도래 후] 회전주기 충족분은 정상이자율 적용, 잔여분은 중도해지 이자율 적용",,20260720,,202607201300,금융감독원 금융상품한눈에 Open API,2026-08-10T14:19:08
030300,저축은행,202607,0010508,상상인플러스저축은행,02084,369회전정기예금,36,S,단리,3.90%,3.30%,"990,000",3.90%,영업점,1,제한없음,단리,,없음,만기후 1개월 이내 : 최종 회전이율과 만기시점 동일상품 동일계약기간의 신규약정이율 중 낮은 이율 만기후 1개월 초과 : 연 0.1%(세전),"실제예치기간별 차등금리 1개월 미만: 연0.1%(세전) 1개월 이상~12개월 미만: 약정이율50% [1회전주기 도래 전] 예금일 당시 회전정기예금 중도해지 이자율 적용 [회전주기 도래 후] 회전주기 충족분은 정상이자율 적용, 잔여분은 중도해지 이자율 적용",,20260720,,202607201300,금융감독원 금융상품한눈에 Open API,2026-08-10T14:19:08
030300,저축은행,202607,0010508,상상인플러스저축은행,02084,369회전정기예금,36,M,복리,3.90%,3.30%,"1,048,246",3.90%,영업점,1,제한없음,복리,,없음,만기후 1개월 이내 : 최종 회전이율과 만기시점 동일상품 동일계약기간의 신규약정이율 중 낮은 이율 만기후 1개월 초과 : 연 0.1%(세전),"실제예치기간별 차등금리 1개월 미만: 연0.1%(세전) 1개월 이상~12개월 미만: 약정이율50% [1회전주기 도래 전] 예금일 당시 회전정기예금 중도해지 이자율 적용 [회전주기 도래 후] 회전주기 충족분은 정상이자율 적용, 잔여분은 중도해지 이자율 적용",,20260720,,202607201300,금융감독원 금융상품한눈에 Open API,2026-08-10T14:19:08
030300,저축은행,202607,0010508,상상인플러스저축은행,02085,369회전정기예금E,36,S,단리,4.00%,3.38%,"1,015,000",4.00%,"인터넷,스마트폰",1,제한없음,단리,,없음,만기후 1개월 이내 : 최종 회전이율과 만기시점 동일상품 동일계약기간의 신규약정이율 중 낮은 이율 만기후 1개월 초과 : 연 0.1%(세전),"실제예치기간별 차등금리 1개월 미만: 연0.1%(세전) 1개월 이상~12개월 미만: 약정이율50% [1회전주기 도래 전] 예금일 당시 회전정기예금 중도해지 이자율 적용 [회전주기 도래 후] 회전주기 충족분은 정상이자율 적용, 잔여분은 중도해지 이자율 적용",,20260720,,202607201300,금융감독원 금융상품한눈에 Open API,2026-08-10T14:19:08
030300,저축은행,202607,0010508,상상인플러스저축은행,02085,369회전정기예금E,36,M,복리,4.00%,3.38%,"1,076,720",4.00%,"인터넷,스마트폰",1,제한없음,복리,,없음,만기후 1개월 이내 : 최종 회전이율과 만기시점 동일상품 동일계약기간의 신규약정이율 중 낮은 이율 만기후 1개월 초과 : 연 0.1%(세전),"실제예치기간별 차등금리 1개월 미만: 연0.1%(세전) 1개월 이상~12개월 미만: 약정이율50% [1회전주기 도래 전] 예금일 당시 회전정기예금 중도해지 이자율 적용 [회전주기 도래 후] 회전주기 충족분은 정상이자율 적용, 잔여분은 중도해지 이자율 적용",,20260720,,202607201300,금융감독원 금융상품한눈에 Open API,2026-08-10T14:19:08
030300,저축은행,202607,0010508,상상인플러스저축은행,02086,비대면369회전정기예금,36,S,단리,4.00%,3.38%,"1,015,000",4.00%,스마트폰,1,제한없음,단리,,없음,만기후 1개월 이내 : 최종 회전이율과 만기시점 동일상품 동일계약기간의 신규약정이율 중 낮은 이율 만기후 1개월 초과 : 연 0.1%(세전),"실제예치기간별 차등금리 1개월 미만: 연0.1%(세전) 1개월 이상~12개월 미만: 약정이율50% [1회전주기 도래 전] 예금일 당시 회전정기예금 중도해지 이자율 적용 [회전주기 도래 후] 회전주기 충족분은 정상이자율 적용, 잔여분은 중도해지 이자율 적용",,20260720,,202607201300,금융감독원 금융상품한눈에 Open API,2026-08-10T14:19:08
030300,저축은행,202607,0010508,상상인플러스저축은행,02086,비대면369회전정기예금,36,M,복리,4.00%,3.38%,"1,076,720",4.00%,스마트폰,1,제한없음,복리,,없음,만기후 1개월 이내 : 최종 회전이율과 만기시점 동일상품 동일계약기간의 신규약정이율 중 낮은 이율 만기후 1개월 초과 : 연 0.1%(세전),"실제예치기간별 차등금리 1개월 미만: 연0.1%(세전) 1개월 이상~12개월 미만: 약정이율50% [1회전주기 도래 전] 예금일 당시 회전정기예금 중도해지 이자율 적용 [회전주기 도래 후] 회전주기 충족분은 정상이자율 적용, 잔여분은 중도해지 이자율 적용",,20260720,,202607201300,금융감독원 금융상품한눈에 Open API,2026-08-10T14:19:08
030300,저축은행,202607,0010508,상상인플러스저축은행,02087,크크크369회전정기예금,36,S,단리,4.00%,3.38%,"1,015,000",4.00%,스마트폰,1,제한없음,단리,,없음,만기후 1개월 이내 : 최종 회전이율과 만기시점 동일상품 동일계약기간의 신규약정이율 중 낮은 이율 만기후 1개월 초과 : 연 0.1%(세전),"실제예치기간별 차등금리 1개월 미만: 연0.1%(세전) 1개월 이상~12개월 미만: 약정이율50% [1회전주기 도래 전] 예금일 당시 회전정기예금 중도해지 이자율 적용 [회전주기 도래 후] 회전주기 충족분은 정상이자율 적용, 잔여분은 중도해지 이자율 적용",,20260720,,202607201300,금융감독원 금융상품한눈에 Open API,2026-08-10T14:19:08
030300,저축은행,202607,0010508,상상인플러스저축은행,02087,크크크369회전정기예금,36,M,복리,4.00%,3.38%,"1,076,720",4.00%,스마트폰,1,제한없음,복리,,없음,만기후 1개월 이내 : 최종 회전이율과 만기시점 동일상품 동일계약기간의 신규약정이율 중 낮은 이율 만기후 1개월 초과 : 연 0.1%(세전),"실제예치기간별 차등금리 1개월 미만: 연0.1%(세전) 1개월 이상~12개월 미만: 약정이율50% [1회전주기 도래 전] 예금일 당시 회전정기예금 중도해지 이자율 적용 [회전주기 도래 후] 회전주기 충족분은 정상이자율 적용, 잔여분은 중도해지 이자율 적용",,20260720,,202607201300,금융감독원 금융상품한눈에 Open API,2026-08-10T14:19:08
030300,저축은행,202607,0010508,상상인플러스저축은행,02088,정기예금_단기,1,S,단리,2.60%,2.20%,"18,000",2.60%,영업점,1,제한없음,단리,,없음,만기후 1개월 이내 : 최초 약정이율과 만기 시점 이율 비교 후 낮은금리 적용 만기후 1개월 이후 : 보통예금 이율 적용(연 0.1%),* 중도해지 이율 1개월 미만 : 연0.1% 1개월 이상 ~ 12개월 미만 : 약정이율의 50%,,20260720,,202607201300,금융감독원 금융상품한눈에 Open API,2026-08-10T14:19:08
030300,저축은행,202607,0010508,상상인플러스저축은행,02088,정기예금_단기,3,S,단리,2.60%,2.20%,"55,000",2.60%,영업점,1,제한없음,단리,,없음,만기후 1개월 이내 : 최초 약정이율과 만기 시점 이율 비교 후 낮은금리 적용 만기후 1개월 이후 : 보통예금 이율 적용(연 0.1%),* 중도해지 이율 1개월 미만 : 연0.1% 1개월 이상 ~ 12개월 미만 : 약정이율의 50%,,20260720,,202607201300,금융감독원 금융상품한눈에 Open API,2026-08-10T14:19:08
030300,저축은행,202607,0010508,상상인플러스저축은행,02088,정기예금_단기,6,S,단리,3.00%,2.54%,"127,000",3.00%,영업점,1,제한없음,단리,,없음,만기후 1개월 이내 : 최초 약정이율과 만기 시점 이율 비교 후 낮은금리 적용 만기후 1개월 이후 : 보통예금 이율 적용(연 0.1%),* 중도해지 이율 1개월 미만 : 연0.1% 1개월 이상 ~ 12개월 미만 : 약정이율의 50%,,20260720,,202607201300,금융감독원 금융상품한눈에 Open API,2026-08-10T14:19:08
030300,저축은행,202607,0010508,상상인플러스저축은행,02088,정기예금_단기,1,M,복리,2.60%,2.20%,"18,330",2.60%,영업점,1,제한없음,복리,,없음,만기후 1개월 이내 : 최초 약정이율과 만기 시점 이율 비교 후 낮은금리 적용 만기후 1개월 이후 : 보통예금 이율 적용(연 0.1%),* 중도해지 이율 1개월 미만 : 연0.1% 1개월 이상 ~ 12개월 미만 : 약정이율의 50%,,20260720,,202607201300,금융감독원 금융상품한눈에 Open API,2026-08-10T14:19:08
030300,저축은행,202607,0010508,상상인플러스저축은행,02088,정기예금_단기,3,M,복리,2.60%,2.20%,"55,109",2.60%,영업점,1,제한없음,복리,,없음,만기후 1개월 이내 : 최초 약정이율과 만기 시점 이율 비교 후 낮은금리 적용 만기후 1개월 이후 : 보통예금 이율 적용(연 0.1%),* 중도해지 이율 1개월 미만 : 연0.1% 1개월 이상 ~ 12개월 미만 : 약정이율의 50%,,20260720,,202607201300,금융감독원 금융상품한눈에 Open API,2026-08-10T14:19:08
030300,저축은행,202607,0010508,상상인플러스저축은행,02088,정기예금_단기,6,M,복리,3.00%,2.54%,"127,696",3.00%,영업점,1,제한없음,복리,,없음,만기후 1개월 이내 : 최초 약정이율과 만기 시점 이율 비교 후 낮은금리 적용 만기후 1개월 이후 : 보통예금 이율 적용(연 0.1%),* 중도해지 이율 1개월 미만 : 연0.1% 1개월 이상 ~ 12개월 미만 : 약정이율의 50%,,20260720,,202607201300,금융감독원 금융상품한눈에 Open API,2026-08-10T14:19:08
030300,저축은행,202607,0010508,상상인플러스저축은행,02089,정기예금,12,S,단리,3.80%,3.21%,"321,000",3.80%,영업점,1,제한없음,단리,,없음,만기후 1개월 이내 : 최초 약정이율과 만기 시점 이율 비교 후 낮은금리 적용 만기후 1개월 이후 : 보통예금 이율 적용(연 0.1%),실제예치기간별 차등금리 1개월 미만: 연0.1%(세전) 3개월 미만: 약정이율10% 6개월 미만: 약정이율15% 9개월 미만: 약정이율70% 9개월 이상 24개월 미만: 약정이율95%,,20260720,,202607201300,금융감독원 금융상품한눈에 Open API,2026-08-10T14:19:08
030300,저축은행,202607,0010508,상상인플러스저축은행,02089,정기예금,24,S,단리,3.70%,3.13%,"626,000",3.70%,영업점,1,제한없음,단리,,없음,만기후 1개월 이내 : 최초 약정이율과 만기 시점 이율 비교 후 낮은금리 적용 만기후 1개월 이후 : 보통예금 이율 적용(연 0.1%),실제예치기간별 차등금리 1개월 미만: 연0.1%(세전) 3개월 미만: 약정이율10% 6개월 미만: 약정이율15% 9개월 미만: 약정이율70% 9개월 이상 24개월 미만: 약정이율95%,,20260720,,202607201300,금융감독원 금융상품한눈에 Open API,2026-08-10T14:19:08
030300,저축은행,202607,0010508,상상인플러스저축은행,02089,정기예금,12,M,복리,3.80%,3.21%,"327,139",3.80%,영업점,1,제한없음,복리,,없음,만기후 1개월 이내 : 최초 약정이율과 만기 시점 이율 비교 후 낮은금리 적용 만기후 1개월 이후 : 보통예금 이율 적용(연 0.1%),실제예치기간별 차등금리 1개월 미만: 연0.1%(세전) 3개월 미만: 약정이율10% 6개월 미만: 약정이율15% 9개월 미만: 약정이율70% 9개월 이상 24개월 미만: 약정이율95%,,20260720,,202607201300,금융감독원 금융상품한눈에 Open API,2026-08-10T14:19:08
030300,저축은행,202607,0010508,상상인플러스저축은행,02089,정기예금,24,M,복리,3.70%,3.13%,"648,748",3.70%,영업점,1,제한없음,복리,,없음,만기후 1개월 이내 : 최초 약정이율과 만기 시점 이율 비교 후 낮은금리 적용 만기후 1개월 이후 : 보통예금 이율 적용(연 0.1%),실제예치기간별 차등금리 1개월 미만: 연0.1%(세전) 3개월 미만: 약정이율10% 6개월 미만: 약정이율15% 9개월 미만: 약정이율70% 9개월 이상 24개월 미만: 약정이율95%,,20260720,,202607201300,금융감독원 금융상품한눈에 Open API,2026-08-10T14:19:08
030300,저축은행,202607,0010508,상상인플러스저축은행,02090,e-정기예금_단기,1,S,단리,2.60%,2.20%,"18,000",2.60%,"인터넷,스마트폰",1,제한없음,단리,,없음,만기후 1개월 이내 : 최초 약정이율과 만기 시점 이율 비교 후 낮은금리 적용 만기후 1개월 이후 : 보통예금 이율 적용(연 0.1%),* 중도해지 이율 1개월 미만 : 연0.1% 1개월 이상 ~ 12개월 미만 : 약정이율의 50%,,20260720,,202607201300,금융감독원 금융상품한눈에 Open API,2026-08-10T14:19:08
030300,저축은행,202607,0010508,상상인플러스저축은행,02090,e-정기예금_단기,3,S,단리,2.60%,2.20%,"55,000",2.60%,"인터넷,스마트폰",1,제한없음,단리,,없음,만기후 1개월 이내 : 최초 약정이율과 만기 시점 이율 비교 후 낮은금리 적용 만기후 1개월 이후 : 보통예금 이율 적용(연 0.1%),* 중도해지 이율 1개월 미만 : 연0.1% 1개월 이상 ~ 12개월 미만 : 약정이율의 50%,,20260720,,202607201300,금융감독원 금융상품한눈에 Open API,2026-08-10T14:19:08
030300,저축은행,202607,0010508,상상인플러스저축은행,02090,e-정기예금_단기,6,S,단리,3.00%,2.54%,"127,000",3.00%,"인터넷,스마트폰",1,제한없음,단리,,없음,만기후 1개월 이내 : 최초 약정이율과 만기 시점 이율 비교 후 낮은금리 적용 만기후 1개월 이후 : 보통예금 이율 적용(연 0.1%),* 중도해지 이율 1개월 미만 : 연0.1% 1개월 이상 ~ 12개월 미만 : 약정이율의 50%,,20260720,,202607201300,금융감독원 금융상품한눈에 Open API,2026-08-10T14:19:08
030300,저축은행,202607,0010508,상상인플러스저축은행,02090,e-정기예금_단기,1,M,복리,2.60%,2.20%,"18,330",2.60%,"인터넷,스마트폰",1,제한없음,복리,,없음,만기후 1개월 이내 : 최초 약정이율과 만기 시점 이율 비교 후 낮은금리 적용 만기후 1개월 이후 : 보통예금 이율 적용(연 0.1%),* 중도해지 이율 1개월 미만 : 연0.1% 1개월 이상 ~ 12개월 미만 : 약정이율의 50%,,20260720,,202607201300,금융감독원 금융상품한눈에 Open API,2026-08-10T14:19:08
030300,저축은행,202607,0010508,상상인플러스저축은행,02090,e-정기예금_단기,3,M,복리,2.60%,2.20%,"55,109",2.60%,"인터넷,스마트폰",1,제한없음,복리,,없음,만기후 1개월 이내 : 최초 약정이율과 만기 시점 이율 비교 후 낮은금리 적용 만기후 1개월 이후 : 보통예금 이율 적용(연 0.1%),* 중도해지 이율 1개월 미만 : 연0.1% 1개월 이상 ~ 12개월 미만 : 약정이율의 50%,,20260720,,202607201300,금융감독원 금융상품한눈에 Open API,2026-08-10T14:19:08
030300,저축은행,202607,0010508,상상인플러스저축은행,02090,e-정기예금_단기,6,M,복리,3.00%,2.54%,"127,696",3.00%,"인터넷,스마트폰",1,제한없음,복리,,없음,만기후 1개월 이내 : 최초 약정이율과 만기 시점 이율 비교 후 낮은금리 적용 만기후 1개월 이후 : 보통예금 이율 적용(연 0.1%),* 중도해지 이율 1개월 미만 : 연0.1% 1개월 이상 ~ 12개월 미만 : 약정이율의 50%,,20260720,,202607201300,금융감독원 금융상품한눈에 Open API,2026-08-10T14:19:08
030300,저축은행,202607,0010508,상상인플러스저축은행,02091,e-정기예금,12,S,단리,4.00%,3.38%,"338,000",4.00%,"인터넷,스마트폰",1,제한없음,단리,,없음,만기후 1개월 이내 : 최초 약정이율과 만기 시점 이율 비교 후 낮은금리 적용 만기후 1개월 이후 : 보통예금 이율 적용(연 0.1%),실제예치기간별 차등금리 1개월 미만: 연0.1%(세전) 3개월 미만: 약정이율10% 6개월 미만: 약정이율15% 9개월 미만: 약정이율70% 9개월 이상 24개월 미만: 약정이율95%,,20260720,,202607201300,금융감독원 금융상품한눈에 Open API,2026-08-10T14:19:08
030300,저축은행,202607,0010508,상상인플러스저축은행,02091,e-정기예금,24,S,단리,3.80%,3.21%,"643,000",3.80%,"인터넷,스마트폰",1,제한없음,단리,,없음,만기후 1개월 이내 : 최초 약정이율과 만기 시점 이율 비교 후 낮은금리 적용 만기후 1개월 이후 : 보통예금 이율 적용(연 0.1%),실제예치기간별 차등금리 1개월 미만: 연0.1%(세전) 3개월 미만: 약정이율10% 6개월 미만: 약정이율15% 9개월 미만: 약정이율70% 9개월 이상 24개월 미만: 약정이율95%,,20260720,,202607201300,금융감독원 금융상품한눈에 Open API,2026-08-10T14:19:08
030300,저축은행,202607,0010508,상상인플러스저축은행,02091,e-정기예금,12,M,복리,4.00%,3.38%,"344,673",4.00%,"인터넷,스마트폰",1,제한없음,복리,,없음,만기후 1개월 이내 : 최초 약정이율과 만기 시점 이율 비교 후 낮은금리 적용 만기후 1개월 이후 : 보통예금 이율 적용(연 0.1%),실제예치기간별 차등금리 1개월 미만: 연0.1%(세전) 3개월 미만: 약정이율10% 6개월 미만: 약정이율15% 9개월 미만: 약정이율70% 9개월 이상 24개월 미만: 약정이율95%,,20260720,,202607201300,금융감독원 금융상품한눈에 Open API,2026-08-10T14:19:08
030300,저축은행,202607,0010508,상상인플러스저축은행,02091,e-정기예금,24,M,복리,3.80%,3.21%,"666,927",3.80%,"인터넷,스마트폰",1,제한없음,복리,,없음,만기후 1개월 이내 : 최초 약정이율과 만기 시점 이율 비교 후 낮은금리 적용 만기후 1개월 이후 : 보통예금 이율 적용(연 0.1%),실제예치기간별 차등금리 1개월 미만: 연0.1%(세전) 3개월 미만: 약정이율10% 6개월 미만: 약정이율15% 9개월 미만: 약정이율70% 9개월 이상 24개월 미만: 약정이율95%,,20260720,,202607201300,금융감독원 금융상품한눈에 Open API,2026-08-10T14:19:08
030300,저축은행,202607,0010508,상상인플러스저축은행,02092,비대면 정기예금_단기,1,S,단리,2.60%,2.20%,"18,000",2.60%,스마트폰,1,제한없음,단리,,없음,만기후 1개월 이내 : 최초 약정이율과 만기 시점 이율 비교 후 낮은금리 적용 만기후 1개월 이후 : 보통예금 이율 적용(연 0.1%),* 중도해지 이율 1개월 미만 : 연0.1% 1개월 이상 ~ 12개월 미만 : 약정이율의 50%,,20260720,,202607201300,금융감독원 금융상품한눈에 Open API,2026-08-10T14:19:08
030300,저축은행,202607,0010508,상상인플러스저축은행,02092,비대면 정기예금_단기,3,S,단리,2.60%,2.20%,"55,000",2.60%,스마트폰,1,제한없음,단리,,없음,만기후 1개월 이내 : 최초 약정이율과 만기 시점 이율 비교 후 낮은금리 적용 만기후 1개월 이후 : 보통예금 이율 적용(연 0.1%),* 중도해지 이율 1개월 미만 : 연0.1% 1개월 이상 ~ 12개월 미만 : 약정이율의 50%,,20260720,,202607201300,금융감독원 금융상품한눈에 Open API,2026-08-10T14:19:08
030300,저축은행,202607,0010508,상상인플러스저축은행,02092,비대면 정기예금_단기,6,S,단리,3.00%,2.54%,"127,000",3.00%,스마트폰,1,제한없음,단리,,없음,만기후 1개월 이내 : 최초 약정이율과 만기 시점 이율 비교 후 낮은금리 적용 만기후 1개월 이후 : 보통예금 이율 적용(연 0.1%),* 중도해지 이율 1개월 미만 : 연0.1% 1개월 이상 ~ 12개월 미만 : 약정이율의 50%,,20260720,,202607201300,금융감독원 금융상품한눈에 Open API,2026-08-10T14:19:08
030300,저축은행,202607,0010508,상상인플러스저축은행,02092,비대면 정기예금_단기,1,M,복리,2.60%,2.20%,"18,330",2.60%,스마트폰,1,제한없음,복리,,없음,만기후 1개월 이내 : 최초 약정이율과 만기 시점 이율 비교 후 낮은금리 적용 만기후 1개월 이후 : 보통예금 이율 적용(연 0.1%),* 중도해지 이율 1개월 미만 : 연0.1% 1개월 이상 ~ 12개월 미만 : 약정이율의 50%,,20260720,,202607201300,금융감독원 금융상품한눈에 Open API,2026-08-10T14:19:08
030300,저축은행,202607,0010508,상상인플러스저축은행,02092,비대면 정기예금_단기,3,M,복리,2.60%,2.20%,"55,109",2.60%,스마트폰,1,제한없음,복리,,없음,만기후 1개월 이내 : 최초 약정이율과 만기 시점 이율 비교 후 낮은금리 적용 만기후 1개월 이후 : 보통예금 이율 적용(연 0.1%),* 중도해지 이율 1개월 미만 : 연0.1% 1개월 이상 ~ 12개월 미만 : 약정이율의 50%,,20260720,,202607201300,금융감독원 금융상품한눈에 Open API,2026-08-10T14:19:08
030300,저축은행,202607,0010508,상상인플러스저축은행,02092,비대면 정기예금_단기,6,M,복리,3.00%,2.54%,"127,696",3.00%,스마트폰,1,제한없음,복리,,없음,만기후 1개월 이내 : 최초 약정이율과 만기 시점 이율 비교 후 낮은금리 적용 만기후 1개월 이후 : 보통예금 이율 적용(연 0.1%),* 중도해지 이율 1개월 미만 : 연0.1% 1개월 이상 ~ 12개월 미만 : 약정이율의 50%,,20260720,,202607201300,금융감독원 금융상품한눈에 Open API,2026-08-10T14:19:08
030300,저축은행,202607,0010508,상상인플러스저축은행,02093,비대면 정기예금,12,S,단리,4.00%,3.38%,"338,000",4.00%,스마트폰,1,제한없음,단리,,없음,만기후 1개월 이내 : 최초 약정이율과 만기 시점 이율 비교 후 낮은금리 적용 만기후 1개월 이후 : 보통예금 이율 적용(연 0.1%),실제예치기간별 차등금리 1개월 미만: 연0.1%(세전) 3개월 미만: 약정이율10% 6개월 미만: 약정이율15% 9개월 미만: 약정이율70% 9개월 이상 24개월 미만: 약정이율95%,,20260720,,202607201300,금융감독원 금융상품한눈에 Open API,2026-08-10T14:19:08
030300,저축은행,202607,0010508,상상인플러스저축은행,02093,비대면 정기예금,24,S,단리,3.80%,3.21%,"643,000",3.80%,스마트폰,1,제한없음,단리,,없음,만기후 1개월 이내 : 최초 약정이율과 만기 시점 이율 비교 후 낮은금리 적용 만기후 1개월 이후 : 보통예금 이율 적용(연 0.1%),실제예치기간별 차등금리 1개월 미만: 연0.1%(세전) 3개월 미만: 약정이율10% 6개월 미만: 약정이율15% 9개월 미만: 약정이율70% 9개월 이상 24개월 미만: 약정이율95%,,20260720,,202607201300,금융감독원 금융상품한눈에 Open API,2026-08-10T14:19:08
030300,저축은행,202607,0010508,상상인플러스저축은행,02093,비대면 정기예금,12,M,복리,4.00%,3.38%,"344,673",4.00%,스마트폰,1,제한없음,복리,,없음,만기후 1개월 이내 : 최초 약정이율과 만기 시점 이율 비교 후 낮은금리 적용 만기후 1개월 이후 : 보통예금 이율 적용(연 0.1%),실제예치기간별 차등금리 1개월 미만: 연0.1%(세전) 3개월 미만: 약정이율10% 6개월 미만: 약정이율15% 9개월 미만: 약정이율70% 9개월 이상 24개월 미만: 약정이율95%,,20260720,,202607201300,금융감독원 금융상품한눈에 Open API,2026-08-10T14:19:08
030300,저축은행,202607,0010508,상상인플러스저축은행,02093,비대면 정기예금,24,M,복리,3.80%,3.21%,"666,927",3.80%,스마트폰,1,제한없음,복리,,없음,만기후 1개월 이내 : 최초 약정이율과 만기 시점 이율 비교 후 낮은금리 적용 만기후 1개월 이후 : 보통예금 이율 적용(연 0.1%),실제예치기간별 차등금리 1개월 미만: 연0.1%(세전) 3개월 미만: 약정이율10% 6개월 미만: 약정이율15% 9개월 미만: 약정이율70% 9개월 이상 24개월 미만: 약정이율95%,,20260720,,202607201300,금융감독원 금융상품한눈에 Open API,2026-08-10T14:19:08
030300,저축은행,202607,0010508,상상인플러스저축은행,02094,크크크 정기예금_단기,1,S,단리,2.60%,2.20%,"18,000",2.60%,스마트폰,1,제한없음,단리,,없음,만기후 1개월 이내 : 최초 약정이율과 만기 시점 이율 비교 후 낮은금리 적용 만기후 1개월 이후 : 보통예금 이율 적용(연 0.1%),* 중도해지 이율 1개월 미만 : 연0.1% 1개월 이상 ~ 12개월 미만 : 약정이율의 50%,,20260720,,202607201300,금융감독원 금융상품한눈에 Open API,2026-08-10T14:19:08
030300,저축은행,202607,0010508,상상인플러스저축은행,02094,크크크 정기예금_단기,3,S,단리,2.60%,2.20%,"55,000",2.60%,스마트폰,1,제한없음,단리,,없음,만기후 1개월 이내 : 최초 약정이율과 만기 시점 이율 비교 후 낮은금리 적용 만기후 1개월 이후 : 보통예금 이율 적용(연 0.1%),* 중도해지 이율 1개월 미만 : 연0.1% 1개월 이상 ~ 12개월 미만 : 약정이율의 50%,,20260720,,202607201300,금융감독원 금융상품한눈에 Open API,2026-08-10T14:19:08
030300,저축은행,202607,0010508,상상인플러스저축은행,02094,크크크 정기예금_단기,6,S,단리,3.00%,2.54%,"127,000",3.00%,스마트폰,1,제한없음,단리,,없음,만기후 1개월 이내 : 최초 약정이율과 만기 시점 이율 비교 후 낮은금리 적용 만기후 1개월 이후 : 보통예금 이율 적용(연 0.1%),* 중도해지 이율 1개월 미만 : 연0.1% 1개월 이상 ~ 12개월 미만 : 약정이율의 50%,,20260720,,202607201300,금융감독원 금융상품한눈에 Open API,2026-08-10T14:19:08
030300,저축은행,202607,0010508,상상인플러스저축은행,02094,크크크 정기예금_단기,1,M,복리,2.60%,2.20%,"18,330",2.60%,스마트폰,1,제한없음,복리,,없음,만기후 1개월 이내 : 최초 약정이율과 만기 시점 이율 비교 후 낮은금리 적용 만기후 1개월 이후 : 보통예금 이율 적용(연 0.1%),* 중도해지 이율 1개월 미만 : 연0.1% 1개월 이상 ~ 12개월 미만 : 약정이율의 50%,,20260720,,202607201300,금융감독원 금융상품한눈에 Open API,2026-08-10T14:19:08
030300,저축은행,202607,0010508,상상인플러스저축은행,02094,크크크 정기예금_단기,3,M,복리,2.60%,2.20%,"55,109",2.60%,스마트폰,1,제한없음,복리,,없음,만기후 1개월 이내 : 최초 약정이율과 만기 시점 이율 비교 후 낮은금리 적용 만기후 1개월 이후 : 보통예금 이율 적용(연 0.1%),* 중도해지 이율 1개월 미만 : 연0.1% 1개월 이상 ~ 12개월 미만 : 약정이율의 50%,,20260720,,202607201300,금융감독원 금융상품한눈에 Open API,2026-08-10T14:19:08
030300,저축은행,202607,0010508,상상인플러스저축은행,02094,크크크 정기예금_단기,6,M,복리,3.00%,2.54%,"127,696",3.00%,스마트폰,1,제한없음,복리,,없음,만기후 1개월 이내 : 최초 약정이율과 만기 시점 이율 비교 후 낮은금리 적용 만기후 1개월 이후 : 보통예금 이율 적용(연 0.1%),* 중도해지 이율 1개월 미만 : 연0.1% 1개월 이상 ~ 12개월 미만 : 약정이율의 50%,,20260720,,202607201300,금융감독원 금융상품한눈에 Open API,2026-08-10T14:19:08
030300,저축은행,202607,0010508,상상인플러스저축은행,02095,크크크 정기예금,12,S,단리,4.00%,3.38%,"338,000",4.00%,스마트폰,1,제한없음,단리,,없음,만기후 1개월 이내 : 최초 약정이율과 만기 시점 이율 비교 후 낮은금리 적용 만기후 1개월 이후 : 보통예금 이율 적용(연 0.1%),실제예치기간별 차등금리 1개월 미만: 연0.1%(세전) 3개월 미만: 약정이율10% 6개월 미만: 약정이율15% 9개월 미만: 약정이율70% 9개월 이상 24개월 미만: 약정이율95%,,20260720,,202607201300,금융감독원 금융상품한눈에 Open API,2026-08-10T14:19:08
030300,저축은행,202607,0010508,상상인플러스저축은행,02095,크크크 정기예금,24,S,단리,3.80%,3.21%,"643,000",3.80%,스마트폰,1,제한없음,단리,,없음,만기후 1개월 이내 : 최초 약정이율과 만기 시점 이율 비교 후 낮은금리 적용 만기후 1개월 이후 : 보통예금 이율 적용(연 0.1%),실제예치기간별 차등금리 1개월 미만: 연0.1%(세전) 3개월 미만: 약정이율10% 6개월 미만: 약정이율15% 9개월 미만: 약정이율70% 9개월 이상 24개월 미만: 약정이율95%,,20260720,,202607201300,금융감독원 금융상품한눈에 Open API,2026-08-10T14:19:08
030300,저축은행,202607,0010508,상상인플러스저축은행,02095,크크크 정기예금,12,M,복리,4.00%,3.38%,"344,673",4.00%,스마트폰,1,제한없음,복리,,없음,만기후 1개월 이내 : 최초 약정이율과 만기 시점 이율 비교 후 낮은금리 적용 만기후 1개월 이후 : 보통예금 이율 적용(연 0.1%),실제예치기간별 차등금리 1개월 미만: 연0.1%(세전) 3개월 미만: 약정이율10% 6개월 미만: 약정이율15% 9개월 미만: 약정이율70% 9개월 이상 24개월 미만: 약정이율95%,,20260720,,202607201300,금융감독원 금융상품한눈에 Open API,2026-08-10T14:19:08
030300,저축은행,202607,0010508,상상인플러스저축은행,02095,크크크 정기예금,24,M,복리,3.80%,3.21%,"666,927",3.80%,스마트폰,1,제한없음,복리,,없음,만기후 1개월 이내 : 최초 약정이율과 만기 시점 이율 비교 후 낮은금리 적용 만기후 1개월 이후 : 보통예금 이율 적용(연 0.1%),실제예치기간별 차등금리 1개월 미만: 연0.1%(세전) 3개월 미만: 약정이율10% 6개월 미만: 약정이율15% 9개월 미만: 약정이율70% 9개월 이상 24개월 미만: 약정이율95%,,20260720,,202607201300,금융감독원 금융상품한눈에 Open API,2026-08-10T14:19:08
030300,저축은행,202607,0010508,상상인플러스저축은행,02096,9개월 회전정기예금,36,S,단리,3.90%,3.30%,"990,000",3.90%,영업점,1,제한없음,단리,,없음,만기후 1개월 이내 : 최초 약정이율과 만기 시점 이율 비교 후 낮은금리 적용 만기후 1개월 이후 : 보통예금 이율 적용(연 0.1%),"실제예치기간별 차등금리 1개월 미만: 연0.1%(세전) 1개월 이상 9개월 미만: 약정이율의 50%(세전) [1회전주기 도래 전] 예금일 당시 회전정기예금 중도해지 이자율 적용 [회전주기 도래 후] 회전주기 충족분은 정상이자율 적용, 잔여분은 중도해지 이자율 적용",,20260720,,202607201300,금융감독원 금융상품한눈에 Open API,2026-08-10T14:19:08
030300,저축은행,202607,0010508,상상인플러스저축은행,02096,9개월 회전정기예금,36,M,복리,3.90%,3.30%,"1,048,246",3.90%,영업점,1,제한없음,복리,,없음,만기후 1개월 이내 : 최초 약정이율과 만기 시점 이율 비교 후 낮은금리 적용 만기후 1개월 이후 : 보통예금 이율 적용(연 0.1%),"실제예치기간별 차등금리 1개월 미만: 연0.1%(세전) 1개월 이상 9개월 미만: 약정이율의 50%(세전) [1회전주기 도래 전] 예금일 당시 회전정기예금 중도해지 이자율 적용 [회전주기 도래 후] 회전주기 충족분은 정상이자율 적용, 잔여분은 중도해지 이자율 적용",,20260720,,202607201300,금융감독원 금융상품한눈에 Open API,2026-08-10T14:19:08
030300,저축은행,202607,0010508,상상인플러스저축은행,02097,E-9개월 회전정기예금,36,S,단리,4.00%,3.38%,"1,015,000",4.00%,"인터넷,스마트폰",1,제한없음,단리,,없음,만기후 1개월 이내 : 최초 약정이율과 만기 시점 이율 비교 후 낮은금리 적용 만기후 1개월 이후 : 보통예금 이율 적용(연 0.1%),"실제예치기간별 차등금리 1개월 미만: 연0.1%(세전) 1개월 이상 9개월 미만: 약정이율의 50%(세전) [1회전주기 도래 전] 예금일 당시 회전정기예금 중도해지 이자율 적용 [회전주기 도래 후] 회전주기 충족분은 정상이자율 적용, 잔여분은 중도해지 이자율 적용",,20260720,,202607201300,금융감독원 금융상품한눈에 Open API,2026-08-10T14:19:08
030300,저축은행,202607,0010508,상상인플러스저축은행,02097,E-9개월 회전정기예금,36,M,복리,4.00%,3.38%,"1,076,720",4.00%,"인터넷,스마트폰",1,제한없음,복리,,없음,만기후 1개월 이내 : 최초 약정이율과 만기 시점 이율 비교 후 낮은금리 적용 만기후 1개월 이후 : 보통예금 이율 적용(연 0.1%),"실제예치기간별 차등금리 1개월 미만: 연0.1%(세전) 1개월 이상 9개월 미만: 약정이율의 50%(세전) [1회전주기 도래 전] 예금일 당시 회전정기예금 중도해지 이자율 적용 [회전주기 도래 후] 회전주기 충족분은 정상이자율 적용, 잔여분은 중도해지 이자율 적용",,20260720,,202607201300,금융감독원 금융상품한눈에 Open API,2026-08-10T14:19:08
030300,저축은행,202607,0010508,상상인플러스저축은행,02098,비대면 9개월 회전정기예금,36,S,단리,4.00%,3.38%,"1,015,000",4.00%,스마트폰,1,제한없음,단리,,없음,만기후 1개월 이내 : 최초 약정이율과 만기 시점 이율 비교 후 낮은금리 적용 만기후 1개월 이후 : 보통예금 이율 적용(연 0.1%),"실제예치기간별 차등금리 1개월 미만: 연0.1%(세전) 1개월 이상 9개월 미만: 약정이율의 50%(세전) [1회전주기 도래 전] 예금일 당시 회전정기예금 중도해지 이자율 적용 [회전주기 도래 후] 회전주기 충족분은 정상이자율 적용, 잔여분은 중도해지 이자율 적용",,20260720,,202607201300,금융감독원 금융상품한눈에 Open API,2026-08-10T14:19:08
030300,저축은행,202607,0010508,상상인플러스저축은행,02098,비대면 9개월 회전정기예금,36,M,복리,4.00%,3.38%,"1,076,720",4.00%,스마트폰,1,제한없음,복리,,없음,만기후 1개월 이내 : 최초 약정이율과 만기 시점 이율 비교 후 낮은금리 적용 만기후 1개월 이후 : 보통예금 이율 적용(연 0.1%),"실제예치기간별 차등금리 1개월 미만: 연0.1%(세전) 1개월 이상 9개월 미만: 약정이율의 50%(세전) [1회전주기 도래 전] 예금일 당시 회전정기예금 중도해지 이자율 적용 [회전주기 도래 후] 회전주기 충족분은 정상이자율 적용, 잔여분은 중도해지 이자율 적용",,20260720,,202607201300,금융감독원 금융상품한눈에 Open API,2026-08-10T14:19:08
030300,저축은행,202607,0010508,상상인플러스저축은행,02099,크크크 9개월 회전정기예금,36,S,단리,4.00%,3.38%,"1,015,000",4.00%,스마트폰,1,제한없음,단리,,없음,만기후 1개월 이내 : 최초 약정이율과 만기 시점 이율 비교 후 낮은금리 적용 만기후 1개월 이후 : 보통예금 이율 적용(연 0.1%),"실제예치기간별 차등금리 1개월 미만: 연0.1%(세전) 1개월 이상 9개월 미만: 약정이율의 50%(세전) [1회전주기 도래 전] 예금일 당시 회전정기예금 중도해지 이자율 적용 [회전주기 도래 후] 회전주기 충족분은 정상이자율 적용, 잔여분은 중도해지 이자율 적용",,20260720,,202607201300,금융감독원 금융상품한눈에 Open API,2026-08-10T14:19:08
030300,저축은행,202607,0010508,상상인플러스저축은행,02099,크크크 9개월 회전정기예금,36,M,복리,4.00%,3.38%,"1,076,720",4.00%,스마트폰,1,제한없음,복리,,없음,만기후 1개월 이내 : 최초 약정이율과 만기 시점 이율 비교 후 낮은금리 적용 만기후 1개월 이후 : 보통예금 이율 적용(연 0.1%),"실제예치기간별 차등금리 1개월 미만: 연0.1%(세전) 1개월 이상 9개월 미만: 약정이율의 50%(세전) [1회전주기 도래 전] 예금일 당시 회전정기예금 중도해지 이자율 적용 [회전주기 도래 후] 회전주기 충족분은 정상이자율 적용, 잔여분은 중도해지 이자율 적용",,20260720,,202607201300,금융감독원 금융상품한눈에 Open API,2026-08-10T14:19:08
030300,저축은행,202607,0010509,아산저축은행,240001,정기예금,3,S,단리,3.00%,2.54%,"63,000",3.00%,영업점,1,제한없음,단리,,없음,"1개월 내 : 가입시점, 만기시점 낮은 단리이율적용, 이후 보통예금 금리 적용",없음,,20260720,,202607201300,금융감독원 금융상품한눈에 Open API,2026-08-10T14:19:08
030300,저축은행,202607,0010509,아산저축은행,240001,정기예금,6,S,단리,3.50%,2.96%,"148,000",3.50%,영업점,1,제한없음,단리,,없음,"1개월 내 : 가입시점, 만기시점 낮은 단리이율적용, 이후 보통예금 금리 적용",없음,,20260720,,202607201300,금융감독원 금융상품한눈에 Open API,2026-08-10T14:19:08
030300,저축은행,202607,0010509,아산저축은행,240001,정기예금,12,S,단리,3.80%,3.21%,"321,000",3.80%,영업점,1,제한없음,단리,,없음,"1개월 내 : 가입시점, 만기시점 낮은 단리이율적용, 이후 보통예금 금리 적용",없음,,20260720,,202607201300,금융감독원 금융상품한눈에 Open API,2026-08-10T14:19:08
030300,저축은행,202607,0010509,아산저축은행,240001,정기예금,24,S,단리,3.50%,2.96%,"592,000",3.50%,영업점,1,제한없음,단리,,없음,"1개월 내 : 가입시점, 만기시점 낮은 단리이율적용, 이후 보통예금 금리 적용",없음,,20260720,,202607201300,금융감독원 금융상품한눈에 Open API,2026-08-10T14:19:08
030300,저축은행,202607,0010509,아산저축은행,240001,정기예금,36,S,단리,3.50%,2.96%,"888,000",3.50%,영업점,1,제한없음,단리,,없음,"1개월 내 : 가입시점, 만기시점 낮은 단리이율적용, 이후 보통예금 금리 적용",없음,,20260720,,202607201300,금융감독원 금융상품한눈에 Open API,2026-08-10T14:19:08
030300,저축은행,202607,0010509,아산저축은행,240001,정기예금,3,M,복리,3.00%,2.54%,"63,609",3.00%,영업점,1,제한없음,복리,,없음,"1개월 내 : 가입시점, 만기시점 낮은 단리이율적용, 이후 보통예금 금리 적용",없음,,20260720,,202607201300,금융감독원 금융상품한눈에 Open API,2026-08-10T14:19:08
030300,저축은행,202607,0010509,아산저축은행,240001,정기예금,6,M,복리,3.50%,2.96%,"149,134",3.50%,영업점,1,제한없음,복리,,없음,"1개월 내 : 가입시점, 만기시점 낮은 단리이율적용, 이후 보통예금 금리 적용",없음,,20260720,,202607201300,금융감독원 금융상품한눈에 Open API,2026-08-10T14:19:08
030300,저축은행,202607,0010509,아산저축은행,240001,정기예금,12,M,복리,3.80%,3.21%,"327,139",3.80%,영업점,1,제한없음,복리,,없음,"1개월 내 : 가입시점, 만기시점 낮은 단리이율적용, 이후 보통예금 금리 적용",없음,,20260720,,202607201300,금융감독원 금융상품한눈에 Open API,2026-08-10T14:19:08
030300,저축은행,202607,0010509,아산저축은행,240001,정기예금,24,M,복리,3.50%,2.96%,"612,495",3.50%,영업점,1,제한없음,복리,,없음,"1개월 내 : 가입시점, 만기시점 낮은 단리이율적용, 이후 보통예금 금리 적용",없음,,20260720,,202607201300,금융감독원 금융상품한눈에 Open API,2026-08-10T14:19:08
030300,저축은행,202607,0010509,아산저축은행,240001,정기예금,36,M,복리,3.50%,2.96%,"935,176",3.50%,영업점,1,제한없음,복리,,없음,"1개월 내 : 가입시점, 만기시점 낮은 단리이율적용, 이후 보통예금 금리 적용",없음,,20260720,,202607201300,금융감독원 금융상품한눈에 Open API,2026-08-10T14:19:08
030300,저축은행,202607,0010509,아산저축은행,240018,e-정기예금,3,S,단리,3.00%,2.54%,"63,000",3.00%,"인터넷,스마트폰",1,제한없음,단리,,없음,"1개월 내 : 가입시점, 만기시점 낮은 단리이율적용, 이후 보통예금 금리 적용",없음,,20260720,,202607201300,금융감독원 금융상품한눈에 Open API,2026-08-10T14:19:08
030300,저축은행,202607,0010509,아산저축은행,240018,e-정기예금,6,S,단리,3.50%,2.96%,"148,000",3.50%,"인터넷,스마트폰",1,제한없음,단리,,없음,"1개월 내 : 가입시점, 만기시점 낮은 단리이율적용, 이후 보통예금 금리 적용",없음,,20260720,,202607201300,금융감독원 금융상품한눈에 Open API,2026-08-10T14:19:08
030300,저축은행,202607,0010509,아산저축은행,240018,e-정기예금,12,S,단리,3.80%,3.21%,"321,000",3.80%,"인터넷,스마트폰",1,제한없음,단리,,없음,"1개월 내 : 가입시점, 만기시점 낮은 단리이율적용, 이후 보통예금 금리 적용",없음,,20260720,,202607201300,금융감독원 금융상품한눈에 Open API,2026-08-10T14:19:08
030300,저축은행,202607,0010509,아산저축은행,240018,e-정기예금,24,S,단리,3.50%,2.96%,"592,000",3.50%,"인터넷,스마트폰",1,제한없음,단리,,없음,"1개월 내 : 가입시점, 만기시점 낮은 단리이율적용, 이후 보통예금 금리 적용",없음,,20260720,,202607201300,금융감독원 금융상품한눈에 Open API,2026-08-10T14:19:08
030300,저축은행,202607,0010509,아산저축은행,240018,e-정기예금,36,S,단리,3.50%,2.96%,"888,000",3.50%,"인터넷,스마트폰",1,제한없음,단리,,없음,"1개월 내 : 가입시점, 만기시점 낮은 단리이율적용, 이후 보통예금 금리 적용",없음,,20260720,,202607201300,금융감독원 금융상품한눈에 Open API,2026-08-10T14:19:08
030300,저축은행,202607,0010509,아산저축은행,240018,e-정기예금,3,M,복리,3.00%,2.54%,"63,609",3.00%,"인터넷,스마트폰",1,제한없음,복리,,없음,"1개월 내 : 가입시점, 만기시점 낮은 단리이율적용, 이후 보통예금 금리 적용",없음,,20260720,,202607201300,금융감독원 금융상품한눈에 Open API,2026-08-10T14:19:08
030300,저축은행,202607,0010509,아산저축은행,240018,e-정기예금,6,M,복리,3.50%,2.96%,"149,134",3.50%,"인터넷,스마트폰",1,제한없음,복리,,없음,"1개월 내 : 가입시점, 만기시점 낮은 단리이율적용, 이후 보통예금 금리 적용",없음,,20260720,,202607201300,금융감독원 금융상품한눈에 Open API,2026-08-10T14:19:08
030300,저축은행,202607,0010509,아산저축은행,240018,e-정기예금,12,M,복리,3.80%,3.21%,"327,139",3.80%,"인터넷,스마트폰",1,제한없음,복리,,없음,"1개월 내 : 가입시점, 만기시점 낮은 단리이율적용, 이후 보통예금 금리 적용",없음,,20260720,,202607201300,금융감독원 금융상품한눈에 Open API,2026-08-10T14:19:08
030300,저축은행,202607,0010509,아산저축은행,240018,e-정기예금,24,M,복리,3.50%,2.96%,"612,495",3.50%,"인터넷,스마트폰",1,제한없음,복리,,없음,"1개월 내 : 가입시점, 만기시점 낮은 단리이율적용, 이후 보통예금 금리 적용",없음,,20260720,,202607201300,금융감독원 금융상품한눈에 Open API,2026-08-10T14:19:08
030300,저축은행,202607,0010509,아산저축은행,240018,e-정기예금,36,M,복리,3.50%,2.96%,"935,176",3.50%,"인터넷,스마트폰",1,제한없음,복리,,없음,"1개월 내 : 가입시점, 만기시점 낮은 단리이율적용, 이후 보통예금 금리 적용",없음,,20260720,,202607201300,금융감독원 금융상품한눈에 Open API,2026-08-10T14:19:08
030300,저축은행,202607,0010509,아산저축은행,240019,SB톡톡-정기예금,6,S,단리,2.50%,2.11%,"106,000",2.50%,스마트폰,1,제한없음,단리,,없음,"1개월 내 : 가입시점, 만기시점 낮은 단리이율적용, 이후 보통예금 금리 적용",없음,,20260720,,202607201300,금융감독원 금융상품한눈에 Open API,2026-08-10T14:19:08
030300,저축은행,202607,0010509,아산저축은행,240019,SB톡톡-정기예금,12,S,단리,2.50%,2.11%,"212,000",2.50%,스마트폰,1,제한없음,단리,,없음,"1개월 내 : 가입시점, 만기시점 낮은 단리이율적용, 이후 보통예금 금리 적용",없음,,20260720,,202607201300,금융감독원 금융상품한눈에 Open API,2026-08-10T14:19:08
030300,저축은행,202607,0010509,아산저축은행,240019,SB톡톡-정기예금,6,M,복리,2.50%,2.11%,"106,302",2.50%,스마트폰,1,제한없음,복리,,없음,"1개월 내 : 가입시점, 만기시점 낮은 단리이율적용, 이후 보통예금 금리 적용",없음,,20260720,,202607201300,금융감독원 금융상품한눈에 Open API,2026-08-10T14:19:08
030300,저축은행,202607,0010509,아산저축은행,240019,SB톡톡-정기예금,12,M,복리,2.50%,2.11%,"213,940",2.50%,스마트폰,1,제한없음,복리,,없음,"1개월 내 : 가입시점, 만기시점 낮은 단리이율적용, 이후 보통예금 금리 적용",없음,,20260720,,202607201300,금융감독원 금융상품한눈에 Open API,2026-08-10T14:19:08
030300,저축은행,202607,0010510,오투저축은행,240014,정기예금,1,S,단리,2.00%,1.69%,"14,000",2.00%,영업점,1,제한없음,단리,,없음,1. 2019년 7월 1일 이전 신규 -보통예금 이율 2. 2019년 7월 1일 신규분 부터 -1개월이내: 신규시점 약정이율과 만기시점 약정이율 중 낮은 이율 -1개월 초과: 보통예금 이율,중도해지이율 -1개월 미만: 보통예금이율 -1개월 이상~3개월 미만: 계약일의 계약기간별 약정이율의 50% -3개월 이상~12개월 미만: 계약일의 계약기간별 약정이율의 60% -12개월 이상: 계약일의 계약기간별 약정이율의 70%,,20260806,,202608060836,금융감독원 금융상품한눈에 Open API,2026-08-10T14:19:08
030300,저축은행,202607,0010510,오투저축은행,240014,정기예금,3,S,단리,2.00%,1.69%,"42,000",2.00%,영업점,1,제한없음,단리,,없음,1. 2019년 7월 1일 이전 신규 -보통예금 이율 2. 2019년 7월 1일 신규분 부터 -1개월이내: 신규시점 약정이율과 만기시점 약정이율 중 낮은 이율 -1개월 초과: 보통예금 이율,중도해지이율 -1개월 미만: 보통예금이율 -1개월 이상~3개월 미만: 계약일의 계약기간별 약정이율의 50% -3개월 이상~12개월 미만: 계약일의 계약기간별 약정이율의 60% -12개월 이상: 계약일의 계약기간별 약정이율의 70%,,20260806,,202608060836,금융감독원 금융상품한눈에 Open API,2026-08-10T14:19:08
030300,저축은행,202607,0010510,오투저축은행,240014,정기예금,6,S,단리,3.70%,3.13%,"157,000",3.70%,영업점,1,제한없음,단리,,없음,1. 2019년 7월 1일 이전 신규 -보통예금 이율 2. 2019년 7월 1일 신규분 부터 -1개월이내: 신규시점 약정이율과 만기시점 약정이율 중 낮은 이율 -1개월 초과: 보통예금 이율,중도해지이율 -1개월 미만: 보통예금이율 -1개월 이상~3개월 미만: 계약일의 계약기간별 약정이율의 50% -3개월 이상~12개월 미만: 계약일의 계약기간별 약정이율의 60% -12개월 이상: 계약일의 계약기간별 약정이율의 70%,,20260806,,202608060836,금융감독원 금융상품한눈에 Open API,2026-08-10T14:19:08
030300,저축은행,202607,0010510,오투저축은행,240014,정기예금,12,S,단리,3.90%,3.30%,"330,000",3.90%,영업점,1,제한없음,단리,,없음,1. 2019년 7월 1일 이전 신규 -보통예금 이율 2. 2019년 7월 1일 신규분 부터 -1개월이내: 신규시점 약정이율과 만기시점 약정이율 중 낮은 이율 -1개월 초과: 보통예금 이율,중도해지이율 -1개월 미만: 보통예금이율 -1개월 이상~3개월 미만: 계약일의 계약기간별 약정이율의 50% -3개월 이상~12개월 미만: 계약일의 계약기간별 약정이율의 60% -12개월 이상: 계약일의 계약기간별 약정이율의 70%,,20260806,,202608060836,금융감독원 금융상품한눈에 Open API,2026-08-10T14:19:08
030300,저축은행,202607,0010510,오투저축은행,240014,정기예금,24,S,단리,3.30%,2.79%,"558,000",3.30%,영업점,1,제한없음,단리,,없음,1. 2019년 7월 1일 이전 신규 -보통예금 이율 2. 2019년 7월 1일 신규분 부터 -1개월이내: 신규시점 약정이율과 만기시점 약정이율 중 낮은 이율 -1개월 초과: 보통예금 이율,중도해지이율 -1개월 미만: 보통예금이율 -1개월 이상~3개월 미만: 계약일의 계약기간별 약정이율의 50% -3개월 이상~12개월 미만: 계약일의 계약기간별 약정이율의 60% -12개월 이상: 계약일의 계약기간별 약정이율의 70%,,20260806,,202608060836,금융감독원 금융상품한눈에 Open API,2026-08-10T14:19:08
030300,저축은행,202607,0010510,오투저축은행,240014,정기예금,36,S,단리,3.30%,2.79%,"838,000",3.30%,영업점,1,제한없음,단리,,없음,1. 2019년 7월 1일 이전 신규 -보통예금 이율 2. 2019년 7월 1일 신규분 부터 -1개월이내: 신규시점 약정이율과 만기시점 약정이율 중 낮은 이율 -1개월 초과: 보통예금 이율,중도해지이율 -1개월 미만: 보통예금이율 -1개월 이상~3개월 미만: 계약일의 계약기간별 약정이율의 50% -3개월 이상~12개월 미만: 계약일의 계약기간별 약정이율의 60% -12개월 이상: 계약일의 계약기간별 약정이율의 70%,,20260806,,202608060836,금융감독원 금융상품한눈에 Open API,2026-08-10T14:19:08
030300,저축은행,202607,0010510,오투저축은행,240014,정기예금,1,M,복리,2.00%,1.69%,"14,100",2.00%,영업점,1,제한없음,복리,,없음,1. 2019년 7월 1일 이전 신규 -보통예금 이율 2. 2019년 7월 1일 신규분 부터 -1개월이내: 신규시점 약정이율과 만기시점 약정이율 중 낮은 이율 -1개월 초과: 보통예금 이율,중도해지이율 -1개월 미만: 보통예금이율 -1개월 이상~3개월 미만: 계약일의 계약기간별 약정이율의 50% -3개월 이상~12개월 미만: 계약일의 계약기간별 약정이율의 60% -12개월 이상: 계약일의 계약기간별 약정이율의 70%,,20260806,,202608060836,금융감독원 금융상품한눈에 Open API,2026-08-10T14:19:08
030300,저축은행,202607,0010510,오투저축은행,240014,정기예금,3,M,복리,2.00%,1.69%,"42,371",2.00%,영업점,1,제한없음,복리,,없음,1. 2019년 7월 1일 이전 신규 -보통예금 이율 2. 2019년 7월 1일 신규분 부터 -1개월이내: 신규시점 약정이율과 만기시점 약정이율 중 낮은 이율 -1개월 초과: 보통예금 이율,중도해지이율 -1개월 미만: 보통예금이율 -1개월 이상~3개월 미만: 계약일의 계약기간별 약정이율의 50% -3개월 이상~12개월 미만: 계약일의 계약기간별 약정이율의 60% -12개월 이상: 계약일의 계약기간별 약정이율의 70%,,20260806,,202608060836,금융감독원 금융상품한눈에 Open API,2026-08-10T14:19:08
030300,저축은행,202607,0010510,오투저축은행,240014,정기예금,6,M,복리,3.70%,3.13%,"157,721",3.70%,영업점,1,제한없음,복리,,없음,1. 2019년 7월 1일 이전 신규 -보통예금 이율 2. 2019년 7월 1일 신규분 부터 -1개월이내: 신규시점 약정이율과 만기시점 약정이율 중 낮은 이율 -1개월 초과: 보통예금 이율,중도해지이율 -1개월 미만: 보통예금이율 -1개월 이상~3개월 미만: 계약일의 계약기간별 약정이율의 50% -3개월 이상~12개월 미만: 계약일의 계약기간별 약정이율의 60% -12개월 이상: 계약일의 계약기간별 약정이율의 70%,,20260806,,202608060836,금융감독원 금융상품한눈에 Open API,2026-08-10T14:19:08
030300,저축은행,202607,0010510,오투저축은행,240014,정기예금,12,M,복리,3.90%,3.30%,"335,902",3.90%,영업점,1,제한없음,복리,,없음,1. 2019년 7월 1일 이전 신규 -보통예금 이율 2. 2019년 7월 1일 신규분 부터 -1개월이내: 신규시점 약정이율과 만기시점 약정이율 중 낮은 이율 -1개월 초과: 보통예금 이율,중도해지이율 -1개월 미만: 보통예금이율 -1개월 이상~3개월 미만: 계약일의 계약기간별 약정이율의 50% -3개월 이상~12개월 미만: 계약일의 계약기간별 약정이율의 60% -12개월 이상: 계약일의 계약기간별 약정이율의 70%,,20260806,,202608060836,금융감독원 금융상품한눈에 Open API,2026-08-10T14:19:08
030300,저축은행,202607,0010510,오투저축은행,240014,정기예금,24,M,복리,3.30%,2.79%,"576,379",3.30%,영업점,1,제한없음,복리,,없음,1. 2019년 7월 1일 이전 신규 -보통예금 이율 2. 2019년 7월 1일 신규분 부터 -1개월이내: 신규시점 약정이율과 만기시점 약정이율 중 낮은 이율 -1개월 초과: 보통예금 이율,중도해지이율 -1개월 미만: 보통예금이율 -1개월 이상~3개월 미만: 계약일의 계약기간별 약정이율의 50% -3개월 이상~12개월 미만: 계약일의 계약기간별 약정이율의 60% -12개월 이상: 계약일의 계약기간별 약정이율의 70%,,20260806,,202608060836,금융감독원 금융상품한눈에 Open API,2026-08-10T14:19:08
030300,저축은행,202607,0010510,오투저축은행,240014,정기예금,36,M,복리,3.30%,2.79%,"879,132",3.30%,영업점,1,제한없음,복리,,없음,1. 2019년 7월 1일 이전 신규 -보통예금 이율 2. 2019년 7월 1일 신규분 부터 -1개월이내: 신규시점 약정이율과 만기시점 약정이율 중 낮은 이율 -1개월 초과: 보통예금 이율,중도해지이율 -1개월 미만: 보통예금이율 -1개월 이상~3개월 미만: 계약일의 계약기간별 약정이율의 50% -3개월 이상~12개월 미만: 계약일의 계약기간별 약정이율의 60% -12개월 이상: 계약일의 계약기간별 약정이율의 70%,,20260806,,202608060836,금융감독원 금융상품한눈에 Open API,2026-08-10T14:19:08
030300,저축은행,202607,0010510,오투저축은행,240018,E-정기예금,1,S,단리,2.00%,1.69%,"14,000",2.00%,인터넷,1,제한없음,단리,,없음,1. 2019년 7월 1일 이전 신규 -보통예금 이율 2. 2019년 7월 1일 신규분 부터 -1개월이내: 신규시점 약정이율과 만기시점 약정이율 중 낮은 이율 -1개월 초과: 보통예금 이율,중도해지이율 -1개월 미만: 보통예금이율 -1개월 이상~3개월 미만: 계약일의 계약기간별 약정이율의 50% -3개월 이상~12개월 미만: 계약일의 계약기간별 약정이율의 60% -12개월 이상: 계약일의 계약기간별 약정이율의 70%,,20260806,,202608060836,금융감독원 금융상품한눈에 Open API,2026-08-10T14:19:08
030300,저축은행,202607,0010510,오투저축은행,240018,E-정기예금,3,S,단리,2.00%,1.69%,"42,000",2.00%,인터넷,1,제한없음,단리,,없음,1. 2019년 7월 1일 이전 신규 -보통예금 이율 2. 2019년 7월 1일 신규분 부터 -1개월이내: 신규시점 약정이율과 만기시점 약정이율 중 낮은 이율 -1개월 초과: 보통예금 이율,중도해지이율 -1개월 미만: 보통예금이율 -1개월 이상~3개월 미만: 계약일의 계약기간별 약정이율의 50% -3개월 이상~12개월 미만: 계약일의 계약기간별 약정이율의 60% -12개월 이상: 계약일의 계약기간별 약정이율의 70%,,20260806,,202608060836,금융감독원 금융상품한눈에 Open API,2026-08-10T14:19:08
030300,저축은행,202607,0010510,오투저축은행,240018,E-정기예금,6,S,단리,3.70%,3.13%,"157,000",3.70%,인터넷,1,제한없음,단리,,없음,1. 2019년 7월 1일 이전 신규 -보통예금 이율 2. 2019년 7월 1일 신규분 부터 -1개월이내: 신규시점 약정이율과 만기시점 약정이율 중 낮은 이율 -1개월 초과: 보통예금 이율,중도해지이율 -1개월 미만: 보통예금이율 -1개월 이상~3개월 미만: 계약일의 계약기간별 약정이율의 50% -3개월 이상~12개월 미만: 계약일의 계약기간별 약정이율의 60% -12개월 이상: 계약일의 계약기간별 약정이율의 70%,,20260806,,202608060836,금융감독원 금융상품한눈에 Open API,2026-08-10T14:19:08
030300,저축은행,202607,0010510,오투저축은행,240018,E-정기예금,12,S,단리,3.90%,3.30%,"330,000",3.90%,인터넷,1,제한없음,단리,,없음,1. 2019년 7월 1일 이전 신규 -보통예금 이율 2. 2019년 7월 1일 신규분 부터 -1개월이내: 신규시점 약정이율과 만기시점 약정이율 중 낮은 이율 -1개월 초과: 보통예금 이율,중도해지이율 -1개월 미만: 보통예금이율 -1개월 이상~3개월 미만: 계약일의 계약기간별 약정이율의 50% -3개월 이상~12개월 미만: 계약일의 계약기간별 약정이율의 60% -12개월 이상: 계약일의 계약기간별 약정이율의 70%,,20260806,,202608060836,금융감독원 금융상품한눈에 Open API,2026-08-10T14:19:08
030300,저축은행,202607,0010510,오투저축은행,240018,E-정기예금,24,S,단리,3.30%,2.79%,"558,000",3.30%,인터넷,1,제한없음,단리,,없음,1. 2019년 7월 1일 이전 신규 -보통예금 이율 2. 2019년 7월 1일 신규분 부터 -1개월이내: 신규시점 약정이율과 만기시점 약정이율 중 낮은 이율 -1개월 초과: 보통예금 이율,중도해지이율 -1개월 미만: 보통예금이율 -1개월 이상~3개월 미만: 계약일의 계약기간별 약정이율의 50% -3개월 이상~12개월 미만: 계약일의 계약기간별 약정이율의 60% -12개월 이상: 계약일의 계약기간별 약정이율의 70%,,20260806,,202608060836,금융감독원 금융상품한눈에 Open API,2026-08-10T14:19:08
030300,저축은행,202607,0010510,오투저축은행,240018,E-정기예금,36,S,단리,3.30%,2.79%,"838,000",3.30%,인터넷,1,제한없음,단리,,없음,1. 2019년 7월 1일 이전 신규 -보통예금 이율 2. 2019년 7월 1일 신규분 부터 -1개월이내: 신규시점 약정이율과 만기시점 약정이율 중 낮은 이율 -1개월 초과: 보통예금 이율,중도해지이율 -1개월 미만: 보통예금이율 -1개월 이상~3개월 미만: 계약일의 계약기간별 약정이율의 50% -3개월 이상~12개월 미만: 계약일의 계약기간별 약정이율의 60% -12개월 이상: 계약일의 계약기간별 약정이율의 70%,,20260806,,202608060836,금융감독원 금융상품한눈에 Open API,2026-08-10T14:19:08
030300,저축은행,202607,0010510,오투저축은행,240018,E-정기예금,1,M,복리,2.00%,1.69%,"14,100",2.00%,인터넷,1,제한없음,복리,,없음,1. 2019년 7월 1일 이전 신규 -보통예금 이율 2. 2019년 7월 1일 신규분 부터 -1개월이내: 신규시점 약정이율과 만기시점 약정이율 중 낮은 이율 -1개월 초과: 보통예금 이율,중도해지이율 -1개월 미만: 보통예금이율 -1개월 이상~3개월 미만: 계약일의 계약기간별 약정이율의 50% -3개월 이상~12개월 미만: 계약일의 계약기간별 약정이율의 60% -12개월 이상: 계약일의 계약기간별 약정이율의 70%,,20260806,,202608060836,금융감독원 금융상품한눈에 Open API,2026-08-10T14:19:08
030300,저축은행,202607,0010510,오투저축은행,240018,E-정기예금,3,M,복리,2.00%,1.69%,"42,371",2.00%,인터넷,1,제한없음,복리,,없음,1. 2019년 7월 1일 이전 신규 -보통예금 이율 2. 2019년 7월 1일 신규분 부터 -1개월이내: 신규시점 약정이율과 만기시점 약정이율 중 낮은 이율 -1개월 초과: 보통예금 이율,중도해지이율 -1개월 미만: 보통예금이율 -1개월 이상~3개월 미만: 계약일의 계약기간별 약정이율의 50% -3개월 이상~12개월 미만: 계약일의 계약기간별 약정이율의 60% -12개월 이상: 계약일의 계약기간별 약정이율의 70%,,20260806,,202608060836,금융감독원 금융상품한눈에 Open API,2026-08-10T14:19:08
030300,저축은행,202607,0010510,오투저축은행,240018,E-정기예금,6,M,복리,3.70%,3.13%,"157,721",3.70%,인터넷,1,제한없음,복리,,없음,1. 2019년 7월 1일 이전 신규 -보통예금 이율 2. 2019년 7월 1일 신규분 부터 -1개월이내: 신규시점 약정이율과 만기시점 약정이율 중 낮은 이율 -1개월 초과: 보통예금 이율,중도해지이율 -1개월 미만: 보통예금이율 -1개월 이상~3개월 미만: 계약일의 계약기간별 약정이율의 50% -3개월 이상~12개월 미만: 계약일의 계약기간별 약정이율의 60% -12개월 이상: 계약일의 계약기간별 약정이율의 70%,,20260806,,202608060836,금융감독원 금융상품한눈에 Open API,2026-08-10T14:19:08
030300,저축은행,202607,0010510,오투저축은행,240018,E-정기예금,12,M,복리,3.90%,3.30%,"335,902",3.90%,인터넷,1,제한없음,복리,,없음,1. 2019년 7월 1일 이전 신규 -보통예금 이율 2. 2019년 7월 1일 신규분 부터 -1개월이내: 신규시점 약정이율과 만기시점 약정이율 중 낮은 이율 -1개월 초과: 보통예금 이율,중도해지이율 -1개월 미만: 보통예금이율 -1개월 이상~3개월 미만: 계약일의 계약기간별 약정이율의 50% -3개월 이상~12개월 미만: 계약일의 계약기간별 약정이율의 60% -12개월 이상: 계약일의 계약기간별 약정이율의 70%,,20260806,,202608060836,금융감독원 금융상품한눈에 Open API,2026-08-10T14:19:08
030300,저축은행,202607,0010510,오투저축은행,240018,E-정기예금,24,M,복리,3.30%,2.79%,"576,379",3.30%,인터넷,1,제한없음,복리,,없음,1. 2019년 7월 1일 이전 신규 -보통예금 이율 2. 2019년 7월 1일 신규분 부터 -1개월이내: 신규시점 약정이율과 만기시점 약정이율 중 낮은 이율 -1개월 초과: 보통예금 이율,중도해지이율 -1개월 미만: 보통예금이율 -1개월 이상~3개월 미만: 계약일의 계약기간별 약정이율의 50% -3개월 이상~12개월 미만: 계약일의 계약기간별 약정이율의 60% -12개월 이상: 계약일의 계약기간별 약정이율의 70%,,20260806,,202608060836,금융감독원 금융상품한눈에 Open API,2026-08-10T14:19:08
030300,저축은행,202607,0010510,오투저축은행,240018,E-정기예금,36,M,복리,3.30%,2.79%,"879,132",3.30%,인터넷,1,제한없음,복리,,없음,1. 2019년 7월 1일 이전 신규 -보통예금 이율 2. 2019년 7월 1일 신규분 부터 -1개월이내: 신규시점 약정이율과 만기시점 약정이율 중 낮은 이율 -1개월 초과: 보통예금 이율,중도해지이율 -1개월 미만: 보통예금이율 -1개월 이상~3개월 미만: 계약일의 계약기간별 약정이율의 50% -3개월 이상~12개월 미만: 계약일의 계약기간별 약정이율의 60% -12개월 이상: 계약일의 계약기간별 약정이율의 70%,,20260806,,202608060836,금융감독원 금융상품한눈에 Open API,2026-08-10T14:19:08
030300,저축은행,202607,0010510,오투저축은행,240020,비대면 정기예금,1,S,단리,2.00%,1.69%,"14,000",2.00%,스마트폰,1,제한없음,단리,,없음,1. 2019년 7월 1일 이전 신규 -보통예금 이율 2. 2019년 7월 1일 신규분 부터 -1개월이내: 신규시점 약정이율과 만기시점 약정이율 중 낮은 이율 -1개월 초과: 보통예금 이율,중도해지이율 -1개월 미만: 보통예금이율 -1개월 이상~3개월 미만: 계약일의 계약기간별 약정이율의 50% -3개월 이상~12개월 미만: 계약일의 계약기간별 약정이율의 60% -12개월 이상: 계약일의 계약기간별 약정이율의 70%,,20260806,,202608060836,금융감독원 금융상품한눈에 Open API,2026-08-10T14:19:08
030300,저축은행,202607,0010510,오투저축은행,240020,비대면 정기예금,3,S,단리,2.00%,1.69%,"42,000",2.00%,스마트폰,1,제한없음,단리,,없음,1. 2019년 7월 1일 이전 신규 -보통예금 이율 2. 2019년 7월 1일 신규분 부터 -1개월이내: 신규시점 약정이율과 만기시점 약정이율 중 낮은 이율 -1개월 초과: 보통예금 이율,중도해지이율 -1개월 미만: 보통예금이율 -1개월 이상~3개월 미만: 계약일의 계약기간별 약정이율의 50% -3개월 이상~12개월 미만: 계약일의 계약기간별 약정이율의 60% -12개월 이상: 계약일의 계약기간별 약정이율의 70%,,20260806,,202608060836,금융감독원 금융상품한눈에 Open API,2026-08-10T14:19:08
030300,저축은행,202607,0010510,오투저축은행,240020,비대면 정기예금,6,S,단리,3.70%,3.13%,"157,000",3.70%,스마트폰,1,제한없음,단리,,없음,1. 2019년 7월 1일 이전 신규 -보통예금 이율 2. 2019년 7월 1일 신규분 부터 -1개월이내: 신규시점 약정이율과 만기시점 약정이율 중 낮은 이율 -1개월 초과: 보통예금 이율,중도해지이율 -1개월 미만: 보통예금이율 -1개월 이상~3개월 미만: 계약일의 계약기간별 약정이율의 50% -3개월 이상~12개월 미만: 계약일의 계약기간별 약정이율의 60% -12개월 이상: 계약일의 계약기간별 약정이율의 70%,,20260806,,202608060836,금융감독원 금융상품한눈에 Open API,2026-08-10T14:19:08
030300,저축은행,202607,0010510,오투저축은행,240020,비대면 정기예금,12,S,단리,3.90%,3.30%,"330,000",3.90%,스마트폰,1,제한없음,단리,,없음,1. 2019년 7월 1일 이전 신규 -보통예금 이율 2. 2019년 7월 1일 신규분 부터 -1개월이내: 신규시점 약정이율과 만기시점 약정이율 중 낮은 이율 -1개월 초과: 보통예금 이율,중도해지이율 -1개월 미만: 보통예금이율 -1개월 이상~3개월 미만: 계약일의 계약기간별 약정이율의 50% -3개월 이상~12개월 미만: 계약일의 계약기간별 약정이율의 60% -12개월 이상: 계약일의 계약기간별 약정이율의 70%,,20260806,,202608060836,금융감독원 금융상품한눈에 Open API,2026-08-10T14:19:08
030300,저축은행,202607,0010510,오투저축은행,240020,비대면 정기예금,24,S,단리,3.30%,2.79%,"558,000",3.30%,스마트폰,1,제한없음,단리,,없음,1. 2019년 7월 1일 이전 신규 -보통예금 이율 2. 2019년 7월 1일 신규분 부터 -1개월이내: 신규시점 약정이율과 만기시점 약정이율 중 낮은 이율 -1개월 초과: 보통예금 이율,중도해지이율 -1개월 미만: 보통예금이율 -1개월 이상~3개월 미만: 계약일의 계약기간별 약정이율의 50% -3개월 이상~12개월 미만: 계약일의 계약기간별 약정이율의 60% -12개월 이상: 계약일의 계약기간별 약정이율의 70%,,20260806,,202608060836,금융감독원 금융상품한눈에 Open API,2026-08-10T14:19:08
030300,저축은행,202607,0010510,오투저축은행,240020,비대면 정기예금,36,S,단리,3.30%,2.79%,"838,000",3.30%,스마트폰,1,제한없음,단리,,없음,1. 2019년 7월 1일 이전 신규 -보통예금 이율 2. 2019년 7월 1일 신규분 부터 -1개월이내: 신규시점 약정이율과 만기시점 약정이율 중 낮은 이율 -1개월 초과: 보통예금 이율,중도해지이율 -1개월 미만: 보통예금이율 -1개월 이상~3개월 미만: 계약일의 계약기간별 약정이율의 50% -3개월 이상~12개월 미만: 계약일의 계약기간별 약정이율의 60% -12개월 이상: 계약일의 계약기간별 약정이율의 70%,,20260806,,202608060836,금융감독원 금융상품한눈에 Open API,2026-08-10T14:19:08
030300,저축은행,202607,0010510,오투저축은행,240020,비대면 정기예금,1,M,복리,2.00%,1.69%,"14,100",2.00%,스마트폰,1,제한없음,복리,,없음,1. 2019년 7월 1일 이전 신규 -보통예금 이율 2. 2019년 7월 1일 신규분 부터 -1개월이내: 신규시점 약정이율과 만기시점 약정이율 중 낮은 이율 -1개월 초과: 보통예금 이율,중도해지이율 -1개월 미만: 보통예금이율 -1개월 이상~3개월 미만: 계약일의 계약기간별 약정이율의 50% -3개월 이상~12개월 미만: 계약일의 계약기간별 약정이율의 60% -12개월 이상: 계약일의 계약기간별 약정이율의 70%,,20260806,,202608060836,금융감독원 금융상품한눈에 Open API,2026-08-10T14:19:08
030300,저축은행,202607,0010510,오투저축은행,240020,비대면 정기예금,3,M,복리,2.00%,1.69%,"42,371",2.00%,스마트폰,1,제한없음,복리,,없음,1. 2019년 7월 1일 이전 신규 -보통예금 이율 2. 2019년 7월 1일 신규분 부터 -1개월이내: 신규시점 약정이율과 만기시점 약정이율 중 낮은 이율 -1개월 초과: 보통예금 이율,중도해지이율 -1개월 미만: 보통예금이율 -1개월 이상~3개월 미만: 계약일의 계약기간별 약정이율의 50% -3개월 이상~12개월 미만: 계약일의 계약기간별 약정이율의 60% -12개월 이상: 계약일의 계약기간별 약정이율의 70%,,20260806,,202608060836,금융감독원 금융상품한눈에 Open API,2026-08-10T14:19:08
030300,저축은행,202607,0010510,오투저축은행,240020,비대면 정기예금,6,M,복리,3.70%,3.13%,"157,721",3.70%,스마트폰,1,제한없음,복리,,없음,1. 2019년 7월 1일 이전 신규 -보통예금 이율 2. 2019년 7월 1일 신규분 부터 -1개월이내: 신규시점 약정이율과 만기시점 약정이율 중 낮은 이율 -1개월 초과: 보통예금 이율,중도해지이율 -1개월 미만: 보통예금이율 -1개월 이상~3개월 미만: 계약일의 계약기간별 약정이율의 50% -3개월 이상~12개월 미만: 계약일의 계약기간별 약정이율의 60% -12개월 이상: 계약일의 계약기간별 약정이율의 70%,,20260806,,202608060836,금융감독원 금융상품한눈에 Open API,2026-08-10T14:19:08
030300,저축은행,202607,0010510,오투저축은행,240020,비대면 정기예금,12,M,복리,3.90%,3.30%,"335,902",3.90%,스마트폰,1,제한없음,복리,,없음,1. 2019년 7월 1일 이전 신규 -보통예금 이율 2. 2019년 7월 1일 신규분 부터 -1개월이내: 신규시점 약정이율과 만기시점 약정이율 중 낮은 이율 -1개월 초과: 보통예금 이율,중도해지이율 -1개월 미만: 보통예금이율 -1개월 이상~3개월 미만: 계약일의 계약기간별 약정이율의 50% -3개월 이상~12개월 미만: 계약일의 계약기간별 약정이율의 60% -12개월 이상: 계약일의 계약기간별 약정이율의 70%,,20260806,,202608060836,금융감독원 금융상품한눈에 Open API,2026-08-10T14:19:08
030300,저축은행,202607,0010510,오투저축은행,240020,비대면 정기예금,24,M,복리,3.30%,2.79%,"576,379",3.30%,스마트폰,1,제한없음,복리,,없음,1. 2019년 7월 1일 이전 신규 -보통예금 이율 2. 2019년 7월 1일 신규분 부터 -1개월이내: 신규시점 약정이율과 만기시점 약정이율 중 낮은 이율 -1개월 초과: 보통예금 이율,중도해지이율 -1개월 미만: 보통예금이율 -1개월 이상~3개월 미만: 계약일의 계약기간별 약정이율의 50% -3개월 이상~12개월 미만: 계약일의 계약기간별 약정이율의 60% -12개월 이상: 계약일의 계약기간별 약정이율의 70%,,20260806,,202608060836,금융감독원 금융상품한눈에 Open API,2026-08-10T14:19:08
030300,저축은행,202607,0010510,오투저축은행,240020,비대면 정기예금,36,M,복리,3.30%,2.79%,"879,132",3.30%,스마트폰,1,제한없음,복리,,없음,1. 2019년 7월 1일 이전 신규 -보통예금 이율 2. 2019년 7월 1일 신규분 부터 -1개월이내: 신규시점 약정이율과 만기시점 약정이율 중 낮은 이율 -1개월 초과: 보통예금 이율,중도해지이율 -1개월 미만: 보통예금이율 -1개월 이상~3개월 미만: 계약일의 계약기간별 약정이율의 50% -3개월 이상~12개월 미만: 계약일의 계약기간별 약정이율의 60% -12개월 이상: 계약일의 계약기간별 약정이율의 70%,,20260806,,202608060836,금융감독원 금융상품한눈에 Open API,2026-08-10T14:19:08
030300,저축은행,202607,0010521,스타저축은행,240015,정기예금,1,S,단리,1.50%,1.27%,"11,000",1.50%,영업점,1,제한없음,단리,,없음,"*만기후 1개월이내: 최초 약정이율과 만기시점 이율 중 낮은 금리 적용, 만기후 1개월 초과: 보통예금 금리 적용",없음,,20260804,,202608040824,금융감독원 금융상품한눈에 Open API,2026-08-10T14:19:08
030300,저축은행,202607,0010521,스타저축은행,240015,정기예금,3,S,단리,2.00%,1.69%,"42,000",2.00%,영업점,1,제한없음,단리,,없음,"*만기후 1개월이내: 최초 약정이율과 만기시점 이율 중 낮은 금리 적용, 만기후 1개월 초과: 보통예금 금리 적용",없음,,20260804,,202608040824,금융감독원 금융상품한눈에 Open API,2026-08-10T14:19:08
030300,저축은행,202607,0010521,스타저축은행,240015,정기예금,6,S,단리,3.80%,3.21%,"161,000",3.80%,영업점,1,제한없음,단리,,없음,"*만기후 1개월이내: 최초 약정이율과 만기시점 이율 중 낮은 금리 적용, 만기후 1개월 초과: 보통예금 금리 적용",없음,,20260804,,202608040824,금융감독원 금융상품한눈에 Open API,2026-08-10T14:19:08
030300,저축은행,202607,0010521,스타저축은행,240015,정기예금,12,S,단리,3.80%,3.21%,"321,000",3.80%,영업점,1,제한없음,단리,,없음,"*만기후 1개월이내: 최초 약정이율과 만기시점 이율 중 낮은 금리 적용, 만기후 1개월 초과: 보통예금 금리 적용",없음,,20260804,,202608040824,금융감독원 금융상품한눈에 Open API,2026-08-10T14:19:08
030300,저축은행,202607,0010521,스타저축은행,240015,정기예금,24,S,단리,3.50%,2.96%,"592,000",3.50%,영업점,1,제한없음,단리,,없음,"*만기후 1개월이내: 최초 약정이율과 만기시점 이율 중 낮은 금리 적용, 만기후 1개월 초과: 보통예금 금리 적용",없음,,20260804,,202608040824,금융감독원 금융상품한눈에 Open API,2026-08-10T14:19:08
030300,저축은행,202607,0010521,스타저축은행,240015,정기예금,36,S,단리,3.00%,2.54%,"761,000",3.00%,영업점,1,제한없음,단리,,없음,"*만기후 1개월이내: 최초 약정이율과 만기시점 이율 중 낮은 금리 적용, 만기후 1개월 초과: 보통예금 금리 적용",없음,,20260804,,202608040824,금융감독원 금융상품한눈에 Open API,2026-08-10T14:19:08
030300,저축은행,202607,0010521,스타저축은행,240015,정기예금,1,M,복리,1.50%,1.27%,"10,575",1.50%,영업점,1,제한없음,복리,,없음,"*만기후 1개월이내: 최초 약정이율과 만기시점 이율 중 낮은 금리 적용, 만기후 1개월 초과: 보통예금 금리 적용",없음,,20260804,,202608040824,금융감독원 금융상품한눈에 Open API,2026-08-10T14:19:08
030300,저축은행,202607,0010521,스타저축은행,240015,정기예금,3,M,복리,2.00%,1.69%,"42,371",2.00%,영업점,1,제한없음,복리,,없음,"*만기후 1개월이내: 최초 약정이율과 만기시점 이율 중 낮은 금리 적용, 만기후 1개월 초과: 보통예금 금리 적용",없음,,20260804,,202608040824,금융감독원 금융상품한눈에 Open API,2026-08-10T14:19:08
030300,저축은행,202607,0010521,스타저축은행,240015,정기예금,6,M,복리,3.80%,3.21%,"162,018",3.80%,영업점,1,제한없음,복리,,없음,"*만기후 1개월이내: 최초 약정이율과 만기시점 이율 중 낮은 금리 적용, 만기후 1개월 초과: 보통예금 금리 적용",없음,,20260804,,202608040824,금융감독원 금융상품한눈에 Open API,2026-08-10T14:19:08
030300,저축은행,202607,0010521,스타저축은행,240015,정기예금,12,M,복리,3.80%,3.21%,"327,139",3.80%,영업점,1,제한없음,복리,,없음,"*만기후 1개월이내: 최초 약정이율과 만기시점 이율 중 낮은 금리 적용, 만기후 1개월 초과: 보통예금 금리 적용",없음,,20260804,,202608040824,금융감독원 금융상품한눈에 Open API,2026-08-10T14:19:08
030300,저축은행,202607,0010521,스타저축은행,240015,정기예금,24,M,복리,3.50%,2.96%,"612,495",3.50%,영업점,1,제한없음,복리,,없음,"*만기후 1개월이내: 최초 약정이율과 만기시점 이율 중 낮은 금리 적용, 만기후 1개월 초과: 보통예금 금리 적용",없음,,20260804,,202608040824,금융감독원 금융상품한눈에 Open API,2026-08-10T14:19:08
030300,저축은행,202607,0010521,스타저축은행,240015,정기예금,36,M,복리,3.00%,2.54%,"795,675",3.00%,영업점,1,제한없음,복리,,없음,"*만기후 1개월이내: 최초 약정이율과 만기시점 이율 중 낮은 금리 적용, 만기후 1개월 초과: 보통예금 금리 적용",없음,,20260804,,202608040824,금융감독원 금융상품한눈에 Open API,2026-08-10T14:19:08
030300,저축은행,202607,0010521,스타저축은행,240017,스타e_정기예금,1,S,단리,1.50%,1.27%,"11,000",1.50%,"인터넷,스마트폰",1,제한없음,단리,,없음,"*만기후 1개월이내: 최초 약정이율과 만기시점 이율 중 낮은 금리 적용, 만기후 1개월 초과: 보통예금 금리 적용",없음,,20260804,,202608040824,금융감독원 금융상품한눈에 Open API,2026-08-10T14:19:08
030300,저축은행,202607,0010521,스타저축은행,240017,스타e_정기예금,3,S,단리,2.00%,1.69%,"42,000",2.00%,"인터넷,스마트폰",1,제한없음,단리,,없음,"*만기후 1개월이내: 최초 약정이율과 만기시점 이율 중 낮은 금리 적용, 만기후 1개월 초과: 보통예금 금리 적용",없음,,20260804,,202608040824,금융감독원 금융상품한눈에 Open API,2026-08-10T14:19:08
030300,저축은행,202607,0010521,스타저축은행,240017,스타e_정기예금,6,S,단리,3.80%,3.21%,"161,000",3.80%,"인터넷,스마트폰",1,제한없음,단리,,없음,"*만기후 1개월이내: 최초 약정이율과 만기시점 이율 중 낮은 금리 적용, 만기후 1개월 초과: 보통예금 금리 적용",없음,,20260804,,202608040824,금융감독원 금융상품한눈에 Open API,2026-08-10T14:19:08
030300,저축은행,202607,0010521,스타저축은행,240017,스타e_정기예금,12,S,단리,3.80%,3.21%,"321,000",3.80%,"인터넷,스마트폰",1,제한없음,단리,,없음,"*만기후 1개월이내: 최초 약정이율과 만기시점 이율 중 낮은 금리 적용, 만기후 1개월 초과: 보통예금 금리 적용",없음,,20260804,,202608040824,금융감독원 금융상품한눈에 Open API,2026-08-10T14:19:08
030300,저축은행,202607,0010521,스타저축은행,240017,스타e_정기예금,24,S,단리,1.00%,0.85%,"169,000",1.00%,"인터넷,스마트폰",1,제한없음,단리,,없음,"*만기후 1개월이내: 최초 약정이율과 만기시점 이율 중 낮은 금리 적용, 만기후 1개월 초과: 보통예금 금리 적용",없음,,20260804,,202608040824,금융감독원 금융상품한눈에 Open API,2026-08-10T14:19:08
030300,저축은행,202607,0010521,스타저축은행,240017,스타e_정기예금,36,S,단리,1.00%,0.85%,"254,000",1.00%,"인터넷,스마트폰",1,제한없음,단리,,없음,"*만기후 1개월이내: 최초 약정이율과 만기시점 이율 중 낮은 금리 적용, 만기후 1개월 초과: 보통예금 금리 적용",없음,,20260804,,202608040824,금융감독원 금융상품한눈에 Open API,2026-08-10T14:19:08
030300,저축은행,202607,0010521,스타저축은행,240017,스타e_정기예금,1,M,복리,1.50%,1.27%,"10,575",1.50%,"인터넷,스마트폰",1,제한없음,복리,,없음,"*만기후 1개월이내: 최초 약정이율과 만기시점 이율 중 낮은 금리 적용, 만기후 1개월 초과: 보통예금 금리 적용",없음,,20260804,,202608040824,금융감독원 금융상품한눈에 Open API,2026-08-10T14:19:08
030300,저축은행,202607,0010521,스타저축은행,240017,스타e_정기예금,3,M,복리,2.00%,1.69%,"42,371",2.00%,"인터넷,스마트폰",1,제한없음,복리,,없음,"*만기후 1개월이내: 최초 약정이율과 만기시점 이율 중 낮은 금리 적용, 만기후 1개월 초과: 보통예금 금리 적용",없음,,20260804,,202608040824,금융감독원 금융상품한눈에 Open API,2026-08-10T14:19:08
030300,저축은행,202607,0010521,스타저축은행,240017,스타e_정기예금,6,M,복리,3.80%,3.21%,"162,018",3.80%,"인터넷,스마트폰",1,제한없음,복리,,없음,"*만기후 1개월이내: 최초 약정이율과 만기시점 이율 중 낮은 금리 적용, 만기후 1개월 초과: 보통예금 금리 적용",없음,,20260804,,202608040824,금융감독원 금융상품한눈에 Open API,2026-08-10T14:19:08
030300,저축은행,202607,0010521,스타저축은행,240017,스타e_정기예금,12,M,복리,3.80%,3.21%,"327,139",3.80%,"인터넷,스마트폰",1,제한없음,복리,,없음,"*만기후 1개월이내: 최초 약정이율과 만기시점 이율 중 낮은 금리 적용, 만기후 1개월 초과: 보통예금 금리 적용",없음,,20260804,,202608040824,금융감독원 금융상품한눈에 Open API,2026-08-10T14:19:08
030300,저축은행,202607,0010521,스타저축은행,240017,스타e_정기예금,24,M,복리,1.00%,0.85%,"170,831",1.00%,"인터넷,스마트폰",1,제한없음,복리,,없음,"*만기후 1개월이내: 최초 약정이율과 만기시점 이율 중 낮은 금리 적용, 만기후 1개월 초과: 보통예금 금리 적용",없음,,20260804,,202608040824,금융감독원 금융상품한눈에 Open API,2026-08-10T14:19:08
030300,저축은행,202607,0010521,스타저축은행,240017,스타e_정기예금,36,M,복리,1.00%,0.85%,"257,536",1.00%,"인터넷,스마트폰",1,제한없음,복리,,없음,"*만기후 1개월이내: 최초 약정이율과 만기시점 이율 중 낮은 금리 적용, 만기후 1개월 초과: 보통예금 금리 적용",없음,,20260804,,202608040824,금융감독원 금융상품한눈에 Open API,2026-08-10T14:19:08
030300,저축은행,202607,0010526,대한저축은행,240008 240009,정기예금,1,S,단리,1.00%,0.85%,"7,000",1.00%,영업점,1,제한없음,단리,,없음,- 만기후 1개월이내 : 가입당시 약정금리와 현재금리 비교 후 낮은 금리 - 만기후 1개월초과 : 보통예금 금리,해당없음,,20260720,,202607201300,금융감독원 금융상품한눈에 Open API,2026-08-10T14:19:08
030300,저축은행,202607,0010526,대한저축은행,240008 240009,정기예금,3,S,단리,1.20%,1.02%,"25,000",1.20%,영업점,1,제한없음,단리,,없음,- 만기후 1개월이내 : 가입당시 약정금리와 현재금리 비교 후 낮은 금리 - 만기후 1개월초과 : 보통예금 금리,해당없음,,20260720,,202607201300,금융감독원 금융상품한눈에 Open API,2026-08-10T14:19:08
030300,저축은행,202607,0010526,대한저축은행,240008 240009,정기예금,6,S,단리,2.30%,1.95%,"97,000",2.30%,영업점,1,제한없음,단리,,없음,- 만기후 1개월이내 : 가입당시 약정금리와 현재금리 비교 후 낮은 금리 - 만기후 1개월초과 : 보통예금 금리,해당없음,,20260720,,202607201300,금융감독원 금융상품한눈에 Open API,2026-08-10T14:19:08
030300,저축은행,202607,0010526,대한저축은행,240008 240009,정기예금,12,S,단리,4.00%,3.38%,"338,000",4.00%,영업점,1,제한없음,단리,,없음,- 만기후 1개월이내 : 가입당시 약정금리와 현재금리 비교 후 낮은 금리 - 만기후 1개월초과 : 보통예금 금리,해당없음,,20260720,,202607201300,금융감독원 금융상품한눈에 Open API,2026-08-10T14:19:08
030300,저축은행,202607,0010526,대한저축은행,240008 240009,정기예금,24,S,단리,2.30%,1.95%,"389,000",2.30%,영업점,1,제한없음,단리,,없음,- 만기후 1개월이내 : 가입당시 약정금리와 현재금리 비교 후 낮은 금리 - 만기후 1개월초과 : 보통예금 금리,해당없음,,20260720,,202607201300,금융감독원 금융상품한눈에 Open API,2026-08-10T14:19:08
030300,저축은행,202607,0010526,대한저축은행,240008 240009,정기예금,1,M,복리,1.00%,0.85%,"7,050",1.00%,영업점,1,제한없음,복리,,없음,- 만기후 1개월이내 : 가입당시 약정금리와 현재금리 비교 후 낮은 금리 - 만기후 1개월초과 : 보통예금 금리,해당없음,,20260720,,202607201300,금융감독원 금융상품한눈에 Open API,2026-08-10T14:19:08
030300,저축은행,202607,0010526,대한저축은행,240008 240009,정기예금,3,M,복리,1.20%,1.02%,"25,405",1.20%,영업점,1,제한없음,복리,,없음,- 만기후 1개월이내 : 가입당시 약정금리와 현재금리 비교 후 낮은 금리 - 만기후 1개월초과 : 보통예금 금리,해당없음,,20260720,,202607201300,금융감독원 금융상품한눈에 Open API,2026-08-10T14:19:08
030300,저축은행,202607,0010526,대한저축은행,240008 240009,정기예금,6,M,복리,2.30%,1.95%,"97,757",2.30%,영업점,1,제한없음,복리,,없음,- 만기후 1개월이내 : 가입당시 약정금리와 현재금리 비교 후 낮은 금리 - 만기후 1개월초과 : 보통예금 금리,해당없음,,20260720,,202607201300,금융감독원 금융상품한눈에 Open API,2026-08-10T14:19:08
030300,저축은행,202607,0010526,대한저축은행,240008 240009,정기예금,12,M,복리,4.00%,3.38%,"344,673",4.00%,영업점,1,제한없음,복리,,없음,- 만기후 1개월이내 : 가입당시 약정금리와 현재금리 비교 후 낮은 금리 - 만기후 1개월초과 : 보통예금 금리,해당없음,,20260720,,202607201300,금융감독원 금융상품한눈에 Open API,2026-08-10T14:19:08
030300,저축은행,202607,0010526,대한저축은행,240008 240009,정기예금,24,M,복리,2.30%,1.95%,"397,860",2.30%,영업점,1,제한없음,복리,,없음,- 만기후 1개월이내 : 가입당시 약정금리와 현재금리 비교 후 낮은 금리 - 만기후 1개월초과 : 보통예금 금리,해당없음,,20260720,,202607201300,금융감독원 금융상품한눈에 Open API,2026-08-10T14:19:08
030300,저축은행,202607,0010526,대한저축은행,240010 240011,정기예금(인터넷뱅킹),1,S,단리,1.00%,0.85%,"7,000",1.00%,"인터넷,스마트폰",1,제한없음,단리,,없음,- 만기후 1개월이내 : 가입당시 약정금리와 현재금리 비교 후 낮은 금리 - 만기후 1개월초과 : 보통예금 금리,해당없음,,20260731,,202607310816,금융감독원 금융상품한눈에 Open API,2026-08-10T14:19:08
030300,저축은행,202607,0010526,대한저축은행,240010 240011,정기예금(인터넷뱅킹),3,S,단리,1.20%,1.02%,"25,000",1.20%,"인터넷,스마트폰",1,제한없음,단리,,없음,- 만기후 1개월이내 : 가입당시 약정금리와 현재금리 비교 후 낮은 금리 - 만기후 1개월초과 : 보통예금 금리,해당없음,,20260731,,202607310816,금융감독원 금융상품한눈에 Open API,2026-08-10T14:19:08
030300,저축은행,202607,0010526,대한저축은행,240010 240011,정기예금(인터넷뱅킹),6,S,단리,2.30%,1.95%,"97,000",2.30%,"인터넷,스마트폰",1,제한없음,단리,,없음,- 만기후 1개월이내 : 가입당시 약정금리와 현재금리 비교 후 낮은 금리 - 만기후 1개월초과 : 보통예금 금리,해당없음,,20260731,,202607310816,금융감독원 금융상품한눈에 Open API,2026-08-10T14:19:08
030300,저축은행,202607,0010526,대한저축은행,240010 240011,정기예금(인터넷뱅킹),12,S,단리,4.00%,3.38%,"338,000",4.00%,"인터넷,스마트폰",1,제한없음,단리,,없음,- 만기후 1개월이내 : 가입당시 약정금리와 현재금리 비교 후 낮은 금리 - 만기후 1개월초과 : 보통예금 금리,해당없음,,20260731,,202607310816,금융감독원 금융상품한눈에 Open API,2026-08-10T14:19:08
030300,저축은행,202607,0010526,대한저축은행,240010 240011,정기예금(인터넷뱅킹),24,S,단리,2.30%,1.95%,"389,000",2.30%,"인터넷,스마트폰",1,제한없음,단리,,없음,- 만기후 1개월이내 : 가입당시 약정금리와 현재금리 비교 후 낮은 금리 - 만기후 1개월초과 : 보통예금 금리,해당없음,,20260731,,202607310816,금융감독원 금융상품한눈에 Open API,2026-08-10T14:19:08
030300,저축은행,202607,0010526,대한저축은행,240010 240011,정기예금(인터넷뱅킹),1,M,복리,1.00%,0.85%,"7,050",1.00%,"인터넷,스마트폰",1,제한없음,복리,,없음,- 만기후 1개월이내 : 가입당시 약정금리와 현재금리 비교 후 낮은 금리 - 만기후 1개월초과 : 보통예금 금리,해당없음,,20260731,,202607310816,금융감독원 금융상품한눈에 Open API,2026-08-10T14:19:08
030300,저축은행,202607,0010526,대한저축은행,240010 240011,정기예금(인터넷뱅킹),3,M,복리,1.20%,1.02%,"25,405",1.20%,"인터넷,스마트폰",1,제한없음,복리,,없음,- 만기후 1개월이내 : 가입당시 약정금리와 현재금리 비교 후 낮은 금리 - 만기후 1개월초과 : 보통예금 금리,해당없음,,20260731,,202607310816,금융감독원 금융상품한눈에 Open API,2026-08-10T14:19:08
030300,저축은행,202607,0010526,대한저축은행,240010 240011,정기예금(인터넷뱅킹),6,M,복리,2.30%,1.95%,"97,757",2.30%,"인터넷,스마트폰",1,제한없음,복리,,없음,- 만기후 1개월이내 : 가입당시 약정금리와 현재금리 비교 후 낮은 금리 - 만기후 1개월초과 : 보통예금 금리,해당없음,,20260731,,202607310816,금융감독원 금융상품한눈에 Open API,2026-08-10T14:19:08
030300,저축은행,202607,0010526,대한저축은행,240010 240011,정기예금(인터넷뱅킹),12,M,복리,4.00%,3.38%,"344,673",4.00%,"인터넷,스마트폰",1,제한없음,복리,,없음,- 만기후 1개월이내 : 가입당시 약정금리와 현재금리 비교 후 낮은 금리 - 만기후 1개월초과 : 보통예금 금리,해당없음,,20260731,,202607310816,금융감독원 금융상품한눈에 Open API,2026-08-10T14:19:08
030300,저축은행,202607,0010526,대한저축은행,240010 240011,정기예금(인터넷뱅킹),24,M,복리,2.30%,1.95%,"397,860",2.30%,"인터넷,스마트폰",1,제한없음,복리,,없음,- 만기후 1개월이내 : 가입당시 약정금리와 현재금리 비교 후 낮은 금리 - 만기후 1개월초과 : 보통예금 금리,해당없음,,20260731,,202607310816,금융감독원 금융상품한눈에 Open API,2026-08-10T14:19:08
030300,저축은행,202607,0010527,동양저축은행,240012,정기예금,1,S,단리,1.20%,1.02%,"8,000",1.20%,영업점,1,제한없음,단리,,없음,1개월내: 가입 당시 이율과 만기시점 해당 계약기간 이율과 비교하여 낮은 금리적용 1개월후: 보통예금 금리와 동일,없음,,20260720,,202607201300,금융감독원 금융상품한눈에 Open API,2026-08-10T14:19:08
030300,저축은행,202607,0010527,동양저축은행,240012,정기예금,3,S,단리,2.00%,1.69%,"42,000",2.00%,영업점,1,제한없음,단리,,없음,1개월내: 가입 당시 이율과 만기시점 해당 계약기간 이율과 비교하여 낮은 금리적용 1개월후: 보통예금 금리와 동일,없음,,20260720,,202607201300,금융감독원 금융상품한눈에 Open API,2026-08-10T14:19:08
030300,저축은행,202607,0010527,동양저축은행,240012,정기예금,6,S,단리,2.50%,2.11%,"106,000",2.50%,영업점,1,제한없음,단리,,없음,1개월내: 가입 당시 이율과 만기시점 해당 계약기간 이율과 비교하여 낮은 금리적용 1개월후: 보통예금 금리와 동일,없음,,20260720,,202607201300,금융감독원 금융상품한눈에 Open API,2026-08-10T14:19:08
030300,저축은행,202607,0010527,동양저축은행,240012,정기예금,12,S,단리,3.50%,2.96%,"296,000",3.50%,영업점,1,제한없음,단리,,없음,1개월내: 가입 당시 이율과 만기시점 해당 계약기간 이율과 비교하여 낮은 금리적용 1개월후: 보통예금 금리와 동일,없음,,20260720,,202607201300,금융감독원 금융상품한눈에 Open API,2026-08-10T14:19:08
030300,저축은행,202607,0010527,동양저축은행,240012,정기예금,24,S,단리,2.50%,2.11%,"423,000",2.50%,영업점,1,제한없음,단리,,없음,1개월내: 가입 당시 이율과 만기시점 해당 계약기간 이율과 비교하여 낮은 금리적용 1개월후: 보통예금 금리와 동일,없음,,20260720,,202607201300,금융감독원 금융상품한눈에 Open API,2026-08-10T14:19:08
030300,저축은행,202607,0010527,동양저축은행,240012,정기예금,36,S,단리,2.50%,2.11%,"634,000",2.50%,영업점,1,제한없음,단리,,없음,1개월내: 가입 당시 이율과 만기시점 해당 계약기간 이율과 비교하여 낮은 금리적용 1개월후: 보통예금 금리와 동일,없음,,20260720,,202607201300,금융감독원 금융상품한눈에 Open API,2026-08-10T14:19:08
030300,저축은행,202607,0010527,동양저축은행,240012,정기예금,1,M,복리,1.20%,1.02%,"8,460",1.20%,영업점,1,제한없음,복리,,없음,1개월내: 가입 당시 이율과 만기시점 해당 계약기간 이율과 비교하여 낮은 금리적용 1개월후: 보통예금 금리와 동일,없음,,20260720,,202607201300,금융감독원 금융상품한눈에 Open API,2026-08-10T14:19:08
030300,저축은행,202607,0010527,동양저축은행,240012,정기예금,3,M,복리,2.00%,1.69%,"42,371",2.00%,영업점,1,제한없음,복리,,없음,1개월내: 가입 당시 이율과 만기시점 해당 계약기간 이율과 비교하여 낮은 금리적용 1개월후: 보통예금 금리와 동일,없음,,20260720,,202607201300,금융감독원 금융상품한눈에 Open API,2026-08-10T14:19:08
030300,저축은행,202607,0010527,동양저축은행,240012,정기예금,6,M,복리,2.50%,2.11%,"106,302",2.50%,영업점,1,제한없음,복리,,없음,1개월내: 가입 당시 이율과 만기시점 해당 계약기간 이율과 비교하여 낮은 금리적용 1개월후: 보통예금 금리와 동일,없음,,20260720,,202607201300,금융감독원 금융상품한눈에 Open API,2026-08-10T14:19:08
030300,저축은행,202607,0010527,동양저축은행,240012,정기예금,12,M,복리,3.50%,2.96%,"300,896",3.50%,영업점,1,제한없음,복리,,없음,1개월내: 가입 당시 이율과 만기시점 해당 계약기간 이율과 비교하여 낮은 금리적용 1개월후: 보통예금 금리와 동일,없음,,20260720,,202607201300,금융감독원 금융상품한눈에 Open API,2026-08-10T14:19:08
030300,저축은행,202607,0010527,동양저축은행,240012,정기예금,24,M,복리,2.50%,2.11%,"433,291",2.50%,영업점,1,제한없음,복리,,없음,1개월내: 가입 당시 이율과 만기시점 해당 계약기간 이율과 비교하여 낮은 금리적용 1개월후: 보통예금 금리와 동일,없음,,20260720,,202607201300,금융감독원 금융상품한눈에 Open API,2026-08-10T14:19:08
030300,저축은행,202607,0010527,동양저축은행,240012,정기예금,36,M,복리,2.50%,2.11%,"658,189",2.50%,영업점,1,제한없음,복리,,없음,1개월내: 가입 당시 이율과 만기시점 해당 계약기간 이율과 비교하여 낮은 금리적용 1개월후: 보통예금 금리와 동일,없음,,20260720,,202607201300,금융감독원 금융상품한눈에 Open API,2026-08-10T14:19:08
030300,저축은행,202607,0010527,동양저축은행,240014,"정기예금(비대면,인터넷뱅킹,스마트폰뱅킹)",1,S,단리,1.20%,1.02%,"8,000",1.20%,"인터넷,스마트폰",1,제한없음,단리,,없음,1개월내: 가입 당시 이율과 만기시점 해당 계약기간 이율과 비교하여 낮은 금리적용 1개월후: 보통예금 금리와 동일,본 상품은 한도금액 초과 시 조기에 소진될 수 있습니다.,,20260720,,202607201300,금융감독원 금융상품한눈에 Open API,2026-08-10T14:19:08
030300,저축은행,202607,0010527,동양저축은행,240014,"정기예금(비대면,인터넷뱅킹,스마트폰뱅킹)",3,S,단리,2.00%,1.69%,"42,000",2.00%,"인터넷,스마트폰",1,제한없음,단리,,없음,1개월내: 가입 당시 이율과 만기시점 해당 계약기간 이율과 비교하여 낮은 금리적용 1개월후: 보통예금 금리와 동일,본 상품은 한도금액 초과 시 조기에 소진될 수 있습니다.,,20260720,,202607201300,금융감독원 금융상품한눈에 Open API,2026-08-10T14:19:08
030300,저축은행,202607,0010527,동양저축은행,240014,"정기예금(비대면,인터넷뱅킹,스마트폰뱅킹)",6,S,단리,2.50%,2.11%,"106,000",2.50%,"인터넷,스마트폰",1,제한없음,단리,,없음,1개월내: 가입 당시 이율과 만기시점 해당 계약기간 이율과 비교하여 낮은 금리적용 1개월후: 보통예금 금리와 동일,본 상품은 한도금액 초과 시 조기에 소진될 수 있습니다.,,20260720,,202607201300,금융감독원 금융상품한눈에 Open API,2026-08-10T14:19:08
030300,저축은행,202607,0010527,동양저축은행,240014,"정기예금(비대면,인터넷뱅킹,스마트폰뱅킹)",12,S,단리,3.50%,2.96%,"296,000",3.50%,"인터넷,스마트폰",1,제한없음,단리,,없음,1개월내: 가입 당시 이율과 만기시점 해당 계약기간 이율과 비교하여 낮은 금리적용 1개월후: 보통예금 금리와 동일,본 상품은 한도금액 초과 시 조기에 소진될 수 있습니다.,,20260720,,202607201300,금융감독원 금융상품한눈에 Open API,2026-08-10T14:19:08
030300,저축은행,202607,0010527,동양저축은행,240014,"정기예금(비대면,인터넷뱅킹,스마트폰뱅킹)",24,S,단리,2.50%,2.11%,"423,000",2.50%,"인터넷,스마트폰",1,제한없음,단리,,없음,1개월내: 가입 당시 이율과 만기시점 해당 계약기간 이율과 비교하여 낮은 금리적용 1개월후: 보통예금 금리와 동일,본 상품은 한도금액 초과 시 조기에 소진될 수 있습니다.,,20260720,,202607201300,금융감독원 금융상품한눈에 Open API,2026-08-10T14:19:08
030300,저축은행,202607,0010527,동양저축은행,240014,"정기예금(비대면,인터넷뱅킹,스마트폰뱅킹)",36,S,단리,2.50%,2.11%,"634,000",2.50%,"인터넷,스마트폰",1,제한없음,단리,,없음,1개월내: 가입 당시 이율과 만기시점 해당 계약기간 이율과 비교하여 낮은 금리적용 1개월후: 보통예금 금리와 동일,본 상품은 한도금액 초과 시 조기에 소진될 수 있습니다.,,20260720,,202607201300,금융감독원 금융상품한눈에 Open API,2026-08-10T14:19:08
030300,저축은행,202607,0010527,동양저축은행,240014,"정기예금(비대면,인터넷뱅킹,스마트폰뱅킹)",1,M,복리,1.20%,1.02%,"8,460",1.20%,"인터넷,스마트폰",1,제한없음,복리,,없음,1개월내: 가입 당시 이율과 만기시점 해당 계약기간 이율과 비교하여 낮은 금리적용 1개월후: 보통예금 금리와 동일,본 상품은 한도금액 초과 시 조기에 소진될 수 있습니다.,,20260720,,202607201300,금융감독원 금융상품한눈에 Open API,2026-08-10T14:19:08
030300,저축은행,202607,0010527,동양저축은행,240014,"정기예금(비대면,인터넷뱅킹,스마트폰뱅킹)",3,M,복리,2.00%,1.69%,"42,371",2.00%,"인터넷,스마트폰",1,제한없음,복리,,없음,1개월내: 가입 당시 이율과 만기시점 해당 계약기간 이율과 비교하여 낮은 금리적용 1개월후: 보통예금 금리와 동일,본 상품은 한도금액 초과 시 조기에 소진될 수 있습니다.,,20260720,,202607201300,금융감독원 금융상품한눈에 Open API,2026-08-10T14:19:08
030300,저축은행,202607,0010527,동양저축은행,240014,"정기예금(비대면,인터넷뱅킹,스마트폰뱅킹)",6,M,복리,2.50%,2.11%,"106,302",2.50%,"인터넷,스마트폰",1,제한없음,복리,,없음,1개월내: 가입 당시 이율과 만기시점 해당 계약기간 이율과 비교하여 낮은 금리적용 1개월후: 보통예금 금리와 동일,본 상품은 한도금액 초과 시 조기에 소진될 수 있습니다.,,20260720,,202607201300,금융감독원 금융상품한눈에 Open API,2026-08-10T14:19:08
030300,저축은행,202607,0010527,동양저축은행,240014,"정기예금(비대면,인터넷뱅킹,스마트폰뱅킹)",12,M,복리,3.50%,2.96%,"300,896",3.50%,"인터넷,스마트폰",1,제한없음,복리,,없음,1개월내: 가입 당시 이율과 만기시점 해당 계약기간 이율과 비교하여 낮은 금리적용 1개월후: 보통예금 금리와 동일,본 상품은 한도금액 초과 시 조기에 소진될 수 있습니다.,,20260720,,202607201300,금융감독원 금융상품한눈에 Open API,2026-08-10T14:19:08
030300,저축은행,202607,0010527,동양저축은행,240014,"정기예금(비대면,인터넷뱅킹,스마트폰뱅킹)",24,M,복리,2.50%,2.11%,"433,291",2.50%,"인터넷,스마트폰",1,제한없음,복리,,없음,1개월내: 가입 당시 이율과 만기시점 해당 계약기간 이율과 비교하여 낮은 금리적용 1개월후: 보통예금 금리와 동일,본 상품은 한도금액 초과 시 조기에 소진될 수 있습니다.,,20260720,,202607201300,금융감독원 금융상품한눈에 Open API,2026-08-10T14:19:08
030300,저축은행,202607,0010527,동양저축은행,240014,"정기예금(비대면,인터넷뱅킹,스마트폰뱅킹)",36,M,복리,2.50%,2.11%,"658,189",2.50%,"인터넷,스마트폰",1,제한없음,복리,,없음,1개월내: 가입 당시 이율과 만기시점 해당 계약기간 이율과 비교하여 낮은 금리적용 1개월후: 보통예금 금리와 동일,본 상품은 한도금액 초과 시 조기에 소진될 수 있습니다.,,20260720,,202607201300,금융감독원 금융상품한눈에 Open API,2026-08-10T14:19:08
030300,저축은행,202607,0010528,더블저축은행,240001,정기예금,1,S,단리,0.20%,0.17%,"1,000",0.20%,영업점,1,제한없음,단리,,없음,*만기경과 1개월이내 : - 해당 약정기간 정기예금 현행이율 *만기경과 1개월이후 : 보통예금 이율,예금자보호한도외 기타사항 없음,,20260804,,202608040818,금융감독원 금융상품한눈에 Open API,2026-08-10T14:19:08
030300,저축은행,202607,0010528,더블저축은행,240001,정기예금,3,S,단리,1.30%,1.10%,"27,000",1.30%,영업점,1,제한없음,단리,,없음,*만기경과 1개월이내 : - 해당 약정기간 정기예금 현행이율 *만기경과 1개월이후 : 보통예금 이율,예금자보호한도외 기타사항 없음,,20260804,,202608040818,금융감독원 금융상품한눈에 Open API,2026-08-10T14:19:08
030300,저축은행,202607,0010528,더블저축은행,240001,정기예금,6,S,단리,2.50%,2.11%,"106,000",2.50%,영업점,1,제한없음,단리,,없음,*만기경과 1개월이내 : - 해당 약정기간 정기예금 현행이율 *만기경과 1개월이후 : 보통예금 이율,예금자보호한도외 기타사항 없음,,20260804,,202608040818,금융감독원 금융상품한눈에 Open API,2026-08-10T14:19:08
030300,저축은행,202607,0010528,더블저축은행,240001,정기예금,12,S,단리,3.90%,3.30%,"330,000",3.90%,영업점,1,제한없음,단리,,없음,*만기경과 1개월이내 : - 해당 약정기간 정기예금 현행이율 *만기경과 1개월이후 : 보통예금 이율,예금자보호한도외 기타사항 없음,,20260804,,202608040818,금융감독원 금융상품한눈에 Open API,2026-08-10T14:19:08
030300,저축은행,202607,0010528,더블저축은행,240001,정기예금,24,S,단리,2.50%,2.11%,"423,000",2.50%,영업점,1,제한없음,단리,,없음,*만기경과 1개월이내 : - 해당 약정기간 정기예금 현행이율 *만기경과 1개월이후 : 보통예금 이율,예금자보호한도외 기타사항 없음,,20260804,,202608040818,금융감독원 금융상품한눈에 Open API,2026-08-10T14:19:08
030300,저축은행,202607,0010528,더블저축은행,240001,정기예금,1,M,복리,0.20%,0.17%,"1,410",0.20%,영업점,1,제한없음,복리,,없음,*만기경과 1개월이내 : - 해당 약정기간 정기예금 현행이율 *만기경과 1개월이후 : 보통예금 이율,예금자보호한도외 기타사항 없음,,20260804,,202608040818,금융감독원 금융상품한눈에 Open API,2026-08-10T14:19:08
030300,저축은행,202607,0010528,더블저축은행,240001,정기예금,3,M,복리,1.30%,1.10%,"27,525",1.30%,영업점,1,제한없음,복리,,없음,*만기경과 1개월이내 : - 해당 약정기간 정기예금 현행이율 *만기경과 1개월이후 : 보통예금 이율,예금자보호한도외 기타사항 없음,,20260804,,202608040818,금융감독원 금융상품한눈에 Open API,2026-08-10T14:19:08
030300,저축은행,202607,0010528,더블저축은행,240001,정기예금,6,M,복리,2.50%,2.11%,"106,302",2.50%,영업점,1,제한없음,복리,,없음,*만기경과 1개월이내 : - 해당 약정기간 정기예금 현행이율 *만기경과 1개월이후 : 보통예금 이율,예금자보호한도외 기타사항 없음,,20260804,,202608040818,금융감독원 금융상품한눈에 Open API,2026-08-10T14:19:08
030300,저축은행,202607,0010528,더블저축은행,240001,정기예금,12,M,복리,3.90%,3.30%,"335,902",3.90%,영업점,1,제한없음,복리,,없음,*만기경과 1개월이내 : - 해당 약정기간 정기예금 현행이율 *만기경과 1개월이후 : 보통예금 이율,예금자보호한도외 기타사항 없음,,20260804,,202608040818,금융감독원 금융상품한눈에 Open API,2026-08-10T14:19:08
030300,저축은행,202607,0010528,더블저축은행,240001,정기예금,24,M,복리,2.50%,2.11%,"433,291",2.50%,영업점,1,제한없음,복리,,없음,*만기경과 1개월이내 : - 해당 약정기간 정기예금 현행이율 *만기경과 1개월이후 : 보통예금 이율,예금자보호한도외 기타사항 없음,,20260804,,202608040818,금융감독원 금융상품한눈에 Open API,2026-08-10T14:19:08
030300,저축은행,202607,0010528,더블저축은행,241003,"정기예금(인터넷뱅킹,스마트뱅킹)",1,S,단리,0.20%,0.17%,"1,000",0.20%,"인터넷,스마트폰",1,제한없음,단리,,없음,*만기경과 1개월이내 : - 해당 약정기간 정기예금 현행이율 *만기경과 1개월이후 : 보통예금 이율,예금자보호한도외 기타사항 없음,,20260804,,202608040818,금융감독원 금융상품한눈에 Open API,2026-08-10T14:19:08
030300,저축은행,202607,0010528,더블저축은행,241003,"정기예금(인터넷뱅킹,스마트뱅킹)",3,S,단리,1.30%,1.10%,"27,000",1.30%,"인터넷,스마트폰",1,제한없음,단리,,없음,*만기경과 1개월이내 : - 해당 약정기간 정기예금 현행이율 *만기경과 1개월이후 : 보통예금 이율,예금자보호한도외 기타사항 없음,,20260804,,202608040818,금융감독원 금융상품한눈에 Open API,2026-08-10T14:19:08
030300,저축은행,202607,0010528,더블저축은행,241003,"정기예금(인터넷뱅킹,스마트뱅킹)",6,S,단리,2.50%,2.11%,"106,000",2.50%,"인터넷,스마트폰",1,제한없음,단리,,없음,*만기경과 1개월이내 : - 해당 약정기간 정기예금 현행이율 *만기경과 1개월이후 : 보통예금 이율,예금자보호한도외 기타사항 없음,,20260804,,202608040818,금융감독원 금융상품한눈에 Open API,2026-08-10T14:19:08
030300,저축은행,202607,0010528,더블저축은행,241003,"정기예금(인터넷뱅킹,스마트뱅킹)",12,S,단리,3.90%,3.30%,"330,000",3.90%,"인터넷,스마트폰",1,제한없음,단리,,없음,*만기경과 1개월이내 : - 해당 약정기간 정기예금 현행이율 *만기경과 1개월이후 : 보통예금 이율,예금자보호한도외 기타사항 없음,,20260804,,202608040818,금융감독원 금융상품한눈에 Open API,2026-08-10T14:19:08
030300,저축은행,202607,0010528,더블저축은행,241003,"정기예금(인터넷뱅킹,스마트뱅킹)",1,M,복리,0.20%,0.17%,"1,410",0.20%,"인터넷,스마트폰",1,제한없음,복리,,없음,*만기경과 1개월이내 : - 해당 약정기간 정기예금 현행이율 *만기경과 1개월이후 : 보통예금 이율,예금자보호한도외 기타사항 없음,,20260804,,202608040818,금융감독원 금융상품한눈에 Open API,2026-08-10T14:19:08
030300,저축은행,202607,0010528,더블저축은행,241003,"정기예금(인터넷뱅킹,스마트뱅킹)",3,M,복리,1.30%,1.10%,"27,525",1.30%,"인터넷,스마트폰",1,제한없음,복리,,없음,*만기경과 1개월이내 : - 해당 약정기간 정기예금 현행이율 *만기경과 1개월이후 : 보통예금 이율,예금자보호한도외 기타사항 없음,,20260804,,202608040818,금융감독원 금융상품한눈에 Open API,2026-08-10T14:19:08
030300,저축은행,202607,0010528,더블저축은행,241003,"정기예금(인터넷뱅킹,스마트뱅킹)",6,M,복리,2.50%,2.11%,"106,302",2.50%,"인터넷,스마트폰",1,제한없음,복리,,없음,*만기경과 1개월이내 : - 해당 약정기간 정기예금 현행이율 *만기경과 1개월이후 : 보통예금 이율,예금자보호한도외 기타사항 없음,,20260804,,202608040818,금융감독원 금융상품한눈에 Open API,2026-08-10T14:19:08
030300,저축은행,202607,0010528,더블저축은행,241003,"정기예금(인터넷뱅킹,스마트뱅킹)",12,M,복리,3.90%,3.30%,"335,902",3.90%,"인터넷,스마트폰",1,제한없음,복리,,없음,*만기경과 1개월이내 : - 해당 약정기간 정기예금 현행이율 *만기경과 1개월이후 : 보통예금 이율,예금자보호한도외 기타사항 없음,,20260804,,202608040818,금융감독원 금융상품한눈에 Open API,2026-08-10T14:19:08
030300,저축은행,202607,0010533,센트럴저축은행,24,정기예금,1,S,단리,2.10%,1.78%,"15,000",2.10%,영업점,1,제한없음 (제한없음.),단리,,없음.,(만기 후 예치 기간 기준) * 1개월까지: 당초 약정이율 * 1개월 초과: 0.5%,중도해지 이율 (실 예치 기간 기준) *1개월 미만: 0.5% *1개월~3개월 미만: 2.00% *3개월~6개월 미만: 2.05% *6개월~11개월 미만: 2.10% *11개월 이상: 2.15%,,20260810,,202608100817,금융감독원 금융상품한눈에 Open API,2026-08-10T14:19:08
030300,저축은행,202607,0010533,센트럴저축은행,24,정기예금,3,S,단리,2.20%,1.86%,"47,000",2.20%,영업점,1,제한없음 (제한없음.),단리,,없음.,(만기 후 예치 기간 기준) * 1개월까지: 당초 약정이율 * 1개월 초과: 0.5%,중도해지 이율 (실 예치 기간 기준) *1개월 미만: 0.5% *1개월~3개월 미만: 2.00% *3개월~6개월 미만: 2.05% *6개월~11개월 미만: 2.10% *11개월 이상: 2.15%,,20260810,,202608100817,금융감독원 금융상품한눈에 Open API,2026-08-10T14:19:08
030300,저축은행,202607,0010533,센트럴저축은행,24,정기예금,6,S,단리,2.40%,2.03%,"102,000",2.40%,영업점,1,제한없음 (제한없음.),단리,,없음.,(만기 후 예치 기간 기준) * 1개월까지: 당초 약정이율 * 1개월 초과: 0.5%,중도해지 이율 (실 예치 기간 기준) *1개월 미만: 0.5% *1개월~3개월 미만: 2.00% *3개월~6개월 미만: 2.05% *6개월~11개월 미만: 2.10% *11개월 이상: 2.15%,,20260810,,202608100817,금융감독원 금융상품한눈에 Open API,2026-08-10T14:19:08
030300,저축은행,202607,0010533,센트럴저축은행,24,정기예금,12,S,단리,3.80%,3.21%,"321,000",3.80%,영업점,1,제한없음 (제한없음.),단리,,없음.,(만기 후 예치 기간 기준) * 1개월까지: 당초 약정이율 * 1개월 초과: 0.5%,중도해지 이율 (실 예치 기간 기준) *1개월 미만: 0.5% *1개월~3개월 미만: 2.00% *3개월~6개월 미만: 2.05% *6개월~11개월 미만: 2.10% *11개월 이상: 2.15%,,20260810,,202608100817,금융감독원 금융상품한눈에 Open API,2026-08-10T14:19:08
030300,저축은행,202607,0010533,센트럴저축은행,24,정기예금,1,M,복리,2.10%,1.78%,"14,805",2.10%,영업점,1,제한없음 (제한없음.),복리,,없음.,(만기 후 예치 기간 기준) * 1개월까지: 당초 약정이율 * 1개월 초과: 0.5%,중도해지 이율 (실 예치 기간 기준) *1개월 미만: 0.5% *1개월~3개월 미만: 2.00% *3개월~6개월 미만: 2.05% *6개월~11개월 미만: 2.10% *11개월 이상: 2.15%,,20260810,,202608100817,금융감독원 금융상품한눈에 Open API,2026-08-10T14:19:08
030300,저축은행,202607,0010533,센트럴저축은행,24,정기예금,3,M,복리,2.20%,1.86%,"46,615",2.20%,영업점,1,제한없음 (제한없음.),복리,,없음.,(만기 후 예치 기간 기준) * 1개월까지: 당초 약정이율 * 1개월 초과: 0.5%,중도해지 이율 (실 예치 기간 기준) *1개월 미만: 0.5% *1개월~3개월 미만: 2.00% *3개월~6개월 미만: 2.05% *6개월~11개월 미만: 2.10% *11개월 이상: 2.15%,,20260810,,202608100817,금융감독원 금융상품한눈에 Open API,2026-08-10T14:19:08
030300,저축은행,202607,0010533,센트럴저축은행,24,정기예금,6,M,복리,2.40%,2.03%,"102,029",2.40%,영업점,1,제한없음 (제한없음.),복리,,없음.,(만기 후 예치 기간 기준) * 1개월까지: 당초 약정이율 * 1개월 초과: 0.5%,중도해지 이율 (실 예치 기간 기준) *1개월 미만: 0.5% *1개월~3개월 미만: 2.00% *3개월~6개월 미만: 2.05% *6개월~11개월 미만: 2.10% *11개월 이상: 2.15%,,20260810,,202608100817,금융감독원 금융상품한눈에 Open API,2026-08-10T14:19:08
030300,저축은행,202607,0010533,센트럴저축은행,24,정기예금,12,M,복리,3.80%,3.21%,"327,139",3.80%,영업점,1,제한없음 (제한없음.),복리,,없음.,(만기 후 예치 기간 기준) * 1개월까지: 당초 약정이율 * 1개월 초과: 0.5%,중도해지 이율 (실 예치 기간 기준) *1개월 미만: 0.5% *1개월~3개월 미만: 2.00% *3개월~6개월 미만: 2.05% *6개월~11개월 미만: 2.10% *11개월 이상: 2.15%,,20260810,,202608100817,금융감독원 금융상품한눈에 Open API,2026-08-10T14:19:08
030300,저축은행,202607,0010533,센트럴저축은행,240007,"정기예금 (인터넷뱅킹,스마트뱅킹,비대면)",1,S,단리,2.10%,1.78%,"15,000",2.10%,"인터넷,스마트폰",1,제한없음 (개인(만19세이상)),단리,,없음.,(만기 후 예치 기간 기준) * 1개월까지: 당초 약정이율 * 1개월 초과: 0.5%,중도해지 이율 (실 예치 기간 기준) *1개월 미만: 0.5% *1개월~3개월 미만: 2.00% *3개월~6개월 미만: 2.05% *6개월~11개월 미만: 2.10% *11개월 이상: 2.15%,,20260810,,202608100817,금융감독원 금융상품한눈에 Open API,2026-08-10T14:19:08
030300,저축은행,202607,0010533,센트럴저축은행,240007,"정기예금 (인터넷뱅킹,스마트뱅킹,비대면)",3,S,단리,2.20%,1.86%,"47,000",2.20%,"인터넷,스마트폰",1,제한없음 (개인(만19세이상)),단리,,없음.,(만기 후 예치 기간 기준) * 1개월까지: 당초 약정이율 * 1개월 초과: 0.5%,중도해지 이율 (실 예치 기간 기준) *1개월 미만: 0.5% *1개월~3개월 미만: 2.00% *3개월~6개월 미만: 2.05% *6개월~11개월 미만: 2.10% *11개월 이상: 2.15%,,20260810,,202608100817,금융감독원 금융상품한눈에 Open API,2026-08-10T14:19:08
030300,저축은행,202607,0010533,센트럴저축은행,240007,"정기예금 (인터넷뱅킹,스마트뱅킹,비대면)",6,S,단리,2.40%,2.03%,"102,000",2.40%,"인터넷,스마트폰",1,제한없음 (개인(만19세이상)),단리,,없음.,(만기 후 예치 기간 기준) * 1개월까지: 당초 약정이율 * 1개월 초과: 0.5%,중도해지 이율 (실 예치 기간 기준) *1개월 미만: 0.5% *1개월~3개월 미만: 2.00% *3개월~6개월 미만: 2.05% *6개월~11개월 미만: 2.10% *11개월 이상: 2.15%,,20260810,,202608100817,금융감독원 금융상품한눈에 Open API,2026-08-10T14:19:08
030300,저축은행,202607,0010533,센트럴저축은행,240007,"정기예금 (인터넷뱅킹,스마트뱅킹,비대면)",12,S,단리,3.80%,3.21%,"321,000",3.80%,"인터넷,스마트폰",1,제한없음 (개인(만19세이상)),단리,,없음.,(만기 후 예치 기간 기준) * 1개월까지: 당초 약정이율 * 1개월 초과: 0.5%,중도해지 이율 (실 예치 기간 기준) *1개월 미만: 0.5% *1개월~3개월 미만: 2.00% *3개월~6개월 미만: 2.05% *6개월~11개월 미만: 2.10% *11개월 이상: 2.15%,,20260810,,202608100817,금융감독원 금융상품한눈에 Open API,2026-08-10T14:19:08
030300,저축은행,202607,0010533,센트럴저축은행,240007,"정기예금 (인터넷뱅킹,스마트뱅킹,비대면)",1,M,복리,2.10%,1.78%,"14,805",2.10%,"인터넷,스마트폰",1,제한없음 (개인(만19세이상)),복리,,없음.,(만기 후 예치 기간 기준) * 1개월까지: 당초 약정이율 * 1개월 초과: 0.5%,중도해지 이율 (실 예치 기간 기준) *1개월 미만: 0.5% *1개월~3개월 미만: 2.00% *3개월~6개월 미만: 2.05% *6개월~11개월 미만: 2.10% *11개월 이상: 2.15%,,20260810,,202608100817,금융감독원 금융상품한눈에 Open API,2026-08-10T14:19:08
030300,저축은행,202607,0010533,센트럴저축은행,240007,"정기예금 (인터넷뱅킹,스마트뱅킹,비대면)",3,M,복리,2.20%,1.86%,"46,615",2.20%,"인터넷,스마트폰",1,제한없음 (개인(만19세이상)),복리,,없음.,(만기 후 예치 기간 기준) * 1개월까지: 당초 약정이율 * 1개월 초과: 0.5%,중도해지 이율 (실 예치 기간 기준) *1개월 미만: 0.5% *1개월~3개월 미만: 2.00% *3개월~6개월 미만: 2.05% *6개월~11개월 미만: 2.10% *11개월 이상: 2.15%,,20260810,,202608100817,금융감독원 금융상품한눈에 Open API,2026-08-10T14:19:08
030300,저축은행,202607,0010533,센트럴저축은행,240007,"정기예금 (인터넷뱅킹,스마트뱅킹,비대면)",6,M,복리,2.40%,2.03%,"102,029",2.40%,"인터넷,스마트폰",1,제한없음 (개인(만19세이상)),복리,,없음.,(만기 후 예치 기간 기준) * 1개월까지: 당초 약정이율 * 1개월 초과: 0.5%,중도해지 이율 (실 예치 기간 기준) *1개월 미만: 0.5% *1개월~3개월 미만: 2.00% *3개월~6개월 미만: 2.05% *6개월~11개월 미만: 2.10% *11개월 이상: 2.15%,,20260810,,202608100817,금융감독원 금융상품한눈에 Open API,2026-08-10T14:19:08
030300,저축은행,202607,0010533,센트럴저축은행,240007,"정기예금 (인터넷뱅킹,스마트뱅킹,비대면)",12,M,복리,3.80%,3.21%,"327,139",3.80%,"인터넷,스마트폰",1,제한없음 (개인(만19세이상)),복리,,없음.,(만기 후 예치 기간 기준) * 1개월까지: 당초 약정이율 * 1개월 초과: 0.5%,중도해지 이율 (실 예치 기간 기준) *1개월 미만: 0.5% *1개월~3개월 미만: 2.00% *3개월~6개월 미만: 2.05% *6개월~11개월 미만: 2.10% *11개월 이상: 2.15%,,20260810,,202608100817,금융감독원 금융상품한눈에 Open API,2026-08-10T14:19:08
030300,저축은행,202607,0010534,스마트저축은행,WR0001A,정기예금,1,S,단리,1.20%,1.02%,"8,000",1.20%,영업점,1,제한없음,단리,,해당없음,○ 만기후 1개월이내 : 가입당시 약정이율과 만기시점 해당상품 신규약정이율 중 낮은이율 ○ 만기후 1개월이후 : 0.3%,가입한도 없음,,20260810,,202608100814,금융감독원 금융상품한눈에 Open API,2026-08-10T14:19:08
030300,저축은행,202607,0010534,스마트저축은행,WR0001A,정기예금,3,S,단리,1.50%,1.27%,"32,000",1.50%,영업점,1,제한없음,단리,,해당없음,○ 만기후 1개월이내 : 가입당시 약정이율과 만기시점 해당상품 신규약정이율 중 낮은이율 ○ 만기후 1개월이후 : 0.3%,가입한도 없음,,20260810,,202608100814,금융감독원 금융상품한눈에 Open API,2026-08-10T14:19:08
030300,저축은행,202607,0010534,스마트저축은행,WR0001A,정기예금,6,S,단리,3.00%,2.54%,"127,000",3.00%,영업점,1,제한없음,단리,,해당없음,○ 만기후 1개월이내 : 가입당시 약정이율과 만기시점 해당상품 신규약정이율 중 낮은이율 ○ 만기후 1개월이후 : 0.3%,가입한도 없음,,20260810,,202608100814,금융감독원 금융상품한눈에 Open API,2026-08-10T14:19:08
030300,저축은행,202607,0010534,스마트저축은행,WR0001A,정기예금,12,S,단리,4.00%,3.38%,"338,000",4.00%,영업점,1,제한없음,단리,,해당없음,○ 만기후 1개월이내 : 가입당시 약정이율과 만기시점 해당상품 신규약정이율 중 낮은이율 ○ 만기후 1개월이후 : 0.3%,가입한도 없음,,20260810,,202608100814,금융감독원 금융상품한눈에 Open API,2026-08-10T14:19:08
030300,저축은행,202607,0010534,스마트저축은행,WR0001A,정기예금,24,S,단리,3.90%,3.30%,"660,000",3.90%,영업점,1,제한없음,단리,,해당없음,○ 만기후 1개월이내 : 가입당시 약정이율과 만기시점 해당상품 신규약정이율 중 낮은이율 ○ 만기후 1개월이후 : 0.3%,가입한도 없음,,20260810,,202608100814,금융감독원 금융상품한눈에 Open API,2026-08-10T14:19:08
030300,저축은행,202607,0010534,스마트저축은행,WR0001A,정기예금,36,S,단리,3.70%,3.13%,"939,000",3.70%,영업점,1,제한없음,단리,,해당없음,○ 만기후 1개월이내 : 가입당시 약정이율과 만기시점 해당상품 신규약정이율 중 낮은이율 ○ 만기후 1개월이후 : 0.3%,가입한도 없음,,20260810,,202608100814,금융감독원 금융상품한눈에 Open API,2026-08-10T14:19:08
030300,저축은행,202607,0010534,스마트저축은행,WR0001A,정기예금,1,M,복리,1.20%,1.02%,"8,460",1.20%,영업점,1,제한없음,복리,,해당없음,○ 만기후 1개월이내 : 가입당시 약정이율과 만기시점 해당상품 신규약정이율 중 낮은이율 ○ 만기후 1개월이후 : 0.3%,가입한도 없음,,20260810,,202608100814,금융감독원 금융상품한눈에 Open API,2026-08-10T14:19:08
030300,저축은행,202607,0010534,스마트저축은행,WR0001A,정기예금,3,M,복리,1.50%,1.27%,"31,765",1.50%,영업점,1,제한없음,복리,,해당없음,○ 만기후 1개월이내 : 가입당시 약정이율과 만기시점 해당상품 신규약정이율 중 낮은이율 ○ 만기후 1개월이후 : 0.3%,가입한도 없음,,20260810,,202608100814,금융감독원 금융상품한눈에 Open API,2026-08-10T14:19:08
030300,저축은행,202607,0010534,스마트저축은행,WR0001A,정기예금,6,M,복리,3.00%,2.54%,"127,696",3.00%,영업점,1,제한없음,복리,,해당없음,○ 만기후 1개월이내 : 가입당시 약정이율과 만기시점 해당상품 신규약정이율 중 낮은이율 ○ 만기후 1개월이후 : 0.3%,가입한도 없음,,20260810,,202608100814,금융감독원 금융상품한눈에 Open API,2026-08-10T14:19:08
030300,저축은행,202607,0010534,스마트저축은행,WR0001A,정기예금,12,M,복리,4.00%,3.38%,"344,673",4.00%,영업점,1,제한없음,복리,,해당없음,○ 만기후 1개월이내 : 가입당시 약정이율과 만기시점 해당상품 신규약정이율 중 낮은이율 ○ 만기후 1개월이후 : 0.3%,가입한도 없음,,20260810,,202608100814,금융감독원 금융상품한눈에 Open API,2026-08-10T14:19:08
030300,저축은행,202607,0010534,스마트저축은행,WR0001A,정기예금,24,M,복리,3.90%,3.30%,"685,141",3.90%,영업점,1,제한없음,복리,,해당없음,○ 만기후 1개월이내 : 가입당시 약정이율과 만기시점 해당상품 신규약정이율 중 낮은이율 ○ 만기후 1개월이후 : 0.3%,가입한도 없음,,20260810,,202608100814,금융감독원 금융상품한눈에 Open API,2026-08-10T14:19:08
030300,저축은행,202607,0010534,스마트저축은행,WR0001A,정기예금,36,M,복리,3.70%,3.13%,"991,547",3.70%,영업점,1,제한없음,복리,,해당없음,○ 만기후 1개월이내 : 가입당시 약정이율과 만기시점 해당상품 신규약정이율 중 낮은이율 ○ 만기후 1개월이후 : 0.3%,가입한도 없음,,20260810,,202608100814,금융감독원 금융상품한눈에 Open API,2026-08-10T14:19:08
030300,저축은행,202607,0010534,스마트저축은행,WR0001J,e-정기예금,1,S,단리,1.20%,1.02%,"8,000",1.20%,"인터넷,스마트폰",1,제한없음,단리,,해당없음,○ 만기후 1개월이내 : 가입당시 약정이율과 만기시점 해당상품 신규약정이율 중 낮은이율 ○ 만기후 1개월이후 : 0.3%,"가입채널 제한(인터넷, 스마트폰 전용) / 본 상품은 한도금액 초과 시 조기에 소진될 수 있습니다.",,20260810,,202608100814,금융감독원 금융상품한눈에 Open API,2026-08-10T14:19:08
030300,저축은행,202607,0010534,스마트저축은행,WR0001J,e-정기예금,3,S,단리,1.50%,1.27%,"32,000",1.50%,"인터넷,스마트폰",1,제한없음,단리,,해당없음,○ 만기후 1개월이내 : 가입당시 약정이율과 만기시점 해당상품 신규약정이율 중 낮은이율 ○ 만기후 1개월이후 : 0.3%,"가입채널 제한(인터넷, 스마트폰 전용) / 본 상품은 한도금액 초과 시 조기에 소진될 수 있습니다.",,20260810,,202608100814,금융감독원 금융상품한눈에 Open API,2026-08-10T14:19:08
030300,저축은행,202607,0010534,스마트저축은행,WR0001J,e-정기예금,6,S,단리,3.00%,2.54%,"127,000",3.00%,"인터넷,스마트폰",1,제한없음,단리,,해당없음,○ 만기후 1개월이내 : 가입당시 약정이율과 만기시점 해당상품 신규약정이율 중 낮은이율 ○ 만기후 1개월이후 : 0.3%,"가입채널 제한(인터넷, 스마트폰 전용) / 본 상품은 한도금액 초과 시 조기에 소진될 수 있습니다.",,20260810,,202608100814,금융감독원 금융상품한눈에 Open API,2026-08-10T14:19:08
030300,저축은행,202607,0010534,스마트저축은행,WR0001J,e-정기예금,12,S,단리,3.98%,3.37%,"337,000",3.98%,"인터넷,스마트폰",1,제한없음,단리,,해당없음,○ 만기후 1개월이내 : 가입당시 약정이율과 만기시점 해당상품 신규약정이율 중 낮은이율 ○ 만기후 1개월이후 : 0.3%,"가입채널 제한(인터넷, 스마트폰 전용) / 본 상품은 한도금액 초과 시 조기에 소진될 수 있습니다.",,20260810,,202608100814,금융감독원 금융상품한눈에 Open API,2026-08-10T14:19:08
030300,저축은행,202607,0010534,스마트저축은행,WR0001J,e-정기예금,24,S,단리,3.90%,3.30%,"660,000",3.90%,"인터넷,스마트폰",1,제한없음,단리,,해당없음,○ 만기후 1개월이내 : 가입당시 약정이율과 만기시점 해당상품 신규약정이율 중 낮은이율 ○ 만기후 1개월이후 : 0.3%,"가입채널 제한(인터넷, 스마트폰 전용) / 본 상품은 한도금액 초과 시 조기에 소진될 수 있습니다.",,20260810,,202608100814,금융감독원 금융상품한눈에 Open API,2026-08-10T14:19:08
030300,저축은행,202607,0010534,스마트저축은행,WR0001J,e-정기예금,36,S,단리,3.70%,3.13%,"939,000",3.70%,"인터넷,스마트폰",1,제한없음,단리,,해당없음,○ 만기후 1개월이내 : 가입당시 약정이율과 만기시점 해당상품 신규약정이율 중 낮은이율 ○ 만기후 1개월이후 : 0.3%,"가입채널 제한(인터넷, 스마트폰 전용) / 본 상품은 한도금액 초과 시 조기에 소진될 수 있습니다.",,20260810,,202608100814,금융감독원 금융상품한눈에 Open API,2026-08-10T14:19:08
030300,저축은행,202607,0010534,스마트저축은행,WR0001J,e-정기예금,1,M,복리,1.20%,1.02%,"8,460",1.20%,"인터넷,스마트폰",1,제한없음,복리,,해당없음,○ 만기후 1개월이내 : 가입당시 약정이율과 만기시점 해당상품 신규약정이율 중 낮은이율 ○ 만기후 1개월이후 : 0.3%,"가입채널 제한(인터넷, 스마트폰 전용) / 본 상품은 한도금액 초과 시 조기에 소진될 수 있습니다.",,20260810,,202608100814,금융감독원 금융상품한눈에 Open API,2026-08-10T14:19:08
030300,저축은행,202607,0010534,스마트저축은행,WR0001J,e-정기예금,3,M,복리,1.50%,1.27%,"31,765",1.50%,"인터넷,스마트폰",1,제한없음,복리,,해당없음,○ 만기후 1개월이내 : 가입당시 약정이율과 만기시점 해당상품 신규약정이율 중 낮은이율 ○ 만기후 1개월이후 : 0.3%,"가입채널 제한(인터넷, 스마트폰 전용) / 본 상품은 한도금액 초과 시 조기에 소진될 수 있습니다.",,20260810,,202608100814,금융감독원 금융상품한눈에 Open API,2026-08-10T14:19:08
030300,저축은행,202607,0010534,스마트저축은행,WR0001J,e-정기예금,6,M,복리,3.00%,2.54%,"127,696",3.00%,"인터넷,스마트폰",1,제한없음,복리,,해당없음,○ 만기후 1개월이내 : 가입당시 약정이율과 만기시점 해당상품 신규약정이율 중 낮은이율 ○ 만기후 1개월이후 : 0.3%,"가입채널 제한(인터넷, 스마트폰 전용) / 본 상품은 한도금액 초과 시 조기에 소진될 수 있습니다.",,20260810,,202608100814,금융감독원 금융상품한눈에 Open API,2026-08-10T14:19:08
030300,저축은행,202607,0010534,스마트저축은행,WR0001J,e-정기예금,12,M,복리,3.98%,3.37%,"342,919",3.98%,"인터넷,스마트폰",1,제한없음,복리,,해당없음,○ 만기후 1개월이내 : 가입당시 약정이율과 만기시점 해당상품 신규약정이율 중 낮은이율 ○ 만기후 1개월이후 : 0.3%,"가입채널 제한(인터넷, 스마트폰 전용) / 본 상품은 한도금액 초과 시 조기에 소진될 수 있습니다.",,20260810,,202608100814,금융감독원 금융상품한눈에 Open API,2026-08-10T14:19:08
030300,저축은행,202607,0010534,스마트저축은행,WR0001J,e-정기예금,24,M,복리,3.90%,3.30%,"685,141",3.90%,"인터넷,스마트폰",1,제한없음,복리,,해당없음,○ 만기후 1개월이내 : 가입당시 약정이율과 만기시점 해당상품 신규약정이율 중 낮은이율 ○ 만기후 1개월이후 : 0.3%,"가입채널 제한(인터넷, 스마트폰 전용) / 본 상품은 한도금액 초과 시 조기에 소진될 수 있습니다.",,20260810,,202608100814,금융감독원 금융상품한눈에 Open API,2026-08-10T14:19:08
030300,저축은행,202607,0010534,스마트저축은행,WR0001J,e-정기예금,36,M,복리,3.70%,3.13%,"991,547",3.70%,"인터넷,스마트폰",1,제한없음,복리,,해당없음,○ 만기후 1개월이내 : 가입당시 약정이율과 만기시점 해당상품 신규약정이율 중 낮은이율 ○ 만기후 1개월이후 : 0.3%,"가입채널 제한(인터넷, 스마트폰 전용) / 본 상품은 한도금액 초과 시 조기에 소진될 수 있습니다.",,20260810,,202608100814,금융감독원 금융상품한눈에 Open API,2026-08-10T14:19:08
030300,저축은행,202607,0010534,스마트저축은행,WR0001M,e-로운 정기예금,1,S,단리,1.20%,1.02%,"8,000",1.20%,스마트폰,1,제한없음,단리,,해당없음,○ 만기후 1개월이내 : 가입당시 약정이율과 만기시점 해당상품 신규약정이율 중 낮은이율 ○ 만기후 1개월이후 : 0.3%,가입채널 제한(스마트폰 전용) / 본 상품은 한도금액 초과 시 조기에 소진될 수 있습니다.,,20260810,,202608100814,금융감독원 금융상품한눈에 Open API,2026-08-10T14:19:08
030300,저축은행,202607,0010534,스마트저축은행,WR0001M,e-로운 정기예금,3,S,단리,1.50%,1.27%,"32,000",1.50%,스마트폰,1,제한없음,단리,,해당없음,○ 만기후 1개월이내 : 가입당시 약정이율과 만기시점 해당상품 신규약정이율 중 낮은이율 ○ 만기후 1개월이후 : 0.3%,가입채널 제한(스마트폰 전용) / 본 상품은 한도금액 초과 시 조기에 소진될 수 있습니다.,,20260810,,202608100814,금융감독원 금융상품한눈에 Open API,2026-08-10T14:19:08
030300,저축은행,202607,0010534,스마트저축은행,WR0001M,e-로운 정기예금,6,S,단리,3.00%,2.54%,"127,000",3.00%,스마트폰,1,제한없음,단리,,해당없음,○ 만기후 1개월이내 : 가입당시 약정이율과 만기시점 해당상품 신규약정이율 중 낮은이율 ○ 만기후 1개월이후 : 0.3%,가입채널 제한(스마트폰 전용) / 본 상품은 한도금액 초과 시 조기에 소진될 수 있습니다.,,20260810,,202608100814,금융감독원 금융상품한눈에 Open API,2026-08-10T14:19:08
030300,저축은행,202607,0010534,스마트저축은행,WR0001M,e-로운 정기예금,12,S,단리,3.98%,3.37%,"337,000",3.98%,스마트폰,1,제한없음,단리,,해당없음,○ 만기후 1개월이내 : 가입당시 약정이율과 만기시점 해당상품 신규약정이율 중 낮은이율 ○ 만기후 1개월이후 : 0.3%,가입채널 제한(스마트폰 전용) / 본 상품은 한도금액 초과 시 조기에 소진될 수 있습니다.,,20260810,,202608100814,금융감독원 금융상품한눈에 Open API,2026-08-10T14:19:08
030300,저축은행,202607,0010534,스마트저축은행,WR0001M,e-로운 정기예금,24,S,단리,3.90%,3.30%,"660,000",3.90%,스마트폰,1,제한없음,단리,,해당없음,○ 만기후 1개월이내 : 가입당시 약정이율과 만기시점 해당상품 신규약정이율 중 낮은이율 ○ 만기후 1개월이후 : 0.3%,가입채널 제한(스마트폰 전용) / 본 상품은 한도금액 초과 시 조기에 소진될 수 있습니다.,,20260810,,202608100814,금융감독원 금융상품한눈에 Open API,2026-08-10T14:19:08
030300,저축은행,202607,0010534,스마트저축은행,WR0001M,e-로운 정기예금,36,S,단리,3.70%,3.13%,"939,000",3.70%,스마트폰,1,제한없음,단리,,해당없음,○ 만기후 1개월이내 : 가입당시 약정이율과 만기시점 해당상품 신규약정이율 중 낮은이율 ○ 만기후 1개월이후 : 0.3%,가입채널 제한(스마트폰 전용) / 본 상품은 한도금액 초과 시 조기에 소진될 수 있습니다.,,20260810,,202608100814,금융감독원 금융상품한눈에 Open API,2026-08-10T14:19:08
030300,저축은행,202607,0010534,스마트저축은행,WR0001M,e-로운 정기예금,1,M,복리,1.20%,1.02%,"8,460",1.20%,스마트폰,1,제한없음,복리,,해당없음,○ 만기후 1개월이내 : 가입당시 약정이율과 만기시점 해당상품 신규약정이율 중 낮은이율 ○ 만기후 1개월이후 : 0.3%,가입채널 제한(스마트폰 전용) / 본 상품은 한도금액 초과 시 조기에 소진될 수 있습니다.,,20260810,,202608100814,금융감독원 금융상품한눈에 Open API,2026-08-10T14:19:08
030300,저축은행,202607,0010534,스마트저축은행,WR0001M,e-로운 정기예금,3,M,복리,1.50%,1.27%,"31,765",1.50%,스마트폰,1,제한없음,복리,,해당없음,○ 만기후 1개월이내 : 가입당시 약정이율과 만기시점 해당상품 신규약정이율 중 낮은이율 ○ 만기후 1개월이후 : 0.3%,가입채널 제한(스마트폰 전용) / 본 상품은 한도금액 초과 시 조기에 소진될 수 있습니다.,,20260810,,202608100814,금융감독원 금융상품한눈에 Open API,2026-08-10T14:19:08
030300,저축은행,202607,0010534,스마트저축은행,WR0001M,e-로운 정기예금,6,M,복리,3.00%,2.54%,"127,696",3.00%,스마트폰,1,제한없음,복리,,해당없음,○ 만기후 1개월이내 : 가입당시 약정이율과 만기시점 해당상품 신규약정이율 중 낮은이율 ○ 만기후 1개월이후 : 0.3%,가입채널 제한(스마트폰 전용) / 본 상품은 한도금액 초과 시 조기에 소진될 수 있습니다.,,20260810,,202608100814,금융감독원 금융상품한눈에 Open API,2026-08-10T14:19:08
030300,저축은행,202607,0010534,스마트저축은행,WR0001M,e-로운 정기예금,12,M,복리,3.98%,3.37%,"342,919",3.98%,스마트폰,1,제한없음,복리,,해당없음,○ 만기후 1개월이내 : 가입당시 약정이율과 만기시점 해당상품 신규약정이율 중 낮은이율 ○ 만기후 1개월이후 : 0.3%,가입채널 제한(스마트폰 전용) / 본 상품은 한도금액 초과 시 조기에 소진될 수 있습니다.,,20260810,,202608100814,금융감독원 금융상품한눈에 Open API,2026-08-10T14:19:08
030300,저축은행,202607,0010534,스마트저축은행,WR0001M,e-로운 정기예금,24,M,복리,3.90%,3.30%,"685,141",3.90%,스마트폰,1,제한없음,복리,,해당없음,○ 만기후 1개월이내 : 가입당시 약정이율과 만기시점 해당상품 신규약정이율 중 낮은이율 ○ 만기후 1개월이후 : 0.3%,가입채널 제한(스마트폰 전용) / 본 상품은 한도금액 초과 시 조기에 소진될 수 있습니다.,,20260810,,202608100814,금융감독원 금융상품한눈에 Open API,2026-08-10T14:19:08
030300,저축은행,202607,0010534,스마트저축은행,WR0001M,e-로운 정기예금,36,M,복리,3.70%,3.13%,"991,547",3.70%,스마트폰,1,제한없음,복리,,해당없음,○ 만기후 1개월이내 : 가입당시 약정이율과 만기시점 해당상품 신규약정이율 중 낮은이율 ○ 만기후 1개월이후 : 0.3%,가입채널 제한(스마트폰 전용) / 본 상품은 한도금액 초과 시 조기에 소진될 수 있습니다.,,20260810,,202608100814,금융감독원 금융상품한눈에 Open API,2026-08-10T14:19:08
030300,저축은행,202607,0010537,한국투자저축은행,240001,한투 ACE 정기예금,1,S,단리,1.50%,1.27%,"11,000",1.50%,영업점,1,제한없음,단리,,없음,- 1개월 이하 : 당초 약정이율과 만기시점 해당상품 신규기본이율 중 낮은 이율 - 1개월 초과 : 연 0.2%,가입금액 10만원 이상,,20260803,,202608030806,금융감독원 금융상품한눈에 Open API,2026-08-10T14:19:08
030300,저축은행,202607,0010537,한국투자저축은행,240001,한투 ACE 정기예금,3,S,단리,2.00%,1.69%,"42,000",2.00%,영업점,1,제한없음,단리,,없음,- 1개월 이하 : 당초 약정이율과 만기시점 해당상품 신규기본이율 중 낮은 이율 - 1개월 초과 : 연 0.2%,가입금액 10만원 이상,,20260803,,202608030806,금융감독원 금융상품한눈에 Open API,2026-08-10T14:19:08
030300,저축은행,202607,0010537,한국투자저축은행,240001,한투 ACE 정기예금,6,S,단리,2.30%,1.95%,"97,000",2.30%,영업점,1,제한없음,단리,,없음,- 1개월 이하 : 당초 약정이율과 만기시점 해당상품 신규기본이율 중 낮은 이율 - 1개월 초과 : 연 0.2%,가입금액 10만원 이상,,20260803,,202608030806,금융감독원 금융상품한눈에 Open API,2026-08-10T14:19:08
030300,저축은행,202607,0010537,한국투자저축은행,240001,한투 ACE 정기예금,12,S,단리,3.65%,3.09%,"309,000",3.65%,영업점,1,제한없음,단리,,없음,- 1개월 이하 : 당초 약정이율과 만기시점 해당상품 신규기본이율 중 낮은 이율 - 1개월 초과 : 연 0.2%,가입금액 10만원 이상,,20260803,,202608030806,금융감독원 금융상품한눈에 Open API,2026-08-10T14:19:08
030300,저축은행,202607,0010537,한국투자저축은행,240001,한투 ACE 정기예금,24,S,단리,2.00%,1.69%,"338,000",2.00%,영업점,1,제한없음,단리,,없음,- 1개월 이하 : 당초 약정이율과 만기시점 해당상품 신규기본이율 중 낮은 이율 - 1개월 초과 : 연 0.2%,가입금액 10만원 이상,,20260803,,202608030806,금융감독원 금융상품한눈에 Open API,2026-08-10T14:19:08
030300,저축은행,202607,0010537,한국투자저축은행,240001,한투 ACE 정기예금,36,S,단리,2.00%,1.69%,"508,000",2.00%,영업점,1,제한없음,단리,,없음,- 1개월 이하 : 당초 약정이율과 만기시점 해당상품 신규기본이율 중 낮은 이율 - 1개월 초과 : 연 0.2%,가입금액 10만원 이상,,20260803,,202608030806,금융감독원 금융상품한눈에 Open API,2026-08-10T14:19:08
030300,저축은행,202607,0010537,한국투자저축은행,240001,한투 ACE 정기예금,1,M,복리,1.50%,1.27%,"10,575",1.50%,영업점,1,제한없음,복리,,없음,- 1개월 이하 : 당초 약정이율과 만기시점 해당상품 신규기본이율 중 낮은 이율 - 1개월 초과 : 연 0.2%,가입금액 10만원 이상,,20260803,,202608030806,금융감독원 금융상품한눈에 Open API,2026-08-10T14:19:08
030300,저축은행,202607,0010537,한국투자저축은행,240001,한투 ACE 정기예금,3,M,복리,2.00%,1.69%,"42,371",2.00%,영업점,1,제한없음,복리,,없음,- 1개월 이하 : 당초 약정이율과 만기시점 해당상품 신규기본이율 중 낮은 이율 - 1개월 초과 : 연 0.2%,가입금액 10만원 이상,,20260803,,202608030806,금융감독원 금융상품한눈에 Open API,2026-08-10T14:19:08
030300,저축은행,202607,0010537,한국투자저축은행,240001,한투 ACE 정기예금,6,M,복리,2.30%,1.95%,"97,757",2.30%,영업점,1,제한없음,복리,,없음,- 1개월 이하 : 당초 약정이율과 만기시점 해당상품 신규기본이율 중 낮은 이율 - 1개월 초과 : 연 0.2%,가입금액 10만원 이상,,20260803,,202608030806,금융감독원 금융상품한눈에 Open API,2026-08-10T14:19:08
030300,저축은행,202607,0010537,한국투자저축은행,240001,한투 ACE 정기예금,12,M,복리,3.65%,3.09%,"314,009",3.65%,영업점,1,제한없음,복리,,없음,- 1개월 이하 : 당초 약정이율과 만기시점 해당상품 신규기본이율 중 낮은 이율 - 1개월 초과 : 연 0.2%,가입금액 10만원 이상,,20260803,,202608030806,금융감독원 금융상품한눈에 Open API,2026-08-10T14:19:08
030300,저축은행,202607,0010537,한국투자저축은행,240001,한투 ACE 정기예금,24,M,복리,2.00%,1.69%,"344,966",2.00%,영업점,1,제한없음,복리,,없음,- 1개월 이하 : 당초 약정이율과 만기시점 해당상품 신규기본이율 중 낮은 이율 - 1개월 초과 : 연 0.2%,가입금액 10만원 이상,,20260803,,202608030806,금융감독원 금융상품한눈에 Open API,2026-08-10T14:19:08
030300,저축은행,202607,0010537,한국투자저축은행,240001,한투 ACE 정기예금,36,M,복리,2.00%,1.69%,"522,689",2.00%,영업점,1,제한없음,복리,,없음,- 1개월 이하 : 당초 약정이율과 만기시점 해당상품 신규기본이율 중 낮은 이율 - 1개월 초과 : 연 0.2%,가입금액 10만원 이상,,20260803,,202608030806,금융감독원 금융상품한눈에 Open API,2026-08-10T14:19:08
030300,저축은행,202607,0010537,한국투자저축은행,240036,한투 ACE e-정기예금,1,S,단리,1.50%,1.27%,"11,000",1.50%,"인터넷,스마트폰",1,제한없음,단리,,없음,- 1개월 이하 : 당초 약정이율과 만기시점 해당상품 신규기본이율 중 낮은 이율 - 1개월 초과 : 연 0.2%,가입금액 10만원 이상,,20260803,,202608030806,금융감독원 금융상품한눈에 Open API,2026-08-10T14:19:08
030300,저축은행,202607,0010537,한국투자저축은행,240036,한투 ACE e-정기예금,3,S,단리,2.00%,1.69%,"42,000",2.00%,"인터넷,스마트폰",1,제한없음,단리,,없음,- 1개월 이하 : 당초 약정이율과 만기시점 해당상품 신규기본이율 중 낮은 이율 - 1개월 초과 : 연 0.2%,가입금액 10만원 이상,,20260803,,202608030806,금융감독원 금융상품한눈에 Open API,2026-08-10T14:19:08
030300,저축은행,202607,0010537,한국투자저축은행,240036,한투 ACE e-정기예금,6,S,단리,2.30%,1.95%,"97,000",2.30%,"인터넷,스마트폰",1,제한없음,단리,,없음,- 1개월 이하 : 당초 약정이율과 만기시점 해당상품 신규기본이율 중 낮은 이율 - 1개월 초과 : 연 0.2%,가입금액 10만원 이상,,20260803,,202608030806,금융감독원 금융상품한눈에 Open API,2026-08-10T14:19:08
030300,저축은행,202607,0010537,한국투자저축은행,240036,한투 ACE e-정기예금,12,S,단리,3.65%,3.09%,"309,000",3.65%,"인터넷,스마트폰",1,제한없음,단리,,없음,- 1개월 이하 : 당초 약정이율과 만기시점 해당상품 신규기본이율 중 낮은 이율 - 1개월 초과 : 연 0.2%,가입금액 10만원 이상,,20260803,,202608030806,금융감독원 금융상품한눈에 Open API,2026-08-10T14:19:08
030300,저축은행,202607,0010537,한국투자저축은행,240036,한투 ACE e-정기예금,24,S,단리,2.00%,1.69%,"338,000",2.00%,"인터넷,스마트폰",1,제한없음,단리,,없음,- 1개월 이하 : 당초 약정이율과 만기시점 해당상품 신규기본이율 중 낮은 이율 - 1개월 초과 : 연 0.2%,가입금액 10만원 이상,,20260803,,202608030806,금융감독원 금융상품한눈에 Open API,2026-08-10T14:19:08
030300,저축은행,202607,0010537,한국투자저축은행,240036,한투 ACE e-정기예금,36,S,단리,2.00%,1.69%,"508,000",2.00%,"인터넷,스마트폰",1,제한없음,단리,,없음,- 1개월 이하 : 당초 약정이율과 만기시점 해당상품 신규기본이율 중 낮은 이율 - 1개월 초과 : 연 0.2%,가입금액 10만원 이상,,20260803,,202608030806,금융감독원 금융상품한눈에 Open API,2026-08-10T14:19:08
030300,저축은행,202607,0010537,한국투자저축은행,240036,한투 ACE e-정기예금,1,M,복리,1.50%,1.27%,"10,575",1.50%,"인터넷,스마트폰",1,제한없음,복리,,없음,- 1개월 이하 : 당초 약정이율과 만기시점 해당상품 신규기본이율 중 낮은 이율 - 1개월 초과 : 연 0.2%,가입금액 10만원 이상,,20260803,,202608030806,금융감독원 금융상품한눈에 Open API,2026-08-10T14:19:08
030300,저축은행,202607,0010537,한국투자저축은행,240036,한투 ACE e-정기예금,3,M,복리,2.00%,1.69%,"42,371",2.00%,"인터넷,스마트폰",1,제한없음,복리,,없음,- 1개월 이하 : 당초 약정이율과 만기시점 해당상품 신규기본이율 중 낮은 이율 - 1개월 초과 : 연 0.2%,가입금액 10만원 이상,,20260803,,202608030806,금융감독원 금융상품한눈에 Open API,2026-08-10T14:19:08
030300,저축은행,202607,0010537,한국투자저축은행,240036,한투 ACE e-정기예금,6,M,복리,2.30%,1.95%,"97,757",2.30%,"인터넷,스마트폰",1,제한없음,복리,,없음,- 1개월 이하 : 당초 약정이율과 만기시점 해당상품 신규기본이율 중 낮은 이율 - 1개월 초과 : 연 0.2%,가입금액 10만원 이상,,20260803,,202608030806,금융감독원 금융상품한눈에 Open API,2026-08-10T14:19:08
030300,저축은행,202607,0010537,한국투자저축은행,240036,한투 ACE e-정기예금,12,M,복리,3.65%,3.09%,"314,009",3.65%,"인터넷,스마트폰",1,제한없음,복리,,없음,- 1개월 이하 : 당초 약정이율과 만기시점 해당상품 신규기본이율 중 낮은 이율 - 1개월 초과 : 연 0.2%,가입금액 10만원 이상,,20260803,,202608030806,금융감독원 금융상품한눈에 Open API,2026-08-10T14:19:08
030300,저축은행,202607,0010537,한국투자저축은행,240036,한투 ACE e-정기예금,24,M,복리,2.00%,1.69%,"344,966",2.00%,"인터넷,스마트폰",1,제한없음,복리,,없음,- 1개월 이하 : 당초 약정이율과 만기시점 해당상품 신규기본이율 중 낮은 이율 - 1개월 초과 : 연 0.2%,가입금액 10만원 이상,,20260803,,202608030806,금융감독원 금융상품한눈에 Open API,2026-08-10T14:19:08
030300,저축은행,202607,0010537,한국투자저축은행,240036,한투 ACE e-정기예금,36,M,복리,2.00%,1.69%,"522,689",2.00%,"인터넷,스마트폰",1,제한없음,복리,,없음,- 1개월 이하 : 당초 약정이율과 만기시점 해당상품 신규기본이율 중 낮은 이율 - 1개월 초과 : 연 0.2%,가입금액 10만원 이상,,20260803,,202608030806,금융감독원 금융상품한눈에 Open API,2026-08-10T14:19:08
030300,저축은행,202607,0010537,한국투자저축은행,240081,한투 ACE m-정기예금,1,S,단리,1.50%,1.27%,"11,000",1.50%,스마트폰,1,"제한없음 (만19세 이상, 실명의 내국인(개인))",단리,,없음,- 1개월 이하 : 당초 약정이율과 만기시점 해당상품 신규기본이율 중 낮은 이율 - 1개월 초과 : 연 0.2%,가입금액 10만원 이상,,20260803,,202608030806,금융감독원 금융상품한눈에 Open API,2026-08-10T14:19:08
030300,저축은행,202607,0010537,한국투자저축은행,240081,한투 ACE m-정기예금,3,S,단리,2.00%,1.69%,"42,000",2.00%,스마트폰,1,"제한없음 (만19세 이상, 실명의 내국인(개인))",단리,,없음,- 1개월 이하 : 당초 약정이율과 만기시점 해당상품 신규기본이율 중 낮은 이율 - 1개월 초과 : 연 0.2%,가입금액 10만원 이상,,20260803,,202608030806,금융감독원 금융상품한눈에 Open API,2026-08-10T14:19:08
030300,저축은행,202607,0010537,한국투자저축은행,240081,한투 ACE m-정기예금,6,S,단리,2.30%,1.95%,"97,000",2.30%,스마트폰,1,"제한없음 (만19세 이상, 실명의 내국인(개인))",단리,,없음,- 1개월 이하 : 당초 약정이율과 만기시점 해당상품 신규기본이율 중 낮은 이율 - 1개월 초과 : 연 0.2%,가입금액 10만원 이상,,20260803,,202608030806,금융감독원 금융상품한눈에 Open API,2026-08-10T14:19:08
030300,저축은행,202607,0010537,한국투자저축은행,240081,한투 ACE m-정기예금,12,S,단리,3.65%,3.09%,"309,000",3.65%,스마트폰,1,"제한없음 (만19세 이상, 실명의 내국인(개인))",단리,,없음,- 1개월 이하 : 당초 약정이율과 만기시점 해당상품 신규기본이율 중 낮은 이율 - 1개월 초과 : 연 0.2%,가입금액 10만원 이상,,20260803,,202608030806,금융감독원 금융상품한눈에 Open API,2026-08-10T14:19:08
030300,저축은행,202607,0010537,한국투자저축은행,240081,한투 ACE m-정기예금,24,S,단리,2.00%,1.69%,"338,000",2.00%,스마트폰,1,"제한없음 (만19세 이상, 실명의 내국인(개인))",단리,,없음,- 1개월 이하 : 당초 약정이율과 만기시점 해당상품 신규기본이율 중 낮은 이율 - 1개월 초과 : 연 0.2%,가입금액 10만원 이상,,20260803,,202608030806,금융감독원 금융상품한눈에 Open API,2026-08-10T14:19:08
030300,저축은행,202607,0010537,한국투자저축은행,240081,한투 ACE m-정기예금,36,S,단리,2.00%,1.69%,"508,000",2.00%,스마트폰,1,"제한없음 (만19세 이상, 실명의 내국인(개인))",단리,,없음,- 1개월 이하 : 당초 약정이율과 만기시점 해당상품 신규기본이율 중 낮은 이율 - 1개월 초과 : 연 0.2%,가입금액 10만원 이상,,20260803,,202608030806,금융감독원 금융상품한눈에 Open API,2026-08-10T14:19:08
030300,저축은행,202607,0010537,한국투자저축은행,240081,한투 ACE m-정기예금,1,M,복리,1.50%,1.27%,"10,575",1.50%,스마트폰,1,"제한없음 (만19세 이상, 실명의 내국인(개인))",복리,,없음,- 1개월 이하 : 당초 약정이율과 만기시점 해당상품 신규기본이율 중 낮은 이율 - 1개월 초과 : 연 0.2%,가입금액 10만원 이상,,20260803,,202608030806,금융감독원 금융상품한눈에 Open API,2026-08-10T14:19:08
030300,저축은행,202607,0010537,한국투자저축은행,240081,한투 ACE m-정기예금,3,M,복리,2.00%,1.69%,"42,371",2.00%,스마트폰,1,"제한없음 (만19세 이상, 실명의 내국인(개인))",복리,,없음,- 1개월 이하 : 당초 약정이율과 만기시점 해당상품 신규기본이율 중 낮은 이율 - 1개월 초과 : 연 0.2%,가입금액 10만원 이상,,20260803,,202608030806,금융감독원 금융상품한눈에 Open API,2026-08-10T14:19:08
030300,저축은행,202607,0010537,한국투자저축은행,240081,한투 ACE m-정기예금,6,M,복리,2.30%,1.95%,"97,757",2.30%,스마트폰,1,"제한없음 (만19세 이상, 실명의 내국인(개인))",복리,,없음,- 1개월 이하 : 당초 약정이율과 만기시점 해당상품 신규기본이율 중 낮은 이율 - 1개월 초과 : 연 0.2%,가입금액 10만원 이상,,20260803,,202608030806,금융감독원 금융상품한눈에 Open API,2026-08-10T14:19:08
030300,저축은행,202607,0010537,한국투자저축은행,240081,한투 ACE m-정기예금,12,M,복리,3.65%,3.09%,"314,009",3.65%,스마트폰,1,"제한없음 (만19세 이상, 실명의 내국인(개인))",복리,,없음,- 1개월 이하 : 당초 약정이율과 만기시점 해당상품 신규기본이율 중 낮은 이율 - 1개월 초과 : 연 0.2%,가입금액 10만원 이상,,20260803,,202608030806,금융감독원 금융상품한눈에 Open API,2026-08-10T14:19:08
030300,저축은행,202607,0010537,한국투자저축은행,240081,한투 ACE m-정기예금,24,M,복리,2.00%,1.69%,"344,966",2.00%,스마트폰,1,"제한없음 (만19세 이상, 실명의 내국인(개인))",복리,,없음,- 1개월 이하 : 당초 약정이율과 만기시점 해당상품 신규기본이율 중 낮은 이율 - 1개월 초과 : 연 0.2%,가입금액 10만원 이상,,20260803,,202608030806,금융감독원 금융상품한눈에 Open API,2026-08-10T14:19:08
030300,저축은행,202607,0010537,한국투자저축은행,240081,한투 ACE m-정기예금,36,M,복리,2.00%,1.69%,"522,689",2.00%,스마트폰,1,"제한없음 (만19세 이상, 실명의 내국인(개인))",복리,,없음,- 1개월 이하 : 당초 약정이율과 만기시점 해당상품 신규기본이율 중 낮은 이율 - 1개월 초과 : 연 0.2%,가입금액 10만원 이상,,20260803,,202608030806,금융감독원 금융상품한눈에 Open API,2026-08-10T14:19:08
030300,저축은행,202607,0010537,한국투자저축은행,240194,한투 ACE 회전정기예금 (1년 단위 변동금리상품),12,S,단리,3.65%,3.09%,"309,000",3.65%,영업점,1,제한없음,단리,,없음,- 1개월 이하 : 당초 약정이율과 만기시점 해당상품 신규기본이율 중 낮은 이율 - 1개월 초과 : 연 0.2%,"가입금액 10만원 이상, 12개월 단위 회전식 정기예금 (36개월 만기 정기예금으로 가입 후 매 12개월 마다 해당시점 금리로 자동연장되는 변동금리 상품)",,20260803,,202608030806,금융감독원 금융상품한눈에 Open API,2026-08-10T14:19:08
030300,저축은행,202607,0010537,한국투자저축은행,240194,한투 ACE 회전정기예금 (1년 단위 변동금리상품),12,M,복리,3.65%,3.09%,"314,009",3.65%,영업점,1,제한없음,복리,,없음,- 1개월 이하 : 당초 약정이율과 만기시점 해당상품 신규기본이율 중 낮은 이율 - 1개월 초과 : 연 0.2%,"가입금액 10만원 이상, 12개월 단위 회전식 정기예금 (36개월 만기 정기예금으로 가입 후 매 12개월 마다 해당시점 금리로 자동연장되는 변동금리 상품)",,20260803,,202608030806,금융감독원 금융상품한눈에 Open API,2026-08-10T14:19:08
030300,저축은행,202607,0010537,한국투자저축은행,240196,한투 ACE e-회전정기예금 (1년 단위 변동금리상품),12,S,단리,3.65%,3.09%,"309,000",3.65%,"인터넷,스마트폰",1,제한없음,단리,,없음,- 1개월 이하 : 당초 약정이율과 만기시점 해당상품 신규기본이율 중 낮은 이율 - 1개월 초과 : 연 0.2%,"가입금액 10만원 이상, 12개월 단위 회전식 정기예금 (36개월 만기 정기예금으로 가입 후 매 12개월 마다 해당시점 금리로 자동연장되는 변동금리 상품)",,20260803,,202608030806,금융감독원 금융상품한눈에 Open API,2026-08-10T14:19:08
030300,저축은행,202607,0010537,한국투자저축은행,240196,한투 ACE e-회전정기예금 (1년 단위 변동금리상품),12,M,복리,3.65%,3.09%,"314,009",3.65%,"인터넷,스마트폰",1,제한없음,복리,,없음,- 1개월 이하 : 당초 약정이율과 만기시점 해당상품 신규기본이율 중 낮은 이율 - 1개월 초과 : 연 0.2%,"가입금액 10만원 이상, 12개월 단위 회전식 정기예금 (36개월 만기 정기예금으로 가입 후 매 12개월 마다 해당시점 금리로 자동연장되는 변동금리 상품)",,20260803,,202608030806,금융감독원 금융상품한눈에 Open API,2026-08-10T14:19:08
030300,저축은행,202607,0010537,한국투자저축은행,240198,한투 ACE m-회전정기예금 (1년 단위 변동금리상품),12,S,단리,3.65%,3.09%,"309,000",3.65%,스마트폰,1,"제한없음 (만19세 이상, 실명의 내국인(개인))",단리,,없음,- 1개월 이하 : 당초 약정이율과 만기시점 해당상품 신규기본이율 중 낮은 이율 - 1개월 초과 : 연 0.2%,"가입금액 10만원 이상, 12개월 단위 회전식 정기예금 (36개월 만기 정기예금으로 가입 후 매 12개월 마다 해당시점 금리로 자동연장되는 변동금리 상품)",,20260803,,202608030806,금융감독원 금융상품한눈에 Open API,2026-08-10T14:19:08
030300,저축은행,202607,0010537,한국투자저축은행,240198,한투 ACE m-회전정기예금 (1년 단위 변동금리상품),12,M,복리,3.65%,3.09%,"314,009",3.65%,스마트폰,1,"제한없음 (만19세 이상, 실명의 내국인(개인))",복리,,없음,- 1개월 이하 : 당초 약정이율과 만기시점 해당상품 신규기본이율 중 낮은 이율 - 1개월 초과 : 연 0.2%,"가입금액 10만원 이상, 12개월 단위 회전식 정기예금 (36개월 만기 정기예금으로 가입 후 매 12개월 마다 해당시점 금리로 자동연장되는 변동금리 상품)",,20260803,,202608030806,금융감독원 금융상품한눈에 Open API,2026-08-10T14:19:08
030300,저축은행,202607,0010537,한국투자저축은행,240202,한투 알아서 중도해지안심정기예금,12,S,단리,3.55%,3.00%,"300,000",3.55%,영업점,1,제한없음,단리,,-예적금담보대출 가산금리 우대(상품약정금리+0.5%)창구 방문하여 해당상품을 담보로 제공한 대출 실행 시에만 해당,- 1개월 이하 : 당초 약정이율과 만기시점 해당상품 신규기본이율 중 낮은 이율 - 1개월 초과 : 연 0.2%,"가입금액 10만원 이상, 영업점방문(인터넷,비대면 처리 불가)",,20260803,,202608030806,금융감독원 금융상품한눈에 Open API,2026-08-10T14:19:08
030300,저축은행,202607,0010537,한국투자저축은행,240202,한투 알아서 중도해지안심정기예금,12,M,복리,3.55%,3.00%,"305,265",3.55%,영업점,1,제한없음,복리,,-예적금담보대출 가산금리 우대(상품약정금리+0.5%)창구 방문하여 해당상품을 담보로 제공한 대출 실행 시에만 해당,- 1개월 이하 : 당초 약정이율과 만기시점 해당상품 신규기본이율 중 낮은 이율 - 1개월 초과 : 연 0.2%,"가입금액 10만원 이상, 영업점방문(인터넷,비대면 처리 불가)",,20260803,,202608030806,금융감독원 금융상품한눈에 Open API,2026-08-10T14:19:08
030300,저축은행,202607,0010537,한국투자저축은행,240299,한투 보이스피싱지킴이회전정기예금(창구전용),12,S,단리,3.00%,2.54%,"254,000",3.00%,영업점,3,"일부제한 (신규 거래 고객(만 12세 이상의 개인, 1인1계좌 한정, 대리인에 의한 가입 불가) 미성년자는 법정대리인에 의해 가입 가능함)",단리,,없음,- 1개월 이하 : 당초 약정이율과 만기시점 해당상품 신규기본이율 중 낮은 이율 - 1개월 초과 : 연 0.2%,"12개월 단위 회전식 정기예금(36개월 만기 정기예금으로 가입 후 매 12개월마다 해당시점 금리로 자동연장되는 변동금리상품)가입금액 1,000만원 이상, 영업점방문(인터넷, 비대면 처리 불가), 자동재예치 불가",,20260720,,202607201300,금융감독원 금융상품한눈에 Open API,2026-08-10T14:19:08
030300,저축은행,202607,0010537,한국투자저축은행,240299,한투 보이스피싱지킴이회전정기예금(창구전용),12,M,복리,3.00%,2.54%,"257,319",3.00%,영업점,3,"일부제한 (신규 거래 고객(만 12세 이상의 개인, 1인1계좌 한정, 대리인에 의한 가입 불가) 미성년자는 법정대리인에 의해 가입 가능함)",복리,,없음,- 1개월 이하 : 당초 약정이율과 만기시점 해당상품 신규기본이율 중 낮은 이율 - 1개월 초과 : 연 0.2%,"12개월 단위 회전식 정기예금(36개월 만기 정기예금으로 가입 후 매 12개월마다 해당시점 금리로 자동연장되는 변동금리상품)가입금액 1,000만원 이상, 영업점방문(인터넷, 비대면 처리 불가), 자동재예치 불가",,20260720,,202607201300,금융감독원 금융상품한눈에 Open API,2026-08-10T14:19:08
030300,저축은행,202607,0010550,라온저축은행,240009,정기예금 비대면,1,S,단리,1.50%,1.27%,"11,000",1.50%,"인터넷,스마트폰",1,제한없음,단리,,없음,- 만기 후 1개월 이하: 약정금리와 만기일 현재 정기예금 금리중 낮은 금리 적용 - 만기 후 1개월 초과: 보통예금 이율,최소금액 10만원이상,10000000000,20260803,,202608030941,금융감독원 금융상품한눈에 Open API,2026-08-10T14:19:08
030300,저축은행,202607,0010550,라온저축은행,240009,정기예금 비대면,3,S,단리,2.30%,1.95%,"49,000",2.30%,"인터넷,스마트폰",1,제한없음,단리,,없음,- 만기 후 1개월 이하: 약정금리와 만기일 현재 정기예금 금리중 낮은 금리 적용 - 만기 후 1개월 초과: 보통예금 이율,최소금액 10만원이상,10000000000,20260803,,202608030941,금융감독원 금융상품한눈에 Open API,2026-08-10T14:19:08
030300,저축은행,202607,0010550,라온저축은행,240009,정기예금 비대면,6,S,단리,2.40%,2.03%,"102,000",2.40%,"인터넷,스마트폰",1,제한없음,단리,,없음,- 만기 후 1개월 이하: 약정금리와 만기일 현재 정기예금 금리중 낮은 금리 적용 - 만기 후 1개월 초과: 보통예금 이율,최소금액 10만원이상,10000000000,20260803,,202608030941,금융감독원 금융상품한눈에 Open API,2026-08-10T14:19:08
030300,저축은행,202607,0010550,라온저축은행,240009,정기예금 비대면,12,S,단리,3.90%,3.30%,"330,000",3.90%,"인터넷,스마트폰",1,제한없음,단리,,없음,- 만기 후 1개월 이하: 약정금리와 만기일 현재 정기예금 금리중 낮은 금리 적용 - 만기 후 1개월 초과: 보통예금 이율,최소금액 10만원이상,10000000000,20260803,,202608030941,금융감독원 금융상품한눈에 Open API,2026-08-10T14:19:08
030300,저축은행,202607,0010550,라온저축은행,240009,정기예금 비대면,24,S,단리,2.40%,2.03%,"406,000",2.40%,"인터넷,스마트폰",1,제한없음,단리,,없음,- 만기 후 1개월 이하: 약정금리와 만기일 현재 정기예금 금리중 낮은 금리 적용 - 만기 후 1개월 초과: 보통예금 이율,최소금액 10만원이상,10000000000,20260803,,202608030941,금융감독원 금융상품한눈에 Open API,2026-08-10T14:19:08
030300,저축은행,202607,0010550,라온저축은행,240009,정기예금 비대면,36,S,단리,2.40%,2.03%,"609,000",2.40%,"인터넷,스마트폰",1,제한없음,단리,,없음,- 만기 후 1개월 이하: 약정금리와 만기일 현재 정기예금 금리중 낮은 금리 적용 - 만기 후 1개월 초과: 보통예금 이율,최소금액 10만원이상,10000000000,20260803,,202608030941,금융감독원 금융상품한눈에 Open API,2026-08-10T14:19:08
030300,저축은행,202607,0010550,라온저축은행,240009,정기예금 비대면,1,M,복리,1.50%,1.27%,"10,575",1.50%,"인터넷,스마트폰",1,제한없음,복리,,없음,- 만기 후 1개월 이하: 약정금리와 만기일 현재 정기예금 금리중 낮은 금리 적용 - 만기 후 1개월 초과: 보통예금 이율,최소금액 10만원이상,10000000000,20260803,,202608030941,금융감독원 금융상품한눈에 Open API,2026-08-10T14:19:08
030300,저축은행,202607,0010550,라온저축은행,240009,정기예금 비대면,3,M,복리,2.30%,1.95%,"48,738",2.30%,"인터넷,스마트폰",1,제한없음,복리,,없음,- 만기 후 1개월 이하: 약정금리와 만기일 현재 정기예금 금리중 낮은 금리 적용 - 만기 후 1개월 초과: 보통예금 이율,최소금액 10만원이상,10000000000,20260803,,202608030941,금융감독원 금융상품한눈에 Open API,2026-08-10T14:19:08
030300,저축은행,202607,0010550,라온저축은행,240009,정기예금 비대면,6,M,복리,2.40%,2.03%,"102,029",2.40%,"인터넷,스마트폰",1,제한없음,복리,,없음,- 만기 후 1개월 이하: 약정금리와 만기일 현재 정기예금 금리중 낮은 금리 적용 - 만기 후 1개월 초과: 보통예금 이율,최소금액 10만원이상,10000000000,20260803,,202608030941,금융감독원 금융상품한눈에 Open API,2026-08-10T14:19:08
030300,저축은행,202607,0010550,라온저축은행,240009,정기예금 비대면,12,M,복리,3.90%,3.30%,"335,902",3.90%,"인터넷,스마트폰",1,제한없음,복리,,없음,- 만기 후 1개월 이하: 약정금리와 만기일 현재 정기예금 금리중 낮은 금리 적용 - 만기 후 1개월 초과: 보통예금 이율,최소금액 10만원이상,10000000000,20260803,,202608030941,금융감독원 금융상품한눈에 Open API,2026-08-10T14:19:08
030300,저축은행,202607,0010550,라온저축은행,240009,정기예금 비대면,24,M,복리,2.40%,2.03%,"415,558",2.40%,"인터넷,스마트폰",1,제한없음,복리,,없음,- 만기 후 1개월 이하: 약정금리와 만기일 현재 정기예금 금리중 낮은 금리 적용 - 만기 후 1개월 초과: 보통예금 이율,최소금액 10만원이상,10000000000,20260803,,202608030941,금융감독원 금융상품한눈에 Open API,2026-08-10T14:19:08
030300,저축은행,202607,0010550,라온저축은행,240009,정기예금 비대면,36,M,복리,2.40%,2.03%,"630,931",2.40%,"인터넷,스마트폰",1,제한없음,복리,,없음,- 만기 후 1개월 이하: 약정금리와 만기일 현재 정기예금 금리중 낮은 금리 적용 - 만기 후 1개월 초과: 보통예금 이율,최소금액 10만원이상,10000000000,20260803,,202608030941,금융감독원 금융상품한눈에 Open API,2026-08-10T14:19:08
030300,저축은행,202607,0010550,라온저축은행,240013,정기예금,1,S,단리,1.50%,1.27%,"11,000",1.50%,영업점,1,제한없음,단리,,없음,- 만기 후 1개월 이하: 약정금리와 만기일 현재 정기예금 금리중 낮은 금리 적용 - 만기 후 1개월 초과: 보통예금 이율,최소금액 10만원이상,10000000000,20260720,,202607201300,금융감독원 금융상품한눈에 Open API,2026-08-10T14:19:08
030300,저축은행,202607,0010550,라온저축은행,240013,정기예금,3,S,단리,2.40%,2.03%,"51,000",2.40%,영업점,1,제한없음,단리,,없음,- 만기 후 1개월 이하: 약정금리와 만기일 현재 정기예금 금리중 낮은 금리 적용 - 만기 후 1개월 초과: 보통예금 이율,최소금액 10만원이상,10000000000,20260720,,202607201300,금융감독원 금융상품한눈에 Open API,2026-08-10T14:19:08
030300,저축은행,202607,0010550,라온저축은행,240013,정기예금,6,S,단리,2.50%,2.11%,"106,000",2.50%,영업점,1,제한없음,단리,,없음,- 만기 후 1개월 이하: 약정금리와 만기일 현재 정기예금 금리중 낮은 금리 적용 - 만기 후 1개월 초과: 보통예금 이율,최소금액 10만원이상,10000000000,20260720,,202607201300,금융감독원 금융상품한눈에 Open API,2026-08-10T14:19:08
030300,저축은행,202607,0010550,라온저축은행,240013,정기예금,12,S,단리,3.70%,3.13%,"313,000",3.70%,영업점,1,제한없음,단리,,없음,- 만기 후 1개월 이하: 약정금리와 만기일 현재 정기예금 금리중 낮은 금리 적용 - 만기 후 1개월 초과: 보통예금 이율,최소금액 10만원이상,10000000000,20260720,,202607201300,금융감독원 금융상품한눈에 Open API,2026-08-10T14:19:08
030300,저축은행,202607,0010550,라온저축은행,240013,정기예금,24,S,단리,3.30%,2.79%,"558,000",3.30%,영업점,1,제한없음,단리,,없음,- 만기 후 1개월 이하: 약정금리와 만기일 현재 정기예금 금리중 낮은 금리 적용 - 만기 후 1개월 초과: 보통예금 이율,최소금액 10만원이상,10000000000,20260720,,202607201300,금융감독원 금융상품한눈에 Open API,2026-08-10T14:19:08
030300,저축은행,202607,0010550,라온저축은행,240013,정기예금,36,S,단리,3.30%,2.79%,"838,000",3.30%,영업점,1,제한없음,단리,,없음,- 만기 후 1개월 이하: 약정금리와 만기일 현재 정기예금 금리중 낮은 금리 적용 - 만기 후 1개월 초과: 보통예금 이율,최소금액 10만원이상,10000000000,20260720,,202607201300,금융감독원 금융상품한눈에 Open API,2026-08-10T14:19:08
030300,저축은행,202607,0010550,라온저축은행,240013,정기예금,1,M,복리,1.50%,1.27%,"10,575",1.50%,영업점,1,제한없음,복리,,없음,- 만기 후 1개월 이하: 약정금리와 만기일 현재 정기예금 금리중 낮은 금리 적용 - 만기 후 1개월 초과: 보통예금 이율,최소금액 10만원이상,10000000000,20260720,,202607201300,금융감독원 금융상품한눈에 Open API,2026-08-10T14:19:08
030300,저축은행,202607,0010550,라온저축은행,240013,정기예금,3,M,복리,2.40%,2.03%,"50,862",2.40%,영업점,1,제한없음,복리,,없음,- 만기 후 1개월 이하: 약정금리와 만기일 현재 정기예금 금리중 낮은 금리 적용 - 만기 후 1개월 초과: 보통예금 이율,최소금액 10만원이상,10000000000,20260720,,202607201300,금융감독원 금융상품한눈에 Open API,2026-08-10T14:19:08
030300,저축은행,202607,0010550,라온저축은행,240013,정기예금,6,M,복리,2.50%,2.11%,"106,302",2.50%,영업점,1,제한없음,복리,,없음,- 만기 후 1개월 이하: 약정금리와 만기일 현재 정기예금 금리중 낮은 금리 적용 - 만기 후 1개월 초과: 보통예금 이율,최소금액 10만원이상,10000000000,20260720,,202607201300,금융감독원 금융상품한눈에 Open API,2026-08-10T14:19:08
030300,저축은행,202607,0010550,라온저축은행,240013,정기예금,12,M,복리,3.70%,3.13%,"318,383",3.70%,영업점,1,제한없음,복리,,없음,- 만기 후 1개월 이하: 약정금리와 만기일 현재 정기예금 금리중 낮은 금리 적용 - 만기 후 1개월 초과: 보통예금 이율,최소금액 10만원이상,10000000000,20260720,,202607201300,금융감독원 금융상품한눈에 Open API,2026-08-10T14:19:08
030300,저축은행,202607,0010550,라온저축은행,240013,정기예금,24,M,복리,3.30%,2.79%,"576,379",3.30%,영업점,1,제한없음,복리,,없음,- 만기 후 1개월 이하: 약정금리와 만기일 현재 정기예금 금리중 낮은 금리 적용 - 만기 후 1개월 초과: 보통예금 이율,최소금액 10만원이상,10000000000,20260720,,202607201300,금융감독원 금융상품한눈에 Open API,2026-08-10T14:19:08
030300,저축은행,202607,0010550,라온저축은행,240013,정기예금,36,M,복리,3.30%,2.79%,"879,132",3.30%,영업점,1,제한없음,복리,,없음,- 만기 후 1개월 이하: 약정금리와 만기일 현재 정기예금 금리중 낮은 금리 적용 - 만기 후 1개월 초과: 보통예금 이율,최소금액 10만원이상,10000000000,20260720,,202607201300,금융감독원 금융상품한눈에 Open API,2026-08-10T14:19:08
030300,저축은행,202607,0010551,드림저축은행,240001,정기예금,1,S,단리,1.50%,1.27%,"11,000",1.50%,영업점,1,제한없음 (-제한없음),단리,,-,-1개월 이내: 공시이율과 약정이율 중 낮은 이율 -1개월 초과: 보통예금 금리,-창구방문,,20260805,,202608050838,금융감독원 금융상품한눈에 Open API,2026-08-10T14:19:08
030300,저축은행,202607,0010551,드림저축은행,240001,정기예금,3,S,단리,2.00%,1.69%,"42,000",2.00%,영업점,1,제한없음 (-제한없음),단리,,-,-1개월 이내: 공시이율과 약정이율 중 낮은 이율 -1개월 초과: 보통예금 금리,-창구방문,,20260805,,202608050838,금융감독원 금융상품한눈에 Open API,2026-08-10T14:19:08
030300,저축은행,202607,0010551,드림저축은행,240001,정기예금,6,S,단리,2.30%,1.95%,"97,000",2.30%,영업점,1,제한없음 (-제한없음),단리,,-,-1개월 이내: 공시이율과 약정이율 중 낮은 이율 -1개월 초과: 보통예금 금리,-창구방문,,20260805,,202608050838,금융감독원 금융상품한눈에 Open API,2026-08-10T14:19:08
030300,저축은행,202607,0010551,드림저축은행,240001,정기예금,12,S,단리,3.80%,3.21%,"321,000",3.80%,영업점,1,제한없음 (-제한없음),단리,,-,-1개월 이내: 공시이율과 약정이율 중 낮은 이율 -1개월 초과: 보통예금 금리,-창구방문,,20260805,,202608050838,금융감독원 금융상품한눈에 Open API,2026-08-10T14:19:08
030300,저축은행,202607,0010551,드림저축은행,240001,정기예금,24,S,단리,3.80%,3.21%,"643,000",3.80%,영업점,1,제한없음 (-제한없음),단리,,-,-1개월 이내: 공시이율과 약정이율 중 낮은 이율 -1개월 초과: 보통예금 금리,-창구방문,,20260805,,202608050838,금융감독원 금융상품한눈에 Open API,2026-08-10T14:19:08
030300,저축은행,202607,0010551,드림저축은행,240001,정기예금,36,S,단리,3.50%,2.96%,"888,000",3.50%,영업점,1,제한없음 (-제한없음),단리,,-,-1개월 이내: 공시이율과 약정이율 중 낮은 이율 -1개월 초과: 보통예금 금리,-창구방문,,20260805,,202608050838,금융감독원 금융상품한눈에 Open API,2026-08-10T14:19:08
030300,저축은행,202607,0010551,드림저축은행,240001,정기예금,1,M,복리,1.50%,1.27%,"10,575",1.50%,영업점,1,제한없음 (-제한없음),복리,,-,-1개월 이내: 공시이율과 약정이율 중 낮은 이율 -1개월 초과: 보통예금 금리,-창구방문,,20260805,,202608050838,금융감독원 금융상품한눈에 Open API,2026-08-10T14:19:08
030300,저축은행,202607,0010551,드림저축은행,240001,정기예금,3,M,복리,2.00%,1.69%,"42,371",2.00%,영업점,1,제한없음 (-제한없음),복리,,-,-1개월 이내: 공시이율과 약정이율 중 낮은 이율 -1개월 초과: 보통예금 금리,-창구방문,,20260805,,202608050838,금융감독원 금융상품한눈에 Open API,2026-08-10T14:19:08
030300,저축은행,202607,0010551,드림저축은행,240001,정기예금,6,M,복리,2.30%,1.95%,"97,757",2.30%,영업점,1,제한없음 (-제한없음),복리,,-,-1개월 이내: 공시이율과 약정이율 중 낮은 이율 -1개월 초과: 보통예금 금리,-창구방문,,20260805,,202608050838,금융감독원 금융상품한눈에 Open API,2026-08-10T14:19:08
030300,저축은행,202607,0010551,드림저축은행,240001,정기예금,12,M,복리,3.80%,3.21%,"327,139",3.80%,영업점,1,제한없음 (-제한없음),복리,,-,-1개월 이내: 공시이율과 약정이율 중 낮은 이율 -1개월 초과: 보통예금 금리,-창구방문,,20260805,,202608050838,금융감독원 금융상품한눈에 Open API,2026-08-10T14:19:08
030300,저축은행,202607,0010551,드림저축은행,240001,정기예금,24,M,복리,3.80%,3.21%,"666,927",3.80%,영업점,1,제한없음 (-제한없음),복리,,-,-1개월 이내: 공시이율과 약정이율 중 낮은 이율 -1개월 초과: 보통예금 금리,-창구방문,,20260805,,202608050838,금융감독원 금융상품한눈에 Open API,2026-08-10T14:19:08
030300,저축은행,202607,0010551,드림저축은행,240001,정기예금,36,M,복리,3.50%,2.96%,"935,176",3.50%,영업점,1,제한없음 (-제한없음),복리,,-,-1개월 이내: 공시이율과 약정이율 중 낮은 이율 -1개월 초과: 보통예금 금리,-창구방문,,20260805,,202608050838,금융감독원 금융상품한눈에 Open API,2026-08-10T14:19:08
030300,저축은행,202607,0010551,드림저축은행,240007,인터넷정기예금,1,S,단리,1.50%,1.27%,"11,000",1.50%,인터넷,1,제한없음 (-제한없음),단리,,-,-1개월 이내: 공시이율과 약정이율 중 낮은 이율 -1개월 초과: 보통예금 금리,-인터넷 전용,,20260805,,202608050838,금융감독원 금융상품한눈에 Open API,2026-08-10T14:19:08
030300,저축은행,202607,0010551,드림저축은행,240007,인터넷정기예금,3,S,단리,2.00%,1.69%,"42,000",2.00%,인터넷,1,제한없음 (-제한없음),단리,,-,-1개월 이내: 공시이율과 약정이율 중 낮은 이율 -1개월 초과: 보통예금 금리,-인터넷 전용,,20260805,,202608050838,금융감독원 금융상품한눈에 Open API,2026-08-10T14:19:08
030300,저축은행,202607,0010551,드림저축은행,240007,인터넷정기예금,6,S,단리,2.30%,1.95%,"97,000",2.30%,인터넷,1,제한없음 (-제한없음),단리,,-,-1개월 이내: 공시이율과 약정이율 중 낮은 이율 -1개월 초과: 보통예금 금리,-인터넷 전용,,20260805,,202608050838,금융감독원 금융상품한눈에 Open API,2026-08-10T14:19:08
030300,저축은행,202607,0010551,드림저축은행,240007,인터넷정기예금,12,S,단리,3.80%,3.21%,"321,000",3.80%,인터넷,1,제한없음 (-제한없음),단리,,-,-1개월 이내: 공시이율과 약정이율 중 낮은 이율 -1개월 초과: 보통예금 금리,-인터넷 전용,,20260805,,202608050838,금융감독원 금융상품한눈에 Open API,2026-08-10T14:19:08
030300,저축은행,202607,0010551,드림저축은행,240007,인터넷정기예금,24,S,단리,3.80%,3.21%,"643,000",3.80%,인터넷,1,제한없음 (-제한없음),단리,,-,-1개월 이내: 공시이율과 약정이율 중 낮은 이율 -1개월 초과: 보통예금 금리,-인터넷 전용,,20260805,,202608050838,금융감독원 금융상품한눈에 Open API,2026-08-10T14:19:08
030300,저축은행,202607,0010551,드림저축은행,240007,인터넷정기예금,36,S,단리,3.50%,2.96%,"888,000",3.50%,인터넷,1,제한없음 (-제한없음),단리,,-,-1개월 이내: 공시이율과 약정이율 중 낮은 이율 -1개월 초과: 보통예금 금리,-인터넷 전용,,20260805,,202608050838,금융감독원 금융상품한눈에 Open API,2026-08-10T14:19:08
030300,저축은행,202607,0010551,드림저축은행,240007,인터넷정기예금,1,M,복리,1.50%,1.27%,"10,575",1.50%,인터넷,1,제한없음 (-제한없음),복리,,-,-1개월 이내: 공시이율과 약정이율 중 낮은 이율 -1개월 초과: 보통예금 금리,-인터넷 전용,,20260805,,202608050838,금융감독원 금융상품한눈에 Open API,2026-08-10T14:19:08
030300,저축은행,202607,0010551,드림저축은행,240007,인터넷정기예금,3,M,복리,2.00%,1.69%,"42,371",2.00%,인터넷,1,제한없음 (-제한없음),복리,,-,-1개월 이내: 공시이율과 약정이율 중 낮은 이율 -1개월 초과: 보통예금 금리,-인터넷 전용,,20260805,,202608050838,금융감독원 금융상품한눈에 Open API,2026-08-10T14:19:08
030300,저축은행,202607,0010551,드림저축은행,240007,인터넷정기예금,6,M,복리,2.30%,1.95%,"97,757",2.30%,인터넷,1,제한없음 (-제한없음),복리,,-,-1개월 이내: 공시이율과 약정이율 중 낮은 이율 -1개월 초과: 보통예금 금리,-인터넷 전용,,20260805,,202608050838,금융감독원 금융상품한눈에 Open API,2026-08-10T14:19:08
030300,저축은행,202607,0010551,드림저축은행,240007,인터넷정기예금,12,M,복리,3.80%,3.21%,"327,139",3.80%,인터넷,1,제한없음 (-제한없음),복리,,-,-1개월 이내: 공시이율과 약정이율 중 낮은 이율 -1개월 초과: 보통예금 금리,-인터넷 전용,,20260805,,202608050838,금융감독원 금융상품한눈에 Open API,2026-08-10T14:19:08
030300,저축은행,202607,0010551,드림저축은행,240007,인터넷정기예금,24,M,복리,3.80%,3.21%,"666,927",3.80%,인터넷,1,제한없음 (-제한없음),복리,,-,-1개월 이내: 공시이율과 약정이율 중 낮은 이율 -1개월 초과: 보통예금 금리,-인터넷 전용,,20260805,,202608050838,금융감독원 금융상품한눈에 Open API,2026-08-10T14:19:08
030300,저축은행,202607,0010551,드림저축은행,240007,인터넷정기예금,36,M,복리,3.50%,2.96%,"935,176",3.50%,인터넷,1,제한없음 (-제한없음),복리,,-,-1개월 이내: 공시이율과 약정이율 중 낮은 이율 -1개월 초과: 보통예금 금리,-인터넷 전용,,20260805,,202608050838,금융감독원 금융상품한눈에 Open API,2026-08-10T14:19:08
030300,저축은행,202607,0010551,드림저축은행,240010,톡톡정기예금(비대면),1,S,단리,1.50%,1.27%,"11,000",1.50%,스마트폰,1,제한없음 (-제한없음),단리,,-,-1개월 이내: 공시이율과 약정이율 중 낮은 이율 -1개월 초과: 보통예금 금리,-스마트폰 전용,,20260805,,202608050838,금융감독원 금융상품한눈에 Open API,2026-08-10T14:19:08
030300,저축은행,202607,0010551,드림저축은행,240010,톡톡정기예금(비대면),3,S,단리,2.00%,1.69%,"42,000",2.00%,스마트폰,1,제한없음 (-제한없음),단리,,-,-1개월 이내: 공시이율과 약정이율 중 낮은 이율 -1개월 초과: 보통예금 금리,-스마트폰 전용,,20260805,,202608050838,금융감독원 금융상품한눈에 Open API,2026-08-10T14:19:08
030300,저축은행,202607,0010551,드림저축은행,240010,톡톡정기예금(비대면),6,S,단리,2.30%,1.95%,"97,000",2.30%,스마트폰,1,제한없음 (-제한없음),단리,,-,-1개월 이내: 공시이율과 약정이율 중 낮은 이율 -1개월 초과: 보통예금 금리,-스마트폰 전용,,20260805,,202608050838,금융감독원 금융상품한눈에 Open API,2026-08-10T14:19:08
030300,저축은행,202607,0010551,드림저축은행,240010,톡톡정기예금(비대면),12,S,단리,3.80%,3.21%,"321,000",3.80%,스마트폰,1,제한없음 (-제한없음),단리,,-,-1개월 이내: 공시이율과 약정이율 중 낮은 이율 -1개월 초과: 보통예금 금리,-스마트폰 전용,,20260805,,202608050838,금융감독원 금융상품한눈에 Open API,2026-08-10T14:19:08
030300,저축은행,202607,0010551,드림저축은행,240010,톡톡정기예금(비대면),24,S,단리,3.80%,3.21%,"643,000",3.80%,스마트폰,1,제한없음 (-제한없음),단리,,-,-1개월 이내: 공시이율과 약정이율 중 낮은 이율 -1개월 초과: 보통예금 금리,-스마트폰 전용,,20260805,,202608050838,금융감독원 금융상품한눈에 Open API,2026-08-10T14:19:08
030300,저축은행,202607,0010551,드림저축은행,240010,톡톡정기예금(비대면),36,S,단리,3.50%,2.96%,"888,000",3.50%,스마트폰,1,제한없음 (-제한없음),단리,,-,-1개월 이내: 공시이율과 약정이율 중 낮은 이율 -1개월 초과: 보통예금 금리,-스마트폰 전용,,20260805,,202608050838,금융감독원 금융상품한눈에 Open API,2026-08-10T14:19:08
030300,저축은행,202607,0010551,드림저축은행,240010,톡톡정기예금(비대면),1,M,복리,1.50%,1.27%,"10,575",1.50%,스마트폰,1,제한없음 (-제한없음),복리,,-,-1개월 이내: 공시이율과 약정이율 중 낮은 이율 -1개월 초과: 보통예금 금리,-스마트폰 전용,,20260805,,202608050838,금융감독원 금융상품한눈에 Open API,2026-08-10T14:19:08
030300,저축은행,202607,0010551,드림저축은행,240010,톡톡정기예금(비대면),3,M,복리,2.00%,1.69%,"42,371",2.00%,스마트폰,1,제한없음 (-제한없음),복리,,-,-1개월 이내: 공시이율과 약정이율 중 낮은 이율 -1개월 초과: 보통예금 금리,-스마트폰 전용,,20260805,,202608050838,금융감독원 금융상품한눈에 Open API,2026-08-10T14:19:08
030300,저축은행,202607,0010551,드림저축은행,240010,톡톡정기예금(비대면),6,M,복리,2.30%,1.95%,"97,757",2.30%,스마트폰,1,제한없음 (-제한없음),복리,,-,-1개월 이내: 공시이율과 약정이율 중 낮은 이율 -1개월 초과: 보통예금 금리,-스마트폰 전용,,20260805,,202608050838,금융감독원 금융상품한눈에 Open API,2026-08-10T14:19:08
030300,저축은행,202607,0010551,드림저축은행,240010,톡톡정기예금(비대면),12,M,복리,3.80%,3.21%,"327,139",3.80%,스마트폰,1,제한없음 (-제한없음),복리,,-,-1개월 이내: 공시이율과 약정이율 중 낮은 이율 -1개월 초과: 보통예금 금리,-스마트폰 전용,,20260805,,202608050838,금융감독원 금융상품한눈에 Open API,2026-08-10T14:19:08
030300,저축은행,202607,0010551,드림저축은행,240010,톡톡정기예금(비대면),24,M,복리,3.80%,3.21%,"666,927",3.80%,스마트폰,1,제한없음 (-제한없음),복리,,-,-1개월 이내: 공시이율과 약정이율 중 낮은 이율 -1개월 초과: 보통예금 금리,-스마트폰 전용,,20260805,,202608050838,금융감독원 금융상품한눈에 Open API,2026-08-10T14:19:08
030300,저축은행,202607,0010551,드림저축은행,240010,톡톡정기예금(비대면),36,M,복리,3.50%,2.96%,"935,176",3.50%,스마트폰,1,제한없음 (-제한없음),복리,,-,-1개월 이내: 공시이율과 약정이율 중 낮은 이율 -1개월 초과: 보통예금 금리,-스마트폰 전용,,20260805,,202608050838,금융감독원 금융상품한눈에 Open API,2026-08-10T14:19:08
030300,저축은행,202607,0010553,대아상호저축은행,240004,정기예금,1,S,단리,1.50%,1.27%,"11,000",1.50%,영업점,1,제한없음,단리,,없음,- 만기후 1개월 이내 : 약정금리 범위 내에서 동일 만기 현행 금리 - 만기후 1개월 초과 : 보통예금 이율 적용,"예금자보호법에 따라 예금보험공사가 보호하되, 원금과 소정의 이자를 합하여 1인당 ""최고 1억원""이며, 1억원원을 초과하는 나머지 금액은 보호하지 않습니다.",,20260720,,202607201300,금융감독원 금융상품한눈에 Open API,2026-08-10T14:19:08
030300,저축은행,202607,0010553,대아상호저축은행,240004,정기예금,3,S,단리,2.00%,1.69%,"42,000",2.00%,영업점,1,제한없음,단리,,없음,- 만기후 1개월 이내 : 약정금리 범위 내에서 동일 만기 현행 금리 - 만기후 1개월 초과 : 보통예금 이율 적용,"예금자보호법에 따라 예금보험공사가 보호하되, 원금과 소정의 이자를 합하여 1인당 ""최고 1억원""이며, 1억원원을 초과하는 나머지 금액은 보호하지 않습니다.",,20260720,,202607201300,금융감독원 금융상품한눈에 Open API,2026-08-10T14:19:08
030300,저축은행,202607,0010553,대아상호저축은행,240004,정기예금,6,S,단리,2.30%,1.95%,"97,000",2.30%,영업점,1,제한없음,단리,,없음,- 만기후 1개월 이내 : 약정금리 범위 내에서 동일 만기 현행 금리 - 만기후 1개월 초과 : 보통예금 이율 적용,"예금자보호법에 따라 예금보험공사가 보호하되, 원금과 소정의 이자를 합하여 1인당 ""최고 1억원""이며, 1억원원을 초과하는 나머지 금액은 보호하지 않습니다.",,20260720,,202607201300,금융감독원 금융상품한눈에 Open API,2026-08-10T14:19:08
030300,저축은행,202607,0010553,대아상호저축은행,240004,정기예금,12,S,단리,3.50%,2.96%,"296,000",3.50%,영업점,1,제한없음,단리,,없음,- 만기후 1개월 이내 : 약정금리 범위 내에서 동일 만기 현행 금리 - 만기후 1개월 초과 : 보통예금 이율 적용,"예금자보호법에 따라 예금보험공사가 보호하되, 원금과 소정의 이자를 합하여 1인당 ""최고 1억원""이며, 1억원원을 초과하는 나머지 금액은 보호하지 않습니다.",,20260720,,202607201300,금융감독원 금융상품한눈에 Open API,2026-08-10T14:19:08
030300,저축은행,202607,0010553,대아상호저축은행,240004,정기예금,24,S,단리,2.50%,2.11%,"423,000",2.50%,영업점,1,제한없음,단리,,없음,- 만기후 1개월 이내 : 약정금리 범위 내에서 동일 만기 현행 금리 - 만기후 1개월 초과 : 보통예금 이율 적용,"예금자보호법에 따라 예금보험공사가 보호하되, 원금과 소정의 이자를 합하여 1인당 ""최고 1억원""이며, 1억원원을 초과하는 나머지 금액은 보호하지 않습니다.",,20260720,,202607201300,금융감독원 금융상품한눈에 Open API,2026-08-10T14:19:08
030300,저축은행,202607,0010553,대아상호저축은행,240004,정기예금,36,S,단리,2.50%,2.11%,"634,000",2.50%,영업점,1,제한없음,단리,,없음,- 만기후 1개월 이내 : 약정금리 범위 내에서 동일 만기 현행 금리 - 만기후 1개월 초과 : 보통예금 이율 적용,"예금자보호법에 따라 예금보험공사가 보호하되, 원금과 소정의 이자를 합하여 1인당 ""최고 1억원""이며, 1억원원을 초과하는 나머지 금액은 보호하지 않습니다.",,20260720,,202607201300,금융감독원 금융상품한눈에 Open API,2026-08-10T14:19:08
030300,저축은행,202607,0010553,대아상호저축은행,240004,정기예금,1,M,복리,1.50%,1.27%,"10,575",1.50%,영업점,1,제한없음,복리,,없음,- 만기후 1개월 이내 : 약정금리 범위 내에서 동일 만기 현행 금리 - 만기후 1개월 초과 : 보통예금 이율 적용,"예금자보호법에 따라 예금보험공사가 보호하되, 원금과 소정의 이자를 합하여 1인당 ""최고 1억원""이며, 1억원원을 초과하는 나머지 금액은 보호하지 않습니다.",,20260720,,202607201300,금융감독원 금융상품한눈에 Open API,2026-08-10T14:19:08
030300,저축은행,202607,0010553,대아상호저축은행,240004,정기예금,3,M,복리,2.00%,1.69%,"42,371",2.00%,영업점,1,제한없음,복리,,없음,- 만기후 1개월 이내 : 약정금리 범위 내에서 동일 만기 현행 금리 - 만기후 1개월 초과 : 보통예금 이율 적용,"예금자보호법에 따라 예금보험공사가 보호하되, 원금과 소정의 이자를 합하여 1인당 ""최고 1억원""이며, 1억원원을 초과하는 나머지 금액은 보호하지 않습니다.",,20260720,,202607201300,금융감독원 금융상품한눈에 Open API,2026-08-10T14:19:08
030300,저축은행,202607,0010553,대아상호저축은행,240004,정기예금,6,M,복리,2.30%,1.95%,"97,757",2.30%,영업점,1,제한없음,복리,,없음,- 만기후 1개월 이내 : 약정금리 범위 내에서 동일 만기 현행 금리 - 만기후 1개월 초과 : 보통예금 이율 적용,"예금자보호법에 따라 예금보험공사가 보호하되, 원금과 소정의 이자를 합하여 1인당 ""최고 1억원""이며, 1억원원을 초과하는 나머지 금액은 보호하지 않습니다.",,20260720,,202607201300,금융감독원 금융상품한눈에 Open API,2026-08-10T14:19:08
030300,저축은행,202607,0010553,대아상호저축은행,240004,정기예금,12,M,복리,3.50%,2.96%,"300,896",3.50%,영업점,1,제한없음,복리,,없음,- 만기후 1개월 이내 : 약정금리 범위 내에서 동일 만기 현행 금리 - 만기후 1개월 초과 : 보통예금 이율 적용,"예금자보호법에 따라 예금보험공사가 보호하되, 원금과 소정의 이자를 합하여 1인당 ""최고 1억원""이며, 1억원원을 초과하는 나머지 금액은 보호하지 않습니다.",,20260720,,202607201300,금융감독원 금융상품한눈에 Open API,2026-08-10T14:19:08
030300,저축은행,202607,0010553,대아상호저축은행,240004,정기예금,24,M,복리,2.50%,2.11%,"433,291",2.50%,영업점,1,제한없음,복리,,없음,- 만기후 1개월 이내 : 약정금리 범위 내에서 동일 만기 현행 금리 - 만기후 1개월 초과 : 보통예금 이율 적용,"예금자보호법에 따라 예금보험공사가 보호하되, 원금과 소정의 이자를 합하여 1인당 ""최고 1억원""이며, 1억원원을 초과하는 나머지 금액은 보호하지 않습니다.",,20260720,,202607201300,금융감독원 금융상품한눈에 Open API,2026-08-10T14:19:08
030300,저축은행,202607,0010553,대아상호저축은행,240004,정기예금,36,M,복리,2.50%,2.11%,"658,189",2.50%,영업점,1,제한없음,복리,,없음,- 만기후 1개월 이내 : 약정금리 범위 내에서 동일 만기 현행 금리 - 만기후 1개월 초과 : 보통예금 이율 적용,"예금자보호법에 따라 예금보험공사가 보호하되, 원금과 소정의 이자를 합하여 1인당 ""최고 1억원""이며, 1억원원을 초과하는 나머지 금액은 보호하지 않습니다.",,20260720,,202607201300,금융감독원 금융상품한눈에 Open API,2026-08-10T14:19:08
030300,저축은행,202607,0010556,머스트삼일저축은행,240008,정기예금,1,S,단리,1.00%,0.85%,"7,000",1.00%,영업점,1,제한없음,단리,,없음,-만기후 1개월 이내 : 약정이율 Ⅹ 100% -만기후 1개월 초과: 연0.2%,없음,,20260720,,202607201300,금융감독원 금융상품한눈에 Open API,2026-08-10T14:19:08
030300,저축은행,202607,0010556,머스트삼일저축은행,240008,정기예금,3,S,단리,1.00%,0.85%,"21,000",1.00%,영업점,1,제한없음,단리,,없음,-만기후 1개월 이내 : 약정이율 Ⅹ 100% -만기후 1개월 초과: 연0.2%,없음,,20260720,,202607201300,금융감독원 금융상품한눈에 Open API,2026-08-10T14:19:08
030300,저축은행,202607,0010556,머스트삼일저축은행,240008,정기예금,6,S,단리,1.00%,0.85%,"42,000",1.00%,영업점,1,제한없음,단리,,없음,-만기후 1개월 이내 : 약정이율 Ⅹ 100% -만기후 1개월 초과: 연0.2%,없음,,20260720,,202607201300,금융감독원 금융상품한눈에 Open API,2026-08-10T14:19:08
030300,저축은행,202607,0010556,머스트삼일저축은행,240008,정기예금,12,S,단리,2.80%,2.37%,"237,000",2.80%,영업점,1,제한없음,단리,,없음,-만기후 1개월 이내 : 약정이율 Ⅹ 100% -만기후 1개월 초과: 연0.2%,없음,,20260720,,202607201300,금융감독원 금융상품한눈에 Open API,2026-08-10T14:19:08
030300,저축은행,202607,0010556,머스트삼일저축은행,240008,정기예금,24,S,단리,2.50%,2.11%,"423,000",2.50%,영업점,1,제한없음,단리,,없음,-만기후 1개월 이내 : 약정이율 Ⅹ 100% -만기후 1개월 초과: 연0.2%,없음,,20260720,,202607201300,금융감독원 금융상품한눈에 Open API,2026-08-10T14:19:08
030300,저축은행,202607,0010556,머스트삼일저축은행,240008,정기예금,36,S,단리,2.50%,2.11%,"634,000",2.50%,영업점,1,제한없음,단리,,없음,-만기후 1개월 이내 : 약정이율 Ⅹ 100% -만기후 1개월 초과: 연0.2%,없음,,20260720,,202607201300,금융감독원 금융상품한눈에 Open API,2026-08-10T14:19:08
030300,저축은행,202607,0010556,머스트삼일저축은행,240008,정기예금,1,M,복리,1.00%,0.85%,"7,050",1.00%,영업점,1,제한없음,복리,,없음,-만기후 1개월 이내 : 약정이율 Ⅹ 100% -만기후 1개월 초과: 연0.2%,없음,,20260720,,202607201300,금융감독원 금융상품한눈에 Open API,2026-08-10T14:19:08
030300,저축은행,202607,0010556,머스트삼일저축은행,240008,정기예금,3,M,복리,1.00%,0.85%,"21,168",1.00%,영업점,1,제한없음,복리,,없음,-만기후 1개월 이내 : 약정이율 Ⅹ 100% -만기후 1개월 초과: 연0.2%,없음,,20260720,,202607201300,금융감독원 금융상품한눈에 Open API,2026-08-10T14:19:08
030300,저축은행,202607,0010556,머스트삼일저축은행,240008,정기예금,6,M,복리,1.00%,0.85%,"42,388",1.00%,영업점,1,제한없음,복리,,없음,-만기후 1개월 이내 : 약정이율 Ⅹ 100% -만기후 1개월 초과: 연0.2%,없음,,20260720,,202607201300,금융감독원 금융상품한눈에 Open API,2026-08-10T14:19:08
030300,저축은행,202607,0010556,머스트삼일저축은행,240008,정기예금,12,M,복리,2.80%,2.37%,"239,944",2.80%,영업점,1,제한없음,복리,,없음,-만기후 1개월 이내 : 약정이율 Ⅹ 100% -만기후 1개월 초과: 연0.2%,없음,,20260720,,202607201300,금융감독원 금융상품한눈에 Open API,2026-08-10T14:19:08
030300,저축은행,202607,0010556,머스트삼일저축은행,240008,정기예금,24,M,복리,2.50%,2.11%,"433,291",2.50%,영업점,1,제한없음,복리,,없음,-만기후 1개월 이내 : 약정이율 Ⅹ 100% -만기후 1개월 초과: 연0.2%,없음,,20260720,,202607201300,금융감독원 금융상품한눈에 Open API,2026-08-10T14:19:08
030300,저축은행,202607,0010556,머스트삼일저축은행,240008,정기예금,36,M,복리,2.50%,2.11%,"658,189",2.50%,영업점,1,제한없음,복리,,없음,-만기후 1개월 이내 : 약정이율 Ⅹ 100% -만기후 1개월 초과: 연0.2%,없음,,20260720,,202607201300,금융감독원 금융상품한눈에 Open API,2026-08-10T14:19:08
030300,저축은행,202607,0010556,머스트삼일저축은행,240010,e-정기예금,6,S,단리,4.00%,3.38%,"169,000",4.00%,인터넷,1,제한없음,단리,,없음,-만기후 1개월 이내 : 약정이율 Ⅹ 100% -만기후 1개월 초과: 연0.2%,없음,,20260731,,202607311613,금융감독원 금융상품한눈에 Open API,2026-08-10T14:19:08
030300,저축은행,202607,0010556,머스트삼일저축은행,240010,e-정기예금,12,S,단리,4.00%,3.38%,"338,000",4.00%,인터넷,1,제한없음,단리,,없음,-만기후 1개월 이내 : 약정이율 Ⅹ 100% -만기후 1개월 초과: 연0.2%,없음,,20260731,,202607311613,금융감독원 금융상품한눈에 Open API,2026-08-10T14:19:08
030300,저축은행,202607,0010556,머스트삼일저축은행,240010,e-정기예금,6,M,복리,4.00%,3.38%,"170,616",4.00%,인터넷,1,제한없음,복리,,없음,-만기후 1개월 이내 : 약정이율 Ⅹ 100% -만기후 1개월 초과: 연0.2%,없음,,20260731,,202607311613,금융감독원 금융상품한눈에 Open API,2026-08-10T14:19:08
030300,저축은행,202607,0010556,머스트삼일저축은행,240010,e-정기예금,12,M,복리,4.00%,3.38%,"344,673",4.00%,인터넷,1,제한없음,복리,,없음,-만기후 1개월 이내 : 약정이율 Ⅹ 100% -만기후 1개월 초과: 연0.2%,없음,,20260731,,202607311613,금융감독원 금융상품한눈에 Open API,2026-08-10T14:19:08
030300,저축은행,202607,0010556,머스트삼일저축은행,240013,비대면정기예금,6,S,단리,4.00%,3.38%,"169,000",4.00%,스마트폰,1,제한없음,단리,,없음,-만기후 1개월 이내 : 약정이율 Ⅹ 100% -만기후 1개월 초과: 연0.2%,없음,,20260731,,202607311613,금융감독원 금융상품한눈에 Open API,2026-08-10T14:19:08
030300,저축은행,202607,0010556,머스트삼일저축은행,240013,비대면정기예금,12,S,단리,4.00%,3.38%,"338,000",4.00%,스마트폰,1,제한없음,단리,,없음,-만기후 1개월 이내 : 약정이율 Ⅹ 100% -만기후 1개월 초과: 연0.2%,없음,,20260731,,202607311613,금융감독원 금융상품한눈에 Open API,2026-08-10T14:19:08
030300,저축은행,202607,0010556,머스트삼일저축은행,240013,비대면정기예금,6,M,복리,4.00%,3.38%,"170,616",4.00%,스마트폰,1,제한없음,복리,,없음,-만기후 1개월 이내 : 약정이율 Ⅹ 100% -만기후 1개월 초과: 연0.2%,없음,,20260731,,202607311613,금융감독원 금융상품한눈에 Open API,2026-08-10T14:19:08
030300,저축은행,202607,0010556,머스트삼일저축은행,240013,비대면정기예금,12,M,복리,4.00%,3.38%,"344,673",4.00%,스마트폰,1,제한없음,복리,,없음,-만기후 1개월 이내 : 약정이율 Ⅹ 100% -만기후 1개월 초과: 연0.2%,없음,,20260731,,202607311613,금융감독원 금융상품한눈에 Open API,2026-08-10T14:19:08
030300,저축은행,202607,0010556,머스트삼일저축은행,240015,비대면회전식정기예금(복리),36,S,단리,4.00%,3.38%,"1,015,000",4.00%,스마트폰,1,제한없음,단리,,없음,-만기후 1개월 이내 : 약정이율 Ⅹ 100% -만기후 1개월 초과: 연0.2%,없음,,20260731,,202607311613,금융감독원 금융상품한눈에 Open API,2026-08-10T14:19:08
030300,저축은행,202607,0010556,머스트삼일저축은행,240015,비대면회전식정기예금(복리),36,M,복리,4.00%,3.38%,"1,076,720",4.00%,스마트폰,1,제한없음,복리,,없음,-만기후 1개월 이내 : 약정이율 Ⅹ 100% -만기후 1개월 초과: 연0.2%,없음,,20260731,,202607311613,금융감독원 금융상품한눈에 Open API,2026-08-10T14:19:08
030300,저축은행,202607,0010556,머스트삼일저축은행,240016,e-회전식정기예금(복리),36,S,단리,4.00%,3.38%,"1,015,000",4.00%,인터넷,1,제한없음,단리,,없음,-만기후 1개월 이내 : 약정이율 Ⅹ 100% -만기후 1개월 초과: 연0.2%,없음,,20260731,,202607311613,금융감독원 금융상품한눈에 Open API,2026-08-10T14:19:08
030300,저축은행,202607,0010556,머스트삼일저축은행,240016,e-회전식정기예금(복리),36,M,복리,4.00%,3.38%,"1,076,720",4.00%,인터넷,1,제한없음,복리,,없음,-만기후 1개월 이내 : 약정이율 Ⅹ 100% -만기후 1개월 초과: 연0.2%,없음,,20260731,,202607311613,금융감독원 금융상품한눈에 Open API,2026-08-10T14:19:08
030300,저축은행,202607,0010560,참저축은행,C614001,정기예금,1,S,단리,1.00%,0.85%,"7,000",1.00%,영업점,1,제한없음,단리,,없음,*만기 후 1개월 간 : 가입이율과 만기일 당시 기간별 정기예금이율 중 낮은 단리 이율 ＊만기후 1개월초과 : 보통예금 이율 * 적용대상 : 19.07.01 신규가입자부터 적용 (이전가입자는 영업점 확인요망),없음,,20260728,,202607280915,금융감독원 금융상품한눈에 Open API,2026-08-10T14:19:08
030300,저축은행,202607,0010560,참저축은행,C614001,정기예금,3,S,단리,1.00%,0.85%,"21,000",1.00%,영업점,1,제한없음,단리,,없음,*만기 후 1개월 간 : 가입이율과 만기일 당시 기간별 정기예금이율 중 낮은 단리 이율 ＊만기후 1개월초과 : 보통예금 이율 * 적용대상 : 19.07.01 신규가입자부터 적용 (이전가입자는 영업점 확인요망),없음,,20260728,,202607280915,금융감독원 금융상품한눈에 Open API,2026-08-10T14:19:08
030300,저축은행,202607,0010560,참저축은행,C614001,정기예금,6,S,단리,2.50%,2.11%,"106,000",2.50%,영업점,1,제한없음,단리,,없음,*만기 후 1개월 간 : 가입이율과 만기일 당시 기간별 정기예금이율 중 낮은 단리 이율 ＊만기후 1개월초과 : 보통예금 이율 * 적용대상 : 19.07.01 신규가입자부터 적용 (이전가입자는 영업점 확인요망),없음,,20260728,,202607280915,금융감독원 금융상품한눈에 Open API,2026-08-10T14:19:08
030300,저축은행,202607,0010560,참저축은행,C614001,정기예금,12,S,단리,4.00%,3.38%,"338,000",4.00%,영업점,1,제한없음,단리,,없음,*만기 후 1개월 간 : 가입이율과 만기일 당시 기간별 정기예금이율 중 낮은 단리 이율 ＊만기후 1개월초과 : 보통예금 이율 * 적용대상 : 19.07.01 신규가입자부터 적용 (이전가입자는 영업점 확인요망),없음,,20260728,,202607280915,금융감독원 금융상품한눈에 Open API,2026-08-10T14:19:08
030300,저축은행,202607,0010560,참저축은행,C614001,정기예금,24,S,단리,3.50%,2.96%,"592,000",3.50%,영업점,1,제한없음,단리,,없음,*만기 후 1개월 간 : 가입이율과 만기일 당시 기간별 정기예금이율 중 낮은 단리 이율 ＊만기후 1개월초과 : 보통예금 이율 * 적용대상 : 19.07.01 신규가입자부터 적용 (이전가입자는 영업점 확인요망),없음,,20260728,,202607280915,금융감독원 금융상품한눈에 Open API,2026-08-10T14:19:08
030300,저축은행,202607,0010560,참저축은행,C614001,정기예금,1,M,복리,1.00%,0.85%,"7,050",1.00%,영업점,1,제한없음,복리,,없음,*만기 후 1개월 간 : 가입이율과 만기일 당시 기간별 정기예금이율 중 낮은 단리 이율 ＊만기후 1개월초과 : 보통예금 이율 * 적용대상 : 19.07.01 신규가입자부터 적용 (이전가입자는 영업점 확인요망),없음,,20260728,,202607280915,금융감독원 금융상품한눈에 Open API,2026-08-10T14:19:08
030300,저축은행,202607,0010560,참저축은행,C614001,정기예금,3,M,복리,1.00%,0.85%,"21,168",1.00%,영업점,1,제한없음,복리,,없음,*만기 후 1개월 간 : 가입이율과 만기일 당시 기간별 정기예금이율 중 낮은 단리 이율 ＊만기후 1개월초과 : 보통예금 이율 * 적용대상 : 19.07.01 신규가입자부터 적용 (이전가입자는 영업점 확인요망),없음,,20260728,,202607280915,금융감독원 금융상품한눈에 Open API,2026-08-10T14:19:08
030300,저축은행,202607,0010560,참저축은행,C614001,정기예금,6,M,복리,2.50%,2.11%,"106,302",2.50%,영업점,1,제한없음,복리,,없음,*만기 후 1개월 간 : 가입이율과 만기일 당시 기간별 정기예금이율 중 낮은 단리 이율 ＊만기후 1개월초과 : 보통예금 이율 * 적용대상 : 19.07.01 신규가입자부터 적용 (이전가입자는 영업점 확인요망),없음,,20260728,,202607280915,금융감독원 금융상품한눈에 Open API,2026-08-10T14:19:08
030300,저축은행,202607,0010560,참저축은행,C614001,정기예금,12,M,복리,4.00%,3.38%,"344,673",4.00%,영업점,1,제한없음,복리,,없음,*만기 후 1개월 간 : 가입이율과 만기일 당시 기간별 정기예금이율 중 낮은 단리 이율 ＊만기후 1개월초과 : 보통예금 이율 * 적용대상 : 19.07.01 신규가입자부터 적용 (이전가입자는 영업점 확인요망),없음,,20260728,,202607280915,금융감독원 금융상품한눈에 Open API,2026-08-10T14:19:08
030300,저축은행,202607,0010560,참저축은행,C614001,정기예금,24,M,복리,3.50%,2.96%,"612,495",3.50%,영업점,1,제한없음,복리,,없음,*만기 후 1개월 간 : 가입이율과 만기일 당시 기간별 정기예금이율 중 낮은 단리 이율 ＊만기후 1개월초과 : 보통예금 이율 * 적용대상 : 19.07.01 신규가입자부터 적용 (이전가입자는 영업점 확인요망),없음,,20260728,,202607280915,금융감독원 금융상품한눈에 Open API,2026-08-10T14:19:08
030300,저축은행,202607,0010560,참저축은행,C614002,e-정기예금,1,S,단리,1.00%,0.85%,"7,000",1.00%,"인터넷,스마트폰",1,제한없음,단리,,없음,*만기 후 1개월 간 : 가입이율과 만기일 당시 기간별 정기예금이율 중 낮은 단리 이율 ＊만기후 1개월초과 : 보통예금 이율 * 적용대상 : 19.07.01 신규가입자부터 적용 (이전가입자는 영업점 확인요망),"인터넷뱅킹, SB톡톡플러스 로그인 시",,20260728,,202607280915,금융감독원 금융상품한눈에 Open API,2026-08-10T14:19:08
030300,저축은행,202607,0010560,참저축은행,C614002,e-정기예금,3,S,단리,1.00%,0.85%,"21,000",1.00%,"인터넷,스마트폰",1,제한없음,단리,,없음,*만기 후 1개월 간 : 가입이율과 만기일 당시 기간별 정기예금이율 중 낮은 단리 이율 ＊만기후 1개월초과 : 보통예금 이율 * 적용대상 : 19.07.01 신규가입자부터 적용 (이전가입자는 영업점 확인요망),"인터넷뱅킹, SB톡톡플러스 로그인 시",,20260728,,202607280915,금융감독원 금융상품한눈에 Open API,2026-08-10T14:19:08
030300,저축은행,202607,0010560,참저축은행,C614002,e-정기예금,6,S,단리,2.50%,2.11%,"106,000",2.50%,"인터넷,스마트폰",1,제한없음,단리,,없음,*만기 후 1개월 간 : 가입이율과 만기일 당시 기간별 정기예금이율 중 낮은 단리 이율 ＊만기후 1개월초과 : 보통예금 이율 * 적용대상 : 19.07.01 신규가입자부터 적용 (이전가입자는 영업점 확인요망),"인터넷뱅킹, SB톡톡플러스 로그인 시",,20260728,,202607280915,금융감독원 금융상품한눈에 Open API,2026-08-10T14:19:08
030300,저축은행,202607,0010560,참저축은행,C614002,e-정기예금,12,S,단리,4.00%,3.38%,"338,000",4.00%,"인터넷,스마트폰",1,제한없음,단리,,없음,*만기 후 1개월 간 : 가입이율과 만기일 당시 기간별 정기예금이율 중 낮은 단리 이율 ＊만기후 1개월초과 : 보통예금 이율 * 적용대상 : 19.07.01 신규가입자부터 적용 (이전가입자는 영업점 확인요망),"인터넷뱅킹, SB톡톡플러스 로그인 시",,20260728,,202607280915,금융감독원 금융상품한눈에 Open API,2026-08-10T14:19:08
030300,저축은행,202607,0010560,참저축은행,C614002,e-정기예금,24,S,단리,3.80%,3.21%,"643,000",3.80%,"인터넷,스마트폰",1,제한없음,단리,,없음,*만기 후 1개월 간 : 가입이율과 만기일 당시 기간별 정기예금이율 중 낮은 단리 이율 ＊만기후 1개월초과 : 보통예금 이율 * 적용대상 : 19.07.01 신규가입자부터 적용 (이전가입자는 영업점 확인요망),"인터넷뱅킹, SB톡톡플러스 로그인 시",,20260728,,202607280915,금융감독원 금융상품한눈에 Open API,2026-08-10T14:19:08
030300,저축은행,202607,0010560,참저축은행,C614002,e-정기예금,1,M,복리,1.00%,0.85%,"7,050",1.00%,"인터넷,스마트폰",1,제한없음,복리,,없음,*만기 후 1개월 간 : 가입이율과 만기일 당시 기간별 정기예금이율 중 낮은 단리 이율 ＊만기후 1개월초과 : 보통예금 이율 * 적용대상 : 19.07.01 신규가입자부터 적용 (이전가입자는 영업점 확인요망),"인터넷뱅킹, SB톡톡플러스 로그인 시",,20260728,,202607280915,금융감독원 금융상품한눈에 Open API,2026-08-10T14:19:08
030300,저축은행,202607,0010560,참저축은행,C614002,e-정기예금,3,M,복리,1.00%,0.85%,"21,168",1.00%,"인터넷,스마트폰",1,제한없음,복리,,없음,*만기 후 1개월 간 : 가입이율과 만기일 당시 기간별 정기예금이율 중 낮은 단리 이율 ＊만기후 1개월초과 : 보통예금 이율 * 적용대상 : 19.07.01 신규가입자부터 적용 (이전가입자는 영업점 확인요망),"인터넷뱅킹, SB톡톡플러스 로그인 시",,20260728,,202607280915,금융감독원 금융상품한눈에 Open API,2026-08-10T14:19:08
030300,저축은행,202607,0010560,참저축은행,C614002,e-정기예금,6,M,복리,2.50%,2.11%,"106,302",2.50%,"인터넷,스마트폰",1,제한없음,복리,,없음,*만기 후 1개월 간 : 가입이율과 만기일 당시 기간별 정기예금이율 중 낮은 단리 이율 ＊만기후 1개월초과 : 보통예금 이율 * 적용대상 : 19.07.01 신규가입자부터 적용 (이전가입자는 영업점 확인요망),"인터넷뱅킹, SB톡톡플러스 로그인 시",,20260728,,202607280915,금융감독원 금융상품한눈에 Open API,2026-08-10T14:19:08
030300,저축은행,202607,0010560,참저축은행,C614002,e-정기예금,12,M,복리,4.00%,3.38%,"344,673",4.00%,"인터넷,스마트폰",1,제한없음,복리,,없음,*만기 후 1개월 간 : 가입이율과 만기일 당시 기간별 정기예금이율 중 낮은 단리 이율 ＊만기후 1개월초과 : 보통예금 이율 * 적용대상 : 19.07.01 신규가입자부터 적용 (이전가입자는 영업점 확인요망),"인터넷뱅킹, SB톡톡플러스 로그인 시",,20260728,,202607280915,금융감독원 금융상품한눈에 Open API,2026-08-10T14:19:08
030300,저축은행,202607,0010560,참저축은행,C614002,e-정기예금,24,M,복리,3.80%,3.21%,"666,927",3.80%,"인터넷,스마트폰",1,제한없음,복리,,없음,*만기 후 1개월 간 : 가입이율과 만기일 당시 기간별 정기예금이율 중 낮은 단리 이율 ＊만기후 1개월초과 : 보통예금 이율 * 적용대상 : 19.07.01 신규가입자부터 적용 (이전가입자는 영업점 확인요망),"인터넷뱅킹, SB톡톡플러스 로그인 시",,20260728,,202607280915,금융감독원 금융상품한눈에 Open API,2026-08-10T14:19:08
030300,저축은행,202607,0010560,참저축은행,C614003,비대면정기예금,1,S,단리,1.00%,0.85%,"7,000",1.00%,스마트폰,1,제한없음 (만19세 이상 내국인(법인불가)),단리,,없음,*만기 후 1개월 간 : 가입이율과 만기일 당시 기간별 정기예금이율 중 낮은 단리 이율 ＊만기후 1개월초과 : 보통예금 이율 * 적용대상 : 19.07.01 신규가입자부터 적용 (이전가입자는 영업점 확인요망),SB톡톡플러스 비로그인서비스로 신규가입 시,100000000,20260728,,202607280915,금융감독원 금융상품한눈에 Open API,2026-08-10T14:19:08
030300,저축은행,202607,0010560,참저축은행,C614003,비대면정기예금,3,S,단리,1.00%,0.85%,"21,000",1.00%,스마트폰,1,제한없음 (만19세 이상 내국인(법인불가)),단리,,없음,*만기 후 1개월 간 : 가입이율과 만기일 당시 기간별 정기예금이율 중 낮은 단리 이율 ＊만기후 1개월초과 : 보통예금 이율 * 적용대상 : 19.07.01 신규가입자부터 적용 (이전가입자는 영업점 확인요망),SB톡톡플러스 비로그인서비스로 신규가입 시,100000000,20260728,,202607280915,금융감독원 금융상품한눈에 Open API,2026-08-10T14:19:08
030300,저축은행,202607,0010560,참저축은행,C614003,비대면정기예금,6,S,단리,2.50%,2.11%,"106,000",2.50%,스마트폰,1,제한없음 (만19세 이상 내국인(법인불가)),단리,,없음,*만기 후 1개월 간 : 가입이율과 만기일 당시 기간별 정기예금이율 중 낮은 단리 이율 ＊만기후 1개월초과 : 보통예금 이율 * 적용대상 : 19.07.01 신규가입자부터 적용 (이전가입자는 영업점 확인요망),SB톡톡플러스 비로그인서비스로 신규가입 시,100000000,20260728,,202607280915,금융감독원 금융상품한눈에 Open API,2026-08-10T14:19:08
030300,저축은행,202607,0010560,참저축은행,C614003,비대면정기예금,12,S,단리,4.00%,3.38%,"338,000",4.00%,스마트폰,1,제한없음 (만19세 이상 내국인(법인불가)),단리,,없음,*만기 후 1개월 간 : 가입이율과 만기일 당시 기간별 정기예금이율 중 낮은 단리 이율 ＊만기후 1개월초과 : 보통예금 이율 * 적용대상 : 19.07.01 신규가입자부터 적용 (이전가입자는 영업점 확인요망),SB톡톡플러스 비로그인서비스로 신규가입 시,100000000,20260728,,202607280915,금융감독원 금융상품한눈에 Open API,2026-08-10T14:19:08
030300,저축은행,202607,0010560,참저축은행,C614003,비대면정기예금,24,S,단리,3.80%,3.21%,"643,000",3.80%,스마트폰,1,제한없음 (만19세 이상 내국인(법인불가)),단리,,없음,*만기 후 1개월 간 : 가입이율과 만기일 당시 기간별 정기예금이율 중 낮은 단리 이율 ＊만기후 1개월초과 : 보통예금 이율 * 적용대상 : 19.07.01 신규가입자부터 적용 (이전가입자는 영업점 확인요망),SB톡톡플러스 비로그인서비스로 신규가입 시,100000000,20260728,,202607280915,금융감독원 금융상품한눈에 Open API,2026-08-10T14:19:08
030300,저축은행,202607,0010560,참저축은행,C614003,비대면정기예금,1,M,복리,1.00%,0.85%,"7,050",1.00%,스마트폰,1,제한없음 (만19세 이상 내국인(법인불가)),복리,,없음,*만기 후 1개월 간 : 가입이율과 만기일 당시 기간별 정기예금이율 중 낮은 단리 이율 ＊만기후 1개월초과 : 보통예금 이율 * 적용대상 : 19.07.01 신규가입자부터 적용 (이전가입자는 영업점 확인요망),SB톡톡플러스 비로그인서비스로 신규가입 시,100000000,20260728,,202607280915,금융감독원 금융상품한눈에 Open API,2026-08-10T14:19:08
030300,저축은행,202607,0010560,참저축은행,C614003,비대면정기예금,3,M,복리,1.00%,0.85%,"21,168",1.00%,스마트폰,1,제한없음 (만19세 이상 내국인(법인불가)),복리,,없음,*만기 후 1개월 간 : 가입이율과 만기일 당시 기간별 정기예금이율 중 낮은 단리 이율 ＊만기후 1개월초과 : 보통예금 이율 * 적용대상 : 19.07.01 신규가입자부터 적용 (이전가입자는 영업점 확인요망),SB톡톡플러스 비로그인서비스로 신규가입 시,100000000,20260728,,202607280915,금융감독원 금융상품한눈에 Open API,2026-08-10T14:19:08
030300,저축은행,202607,0010560,참저축은행,C614003,비대면정기예금,6,M,복리,2.50%,2.11%,"106,302",2.50%,스마트폰,1,제한없음 (만19세 이상 내국인(법인불가)),복리,,없음,*만기 후 1개월 간 : 가입이율과 만기일 당시 기간별 정기예금이율 중 낮은 단리 이율 ＊만기후 1개월초과 : 보통예금 이율 * 적용대상 : 19.07.01 신규가입자부터 적용 (이전가입자는 영업점 확인요망),SB톡톡플러스 비로그인서비스로 신규가입 시,100000000,20260728,,202607280915,금융감독원 금융상품한눈에 Open API,2026-08-10T14:19:08
030300,저축은행,202607,0010560,참저축은행,C614003,비대면정기예금,12,M,복리,4.00%,3.38%,"344,673",4.00%,스마트폰,1,제한없음 (만19세 이상 내국인(법인불가)),복리,,없음,*만기 후 1개월 간 : 가입이율과 만기일 당시 기간별 정기예금이율 중 낮은 단리 이율 ＊만기후 1개월초과 : 보통예금 이율 * 적용대상 : 19.07.01 신규가입자부터 적용 (이전가입자는 영업점 확인요망),SB톡톡플러스 비로그인서비스로 신규가입 시,100000000,20260728,,202607280915,금융감독원 금융상품한눈에 Open API,2026-08-10T14:19:08
030300,저축은행,202607,0010560,참저축은행,C614003,비대면정기예금,24,M,복리,3.80%,3.21%,"666,927",3.80%,스마트폰,1,제한없음 (만19세 이상 내국인(법인불가)),복리,,없음,*만기 후 1개월 간 : 가입이율과 만기일 당시 기간별 정기예금이율 중 낮은 단리 이율 ＊만기후 1개월초과 : 보통예금 이율 * 적용대상 : 19.07.01 신규가입자부터 적용 (이전가입자는 영업점 확인요망),SB톡톡플러스 비로그인서비스로 신규가입 시,100000000,20260728,,202607280915,금융감독원 금융상품한눈에 Open API,2026-08-10T14:19:08
030300,저축은행,202607,0010560,참저축은행,C614009,회전정기예금,12,S,단리,4.02%,3.40%,"340,000",4.02%,영업점,1,제한없음,단리,,없음,*만기 후 1개월 간 : 가입이율과 만기일 당시 기간별 정기예금이율 중 낮은 단리 이율 ＊만기후 1개월초과 : 보통예금 이율 * 적용대상 : 19.07.01 신규가입자부터 적용 (이전가입자는 영업점 확인요망),없음,,20260728,,202607280915,금융감독원 금융상품한눈에 Open API,2026-08-10T14:19:08
030300,저축은행,202607,0010560,참저축은행,C614009,회전정기예금,12,M,복리,4.02%,3.40%,"346,429",4.02%,영업점,1,제한없음,복리,,없음,*만기 후 1개월 간 : 가입이율과 만기일 당시 기간별 정기예금이율 중 낮은 단리 이율 ＊만기후 1개월초과 : 보통예금 이율 * 적용대상 : 19.07.01 신규가입자부터 적용 (이전가입자는 영업점 확인요망),없음,,20260728,,202607280915,금융감독원 금융상품한눈에 Open API,2026-08-10T14:19:08
030300,저축은행,202607,0010560,참저축은행,C614010,e- 회전정기예금,12,S,단리,4.02%,3.40%,"340,000",4.02%,"인터넷,스마트폰",1,제한없음,단리,,없음,*만기 후 1개월 간 : 가입이율과 만기일 당시 기간별 정기예금이율 중 낮은 단리 이율 ＊만기후 1개월초과 : 보통예금 이율 * 적용대상 : 19.07.01 신규가입자부터 적용 (이전가입자는 영업점 확인요망),"인터넷뱅킹, SB톡톡플러스 로그인 시",,20260728,,202607280915,금융감독원 금융상품한눈에 Open API,2026-08-10T14:19:08
030300,저축은행,202607,0010560,참저축은행,C614010,e- 회전정기예금,12,M,복리,4.02%,3.40%,"346,429",4.02%,"인터넷,스마트폰",1,제한없음,복리,,없음,*만기 후 1개월 간 : 가입이율과 만기일 당시 기간별 정기예금이율 중 낮은 단리 이율 ＊만기후 1개월초과 : 보통예금 이율 * 적용대상 : 19.07.01 신규가입자부터 적용 (이전가입자는 영업점 확인요망),"인터넷뱅킹, SB톡톡플러스 로그인 시",,20260728,,202607280915,금융감독원 금융상품한눈에 Open API,2026-08-10T14:19:08
030300,저축은행,202607,0010560,참저축은행,C614011,비대면 회전정기예금,12,S,단리,4.02%,3.40%,"340,000",4.02%,스마트폰,1,제한없음 (만19세 이상 내국인(법인불가)),단리,,없음,*만기 후 1개월 간 : 가입이율과 만기일 당시 기간별 정기예금이율 중 낮은 단리 이율 ＊만기후 1개월초과 : 보통예금 이율 * 적용대상 : 19.07.01 신규가입자부터 적용 (이전가입자는 영업점 확인요망),SB톡톡플러스 비로그인서비스로 신규가입 시,100000000,20260728,,202607280915,금융감독원 금융상품한눈에 Open API,2026-08-10T14:19:08
030300,저축은행,202607,0010560,참저축은행,C614011,비대면 회전정기예금,12,M,복리,4.02%,3.40%,"346,429",4.02%,스마트폰,1,제한없음 (만19세 이상 내국인(법인불가)),복리,,없음,*만기 후 1개월 간 : 가입이율과 만기일 당시 기간별 정기예금이율 중 낮은 단리 이율 ＊만기후 1개월초과 : 보통예금 이율 * 적용대상 : 19.07.01 신규가입자부터 적용 (이전가입자는 영업점 확인요망),SB톡톡플러스 비로그인서비스로 신규가입 시,100000000,20260728,,202607280915,금융감독원 금융상품한눈에 Open API,2026-08-10T14:19:08
030300,저축은행,202607,0010560,참저축은행,C614012,6개월 회전정기예금,6,S,단리,2.51%,2.12%,"106,000",2.51%,영업점,1,제한없음,단리,,없음,*만기 후 1개월 간 : 가입이율과 만기일 당시 기간별 정기예금이율 중 낮은 단리 이율 ＊만기후 1개월초과 : 보통예금 이율 * 적용대상 : 19.07.01 신규가입자부터 적용 (이전가입자는 영업점 확인요망),없음,,20260728,,202607280915,금융감독원 금융상품한눈에 Open API,2026-08-10T14:19:08
030300,저축은행,202607,0010560,참저축은행,C614012,6개월 회전정기예금,6,M,복리,2.51%,2.12%,"106,730",2.51%,영업점,1,제한없음,복리,,없음,*만기 후 1개월 간 : 가입이율과 만기일 당시 기간별 정기예금이율 중 낮은 단리 이율 ＊만기후 1개월초과 : 보통예금 이율 * 적용대상 : 19.07.01 신규가입자부터 적용 (이전가입자는 영업점 확인요망),없음,,20260728,,202607280915,금융감독원 금융상품한눈에 Open API,2026-08-10T14:19:08
030300,저축은행,202607,0010560,참저축은행,C614013,e- 6개월 회전정기예금,6,S,단리,2.51%,2.12%,"106,000",2.51%,"인터넷,스마트폰",1,제한없음,단리,,없음,*만기 후 1개월 간 : 가입이율과 만기일 당시 기간별 정기예금이율 중 낮은 단리 이율 ＊만기후 1개월초과 : 보통예금 이율 * 적용대상 : 19.07.01 신규가입자부터 적용 (이전가입자는 영업점 확인요망),"인터넷뱅킹, SB톡톡플러스 로그인 시",,20260728,,202607280915,금융감독원 금융상품한눈에 Open API,2026-08-10T14:19:08
030300,저축은행,202607,0010560,참저축은행,C614013,e- 6개월 회전정기예금,6,M,복리,2.51%,2.12%,"106,730",2.51%,"인터넷,스마트폰",1,제한없음,복리,,없음,*만기 후 1개월 간 : 가입이율과 만기일 당시 기간별 정기예금이율 중 낮은 단리 이율 ＊만기후 1개월초과 : 보통예금 이율 * 적용대상 : 19.07.01 신규가입자부터 적용 (이전가입자는 영업점 확인요망),"인터넷뱅킹, SB톡톡플러스 로그인 시",,20260728,,202607280915,금융감독원 금융상품한눈에 Open API,2026-08-10T14:19:08
030300,저축은행,202607,0010560,참저축은행,C614014,비대면 6개월 회전정기예금,6,S,단리,2.51%,2.12%,"106,000",2.51%,스마트폰,1,제한없음 (만19세 이상 내국인(법인불가)),단리,,없음,*만기 후 1개월 간 : 가입이율과 만기일 당시 기간별 정기예금이율 중 낮은 단리 이율 ＊만기후 1개월초과 : 보통예금 이율 * 적용대상 : 19.07.01 신규가입자부터 적용 (이전가입자는 영업점 확인요망),SB톡톡플러스 비로그인서비스로 신규가입 시,100000000,20260728,,202607280915,금융감독원 금융상품한눈에 Open API,2026-08-10T14:19:08
030300,저축은행,202607,0010560,참저축은행,C614014,비대면 6개월 회전정기예금,6,M,복리,2.51%,2.12%,"106,730",2.51%,스마트폰,1,제한없음 (만19세 이상 내국인(법인불가)),복리,,없음,*만기 후 1개월 간 : 가입이율과 만기일 당시 기간별 정기예금이율 중 낮은 단리 이율 ＊만기후 1개월초과 : 보통예금 이율 * 적용대상 : 19.07.01 신규가입자부터 적용 (이전가입자는 영업점 확인요망),SB톡톡플러스 비로그인서비스로 신규가입 시,100000000,20260728,,202607280915,금융감독원 금융상품한눈에 Open API,2026-08-10T14:19:08
030300,저축은행,202607,0010562,오성저축은행,240001,정기예금,1,S,단리,0.50%,0.42%,"4,000",0.50%,영업점,1,제한없음,단리,,없음,1개월이하-약정금리와 기준금리 중 낮은금리 1개월초과-보통예금이율,없음,,20260720,,202607201300,금융감독원 금융상품한눈에 Open API,2026-08-10T14:19:08
030300,저축은행,202607,0010562,오성저축은행,240001,정기예금,3,S,단리,2.00%,1.69%,"42,000",2.00%,영업점,1,제한없음,단리,,없음,1개월이하-약정금리와 기준금리 중 낮은금리 1개월초과-보통예금이율,없음,,20260720,,202607201300,금융감독원 금융상품한눈에 Open API,2026-08-10T14:19:08
030300,저축은행,202607,0010562,오성저축은행,240001,정기예금,6,S,단리,2.39%,2.02%,"101,000",2.39%,영업점,1,제한없음,단리,,없음,1개월이하-약정금리와 기준금리 중 낮은금리 1개월초과-보통예금이율,없음,,20260720,,202607201300,금융감독원 금융상품한눈에 Open API,2026-08-10T14:19:08
030300,저축은행,202607,0010562,오성저축은행,240001,정기예금,12,S,단리,3.70%,3.13%,"313,000",3.70%,영업점,1,제한없음,단리,,없음,1개월이하-약정금리와 기준금리 중 낮은금리 1개월초과-보통예금이율,없음,,20260720,,202607201300,금융감독원 금융상품한눈에 Open API,2026-08-10T14:19:08
030300,저축은행,202607,0010562,오성저축은행,240001,정기예금,24,S,단리,2.26%,1.91%,"382,000",2.26%,영업점,1,제한없음,단리,,없음,1개월이하-약정금리와 기준금리 중 낮은금리 1개월초과-보통예금이율,없음,,20260720,,202607201300,금융감독원 금융상품한눈에 Open API,2026-08-10T14:19:08
030300,저축은행,202607,0010562,오성저축은행,240001,정기예금,36,S,단리,2.14%,1.81%,"543,000",2.14%,영업점,1,제한없음,단리,,없음,1개월이하-약정금리와 기준금리 중 낮은금리 1개월초과-보통예금이율,없음,,20260720,,202607201300,금융감독원 금융상품한눈에 Open API,2026-08-10T14:19:08
030300,저축은행,202607,0010562,오성저축은행,240001,정기예금,1,M,복리,0.50%,0.42%,"3,525",0.50%,영업점,1,제한없음,복리,,없음,1개월이하-약정금리와 기준금리 중 낮은금리 1개월초과-보통예금이율,없음,,20260720,,202607201300,금융감독원 금융상품한눈에 Open API,2026-08-10T14:19:08
030300,저축은행,202607,0010562,오성저축은행,240001,정기예금,3,M,복리,2.00%,1.69%,"42,371",2.00%,영업점,1,제한없음,복리,,없음,1개월이하-약정금리와 기준금리 중 낮은금리 1개월초과-보통예금이율,없음,,20260720,,202607201300,금융감독원 금융상품한눈에 Open API,2026-08-10T14:19:08
030300,저축은행,202607,0010562,오성저축은행,240001,정기예금,6,M,복리,2.39%,2.02%,"101,602",2.39%,영업점,1,제한없음,복리,,없음,1개월이하-약정금리와 기준금리 중 낮은금리 1개월초과-보통예금이율,없음,,20260720,,202607201300,금융감독원 금융상품한눈에 Open API,2026-08-10T14:19:08
030300,저축은행,202607,0010562,오성저축은행,240001,정기예금,12,M,복리,3.70%,3.13%,"318,383",3.70%,영업점,1,제한없음,복리,,없음,1개월이하-약정금리와 기준금리 중 낮은금리 1개월초과-보통예금이율,없음,,20260720,,202607201300,금융감독원 금융상품한눈에 Open API,2026-08-10T14:19:08
030300,저축은행,202607,0010562,오성저축은행,240001,정기예금,24,M,복리,2.26%,1.91%,"390,789",2.26%,영업점,1,제한없음,복리,,없음,1개월이하-약정금리와 기준금리 중 낮은금리 1개월초과-보통예금이율,없음,,20260720,,202607201300,금융감독원 금융상품한눈에 Open API,2026-08-10T14:19:08
030300,저축은행,202607,0010562,오성저축은행,240001,정기예금,36,M,복리,2.14%,1.81%,"560,430",2.14%,영업점,1,제한없음,복리,,없음,1개월이하-약정금리와 기준금리 중 낮은금리 1개월초과-보통예금이율,없음,,20260720,,202607201300,금융감독원 금융상품한눈에 Open API,2026-08-10T14:19:08
030300,저축은행,202607,0010562,오성저축은행,240002,정기예금(비대면),1,S,단리,0.50%,0.42%,"4,000",0.50%,"인터넷,스마트폰",1,제한없음,단리,,없음,1개월이하-약정금리와 기준금리 중 낮은금리 1개월초과-보통예금이율,없음,,20260720,,202607201300,금융감독원 금융상품한눈에 Open API,2026-08-10T14:19:08
030300,저축은행,202607,0010562,오성저축은행,240002,정기예금(비대면),3,S,단리,2.00%,1.69%,"42,000",2.00%,"인터넷,스마트폰",1,제한없음,단리,,없음,1개월이하-약정금리와 기준금리 중 낮은금리 1개월초과-보통예금이율,없음,,20260720,,202607201300,금융감독원 금융상품한눈에 Open API,2026-08-10T14:19:08
030300,저축은행,202607,0010562,오성저축은행,240002,정기예금(비대면),6,S,단리,2.39%,2.02%,"101,000",2.39%,"인터넷,스마트폰",1,제한없음,단리,,없음,1개월이하-약정금리와 기준금리 중 낮은금리 1개월초과-보통예금이율,없음,,20260720,,202607201300,금융감독원 금융상품한눈에 Open API,2026-08-10T14:19:08
030300,저축은행,202607,0010562,오성저축은행,240002,정기예금(비대면),12,S,단리,3.70%,3.13%,"313,000",3.70%,"인터넷,스마트폰",1,제한없음,단리,,없음,1개월이하-약정금리와 기준금리 중 낮은금리 1개월초과-보통예금이율,없음,,20260720,,202607201300,금융감독원 금융상품한눈에 Open API,2026-08-10T14:19:08
030300,저축은행,202607,0010562,오성저축은행,240002,정기예금(비대면),24,S,단리,2.26%,1.91%,"382,000",2.26%,"인터넷,스마트폰",1,제한없음,단리,,없음,1개월이하-약정금리와 기준금리 중 낮은금리 1개월초과-보통예금이율,없음,,20260720,,202607201300,금융감독원 금융상품한눈에 Open API,2026-08-10T14:19:08
030300,저축은행,202607,0010562,오성저축은행,240002,정기예금(비대면),36,S,단리,2.14%,1.81%,"543,000",2.14%,"인터넷,스마트폰",1,제한없음,단리,,없음,1개월이하-약정금리와 기준금리 중 낮은금리 1개월초과-보통예금이율,없음,,20260720,,202607201300,금융감독원 금융상품한눈에 Open API,2026-08-10T14:19:08
030300,저축은행,202607,0010562,오성저축은행,240002,정기예금(비대면),1,M,복리,0.50%,0.42%,"3,525",0.50%,"인터넷,스마트폰",1,제한없음,복리,,없음,1개월이하-약정금리와 기준금리 중 낮은금리 1개월초과-보통예금이율,없음,,20260720,,202607201300,금융감독원 금융상품한눈에 Open API,2026-08-10T14:19:08
030300,저축은행,202607,0010562,오성저축은행,240002,정기예금(비대면),3,M,복리,2.00%,1.69%,"42,371",2.00%,"인터넷,스마트폰",1,제한없음,복리,,없음,1개월이하-약정금리와 기준금리 중 낮은금리 1개월초과-보통예금이율,없음,,20260720,,202607201300,금융감독원 금융상품한눈에 Open API,2026-08-10T14:19:08
030300,저축은행,202607,0010562,오성저축은행,240002,정기예금(비대면),6,M,복리,2.39%,2.02%,"101,602",2.39%,"인터넷,스마트폰",1,제한없음,복리,,없음,1개월이하-약정금리와 기준금리 중 낮은금리 1개월초과-보통예금이율,없음,,20260720,,202607201300,금융감독원 금융상품한눈에 Open API,2026-08-10T14:19:08
030300,저축은행,202607,0010562,오성저축은행,240002,정기예금(비대면),12,M,복리,3.70%,3.13%,"318,383",3.70%,"인터넷,스마트폰",1,제한없음,복리,,없음,1개월이하-약정금리와 기준금리 중 낮은금리 1개월초과-보통예금이율,없음,,20260720,,202607201300,금융감독원 금융상품한눈에 Open API,2026-08-10T14:19:08
030300,저축은행,202607,0010562,오성저축은행,240002,정기예금(비대면),24,M,복리,2.26%,1.91%,"390,789",2.26%,"인터넷,스마트폰",1,제한없음,복리,,없음,1개월이하-약정금리와 기준금리 중 낮은금리 1개월초과-보통예금이율,없음,,20260720,,202607201300,금융감독원 금융상품한눈에 Open API,2026-08-10T14:19:08
030300,저축은행,202607,0010562,오성저축은행,240002,정기예금(비대면),36,M,복리,2.14%,1.81%,"560,430",2.14%,"인터넷,스마트폰",1,제한없음,복리,,없음,1개월이하-약정금리와 기준금리 중 낮은금리 1개월초과-보통예금이율,없음,,20260720,,202607201300,금융감독원 금융상품한눈에 Open API,2026-08-10T14:19:08
030300,저축은행,202607,0010562,오성저축은행,240003,회전식정기예금,12,S,단리,3.70%,3.13%,"313,000",3.70%,영업점,1,제한없음,단리,,없음,1개월이하-약정금리와 기준금리 중 낮은금리 1개월초과-보통예금이율,없음,,20260720,,202607201300,금융감독원 금융상품한눈에 Open API,2026-08-10T14:19:08
030300,저축은행,202607,0010562,오성저축은행,240003,회전식정기예금,12,M,복리,3.70%,3.13%,"318,383",3.70%,영업점,1,제한없음,복리,,없음,1개월이하-약정금리와 기준금리 중 낮은금리 1개월초과-보통예금이율,없음,,20260720,,202607201300,금융감독원 금융상품한눈에 Open API,2026-08-10T14:19:08
030300,저축은행,202607,0010562,오성저축은행,240004,회전식정기예금 (비대면),12,S,단리,3.70%,3.13%,"313,000",3.70%,"인터넷,스마트폰",1,제한없음,단리,,없음,1개월이하-약정금리와 기준금리 중 낮은금리 1개월초과-보통예금이율,없음,,20260720,,202607201300,금융감독원 금융상품한눈에 Open API,2026-08-10T14:19:08
030300,저축은행,202607,0010562,오성저축은행,240004,회전식정기예금 (비대면),12,M,복리,3.70%,3.13%,"318,383",3.70%,"인터넷,스마트폰",1,제한없음,복리,,없음,1개월이하-약정금리와 기준금리 중 낮은금리 1개월초과-보통예금이율,없음,,20260720,,202607201300,금융감독원 금융상품한눈에 Open API,2026-08-10T14:19:08
030300,저축은행,202607,0010562,오성저축은행,240005,회전식정기예금 6M,6,S,단리,2.39%,2.02%,"101,000",2.39%,영업점,1,제한없음,단리,,없음,1개월이하-약정금리와 기준금리 중 낮은금리 1개월초과-보통예금이율,없음,,20260720,,202607201300,금융감독원 금융상품한눈에 Open API,2026-08-10T14:19:08
030300,저축은행,202607,0010562,오성저축은행,240005,회전식정기예금 6M,6,M,복리,2.39%,2.02%,"101,602",2.39%,영업점,1,제한없음,복리,,없음,1개월이하-약정금리와 기준금리 중 낮은금리 1개월초과-보통예금이율,없음,,20260720,,202607201300,금융감독원 금융상품한눈에 Open API,2026-08-10T14:19:08
030300,저축은행,202607,0010562,오성저축은행,240006,회전식정기예금 6M (비대면),6,S,단리,2.39%,2.02%,"101,000",2.39%,"인터넷,스마트폰",1,제한없음,단리,,없음,1개월이하-약정금리와 기준금리 중 낮은금리 1개월초과-보통예금이율,없음,,20260720,,202607201300,금융감독원 금융상품한눈에 Open API,2026-08-10T14:19:08
030300,저축은행,202607,0010562,오성저축은행,240006,회전식정기예금 6M (비대면),6,M,복리,2.39%,2.02%,"101,602",2.39%,"인터넷,스마트폰",1,제한없음,복리,,없음,1개월이하-약정금리와 기준금리 중 낮은금리 1개월초과-보통예금이율,없음,,20260720,,202607201300,금융감독원 금융상품한눈에 Open API,2026-08-10T14:19:08
030300,저축은행,202607,0010568,대원저축은행,240002,정기예금,1,S,단리,1.50%,1.27%,"11,000",1.50%,영업점,1,제한없음,단리,,없음,1. 만기후 1개월 이내: 가입당시 약정금리 적용 2. 만기후 1개월 초과: 보통예금 이율,최소금액: 10만원 이상,97000000,20260720,,202607201300,금융감독원 금융상품한눈에 Open API,2026-08-10T14:19:08
030300,저축은행,202607,0010568,대원저축은행,240002,정기예금,3,S,단리,2.00%,1.69%,"42,000",2.00%,영업점,1,제한없음,단리,,없음,1. 만기후 1개월 이내: 가입당시 약정금리 적용 2. 만기후 1개월 초과: 보통예금 이율,최소금액: 10만원 이상,97000000,20260720,,202607201300,금융감독원 금융상품한눈에 Open API,2026-08-10T14:19:08
030300,저축은행,202607,0010568,대원저축은행,240002,정기예금,6,S,단리,2.10%,1.78%,"89,000",2.10%,영업점,1,제한없음,단리,,없음,1. 만기후 1개월 이내: 가입당시 약정금리 적용 2. 만기후 1개월 초과: 보통예금 이율,최소금액: 10만원 이상,97000000,20260720,,202607201300,금융감독원 금융상품한눈에 Open API,2026-08-10T14:19:08
030300,저축은행,202607,0010568,대원저축은행,240002,정기예금,12,S,단리,3.00%,2.54%,"254,000",3.00%,영업점,1,제한없음,단리,,없음,1. 만기후 1개월 이내: 가입당시 약정금리 적용 2. 만기후 1개월 초과: 보통예금 이율,최소금액: 10만원 이상,97000000,20260720,,202607201300,금융감독원 금융상품한눈에 Open API,2026-08-10T14:19:08
030300,저축은행,202607,0010568,대원저축은행,240002,정기예금,24,S,단리,2.50%,2.11%,"423,000",2.50%,영업점,1,제한없음,단리,,없음,1. 만기후 1개월 이내: 가입당시 약정금리 적용 2. 만기후 1개월 초과: 보통예금 이율,최소금액: 10만원 이상,97000000,20260720,,202607201300,금융감독원 금융상품한눈에 Open API,2026-08-10T14:19:08
030300,저축은행,202607,0010568,대원저축은행,240002,정기예금,36,S,단리,2.50%,2.11%,"634,000",2.50%,영업점,1,제한없음,단리,,없음,1. 만기후 1개월 이내: 가입당시 약정금리 적용 2. 만기후 1개월 초과: 보통예금 이율,최소금액: 10만원 이상,97000000,20260720,,202607201300,금융감독원 금융상품한눈에 Open API,2026-08-10T14:19:08
030300,저축은행,202607,0010568,대원저축은행,240002,정기예금,1,M,복리,1.50%,1.27%,"10,575",1.50%,영업점,1,제한없음,복리,,없음,1. 만기후 1개월 이내: 가입당시 약정금리 적용 2. 만기후 1개월 초과: 보통예금 이율,최소금액: 10만원 이상,97000000,20260720,,202607201300,금융감독원 금융상품한눈에 Open API,2026-08-10T14:19:08
030300,저축은행,202607,0010568,대원저축은행,240002,정기예금,3,M,복리,2.00%,1.69%,"42,371",2.00%,영업점,1,제한없음,복리,,없음,1. 만기후 1개월 이내: 가입당시 약정금리 적용 2. 만기후 1개월 초과: 보통예금 이율,최소금액: 10만원 이상,97000000,20260720,,202607201300,금융감독원 금융상품한눈에 Open API,2026-08-10T14:19:08
030300,저축은행,202607,0010568,대원저축은행,240002,정기예금,6,M,복리,2.10%,1.78%,"89,220",2.10%,영업점,1,제한없음,복리,,없음,1. 만기후 1개월 이내: 가입당시 약정금리 적용 2. 만기후 1개월 초과: 보통예금 이율,최소금액: 10만원 이상,97000000,20260720,,202607201300,금융감독원 금융상품한눈에 Open API,2026-08-10T14:19:08
030300,저축은행,202607,0010568,대원저축은행,240002,정기예금,12,M,복리,3.04%,2.57%,"260,798",3.04%,영업점,1,제한없음,복리,,없음,1. 만기후 1개월 이내: 가입당시 약정금리 적용 2. 만기후 1개월 초과: 보통예금 이율,최소금액: 10만원 이상,97000000,20260720,,202607201300,금융감독원 금융상품한눈에 Open API,2026-08-10T14:19:08
030300,저축은행,202607,0010568,대원저축은행,240002,정기예금,24,M,복리,2.50%,2.11%,"433,291",2.50%,영업점,1,제한없음,복리,,없음,1. 만기후 1개월 이내: 가입당시 약정금리 적용 2. 만기후 1개월 초과: 보통예금 이율,최소금액: 10만원 이상,97000000,20260720,,202607201300,금융감독원 금융상품한눈에 Open API,2026-08-10T14:19:08
030300,저축은행,202607,0010568,대원저축은행,240002,정기예금,36,M,복리,2.50%,2.11%,"658,189",2.50%,영업점,1,제한없음,복리,,없음,1. 만기후 1개월 이내: 가입당시 약정금리 적용 2. 만기후 1개월 초과: 보통예금 이율,최소금액: 10만원 이상,97000000,20260720,,202607201300,금융감독원 금융상품한눈에 Open API,2026-08-10T14:19:08
030300,저축은행,202607,0010569,에스앤티저축은행,240014,정기예금,3,S,단리,2.00%,1.69%,"42,000",2.00%,영업점,1,제한없음,단리,,없음,-만기 후 1개월 이내 : 가입당시 약정금리 -만기 후 1개월 초과 : 0.20% (보통예금 금리적용),-,,20260804,,202608040840,금융감독원 금융상품한눈에 Open API,2026-08-10T14:19:08
030300,저축은행,202607,0010569,에스앤티저축은행,240014,정기예금,6,S,단리,2.65%,2.24%,"112,000",2.65%,영업점,1,제한없음,단리,,없음,-만기 후 1개월 이내 : 가입당시 약정금리 -만기 후 1개월 초과 : 0.20% (보통예금 금리적용),-,,20260804,,202608040840,금융감독원 금융상품한눈에 Open API,2026-08-10T14:19:08
030300,저축은행,202607,0010569,에스앤티저축은행,240014,정기예금,12,S,단리,4.00%,3.38%,"338,000",4.00%,영업점,1,제한없음,단리,,없음,-만기 후 1개월 이내 : 가입당시 약정금리 -만기 후 1개월 초과 : 0.20% (보통예금 금리적용),-,,20260804,,202608040840,금융감독원 금융상품한눈에 Open API,2026-08-10T14:19:08
030300,저축은행,202607,0010569,에스앤티저축은행,240014,정기예금,24,S,단리,2.65%,2.24%,"448,000",2.65%,영업점,1,제한없음,단리,,없음,-만기 후 1개월 이내 : 가입당시 약정금리 -만기 후 1개월 초과 : 0.20% (보통예금 금리적용),-,,20260804,,202608040840,금융감독원 금융상품한눈에 Open API,2026-08-10T14:19:08
030300,저축은행,202607,0010569,에스앤티저축은행,240014,정기예금,3,M,복리,2.00%,1.69%,"42,371",2.00%,영업점,1,제한없음,복리,,없음,-만기 후 1개월 이내 : 가입당시 약정금리 -만기 후 1개월 초과 : 0.20% (보통예금 금리적용),-,,20260804,,202608040840,금융감독원 금융상품한눈에 Open API,2026-08-10T14:19:08
030300,저축은행,202607,0010569,에스앤티저축은행,240014,정기예금,6,M,복리,2.65%,2.24%,"112,716",2.65%,영업점,1,제한없음,복리,,없음,-만기 후 1개월 이내 : 가입당시 약정금리 -만기 후 1개월 초과 : 0.20% (보통예금 금리적용),-,,20260804,,202608040840,금융감독원 금융상품한눈에 Open API,2026-08-10T14:19:08
030300,저축은행,202607,0010569,에스앤티저축은행,240014,정기예금,12,M,복리,4.00%,3.38%,"344,673",4.00%,영업점,1,제한없음,복리,,없음,-만기 후 1개월 이내 : 가입당시 약정금리 -만기 후 1개월 초과 : 0.20% (보통예금 금리적용),-,,20260804,,202608040840,금융감독원 금융상품한눈에 Open API,2026-08-10T14:19:08
030300,저축은행,202607,0010569,에스앤티저축은행,240014,정기예금,24,M,복리,2.65%,2.24%,"459,954",2.65%,영업점,1,제한없음,복리,,없음,-만기 후 1개월 이내 : 가입당시 약정금리 -만기 후 1개월 초과 : 0.20% (보통예금 금리적용),-,,20260804,,202608040840,금융감독원 금융상품한눈에 Open API,2026-08-10T14:19:08
030300,저축은행,202607,0010569,에스앤티저축은행,240016,정기예금(비대면),3,S,단리,2.00%,1.69%,"42,000",2.00%,"인터넷,스마트폰",1,제한없음,단리,,없음,-만기 후 1개월 이내 : 가입당시 약정금리 -만기 후 1개월 초과 : 0.20% (보통예금 금리적용),-,,20260804,,202608040840,금융감독원 금융상품한눈에 Open API,2026-08-10T14:19:08
030300,저축은행,202607,0010569,에스앤티저축은행,240016,정기예금(비대면),6,S,단리,2.65%,2.24%,"112,000",2.65%,"인터넷,스마트폰",1,제한없음,단리,,없음,-만기 후 1개월 이내 : 가입당시 약정금리 -만기 후 1개월 초과 : 0.20% (보통예금 금리적용),-,,20260804,,202608040840,금융감독원 금융상품한눈에 Open API,2026-08-10T14:19:08
030300,저축은행,202607,0010569,에스앤티저축은행,240016,정기예금(비대면),12,S,단리,4.00%,3.38%,"338,000",4.00%,"인터넷,스마트폰",1,제한없음,단리,,없음,-만기 후 1개월 이내 : 가입당시 약정금리 -만기 후 1개월 초과 : 0.20% (보통예금 금리적용),-,,20260804,,202608040840,금융감독원 금융상품한눈에 Open API,2026-08-10T14:19:08
030300,저축은행,202607,0010569,에스앤티저축은행,240016,정기예금(비대면),24,S,단리,2.65%,2.24%,"448,000",2.65%,"인터넷,스마트폰",1,제한없음,단리,,없음,-만기 후 1개월 이내 : 가입당시 약정금리 -만기 후 1개월 초과 : 0.20% (보통예금 금리적용),-,,20260804,,202608040840,금융감독원 금융상품한눈에 Open API,2026-08-10T14:19:08
030300,저축은행,202607,0010569,에스앤티저축은행,240016,정기예금(비대면),3,M,복리,2.00%,1.69%,"42,371",2.00%,"인터넷,스마트폰",1,제한없음,복리,,없음,-만기 후 1개월 이내 : 가입당시 약정금리 -만기 후 1개월 초과 : 0.20% (보통예금 금리적용),-,,20260804,,202608040840,금융감독원 금융상품한눈에 Open API,2026-08-10T14:19:08
030300,저축은행,202607,0010569,에스앤티저축은행,240016,정기예금(비대면),6,M,복리,2.65%,2.24%,"112,716",2.65%,"인터넷,스마트폰",1,제한없음,복리,,없음,-만기 후 1개월 이내 : 가입당시 약정금리 -만기 후 1개월 초과 : 0.20% (보통예금 금리적용),-,,20260804,,202608040840,금융감독원 금융상품한눈에 Open API,2026-08-10T14:19:08
030300,저축은행,202607,0010569,에스앤티저축은행,240016,정기예금(비대면),12,M,복리,4.00%,3.38%,"344,673",4.00%,"인터넷,스마트폰",1,제한없음,복리,,없음,-만기 후 1개월 이내 : 가입당시 약정금리 -만기 후 1개월 초과 : 0.20% (보통예금 금리적용),-,,20260804,,202608040840,금융감독원 금융상품한눈에 Open API,2026-08-10T14:19:08
030300,저축은행,202607,0010569,에스앤티저축은행,240016,정기예금(비대면),24,M,복리,2.65%,2.24%,"459,954",2.65%,"인터넷,스마트폰",1,제한없음,복리,,없음,-만기 후 1개월 이내 : 가입당시 약정금리 -만기 후 1개월 초과 : 0.20% (보통예금 금리적용),-,,20260804,,202608040840,금융감독원 금융상품한눈에 Open API,2026-08-10T14:19:08
030300,저축은행,202607,0010572,솔브레인저축은행,240001,정기예금,1,S,단리,1.80%,1.52%,"13,000",1.80%,영업점,1,제한없음,단리,,없음,- 만기후 1개월 까지 : 계약기간별 [가입 시 약정이율과 만기 시 약정이율] 중 낮은이율 - 만기후 1개월 이후 : 보통예금 이율(0.3%),없음,,20260731,,202607311758,금융감독원 금융상품한눈에 Open API,2026-08-10T14:19:08
030300,저축은행,202607,0010572,솔브레인저축은행,240001,정기예금,3,S,단리,2.10%,1.78%,"44,000",2.10%,영업점,1,제한없음,단리,,없음,- 만기후 1개월 까지 : 계약기간별 [가입 시 약정이율과 만기 시 약정이율] 중 낮은이율 - 만기후 1개월 이후 : 보통예금 이율(0.3%),없음,,20260731,,202607311758,금융감독원 금융상품한눈에 Open API,2026-08-10T14:19:08
030300,저축은행,202607,0010572,솔브레인저축은행,240001,정기예금,6,S,단리,2.40%,2.03%,"102,000",2.40%,영업점,1,제한없음,단리,,없음,- 만기후 1개월 까지 : 계약기간별 [가입 시 약정이율과 만기 시 약정이율] 중 낮은이율 - 만기후 1개월 이후 : 보통예금 이율(0.3%),없음,,20260731,,202607311758,금융감독원 금융상품한눈에 Open API,2026-08-10T14:19:08
030300,저축은행,202607,0010572,솔브레인저축은행,240001,정기예금,12,S,단리,4.00%,3.38%,"338,000",4.00%,영업점,1,제한없음,단리,,없음,- 만기후 1개월 까지 : 계약기간별 [가입 시 약정이율과 만기 시 약정이율] 중 낮은이율 - 만기후 1개월 이후 : 보통예금 이율(0.3%),없음,,20260731,,202607311758,금융감독원 금융상품한눈에 Open API,2026-08-10T14:19:08
030300,저축은행,202607,0010572,솔브레인저축은행,240001,정기예금,24,S,단리,2.40%,2.03%,"406,000",2.40%,영업점,1,제한없음,단리,,없음,- 만기후 1개월 까지 : 계약기간별 [가입 시 약정이율과 만기 시 약정이율] 중 낮은이율 - 만기후 1개월 이후 : 보통예금 이율(0.3%),없음,,20260731,,202607311758,금융감독원 금융상품한눈에 Open API,2026-08-10T14:19:08
030300,저축은행,202607,0010572,솔브레인저축은행,240001,정기예금,1,M,복리,1.80%,1.52%,"12,690",1.80%,영업점,1,제한없음,복리,,없음,- 만기후 1개월 까지 : 계약기간별 [가입 시 약정이율과 만기 시 약정이율] 중 낮은이율 - 만기후 1개월 이후 : 보통예금 이율(0.3%),없음,,20260731,,202607311758,금융감독원 금융상품한눈에 Open API,2026-08-10T14:19:08
030300,저축은행,202607,0010572,솔브레인저축은행,240001,정기예금,3,M,복리,2.10%,1.78%,"44,493",2.10%,영업점,1,제한없음,복리,,없음,- 만기후 1개월 까지 : 계약기간별 [가입 시 약정이율과 만기 시 약정이율] 중 낮은이율 - 만기후 1개월 이후 : 보통예금 이율(0.3%),없음,,20260731,,202607311758,금융감독원 금융상품한눈에 Open API,2026-08-10T14:19:08
030300,저축은행,202607,0010572,솔브레인저축은행,240001,정기예금,6,M,복리,2.40%,2.03%,"102,029",2.40%,영업점,1,제한없음,복리,,없음,- 만기후 1개월 까지 : 계약기간별 [가입 시 약정이율과 만기 시 약정이율] 중 낮은이율 - 만기후 1개월 이후 : 보통예금 이율(0.3%),없음,,20260731,,202607311758,금융감독원 금융상품한눈에 Open API,2026-08-10T14:19:08
030300,저축은행,202607,0010572,솔브레인저축은행,240001,정기예금,12,M,복리,4.00%,3.38%,"344,673",4.00%,영업점,1,제한없음,복리,,없음,- 만기후 1개월 까지 : 계약기간별 [가입 시 약정이율과 만기 시 약정이율] 중 낮은이율 - 만기후 1개월 이후 : 보통예금 이율(0.3%),없음,,20260731,,202607311758,금융감독원 금융상품한눈에 Open API,2026-08-10T14:19:08
030300,저축은행,202607,0010572,솔브레인저축은행,240001,정기예금,24,M,복리,2.40%,2.03%,"415,558",2.40%,영업점,1,제한없음,복리,,없음,- 만기후 1개월 까지 : 계약기간별 [가입 시 약정이율과 만기 시 약정이율] 중 낮은이율 - 만기후 1개월 이후 : 보통예금 이율(0.3%),없음,,20260731,,202607311758,금융감독원 금융상품한눈에 Open API,2026-08-10T14:19:08
030300,저축은행,202607,0010572,솔브레인저축은행,240007,e-정기예금,1,S,단리,1.80%,1.52%,"13,000",1.80%,"인터넷,스마트폰",1,제한없음,단리,,없음,- 만기후 1개월 까지 : 계약기간별 [가입 시 약정이율과 만기 시 약정이율] 중 낮은이율 - 만기후 1개월 이후 : 보통예금 이율(0.3%),없음,,20260731,,202607311758,금융감독원 금융상품한눈에 Open API,2026-08-10T14:19:08
030300,저축은행,202607,0010572,솔브레인저축은행,240007,e-정기예금,3,S,단리,2.10%,1.78%,"44,000",2.10%,"인터넷,스마트폰",1,제한없음,단리,,없음,- 만기후 1개월 까지 : 계약기간별 [가입 시 약정이율과 만기 시 약정이율] 중 낮은이율 - 만기후 1개월 이후 : 보통예금 이율(0.3%),없음,,20260731,,202607311758,금융감독원 금융상품한눈에 Open API,2026-08-10T14:19:08
030300,저축은행,202607,0010572,솔브레인저축은행,240007,e-정기예금,6,S,단리,2.40%,2.03%,"102,000",2.40%,"인터넷,스마트폰",1,제한없음,단리,,없음,- 만기후 1개월 까지 : 계약기간별 [가입 시 약정이율과 만기 시 약정이율] 중 낮은이율 - 만기후 1개월 이후 : 보통예금 이율(0.3%),없음,,20260731,,202607311758,금융감독원 금융상품한눈에 Open API,2026-08-10T14:19:08
030300,저축은행,202607,0010572,솔브레인저축은행,240007,e-정기예금,12,S,단리,3.90%,3.30%,"330,000",3.90%,"인터넷,스마트폰",1,제한없음,단리,,없음,- 만기후 1개월 까지 : 계약기간별 [가입 시 약정이율과 만기 시 약정이율] 중 낮은이율 - 만기후 1개월 이후 : 보통예금 이율(0.3%),없음,,20260731,,202607311758,금융감독원 금융상품한눈에 Open API,2026-08-10T14:19:08
030300,저축은행,202607,0010572,솔브레인저축은행,240007,e-정기예금,24,S,단리,2.40%,2.03%,"406,000",2.40%,"인터넷,스마트폰",1,제한없음,단리,,없음,- 만기후 1개월 까지 : 계약기간별 [가입 시 약정이율과 만기 시 약정이율] 중 낮은이율 - 만기후 1개월 이후 : 보통예금 이율(0.3%),없음,,20260731,,202607311758,금융감독원 금융상품한눈에 Open API,2026-08-10T14:19:08
030300,저축은행,202607,0010572,솔브레인저축은행,240007,e-정기예금,1,M,복리,1.80%,1.52%,"12,690",1.80%,"인터넷,스마트폰",1,제한없음,복리,,없음,- 만기후 1개월 까지 : 계약기간별 [가입 시 약정이율과 만기 시 약정이율] 중 낮은이율 - 만기후 1개월 이후 : 보통예금 이율(0.3%),없음,,20260731,,202607311758,금융감독원 금융상품한눈에 Open API,2026-08-10T14:19:08
030300,저축은행,202607,0010572,솔브레인저축은행,240007,e-정기예금,3,M,복리,2.10%,1.78%,"44,493",2.10%,"인터넷,스마트폰",1,제한없음,복리,,없음,- 만기후 1개월 까지 : 계약기간별 [가입 시 약정이율과 만기 시 약정이율] 중 낮은이율 - 만기후 1개월 이후 : 보통예금 이율(0.3%),없음,,20260731,,202607311758,금융감독원 금융상품한눈에 Open API,2026-08-10T14:19:08
030300,저축은행,202607,0010572,솔브레인저축은행,240007,e-정기예금,6,M,복리,2.40%,2.03%,"102,029",2.40%,"인터넷,스마트폰",1,제한없음,복리,,없음,- 만기후 1개월 까지 : 계약기간별 [가입 시 약정이율과 만기 시 약정이율] 중 낮은이율 - 만기후 1개월 이후 : 보통예금 이율(0.3%),없음,,20260731,,202607311758,금융감독원 금융상품한눈에 Open API,2026-08-10T14:19:08
030300,저축은행,202607,0010572,솔브레인저축은행,240007,e-정기예금,12,M,복리,3.90%,3.30%,"335,902",3.90%,"인터넷,스마트폰",1,제한없음,복리,,없음,- 만기후 1개월 까지 : 계약기간별 [가입 시 약정이율과 만기 시 약정이율] 중 낮은이율 - 만기후 1개월 이후 : 보통예금 이율(0.3%),없음,,20260731,,202607311758,금융감독원 금융상품한눈에 Open API,2026-08-10T14:19:08
030300,저축은행,202607,0010572,솔브레인저축은행,240007,e-정기예금,24,M,복리,2.40%,2.03%,"415,558",2.40%,"인터넷,스마트폰",1,제한없음,복리,,없음,- 만기후 1개월 까지 : 계약기간별 [가입 시 약정이율과 만기 시 약정이율] 중 낮은이율 - 만기후 1개월 이후 : 보통예금 이율(0.3%),없음,,20260731,,202607311758,금융감독원 금융상품한눈에 Open API,2026-08-10T14:19:08
030300,저축은행,202607,0010572,솔브레인저축은행,240010,정기예금(비대면),1,S,단리,1.80%,1.52%,"13,000",1.80%,스마트폰,1,제한없음 (개인(만19세이상)),단리,,없음,- 만기후 1개월 까지 : 계약기간별 [가입 시 약정이율과 만기 시 약정이율] 중 낮은이율 - 만기후 1개월 이후 : 보통예금 이율(0.3%),없음,,20260731,,202607311758,금융감독원 금융상품한눈에 Open API,2026-08-10T14:19:08
030300,저축은행,202607,0010572,솔브레인저축은행,240010,정기예금(비대면),3,S,단리,2.10%,1.78%,"44,000",2.10%,스마트폰,1,제한없음 (개인(만19세이상)),단리,,없음,- 만기후 1개월 까지 : 계약기간별 [가입 시 약정이율과 만기 시 약정이율] 중 낮은이율 - 만기후 1개월 이후 : 보통예금 이율(0.3%),없음,,20260731,,202607311758,금융감독원 금융상품한눈에 Open API,2026-08-10T14:19:08
030300,저축은행,202607,0010572,솔브레인저축은행,240010,정기예금(비대면),6,S,단리,2.40%,2.03%,"102,000",2.40%,스마트폰,1,제한없음 (개인(만19세이상)),단리,,없음,- 만기후 1개월 까지 : 계약기간별 [가입 시 약정이율과 만기 시 약정이율] 중 낮은이율 - 만기후 1개월 이후 : 보통예금 이율(0.3%),없음,,20260731,,202607311758,금융감독원 금융상품한눈에 Open API,2026-08-10T14:19:08
030300,저축은행,202607,0010572,솔브레인저축은행,240010,정기예금(비대면),12,S,단리,3.90%,3.30%,"330,000",3.90%,스마트폰,1,제한없음 (개인(만19세이상)),단리,,없음,- 만기후 1개월 까지 : 계약기간별 [가입 시 약정이율과 만기 시 약정이율] 중 낮은이율 - 만기후 1개월 이후 : 보통예금 이율(0.3%),없음,,20260731,,202607311758,금융감독원 금융상품한눈에 Open API,2026-08-10T14:19:08
030300,저축은행,202607,0010572,솔브레인저축은행,240010,정기예금(비대면),24,S,단리,2.40%,2.03%,"406,000",2.40%,스마트폰,1,제한없음 (개인(만19세이상)),단리,,없음,- 만기후 1개월 까지 : 계약기간별 [가입 시 약정이율과 만기 시 약정이율] 중 낮은이율 - 만기후 1개월 이후 : 보통예금 이율(0.3%),없음,,20260731,,202607311758,금융감독원 금융상품한눈에 Open API,2026-08-10T14:19:08
030300,저축은행,202607,0010572,솔브레인저축은행,240010,정기예금(비대면),1,M,복리,1.80%,1.52%,"12,690",1.80%,스마트폰,1,제한없음 (개인(만19세이상)),복리,,없음,- 만기후 1개월 까지 : 계약기간별 [가입 시 약정이율과 만기 시 약정이율] 중 낮은이율 - 만기후 1개월 이후 : 보통예금 이율(0.3%),없음,,20260731,,202607311758,금융감독원 금융상품한눈에 Open API,2026-08-10T14:19:08
030300,저축은행,202607,0010572,솔브레인저축은행,240010,정기예금(비대면),3,M,복리,2.10%,1.78%,"44,493",2.10%,스마트폰,1,제한없음 (개인(만19세이상)),복리,,없음,- 만기후 1개월 까지 : 계약기간별 [가입 시 약정이율과 만기 시 약정이율] 중 낮은이율 - 만기후 1개월 이후 : 보통예금 이율(0.3%),없음,,20260731,,202607311758,금융감독원 금융상품한눈에 Open API,2026-08-10T14:19:08
030300,저축은행,202607,0010572,솔브레인저축은행,240010,정기예금(비대면),6,M,복리,2.40%,2.03%,"102,029",2.40%,스마트폰,1,제한없음 (개인(만19세이상)),복리,,없음,- 만기후 1개월 까지 : 계약기간별 [가입 시 약정이율과 만기 시 약정이율] 중 낮은이율 - 만기후 1개월 이후 : 보통예금 이율(0.3%),없음,,20260731,,202607311758,금융감독원 금융상품한눈에 Open API,2026-08-10T14:19:08
030300,저축은행,202607,0010572,솔브레인저축은행,240010,정기예금(비대면),12,M,복리,3.90%,3.30%,"335,902",3.90%,스마트폰,1,제한없음 (개인(만19세이상)),복리,,없음,- 만기후 1개월 까지 : 계약기간별 [가입 시 약정이율과 만기 시 약정이율] 중 낮은이율 - 만기후 1개월 이후 : 보통예금 이율(0.3%),없음,,20260731,,202607311758,금융감독원 금융상품한눈에 Open API,2026-08-10T14:19:08
030300,저축은행,202607,0010572,솔브레인저축은행,240010,정기예금(비대면),24,M,복리,2.40%,2.03%,"415,558",2.40%,스마트폰,1,제한없음 (개인(만19세이상)),복리,,없음,- 만기후 1개월 까지 : 계약기간별 [가입 시 약정이율과 만기 시 약정이율] 중 낮은이율 - 만기후 1개월 이후 : 보통예금 이율(0.3%),없음,,20260731,,202607311758,금융감독원 금융상품한눈에 Open API,2026-08-10T14:19:08
030300,저축은행,202607,0010574,동원제일저축은행,240001,정기예금,1,S,단리,1.00%,0.85%,"7,000",1.00%,영업점,1,제한없음,단리,,없음,- 만기 후 1개월 이하: 약정금리와 만기일 현재 정기예금 금리중 낮은 금리 적용 - 만기 후 1개월 초과: 보통예금 금리 적용,없음,,20260804,,202608041544,금융감독원 금융상품한눈에 Open API,2026-08-10T14:19:08
030300,저축은행,202607,0010574,동원제일저축은행,240001,정기예금,3,S,단리,2.00%,1.69%,"42,000",2.00%,영업점,1,제한없음,단리,,없음,- 만기 후 1개월 이하: 약정금리와 만기일 현재 정기예금 금리중 낮은 금리 적용 - 만기 후 1개월 초과: 보통예금 금리 적용,없음,,20260804,,202608041544,금융감독원 금융상품한눈에 Open API,2026-08-10T14:19:08
030300,저축은행,202607,0010574,동원제일저축은행,240001,정기예금,6,S,단리,3.50%,2.96%,"148,000",3.50%,영업점,1,제한없음,단리,,없음,- 만기 후 1개월 이하: 약정금리와 만기일 현재 정기예금 금리중 낮은 금리 적용 - 만기 후 1개월 초과: 보통예금 금리 적용,없음,,20260804,,202608041544,금융감독원 금융상품한눈에 Open API,2026-08-10T14:19:08
030300,저축은행,202607,0010574,동원제일저축은행,240001,정기예금,12,S,단리,3.80%,3.21%,"321,000",3.80%,영업점,1,제한없음,단리,,없음,- 만기 후 1개월 이하: 약정금리와 만기일 현재 정기예금 금리중 낮은 금리 적용 - 만기 후 1개월 초과: 보통예금 금리 적용,없음,,20260804,,202608041544,금융감독원 금융상품한눈에 Open API,2026-08-10T14:19:08
030300,저축은행,202607,0010574,동원제일저축은행,240001,정기예금,1,M,복리,1.00%,0.85%,"7,050",1.00%,영업점,1,제한없음,복리,,없음,- 만기 후 1개월 이하: 약정금리와 만기일 현재 정기예금 금리중 낮은 금리 적용 - 만기 후 1개월 초과: 보통예금 금리 적용,없음,,20260804,,202608041544,금융감독원 금융상품한눈에 Open API,2026-08-10T14:19:08
030300,저축은행,202607,0010574,동원제일저축은행,240001,정기예금,3,M,복리,2.00%,1.69%,"42,371",2.00%,영업점,1,제한없음,복리,,없음,- 만기 후 1개월 이하: 약정금리와 만기일 현재 정기예금 금리중 낮은 금리 적용 - 만기 후 1개월 초과: 보통예금 금리 적용,없음,,20260804,,202608041544,금융감독원 금융상품한눈에 Open API,2026-08-10T14:19:08
030300,저축은행,202607,0010574,동원제일저축은행,240001,정기예금,6,M,복리,3.50%,2.96%,"149,134",3.50%,영업점,1,제한없음,복리,,없음,- 만기 후 1개월 이하: 약정금리와 만기일 현재 정기예금 금리중 낮은 금리 적용 - 만기 후 1개월 초과: 보통예금 금리 적용,없음,,20260804,,202608041544,금융감독원 금융상품한눈에 Open API,2026-08-10T14:19:08
030300,저축은행,202607,0010574,동원제일저축은행,240001,정기예금,12,M,복리,3.80%,3.21%,"327,139",3.80%,영업점,1,제한없음,복리,,없음,- 만기 후 1개월 이하: 약정금리와 만기일 현재 정기예금 금리중 낮은 금리 적용 - 만기 후 1개월 초과: 보통예금 금리 적용,없음,,20260804,,202608041544,금융감독원 금융상품한눈에 Open API,2026-08-10T14:19:08
030300,저축은행,202607,0010574,동원제일저축은행,240009,정기예금(비대면),1,S,단리,1.10%,0.93%,"8,000",1.10%,"인터넷,스마트폰",1,제한없음,단리,,없음,-만기 후 1개월 이하:약정 금리와 만기일 현재 정기예금 금리중 낮은 금리적용 -만기 후 1개월 초과: 보통예금 금리 적용,계좌당 가입한도:5천만원,50000000,20260804,,202608041544,금융감독원 금융상품한눈에 Open API,2026-08-10T14:19:08
030300,저축은행,202607,0010574,동원제일저축은행,240009,정기예금(비대면),3,S,단리,2.00%,1.69%,"42,000",2.00%,"인터넷,스마트폰",1,제한없음,단리,,없음,-만기 후 1개월 이하:약정 금리와 만기일 현재 정기예금 금리중 낮은 금리적용 -만기 후 1개월 초과: 보통예금 금리 적용,계좌당 가입한도:5천만원,50000000,20260804,,202608041544,금융감독원 금융상품한눈에 Open API,2026-08-10T14:19:08
030300,저축은행,202607,0010574,동원제일저축은행,240009,정기예금(비대면),6,S,단리,2.60%,2.20%,"110,000",2.60%,"인터넷,스마트폰",1,제한없음,단리,,없음,-만기 후 1개월 이하:약정 금리와 만기일 현재 정기예금 금리중 낮은 금리적용 -만기 후 1개월 초과: 보통예금 금리 적용,계좌당 가입한도:5천만원,50000000,20260804,,202608041544,금융감독원 금융상품한눈에 Open API,2026-08-10T14:19:08
030300,저축은행,202607,0010574,동원제일저축은행,240009,정기예금(비대면),12,S,단리,2.50%,2.11%,"212,000",2.50%,"인터넷,스마트폰",1,제한없음,단리,,없음,-만기 후 1개월 이하:약정 금리와 만기일 현재 정기예금 금리중 낮은 금리적용 -만기 후 1개월 초과: 보통예금 금리 적용,계좌당 가입한도:5천만원,50000000,20260804,,202608041544,금융감독원 금융상품한눈에 Open API,2026-08-10T14:19:08
030300,저축은행,202607,0010574,동원제일저축은행,240009,정기예금(비대면),1,M,복리,1.10%,0.93%,"7,755",1.10%,"인터넷,스마트폰",1,제한없음,복리,,없음,-만기 후 1개월 이하:약정 금리와 만기일 현재 정기예금 금리중 낮은 금리적용 -만기 후 1개월 초과: 보통예금 금리 적용,계좌당 가입한도:5천만원,50000000,20260804,,202608041544,금융감독원 금융상품한눈에 Open API,2026-08-10T14:19:08
030300,저축은행,202607,0010574,동원제일저축은행,240009,정기예금(비대면),3,M,복리,2.00%,1.69%,"42,371",2.00%,"인터넷,스마트폰",1,제한없음,복리,,없음,-만기 후 1개월 이하:약정 금리와 만기일 현재 정기예금 금리중 낮은 금리적용 -만기 후 1개월 초과: 보통예금 금리 적용,계좌당 가입한도:5천만원,50000000,20260804,,202608041544,금융감독원 금융상품한눈에 Open API,2026-08-10T14:19:08
030300,저축은행,202607,0010574,동원제일저축은행,240009,정기예금(비대면),6,M,복리,2.60%,2.20%,"110,577",2.60%,"인터넷,스마트폰",1,제한없음,복리,,없음,-만기 후 1개월 이하:약정 금리와 만기일 현재 정기예금 금리중 낮은 금리적용 -만기 후 1개월 초과: 보통예금 금리 적용,계좌당 가입한도:5천만원,50000000,20260804,,202608041544,금융감독원 금융상품한눈에 Open API,2026-08-10T14:19:08
030300,저축은행,202607,0010574,동원제일저축은행,240009,정기예금(비대면),12,M,복리,2.50%,2.11%,"213,940",2.50%,"인터넷,스마트폰",1,제한없음,복리,,없음,-만기 후 1개월 이하:약정 금리와 만기일 현재 정기예금 금리중 낮은 금리적용 -만기 후 1개월 초과: 보통예금 금리 적용,계좌당 가입한도:5천만원,50000000,20260804,,202608041544,금융감독원 금융상품한눈에 Open API,2026-08-10T14:19:08
030300,저축은행,202607,0010574,동원제일저축은행,240016,회전정기예금 (변동금리),12,S,단리,3.81%,3.22%,"322,000",3.81%,영업점,1,제한없음,단리,,없음,-만기 후 1개월 까지: 최종약정이율과 현재이율 중 낮은금리 적용 -만기 후 1개월 초과: 보통예금 금리 적용,없음,,20260804,,202608041544,금융감독원 금융상품한눈에 Open API,2026-08-10T14:19:08
030300,저축은행,202607,0010574,동원제일저축은행,240016,회전정기예금 (변동금리),12,M,복리,3.81%,3.22%,"328,015",3.81%,영업점,1,제한없음,복리,,없음,-만기 후 1개월 까지: 최종약정이율과 현재이율 중 낮은금리 적용 -만기 후 1개월 초과: 보통예금 금리 적용,없음,,20260804,,202608041544,금융감독원 금융상품한눈에 Open API,2026-08-10T14:19:08
030300,저축은행,202607,0010574,동원제일저축은행,240018,회전정기예금-비대면(변동금리),12,S,단리,2.50%,2.11%,"212,000",2.50%,"인터넷,스마트폰",1,제한없음,단리,,없음,-만기 후 1개월 까지: 최종약정이율과 현재이율 중 낮은금리 적용 -만기 후 1개월 초과: 보통예금 금리 적용,계좌당 가입한도:5천만원,50000000,20260804,,202608041544,금융감독원 금융상품한눈에 Open API,2026-08-10T14:19:08
030300,저축은행,202607,0010574,동원제일저축은행,240018,회전정기예금-비대면(변동금리),12,M,복리,2.50%,2.11%,"213,940",2.50%,"인터넷,스마트폰",1,제한없음,복리,,없음,-만기 후 1개월 까지: 최종약정이율과 현재이율 중 낮은금리 적용 -만기 후 1개월 초과: 보통예금 금리 적용,계좌당 가입한도:5천만원,50000000,20260804,,202608041544,금융감독원 금융상품한눈에 Open API,2026-08-10T14:19:08
030300,저축은행,202607,0010575,조흥저축은행,JH0001A,정기예금(통영),1,S,단리,0.80%,0.68%,"6,000",0.80%,영업점,1,제한없음,단리,,없음,만기후1개월이내 약정금리와 현행고시금리중 낮은 이율 1개월초과시 보통예금 이자율 적용,제한없음,,20260803,,202608030832,금융감독원 금융상품한눈에 Open API,2026-08-10T14:19:08
030300,저축은행,202607,0010575,조흥저축은행,JH0001A,정기예금(통영),3,S,단리,2.00%,1.69%,"42,000",2.00%,영업점,1,제한없음,단리,,없음,만기후1개월이내 약정금리와 현행고시금리중 낮은 이율 1개월초과시 보통예금 이자율 적용,제한없음,,20260803,,202608030832,금융감독원 금융상품한눈에 Open API,2026-08-10T14:19:08
030300,저축은행,202607,0010575,조흥저축은행,JH0001A,정기예금(통영),6,S,단리,2.30%,1.95%,"97,000",2.30%,영업점,1,제한없음,단리,,없음,만기후1개월이내 약정금리와 현행고시금리중 낮은 이율 1개월초과시 보통예금 이자율 적용,제한없음,,20260803,,202608030832,금융감독원 금융상품한눈에 Open API,2026-08-10T14:19:08
030300,저축은행,202607,0010575,조흥저축은행,JH0001A,정기예금(통영),12,S,단리,3.45%,2.92%,"292,000",3.45%,영업점,1,제한없음,단리,,없음,만기후1개월이내 약정금리와 현행고시금리중 낮은 이율 1개월초과시 보통예금 이자율 적용,제한없음,,20260803,,202608030832,금융감독원 금융상품한눈에 Open API,2026-08-10T14:19:08
030300,저축은행,202607,0010575,조흥저축은행,JH0001A,정기예금(통영),24,S,단리,2.60%,2.20%,"440,000",2.60%,영업점,1,제한없음,단리,,없음,만기후1개월이내 약정금리와 현행고시금리중 낮은 이율 1개월초과시 보통예금 이자율 적용,제한없음,,20260803,,202608030832,금융감독원 금융상품한눈에 Open API,2026-08-10T14:19:08
030300,저축은행,202607,0010575,조흥저축은행,JH0001A,정기예금(통영),36,S,단리,2.60%,2.20%,"660,000",2.60%,영업점,1,제한없음,단리,,없음,만기후1개월이내 약정금리와 현행고시금리중 낮은 이율 1개월초과시 보통예금 이자율 적용,제한없음,,20260803,,202608030832,금융감독원 금융상품한눈에 Open API,2026-08-10T14:19:08
030300,저축은행,202607,0010575,조흥저축은행,JH0001A,정기예금(통영),1,M,복리,0.80%,0.68%,"5,640",0.80%,영업점,1,제한없음,복리,,없음,만기후1개월이내 약정금리와 현행고시금리중 낮은 이율 1개월초과시 보통예금 이자율 적용,제한없음,,20260803,,202608030832,금융감독원 금융상품한눈에 Open API,2026-08-10T14:19:08
030300,저축은행,202607,0010575,조흥저축은행,JH0001A,정기예금(통영),3,M,복리,2.00%,1.69%,"42,371",2.00%,영업점,1,제한없음,복리,,없음,만기후1개월이내 약정금리와 현행고시금리중 낮은 이율 1개월초과시 보통예금 이자율 적용,제한없음,,20260803,,202608030832,금융감독원 금융상품한눈에 Open API,2026-08-10T14:19:08
030300,저축은행,202607,0010575,조흥저축은행,JH0001A,정기예금(통영),6,M,복리,2.30%,1.95%,"97,757",2.30%,영업점,1,제한없음,복리,,없음,만기후1개월이내 약정금리와 현행고시금리중 낮은 이율 1개월초과시 보통예금 이자율 적용,제한없음,,20260803,,202608030832,금융감독원 금융상품한눈에 Open API,2026-08-10T14:19:08
030300,저축은행,202607,0010575,조흥저축은행,JH0001A,정기예금(통영),12,M,복리,3.45%,2.92%,"296,530",3.45%,영업점,1,제한없음,복리,,없음,만기후1개월이내 약정금리와 현행고시금리중 낮은 이율 1개월초과시 보통예금 이자율 적용,제한없음,,20260803,,202608030832,금융감독원 금융상품한눈에 Open API,2026-08-10T14:19:08
030300,저축은행,202607,0010575,조흥저축은행,JH0001A,정기예금(통영),24,M,복리,2.60%,2.20%,"451,058",2.60%,영업점,1,제한없음,복리,,없음,만기후1개월이내 약정금리와 현행고시금리중 낮은 이율 1개월초과시 보통예금 이자율 적용,제한없음,,20260803,,202608030832,금융감독원 금융상품한눈에 Open API,2026-08-10T14:19:08
030300,저축은행,202607,0010575,조흥저축은행,JH0001A,정기예금(통영),36,M,복리,2.60%,2.20%,"685,526",2.60%,영업점,1,제한없음,복리,,없음,만기후1개월이내 약정금리와 현행고시금리중 낮은 이율 1개월초과시 보통예금 이자율 적용,제한없음,,20260803,,202608030832,금융감독원 금융상품한눈에 Open API,2026-08-10T14:19:08
030300,저축은행,202607,0010575,조흥저축은행,JH0002A,정기예금(거제),1,S,단리,0.80%,0.68%,"6,000",0.80%,영업점,1,제한없음,단리,,없음,만기후1개월이내 약정금리와 현행고시금리중 낮은 이율 1개월초과시 보통예금 이자율 적용,제한없음,,20260803,,202608030832,금융감독원 금융상품한눈에 Open API,2026-08-10T14:19:08
030300,저축은행,202607,0010575,조흥저축은행,JH0002A,정기예금(거제),3,S,단리,2.00%,1.69%,"42,000",2.00%,영업점,1,제한없음,단리,,없음,만기후1개월이내 약정금리와 현행고시금리중 낮은 이율 1개월초과시 보통예금 이자율 적용,제한없음,,20260803,,202608030832,금융감독원 금융상품한눈에 Open API,2026-08-10T14:19:08
030300,저축은행,202607,0010575,조흥저축은행,JH0002A,정기예금(거제),6,S,단리,2.30%,1.95%,"97,000",2.30%,영업점,1,제한없음,단리,,없음,만기후1개월이내 약정금리와 현행고시금리중 낮은 이율 1개월초과시 보통예금 이자율 적용,제한없음,,20260803,,202608030832,금융감독원 금융상품한눈에 Open API,2026-08-10T14:19:08
030300,저축은행,202607,0010575,조흥저축은행,JH0002A,정기예금(거제),12,S,단리,3.45%,2.92%,"292,000",3.45%,영업점,1,제한없음,단리,,없음,만기후1개월이내 약정금리와 현행고시금리중 낮은 이율 1개월초과시 보통예금 이자율 적용,제한없음,,20260803,,202608030832,금융감독원 금융상품한눈에 Open API,2026-08-10T14:19:08
030300,저축은행,202607,0010575,조흥저축은행,JH0002A,정기예금(거제),24,S,단리,2.60%,2.20%,"440,000",2.60%,영업점,1,제한없음,단리,,없음,만기후1개월이내 약정금리와 현행고시금리중 낮은 이율 1개월초과시 보통예금 이자율 적용,제한없음,,20260803,,202608030832,금융감독원 금융상품한눈에 Open API,2026-08-10T14:19:08
030300,저축은행,202607,0010575,조흥저축은행,JH0002A,정기예금(거제),36,S,단리,2.60%,2.20%,"660,000",2.60%,영업점,1,제한없음,단리,,없음,만기후1개월이내 약정금리와 현행고시금리중 낮은 이율 1개월초과시 보통예금 이자율 적용,제한없음,,20260803,,202608030832,금융감독원 금융상품한눈에 Open API,2026-08-10T14:19:08
030300,저축은행,202607,0010575,조흥저축은행,JH0002A,정기예금(거제),1,M,복리,0.80%,0.68%,"5,640",0.80%,영업점,1,제한없음,복리,,없음,만기후1개월이내 약정금리와 현행고시금리중 낮은 이율 1개월초과시 보통예금 이자율 적용,제한없음,,20260803,,202608030832,금융감독원 금융상품한눈에 Open API,2026-08-10T14:19:08
030300,저축은행,202607,0010575,조흥저축은행,JH0002A,정기예금(거제),3,M,복리,2.00%,1.69%,"42,371",2.00%,영업점,1,제한없음,복리,,없음,만기후1개월이내 약정금리와 현행고시금리중 낮은 이율 1개월초과시 보통예금 이자율 적용,제한없음,,20260803,,202608030832,금융감독원 금융상품한눈에 Open API,2026-08-10T14:19:08
030300,저축은행,202607,0010575,조흥저축은행,JH0002A,정기예금(거제),6,M,복리,2.30%,1.95%,"97,757",2.30%,영업점,1,제한없음,복리,,없음,만기후1개월이내 약정금리와 현행고시금리중 낮은 이율 1개월초과시 보통예금 이자율 적용,제한없음,,20260803,,202608030832,금융감독원 금융상품한눈에 Open API,2026-08-10T14:19:08
030300,저축은행,202607,0010575,조흥저축은행,JH0002A,정기예금(거제),12,M,복리,3.45%,2.92%,"296,530",3.45%,영업점,1,제한없음,복리,,없음,만기후1개월이내 약정금리와 현행고시금리중 낮은 이율 1개월초과시 보통예금 이자율 적용,제한없음,,20260803,,202608030832,금융감독원 금융상품한눈에 Open API,2026-08-10T14:19:08
030300,저축은행,202607,0010575,조흥저축은행,JH0002A,정기예금(거제),24,M,복리,2.60%,2.20%,"451,058",2.60%,영업점,1,제한없음,복리,,없음,만기후1개월이내 약정금리와 현행고시금리중 낮은 이율 1개월초과시 보통예금 이자율 적용,제한없음,,20260803,,202608030832,금융감독원 금융상품한눈에 Open API,2026-08-10T14:19:08
030300,저축은행,202607,0010575,조흥저축은행,JH0002A,정기예금(거제),36,M,복리,2.60%,2.20%,"685,526",2.60%,영업점,1,제한없음,복리,,없음,만기후1개월이내 약정금리와 현행고시금리중 낮은 이율 1개월초과시 보통예금 이자율 적용,제한없음,,20260803,,202608030832,금융감독원 금융상품한눈에 Open API,2026-08-10T14:19:08
030300,저축은행,202607,0010575,조흥저축은행,JH0003C,e-정기예금,1,S,단리,0.80%,0.68%,"6,000",0.80%,"인터넷,스마트폰",1,제한없음,단리,,없음,만기후1개월이내 약정금리와 현행고시금리중 낮은 이율 1개월초과시 보통예금 이자율 적용,제한없음,,20260720,,202607201300,금융감독원 금융상품한눈에 Open API,2026-08-10T14:19:08
030300,저축은행,202607,0010575,조흥저축은행,JH0003C,e-정기예금,3,S,단리,2.00%,1.69%,"42,000",2.00%,"인터넷,스마트폰",1,제한없음,단리,,없음,만기후1개월이내 약정금리와 현행고시금리중 낮은 이율 1개월초과시 보통예금 이자율 적용,제한없음,,20260720,,202607201300,금융감독원 금융상품한눈에 Open API,2026-08-10T14:19:08
030300,저축은행,202607,0010575,조흥저축은행,JH0003C,e-정기예금,6,S,단리,2.30%,1.95%,"97,000",2.30%,"인터넷,스마트폰",1,제한없음,단리,,없음,만기후1개월이내 약정금리와 현행고시금리중 낮은 이율 1개월초과시 보통예금 이자율 적용,제한없음,,20260720,,202607201300,금융감독원 금융상품한눈에 Open API,2026-08-10T14:19:08
030300,저축은행,202607,0010575,조흥저축은행,JH0003C,e-정기예금,12,S,단리,3.51%,2.97%,"297,000",3.51%,"인터넷,스마트폰",1,제한없음,단리,,없음,만기후1개월이내 약정금리와 현행고시금리중 낮은 이율 1개월초과시 보통예금 이자율 적용,제한없음,,20260720,,202607201300,금융감독원 금융상품한눈에 Open API,2026-08-10T14:19:08
030300,저축은행,202607,0010575,조흥저축은행,JH0003C,e-정기예금,24,S,단리,2.50%,2.11%,"423,000",2.50%,"인터넷,스마트폰",1,제한없음,단리,,없음,만기후1개월이내 약정금리와 현행고시금리중 낮은 이율 1개월초과시 보통예금 이자율 적용,제한없음,,20260720,,202607201300,금융감독원 금융상품한눈에 Open API,2026-08-10T14:19:08
030300,저축은행,202607,0010575,조흥저축은행,JH0003C,e-정기예금,36,S,단리,2.50%,2.11%,"634,000",2.50%,"인터넷,스마트폰",1,제한없음,단리,,없음,만기후1개월이내 약정금리와 현행고시금리중 낮은 이율 1개월초과시 보통예금 이자율 적용,제한없음,,20260720,,202607201300,금융감독원 금융상품한눈에 Open API,2026-08-10T14:19:08
030300,저축은행,202607,0010575,조흥저축은행,JH0003C,e-정기예금,1,M,복리,0.80%,0.68%,"5,640",0.80%,"인터넷,스마트폰",1,제한없음,복리,,없음,만기후1개월이내 약정금리와 현행고시금리중 낮은 이율 1개월초과시 보통예금 이자율 적용,제한없음,,20260720,,202607201300,금융감독원 금융상품한눈에 Open API,2026-08-10T14:19:08
030300,저축은행,202607,0010575,조흥저축은행,JH0003C,e-정기예금,3,M,복리,2.00%,1.69%,"42,371",2.00%,"인터넷,스마트폰",1,제한없음,복리,,없음,만기후1개월이내 약정금리와 현행고시금리중 낮은 이율 1개월초과시 보통예금 이자율 적용,제한없음,,20260720,,202607201300,금융감독원 금융상품한눈에 Open API,2026-08-10T14:19:08
030300,저축은행,202607,0010575,조흥저축은행,JH0003C,e-정기예금,6,M,복리,2.30%,1.95%,"97,757",2.30%,"인터넷,스마트폰",1,제한없음,복리,,없음,만기후1개월이내 약정금리와 현행고시금리중 낮은 이율 1개월초과시 보통예금 이자율 적용,제한없음,,20260720,,202607201300,금융감독원 금융상품한눈에 Open API,2026-08-10T14:19:08
030300,저축은행,202607,0010575,조흥저축은행,JH0003C,e-정기예금,12,M,복리,3.51%,2.97%,"301,770",3.51%,"인터넷,스마트폰",1,제한없음,복리,,없음,만기후1개월이내 약정금리와 현행고시금리중 낮은 이율 1개월초과시 보통예금 이자율 적용,제한없음,,20260720,,202607201300,금융감독원 금융상품한눈에 Open API,2026-08-10T14:19:08
030300,저축은행,202607,0010575,조흥저축은행,JH0003C,e-정기예금,24,M,복리,2.50%,2.11%,"433,291",2.50%,"인터넷,스마트폰",1,제한없음,복리,,없음,만기후1개월이내 약정금리와 현행고시금리중 낮은 이율 1개월초과시 보통예금 이자율 적용,제한없음,,20260720,,202607201300,금융감독원 금융상품한눈에 Open API,2026-08-10T14:19:08
030300,저축은행,202607,0010575,조흥저축은행,JH0003C,e-정기예금,36,M,복리,2.50%,2.11%,"658,189",2.50%,"인터넷,스마트폰",1,제한없음,복리,,없음,만기후1개월이내 약정금리와 현행고시금리중 낮은 이율 1개월초과시 보통예금 이자율 적용,제한없음,,20260720,,202607201300,금융감독원 금융상품한눈에 Open API,2026-08-10T14:19:08
030300,저축은행,202607,0010576,진주저축은행,240001,"정기예금(진주,통영)",1,S,단리,1.00%,0.85%,"7,000",1.00%,영업점,1,제한없음 (비거주 외국인 외 제한없음),단리,,없음,ㆍ만기일~1개월 까지 : 최초 약정이율과 만기 후 동일상품 신규가입이율 중 낮은 이율 ㆍ1개월 초과 : 연 0.1%,"-65세 이상 거주자로서 [기초연금법] 제2조 제2호에 따른 기초연금 수급자 비과세 종합저축 5,000만원 가능",,20260724,,202607240938,금융감독원 금융상품한눈에 Open API,2026-08-10T14:19:08
030300,저축은행,202607,0010576,진주저축은행,240001,"정기예금(진주,통영)",3,S,단리,3.39%,2.87%,"72,000",3.39%,영업점,1,제한없음 (비거주 외국인 외 제한없음),단리,,없음,ㆍ만기일~1개월 까지 : 최초 약정이율과 만기 후 동일상품 신규가입이율 중 낮은 이율 ㆍ1개월 초과 : 연 0.1%,"-65세 이상 거주자로서 [기초연금법] 제2조 제2호에 따른 기초연금 수급자 비과세 종합저축 5,000만원 가능",,20260724,,202607240938,금융감독원 금융상품한눈에 Open API,2026-08-10T14:19:08
030300,저축은행,202607,0010576,진주저축은행,240001,"정기예금(진주,통영)",6,S,단리,3.47%,2.94%,"147,000",3.47%,영업점,1,제한없음 (비거주 외국인 외 제한없음),단리,,없음,ㆍ만기일~1개월 까지 : 최초 약정이율과 만기 후 동일상품 신규가입이율 중 낮은 이율 ㆍ1개월 초과 : 연 0.1%,"-65세 이상 거주자로서 [기초연금법] 제2조 제2호에 따른 기초연금 수급자 비과세 종합저축 5,000만원 가능",,20260724,,202607240938,금융감독원 금융상품한눈에 Open API,2026-08-10T14:19:08
030300,저축은행,202607,0010576,진주저축은행,240001,"정기예금(진주,통영)",12,S,단리,3.63%,3.07%,"307,000",3.63%,영업점,1,제한없음 (비거주 외국인 외 제한없음),단리,,없음,ㆍ만기일~1개월 까지 : 최초 약정이율과 만기 후 동일상품 신규가입이율 중 낮은 이율 ㆍ1개월 초과 : 연 0.1%,"-65세 이상 거주자로서 [기초연금법] 제2조 제2호에 따른 기초연금 수급자 비과세 종합저축 5,000만원 가능",,20260724,,202607240938,금융감독원 금융상품한눈에 Open API,2026-08-10T14:19:08
030300,저축은행,202607,0010576,진주저축은행,240001,"정기예금(진주,통영)",24,S,단리,3.66%,3.10%,"619,000",3.66%,영업점,1,제한없음 (비거주 외국인 외 제한없음),단리,,없음,ㆍ만기일~1개월 까지 : 최초 약정이율과 만기 후 동일상품 신규가입이율 중 낮은 이율 ㆍ1개월 초과 : 연 0.1%,"-65세 이상 거주자로서 [기초연금법] 제2조 제2호에 따른 기초연금 수급자 비과세 종합저축 5,000만원 가능",,20260724,,202607240938,금융감독원 금융상품한눈에 Open API,2026-08-10T14:19:08
030300,저축은행,202607,0010576,진주저축은행,240001,"정기예금(진주,통영)",1,M,복리,1.00%,0.85%,"7,050",1.00%,영업점,1,제한없음 (비거주 외국인 외 제한없음),복리,,없음,ㆍ만기일~1개월 까지 : 최초 약정이율과 만기 후 동일상품 신규가입이율 중 낮은 이율 ㆍ1개월 초과 : 연 0.1%,"-65세 이상 거주자로서 [기초연금법] 제2조 제2호에 따른 기초연금 수급자 비과세 종합저축 5,000만원 가능",,20260724,,202607240938,금융감독원 금융상품한눈에 Open API,2026-08-10T14:19:08
030300,저축은행,202607,0010576,진주저축은행,240001,"정기예금(진주,통영)",3,M,복리,3.39%,2.87%,"71,901",3.39%,영업점,1,제한없음 (비거주 외국인 외 제한없음),복리,,없음,ㆍ만기일~1개월 까지 : 최초 약정이율과 만기 후 동일상품 신규가입이율 중 낮은 이율 ㆍ1개월 초과 : 연 0.1%,"-65세 이상 거주자로서 [기초연금법] 제2조 제2호에 따른 기초연금 수급자 비과세 종합저축 5,000만원 가능",,20260724,,202607240938,금융감독원 금융상품한눈에 Open API,2026-08-10T14:19:08
030300,저축은행,202607,0010576,진주저축은행,240001,"정기예금(진주,통영)",6,M,복리,3.47%,2.94%,"147,846",3.47%,영업점,1,제한없음 (비거주 외국인 외 제한없음),복리,,없음,ㆍ만기일~1개월 까지 : 최초 약정이율과 만기 후 동일상품 신규가입이율 중 낮은 이율 ㆍ1개월 초과 : 연 0.1%,"-65세 이상 거주자로서 [기초연금법] 제2조 제2호에 따른 기초연금 수급자 비과세 종합저축 5,000만원 가능",,20260724,,202607240938,금융감독원 금융상품한눈에 Open API,2026-08-10T14:19:08
030300,저축은행,202607,0010576,진주저축은행,240001,"정기예금(진주,통영)",12,M,복리,3.63%,3.07%,"312,259",3.63%,영업점,1,제한없음 (비거주 외국인 외 제한없음),복리,,없음,ㆍ만기일~1개월 까지 : 최초 약정이율과 만기 후 동일상품 신규가입이율 중 낮은 이율 ㆍ1개월 초과 : 연 0.1%,"-65세 이상 거주자로서 [기초연금법] 제2조 제2호에 따른 기초연금 수급자 비과세 종합저축 5,000만원 가능",,20260724,,202607240938,금융감독원 금융상품한눈에 Open API,2026-08-10T14:19:08
030300,저축은행,202607,0010576,진주저축은행,240001,"정기예금(진주,통영)",24,M,복리,3.66%,3.10%,"641,487",3.66%,영업점,1,제한없음 (비거주 외국인 외 제한없음),복리,,없음,ㆍ만기일~1개월 까지 : 최초 약정이율과 만기 후 동일상품 신규가입이율 중 낮은 이율 ㆍ1개월 초과 : 연 0.1%,"-65세 이상 거주자로서 [기초연금법] 제2조 제2호에 따른 기초연금 수급자 비과세 종합저축 5,000만원 가능",,20260724,,202607240938,금융감독원 금융상품한눈에 Open API,2026-08-10T14:19:08
030300,저축은행,202607,0010576,진주저축은행,240008,"정기예금(부산,울산,창원)",1,S,단리,1.00%,0.85%,"7,000",1.00%,영업점,1,제한없음 (비거주 외국인 외 제한없음),단리,,없음,ㆍ만기일~1개월 까지 : 최초 약정이율과 만기 후 동일상품 신규가입이율 중 낮은 이율 ㆍ1개월 초과 : 연 0.1%,"-65세 이상 거주자로서 [기초연금법] 제2조 제2호에 따른 기초연금 수급자 비과세 종합저축 5,000만원 가능",,20260724,,202607240938,금융감독원 금융상품한눈에 Open API,2026-08-10T14:19:08
030300,저축은행,202607,0010576,진주저축은행,240008,"정기예금(부산,울산,창원)",3,S,단리,3.39%,2.87%,"72,000",3.39%,영업점,1,제한없음 (비거주 외국인 외 제한없음),단리,,없음,ㆍ만기일~1개월 까지 : 최초 약정이율과 만기 후 동일상품 신규가입이율 중 낮은 이율 ㆍ1개월 초과 : 연 0.1%,"-65세 이상 거주자로서 [기초연금법] 제2조 제2호에 따른 기초연금 수급자 비과세 종합저축 5,000만원 가능",,20260724,,202607240938,금융감독원 금융상품한눈에 Open API,2026-08-10T14:19:08
030300,저축은행,202607,0010576,진주저축은행,240008,"정기예금(부산,울산,창원)",6,S,단리,3.47%,2.94%,"147,000",3.47%,영업점,1,제한없음 (비거주 외국인 외 제한없음),단리,,없음,ㆍ만기일~1개월 까지 : 최초 약정이율과 만기 후 동일상품 신규가입이율 중 낮은 이율 ㆍ1개월 초과 : 연 0.1%,"-65세 이상 거주자로서 [기초연금법] 제2조 제2호에 따른 기초연금 수급자 비과세 종합저축 5,000만원 가능",,20260724,,202607240938,금융감독원 금융상품한눈에 Open API,2026-08-10T14:19:08
030300,저축은행,202607,0010576,진주저축은행,240008,"정기예금(부산,울산,창원)",12,S,단리,3.63%,3.07%,"307,000",3.63%,영업점,1,제한없음 (비거주 외국인 외 제한없음),단리,,없음,ㆍ만기일~1개월 까지 : 최초 약정이율과 만기 후 동일상품 신규가입이율 중 낮은 이율 ㆍ1개월 초과 : 연 0.1%,"-65세 이상 거주자로서 [기초연금법] 제2조 제2호에 따른 기초연금 수급자 비과세 종합저축 5,000만원 가능",,20260724,,202607240938,금융감독원 금융상품한눈에 Open API,2026-08-10T14:19:08
030300,저축은행,202607,0010576,진주저축은행,240008,"정기예금(부산,울산,창원)",24,S,단리,3.66%,3.10%,"619,000",3.66%,영업점,1,제한없음 (비거주 외국인 외 제한없음),단리,,없음,ㆍ만기일~1개월 까지 : 최초 약정이율과 만기 후 동일상품 신규가입이율 중 낮은 이율 ㆍ1개월 초과 : 연 0.1%,"-65세 이상 거주자로서 [기초연금법] 제2조 제2호에 따른 기초연금 수급자 비과세 종합저축 5,000만원 가능",,20260724,,202607240938,금융감독원 금융상품한눈에 Open API,2026-08-10T14:19:08
030300,저축은행,202607,0010576,진주저축은행,240008,"정기예금(부산,울산,창원)",1,M,복리,1.00%,0.85%,"7,050",1.00%,영업점,1,제한없음 (비거주 외국인 외 제한없음),복리,,없음,ㆍ만기일~1개월 까지 : 최초 약정이율과 만기 후 동일상품 신규가입이율 중 낮은 이율 ㆍ1개월 초과 : 연 0.1%,"-65세 이상 거주자로서 [기초연금법] 제2조 제2호에 따른 기초연금 수급자 비과세 종합저축 5,000만원 가능",,20260724,,202607240938,금융감독원 금융상품한눈에 Open API,2026-08-10T14:19:08
030300,저축은행,202607,0010576,진주저축은행,240008,"정기예금(부산,울산,창원)",3,M,복리,3.39%,2.87%,"71,901",3.39%,영업점,1,제한없음 (비거주 외국인 외 제한없음),복리,,없음,ㆍ만기일~1개월 까지 : 최초 약정이율과 만기 후 동일상품 신규가입이율 중 낮은 이율 ㆍ1개월 초과 : 연 0.1%,"-65세 이상 거주자로서 [기초연금법] 제2조 제2호에 따른 기초연금 수급자 비과세 종합저축 5,000만원 가능",,20260724,,202607240938,금융감독원 금융상품한눈에 Open API,2026-08-10T14:19:08
030300,저축은행,202607,0010576,진주저축은행,240008,"정기예금(부산,울산,창원)",6,M,복리,3.47%,2.94%,"147,846",3.47%,영업점,1,제한없음 (비거주 외국인 외 제한없음),복리,,없음,ㆍ만기일~1개월 까지 : 최초 약정이율과 만기 후 동일상품 신규가입이율 중 낮은 이율 ㆍ1개월 초과 : 연 0.1%,"-65세 이상 거주자로서 [기초연금법] 제2조 제2호에 따른 기초연금 수급자 비과세 종합저축 5,000만원 가능",,20260724,,202607240938,금융감독원 금융상품한눈에 Open API,2026-08-10T14:19:08
030300,저축은행,202607,0010576,진주저축은행,240008,"정기예금(부산,울산,창원)",12,M,복리,3.63%,3.07%,"312,259",3.63%,영업점,1,제한없음 (비거주 외국인 외 제한없음),복리,,없음,ㆍ만기일~1개월 까지 : 최초 약정이율과 만기 후 동일상품 신규가입이율 중 낮은 이율 ㆍ1개월 초과 : 연 0.1%,"-65세 이상 거주자로서 [기초연금법] 제2조 제2호에 따른 기초연금 수급자 비과세 종합저축 5,000만원 가능",,20260724,,202607240938,금융감독원 금융상품한눈에 Open API,2026-08-10T14:19:08
030300,저축은행,202607,0010576,진주저축은행,240008,"정기예금(부산,울산,창원)",24,M,복리,3.66%,3.10%,"641,487",3.66%,영업점,1,제한없음 (비거주 외국인 외 제한없음),복리,,없음,ㆍ만기일~1개월 까지 : 최초 약정이율과 만기 후 동일상품 신규가입이율 중 낮은 이율 ㆍ1개월 초과 : 연 0.1%,"-65세 이상 거주자로서 [기초연금법] 제2조 제2호에 따른 기초연금 수급자 비과세 종합저축 5,000만원 가능",,20260724,,202607240938,금융감독원 금융상품한눈에 Open API,2026-08-10T14:19:08
030300,저축은행,202607,0010576,진주저축은행,240011,M-정기예금(비대면),1,S,단리,1.00%,0.85%,"7,000",1.00%,스마트폰,1,제한없음 (비거주 외국인 외 제한없음),단리,,없음,ㆍ만기일~1개월 까지 : 최초 약정이율과 만기 후 동일상품 신규가입이율 중 낮은 이율 ㆍ1개월 초과 : 연 0.1%,"-65세 이상 거주자로서 [기초연금법] 제2조 제2호에 따른 기초연금 수급자 비과세 종합저축 5,000만원 가능",,20260724,,202607240938,금융감독원 금융상품한눈에 Open API,2026-08-10T14:19:08
030300,저축은행,202607,0010576,진주저축은행,240011,M-정기예금(비대면),3,S,단리,3.39%,2.87%,"72,000",3.39%,스마트폰,1,제한없음 (비거주 외국인 외 제한없음),단리,,없음,ㆍ만기일~1개월 까지 : 최초 약정이율과 만기 후 동일상품 신규가입이율 중 낮은 이율 ㆍ1개월 초과 : 연 0.1%,"-65세 이상 거주자로서 [기초연금법] 제2조 제2호에 따른 기초연금 수급자 비과세 종합저축 5,000만원 가능",,20260724,,202607240938,금융감독원 금융상품한눈에 Open API,2026-08-10T14:19:08
030300,저축은행,202607,0010576,진주저축은행,240011,M-정기예금(비대면),6,S,단리,3.47%,2.94%,"147,000",3.47%,스마트폰,1,제한없음 (비거주 외국인 외 제한없음),단리,,없음,ㆍ만기일~1개월 까지 : 최초 약정이율과 만기 후 동일상품 신규가입이율 중 낮은 이율 ㆍ1개월 초과 : 연 0.1%,"-65세 이상 거주자로서 [기초연금법] 제2조 제2호에 따른 기초연금 수급자 비과세 종합저축 5,000만원 가능",,20260724,,202607240938,금융감독원 금융상품한눈에 Open API,2026-08-10T14:19:08
030300,저축은행,202607,0010576,진주저축은행,240011,M-정기예금(비대면),12,S,단리,3.63%,3.07%,"307,000",3.63%,스마트폰,1,제한없음 (비거주 외국인 외 제한없음),단리,,없음,ㆍ만기일~1개월 까지 : 최초 약정이율과 만기 후 동일상품 신규가입이율 중 낮은 이율 ㆍ1개월 초과 : 연 0.1%,"-65세 이상 거주자로서 [기초연금법] 제2조 제2호에 따른 기초연금 수급자 비과세 종합저축 5,000만원 가능",,20260724,,202607240938,금융감독원 금융상품한눈에 Open API,2026-08-10T14:19:08
030300,저축은행,202607,0010576,진주저축은행,240011,M-정기예금(비대면),24,S,단리,3.66%,3.10%,"619,000",3.66%,스마트폰,1,제한없음 (비거주 외국인 외 제한없음),단리,,없음,ㆍ만기일~1개월 까지 : 최초 약정이율과 만기 후 동일상품 신규가입이율 중 낮은 이율 ㆍ1개월 초과 : 연 0.1%,"-65세 이상 거주자로서 [기초연금법] 제2조 제2호에 따른 기초연금 수급자 비과세 종합저축 5,000만원 가능",,20260724,,202607240938,금융감독원 금융상품한눈에 Open API,2026-08-10T14:19:08
030300,저축은행,202607,0010576,진주저축은행,240011,M-정기예금(비대면),1,M,복리,1.00%,0.85%,"7,050",1.00%,스마트폰,1,제한없음 (비거주 외국인 외 제한없음),복리,,없음,ㆍ만기일~1개월 까지 : 최초 약정이율과 만기 후 동일상품 신규가입이율 중 낮은 이율 ㆍ1개월 초과 : 연 0.1%,"-65세 이상 거주자로서 [기초연금법] 제2조 제2호에 따른 기초연금 수급자 비과세 종합저축 5,000만원 가능",,20260724,,202607240938,금융감독원 금융상품한눈에 Open API,2026-08-10T14:19:08
030300,저축은행,202607,0010576,진주저축은행,240011,M-정기예금(비대면),3,M,복리,3.39%,2.87%,"71,901",3.39%,스마트폰,1,제한없음 (비거주 외국인 외 제한없음),복리,,없음,ㆍ만기일~1개월 까지 : 최초 약정이율과 만기 후 동일상품 신규가입이율 중 낮은 이율 ㆍ1개월 초과 : 연 0.1%,"-65세 이상 거주자로서 [기초연금법] 제2조 제2호에 따른 기초연금 수급자 비과세 종합저축 5,000만원 가능",,20260724,,202607240938,금융감독원 금융상품한눈에 Open API,2026-08-10T14:19:08
030300,저축은행,202607,0010576,진주저축은행,240011,M-정기예금(비대면),6,M,복리,3.47%,2.94%,"147,846",3.47%,스마트폰,1,제한없음 (비거주 외국인 외 제한없음),복리,,없음,ㆍ만기일~1개월 까지 : 최초 약정이율과 만기 후 동일상품 신규가입이율 중 낮은 이율 ㆍ1개월 초과 : 연 0.1%,"-65세 이상 거주자로서 [기초연금법] 제2조 제2호에 따른 기초연금 수급자 비과세 종합저축 5,000만원 가능",,20260724,,202607240938,금융감독원 금융상품한눈에 Open API,2026-08-10T14:19:08
030300,저축은행,202607,0010576,진주저축은행,240011,M-정기예금(비대면),12,M,복리,3.63%,3.07%,"312,259",3.63%,스마트폰,1,제한없음 (비거주 외국인 외 제한없음),복리,,없음,ㆍ만기일~1개월 까지 : 최초 약정이율과 만기 후 동일상품 신규가입이율 중 낮은 이율 ㆍ1개월 초과 : 연 0.1%,"-65세 이상 거주자로서 [기초연금법] 제2조 제2호에 따른 기초연금 수급자 비과세 종합저축 5,000만원 가능",,20260724,,202607240938,금융감독원 금융상품한눈에 Open API,2026-08-10T14:19:08
030300,저축은행,202607,0010576,진주저축은행,240011,M-정기예금(비대면),24,M,복리,3.66%,3.10%,"641,487",3.66%,스마트폰,1,제한없음 (비거주 외국인 외 제한없음),복리,,없음,ㆍ만기일~1개월 까지 : 최초 약정이율과 만기 후 동일상품 신규가입이율 중 낮은 이율 ㆍ1개월 초과 : 연 0.1%,"-65세 이상 거주자로서 [기초연금법] 제2조 제2호에 따른 기초연금 수급자 비과세 종합저축 5,000만원 가능",,20260724,,202607240938,금융감독원 금융상품한눈에 Open API,2026-08-10T14:19:08
030300,저축은행,202607,0010576,진주저축은행,240013,E-정기예금(비대면),1,S,단리,1.00%,0.85%,"7,000",1.00%,인터넷,1,제한없음 (비거주 외국인 외 제한없음),단리,,없음,ㆍ만기일~1개월 까지 : 최초 약정이율과 만기 후 동일상품 신규가입이율 중 낮은 이율 ㆍ1개월 초과 : 연 0.1%,"-65세 이상 거주자로서 [기초연금법] 제2조 제2호에 따른 기초연금 수급자 비과세 종합저축 5,000만원 가능",,20260724,,202607240938,금융감독원 금융상품한눈에 Open API,2026-08-10T14:19:08
030300,저축은행,202607,0010576,진주저축은행,240013,E-정기예금(비대면),3,S,단리,3.39%,2.87%,"72,000",3.39%,인터넷,1,제한없음 (비거주 외국인 외 제한없음),단리,,없음,ㆍ만기일~1개월 까지 : 최초 약정이율과 만기 후 동일상품 신규가입이율 중 낮은 이율 ㆍ1개월 초과 : 연 0.1%,"-65세 이상 거주자로서 [기초연금법] 제2조 제2호에 따른 기초연금 수급자 비과세 종합저축 5,000만원 가능",,20260724,,202607240938,금융감독원 금융상품한눈에 Open API,2026-08-10T14:19:08
030300,저축은행,202607,0010576,진주저축은행,240013,E-정기예금(비대면),6,S,단리,3.47%,2.94%,"147,000",3.47%,인터넷,1,제한없음 (비거주 외국인 외 제한없음),단리,,없음,ㆍ만기일~1개월 까지 : 최초 약정이율과 만기 후 동일상품 신규가입이율 중 낮은 이율 ㆍ1개월 초과 : 연 0.1%,"-65세 이상 거주자로서 [기초연금법] 제2조 제2호에 따른 기초연금 수급자 비과세 종합저축 5,000만원 가능",,20260724,,202607240938,금융감독원 금융상품한눈에 Open API,2026-08-10T14:19:08
030300,저축은행,202607,0010576,진주저축은행,240013,E-정기예금(비대면),12,S,단리,3.63%,3.07%,"307,000",3.63%,인터넷,1,제한없음 (비거주 외국인 외 제한없음),단리,,없음,ㆍ만기일~1개월 까지 : 최초 약정이율과 만기 후 동일상품 신규가입이율 중 낮은 이율 ㆍ1개월 초과 : 연 0.1%,"-65세 이상 거주자로서 [기초연금법] 제2조 제2호에 따른 기초연금 수급자 비과세 종합저축 5,000만원 가능",,20260724,,202607240938,금융감독원 금융상품한눈에 Open API,2026-08-10T14:19:08
030300,저축은행,202607,0010576,진주저축은행,240013,E-정기예금(비대면),24,S,단리,3.66%,3.10%,"619,000",3.66%,인터넷,1,제한없음 (비거주 외국인 외 제한없음),단리,,없음,ㆍ만기일~1개월 까지 : 최초 약정이율과 만기 후 동일상품 신규가입이율 중 낮은 이율 ㆍ1개월 초과 : 연 0.1%,"-65세 이상 거주자로서 [기초연금법] 제2조 제2호에 따른 기초연금 수급자 비과세 종합저축 5,000만원 가능",,20260724,,202607240938,금융감독원 금융상품한눈에 Open API,2026-08-10T14:19:08
030300,저축은행,202607,0010576,진주저축은행,240013,E-정기예금(비대면),1,M,복리,1.00%,0.85%,"7,050",1.00%,인터넷,1,제한없음 (비거주 외국인 외 제한없음),복리,,없음,ㆍ만기일~1개월 까지 : 최초 약정이율과 만기 후 동일상품 신규가입이율 중 낮은 이율 ㆍ1개월 초과 : 연 0.1%,"-65세 이상 거주자로서 [기초연금법] 제2조 제2호에 따른 기초연금 수급자 비과세 종합저축 5,000만원 가능",,20260724,,202607240938,금융감독원 금융상품한눈에 Open API,2026-08-10T14:19:08
030300,저축은행,202607,0010576,진주저축은행,240013,E-정기예금(비대면),3,M,복리,3.39%,2.87%,"71,901",3.39%,인터넷,1,제한없음 (비거주 외국인 외 제한없음),복리,,없음,ㆍ만기일~1개월 까지 : 최초 약정이율과 만기 후 동일상품 신규가입이율 중 낮은 이율 ㆍ1개월 초과 : 연 0.1%,"-65세 이상 거주자로서 [기초연금법] 제2조 제2호에 따른 기초연금 수급자 비과세 종합저축 5,000만원 가능",,20260724,,202607240938,금융감독원 금융상품한눈에 Open API,2026-08-10T14:19:08
030300,저축은행,202607,0010576,진주저축은행,240013,E-정기예금(비대면),6,M,복리,3.47%,2.94%,"147,846",3.47%,인터넷,1,제한없음 (비거주 외국인 외 제한없음),복리,,없음,ㆍ만기일~1개월 까지 : 최초 약정이율과 만기 후 동일상품 신규가입이율 중 낮은 이율 ㆍ1개월 초과 : 연 0.1%,"-65세 이상 거주자로서 [기초연금법] 제2조 제2호에 따른 기초연금 수급자 비과세 종합저축 5,000만원 가능",,20260724,,202607240938,금융감독원 금융상품한눈에 Open API,2026-08-10T14:19:08
030300,저축은행,202607,0010576,진주저축은행,240013,E-정기예금(비대면),12,M,복리,3.63%,3.07%,"312,259",3.63%,인터넷,1,제한없음 (비거주 외국인 외 제한없음),복리,,없음,ㆍ만기일~1개월 까지 : 최초 약정이율과 만기 후 동일상품 신규가입이율 중 낮은 이율 ㆍ1개월 초과 : 연 0.1%,"-65세 이상 거주자로서 [기초연금법] 제2조 제2호에 따른 기초연금 수급자 비과세 종합저축 5,000만원 가능",,20260724,,202607240938,금융감독원 금융상품한눈에 Open API,2026-08-10T14:19:08
030300,저축은행,202607,0010576,진주저축은행,240013,E-정기예금(비대면),24,M,복리,3.66%,3.10%,"641,487",3.66%,인터넷,1,제한없음 (비거주 외국인 외 제한없음),복리,,없음,ㆍ만기일~1개월 까지 : 최초 약정이율과 만기 후 동일상품 신규가입이율 중 낮은 이율 ㆍ1개월 초과 : 연 0.1%,"-65세 이상 거주자로서 [기초연금법] 제2조 제2호에 따른 기초연금 수급자 비과세 종합저축 5,000만원 가능",,20260724,,202607240938,금융감독원 금융상품한눈에 Open API,2026-08-10T14:19:08
030300,저축은행,202607,0010576,진주저축은행,240016,지니뱅크-정기예금(비대면),1,S,단리,1.00%,0.85%,"7,000",1.00%,스마트폰,1,제한없음 (비거주 외국인 외 제한없음),단리,,없음,ㆍ만기일~1개월 까지 : 최초 약정이율과 만기 후 동일상품 신규가입이율 중 낮은 이율 ㆍ1개월 초과 : 연 0.1%,"-65세 이상 거주자로서 [기초연금법] 제2조 제2호에 따른 기초연금 수급자 비과세 종합저축 5,000만원 가능",,20260724,,202607240938,금융감독원 금융상품한눈에 Open API,2026-08-10T14:19:08
030300,저축은행,202607,0010576,진주저축은행,240016,지니뱅크-정기예금(비대면),3,S,단리,3.39%,2.87%,"72,000",3.39%,스마트폰,1,제한없음 (비거주 외국인 외 제한없음),단리,,없음,ㆍ만기일~1개월 까지 : 최초 약정이율과 만기 후 동일상품 신규가입이율 중 낮은 이율 ㆍ1개월 초과 : 연 0.1%,"-65세 이상 거주자로서 [기초연금법] 제2조 제2호에 따른 기초연금 수급자 비과세 종합저축 5,000만원 가능",,20260724,,202607240938,금융감독원 금융상품한눈에 Open API,2026-08-10T14:19:08
030300,저축은행,202607,0010576,진주저축은행,240016,지니뱅크-정기예금(비대면),6,S,단리,3.47%,2.94%,"147,000",3.47%,스마트폰,1,제한없음 (비거주 외국인 외 제한없음),단리,,없음,ㆍ만기일~1개월 까지 : 최초 약정이율과 만기 후 동일상품 신규가입이율 중 낮은 이율 ㆍ1개월 초과 : 연 0.1%,"-65세 이상 거주자로서 [기초연금법] 제2조 제2호에 따른 기초연금 수급자 비과세 종합저축 5,000만원 가능",,20260724,,202607240938,금융감독원 금융상품한눈에 Open API,2026-08-10T14:19:08
030300,저축은행,202607,0010576,진주저축은행,240016,지니뱅크-정기예금(비대면),12,S,단리,3.63%,3.07%,"307,000",3.63%,스마트폰,1,제한없음 (비거주 외국인 외 제한없음),단리,,없음,ㆍ만기일~1개월 까지 : 최초 약정이율과 만기 후 동일상품 신규가입이율 중 낮은 이율 ㆍ1개월 초과 : 연 0.1%,"-65세 이상 거주자로서 [기초연금법] 제2조 제2호에 따른 기초연금 수급자 비과세 종합저축 5,000만원 가능",,20260724,,202607240938,금융감독원 금융상품한눈에 Open API,2026-08-10T14:19:08
030300,저축은행,202607,0010576,진주저축은행,240016,지니뱅크-정기예금(비대면),24,S,단리,3.66%,3.10%,"619,000",3.66%,스마트폰,1,제한없음 (비거주 외국인 외 제한없음),단리,,없음,ㆍ만기일~1개월 까지 : 최초 약정이율과 만기 후 동일상품 신규가입이율 중 낮은 이율 ㆍ1개월 초과 : 연 0.1%,"-65세 이상 거주자로서 [기초연금법] 제2조 제2호에 따른 기초연금 수급자 비과세 종합저축 5,000만원 가능",,20260724,,202607240938,금융감독원 금융상품한눈에 Open API,2026-08-10T14:19:08
030300,저축은행,202607,0010576,진주저축은행,240016,지니뱅크-정기예금(비대면),1,M,복리,1.00%,0.85%,"7,050",1.00%,스마트폰,1,제한없음 (비거주 외국인 외 제한없음),복리,,없음,ㆍ만기일~1개월 까지 : 최초 약정이율과 만기 후 동일상품 신규가입이율 중 낮은 이율 ㆍ1개월 초과 : 연 0.1%,"-65세 이상 거주자로서 [기초연금법] 제2조 제2호에 따른 기초연금 수급자 비과세 종합저축 5,000만원 가능",,20260724,,202607240938,금융감독원 금융상품한눈에 Open API,2026-08-10T14:19:08
030300,저축은행,202607,0010576,진주저축은행,240016,지니뱅크-정기예금(비대면),3,M,복리,3.39%,2.87%,"71,901",3.39%,스마트폰,1,제한없음 (비거주 외국인 외 제한없음),복리,,없음,ㆍ만기일~1개월 까지 : 최초 약정이율과 만기 후 동일상품 신규가입이율 중 낮은 이율 ㆍ1개월 초과 : 연 0.1%,"-65세 이상 거주자로서 [기초연금법] 제2조 제2호에 따른 기초연금 수급자 비과세 종합저축 5,000만원 가능",,20260724,,202607240938,금융감독원 금융상품한눈에 Open API,2026-08-10T14:19:08
030300,저축은행,202607,0010576,진주저축은행,240016,지니뱅크-정기예금(비대면),6,M,복리,3.47%,2.94%,"147,846",3.47%,스마트폰,1,제한없음 (비거주 외국인 외 제한없음),복리,,없음,ㆍ만기일~1개월 까지 : 최초 약정이율과 만기 후 동일상품 신규가입이율 중 낮은 이율 ㆍ1개월 초과 : 연 0.1%,"-65세 이상 거주자로서 [기초연금법] 제2조 제2호에 따른 기초연금 수급자 비과세 종합저축 5,000만원 가능",,20260724,,202607240938,금융감독원 금융상품한눈에 Open API,2026-08-10T14:19:08
030300,저축은행,202607,0010576,진주저축은행,240016,지니뱅크-정기예금(비대면),12,M,복리,3.63%,3.07%,"312,259",3.63%,스마트폰,1,제한없음 (비거주 외국인 외 제한없음),복리,,없음,ㆍ만기일~1개월 까지 : 최초 약정이율과 만기 후 동일상품 신규가입이율 중 낮은 이율 ㆍ1개월 초과 : 연 0.1%,"-65세 이상 거주자로서 [기초연금법] 제2조 제2호에 따른 기초연금 수급자 비과세 종합저축 5,000만원 가능",,20260724,,202607240938,금융감독원 금융상품한눈에 Open API,2026-08-10T14:19:08
030300,저축은행,202607,0010576,진주저축은행,240016,지니뱅크-정기예금(비대면),24,M,복리,3.66%,3.10%,"641,487",3.66%,스마트폰,1,제한없음 (비거주 외국인 외 제한없음),복리,,없음,ㆍ만기일~1개월 까지 : 최초 약정이율과 만기 후 동일상품 신규가입이율 중 낮은 이율 ㆍ1개월 초과 : 연 0.1%,"-65세 이상 거주자로서 [기초연금법] 제2조 제2호에 따른 기초연금 수급자 비과세 종합저축 5,000만원 가능",,20260724,,202607240938,금융감독원 금융상품한눈에 Open API,2026-08-10T14:19:08
030300,저축은행,202607,0010576,진주저축은행,240021,"안심정기예금(진주,통영) (창구전용)",1,S,단리,1.00%,0.85%,"7,000",1.00%,영업점,1,제한없음 (비거주 외국인 외 제한없음),단리,,없음,ㆍ만기일~1개월 까지 : 최초 약정이율과 만기 후 동일상품 신규가입이율 중 낮은 이율 ㆍ1개월 초과 : 연 0.1%,"-65세 이상 거주자로서 [기초연금법] 제2조 제2호에 따른 기초연금 수급자 비과세 종합저축 5,000만원 가능",,20260724,,202607240938,금융감독원 금융상품한눈에 Open API,2026-08-10T14:19:08
030300,저축은행,202607,0010576,진주저축은행,240021,"안심정기예금(진주,통영) (창구전용)",3,S,단리,3.39%,2.87%,"72,000",3.39%,영업점,1,제한없음 (비거주 외국인 외 제한없음),단리,,없음,ㆍ만기일~1개월 까지 : 최초 약정이율과 만기 후 동일상품 신규가입이율 중 낮은 이율 ㆍ1개월 초과 : 연 0.1%,"-65세 이상 거주자로서 [기초연금법] 제2조 제2호에 따른 기초연금 수급자 비과세 종합저축 5,000만원 가능",,20260724,,202607240938,금융감독원 금융상품한눈에 Open API,2026-08-10T14:19:08
030300,저축은행,202607,0010576,진주저축은행,240021,"안심정기예금(진주,통영) (창구전용)",6,S,단리,3.47%,2.94%,"147,000",3.47%,영업점,1,제한없음 (비거주 외국인 외 제한없음),단리,,없음,ㆍ만기일~1개월 까지 : 최초 약정이율과 만기 후 동일상품 신규가입이율 중 낮은 이율 ㆍ1개월 초과 : 연 0.1%,"-65세 이상 거주자로서 [기초연금법] 제2조 제2호에 따른 기초연금 수급자 비과세 종합저축 5,000만원 가능",,20260724,,202607240938,금융감독원 금융상품한눈에 Open API,2026-08-10T14:19:08
030300,저축은행,202607,0010576,진주저축은행,240021,"안심정기예금(진주,통영) (창구전용)",12,S,단리,3.63%,3.07%,"307,000",3.63%,영업점,1,제한없음 (비거주 외국인 외 제한없음),단리,,없음,ㆍ만기일~1개월 까지 : 최초 약정이율과 만기 후 동일상품 신규가입이율 중 낮은 이율 ㆍ1개월 초과 : 연 0.1%,"-65세 이상 거주자로서 [기초연금법] 제2조 제2호에 따른 기초연금 수급자 비과세 종합저축 5,000만원 가능",,20260724,,202607240938,금융감독원 금융상품한눈에 Open API,2026-08-10T14:19:08
030300,저축은행,202607,0010576,진주저축은행,240021,"안심정기예금(진주,통영) (창구전용)",24,S,단리,3.66%,3.10%,"619,000",3.66%,영업점,1,제한없음 (비거주 외국인 외 제한없음),단리,,없음,ㆍ만기일~1개월 까지 : 최초 약정이율과 만기 후 동일상품 신규가입이율 중 낮은 이율 ㆍ1개월 초과 : 연 0.1%,"-65세 이상 거주자로서 [기초연금법] 제2조 제2호에 따른 기초연금 수급자 비과세 종합저축 5,000만원 가능",,20260724,,202607240938,금융감독원 금융상품한눈에 Open API,2026-08-10T14:19:08
030300,저축은행,202607,0010576,진주저축은행,240021,"안심정기예금(진주,통영) (창구전용)",1,M,복리,1.00%,0.85%,"7,050",1.00%,영업점,1,제한없음 (비거주 외국인 외 제한없음),복리,,없음,ㆍ만기일~1개월 까지 : 최초 약정이율과 만기 후 동일상품 신규가입이율 중 낮은 이율 ㆍ1개월 초과 : 연 0.1%,"-65세 이상 거주자로서 [기초연금법] 제2조 제2호에 따른 기초연금 수급자 비과세 종합저축 5,000만원 가능",,20260724,,202607240938,금융감독원 금융상품한눈에 Open API,2026-08-10T14:19:08
030300,저축은행,202607,0010576,진주저축은행,240021,"안심정기예금(진주,통영) (창구전용)",3,M,복리,3.39%,2.87%,"71,901",3.39%,영업점,1,제한없음 (비거주 외국인 외 제한없음),복리,,없음,ㆍ만기일~1개월 까지 : 최초 약정이율과 만기 후 동일상품 신규가입이율 중 낮은 이율 ㆍ1개월 초과 : 연 0.1%,"-65세 이상 거주자로서 [기초연금법] 제2조 제2호에 따른 기초연금 수급자 비과세 종합저축 5,000만원 가능",,20260724,,202607240938,금융감독원 금융상품한눈에 Open API,2026-08-10T14:19:08
030300,저축은행,202607,0010576,진주저축은행,240021,"안심정기예금(진주,통영) (창구전용)",6,M,복리,3.47%,2.94%,"147,846",3.47%,영업점,1,제한없음 (비거주 외국인 외 제한없음),복리,,없음,ㆍ만기일~1개월 까지 : 최초 약정이율과 만기 후 동일상품 신규가입이율 중 낮은 이율 ㆍ1개월 초과 : 연 0.1%,"-65세 이상 거주자로서 [기초연금법] 제2조 제2호에 따른 기초연금 수급자 비과세 종합저축 5,000만원 가능",,20260724,,202607240938,금융감독원 금융상품한눈에 Open API,2026-08-10T14:19:08
030300,저축은행,202607,0010576,진주저축은행,240021,"안심정기예금(진주,통영) (창구전용)",12,M,복리,3.63%,3.07%,"312,259",3.63%,영업점,1,제한없음 (비거주 외국인 외 제한없음),복리,,없음,ㆍ만기일~1개월 까지 : 최초 약정이율과 만기 후 동일상품 신규가입이율 중 낮은 이율 ㆍ1개월 초과 : 연 0.1%,"-65세 이상 거주자로서 [기초연금법] 제2조 제2호에 따른 기초연금 수급자 비과세 종합저축 5,000만원 가능",,20260724,,202607240938,금융감독원 금융상품한눈에 Open API,2026-08-10T14:19:08
030300,저축은행,202607,0010576,진주저축은행,240021,"안심정기예금(진주,통영) (창구전용)",24,M,복리,3.66%,3.10%,"641,487",3.66%,영업점,1,제한없음 (비거주 외국인 외 제한없음),복리,,없음,ㆍ만기일~1개월 까지 : 최초 약정이율과 만기 후 동일상품 신규가입이율 중 낮은 이율 ㆍ1개월 초과 : 연 0.1%,"-65세 이상 거주자로서 [기초연금법] 제2조 제2호에 따른 기초연금 수급자 비과세 종합저축 5,000만원 가능",,20260724,,202607240938,금융감독원 금융상품한눈에 Open API,2026-08-10T14:19:08
030300,저축은행,202607,0010576,진주저축은행,240022,"안심정기예금(부산,창원,울산) (창구전용)",1,S,단리,1.00%,0.85%,"7,000",1.00%,영업점,1,제한없음 (비거주 외국인 외 제한없음),단리,,없음,ㆍ만기일~1개월 까지 : 최초 약정이율과 만기 후 동일상품 신규가입이율 중 낮은 이율 ㆍ1개월 초과 : 연 0.1%,"-65세 이상 거주자로서 [기초연금법] 제2조 제2호에 따른 기초연금 수급자 비과세 종합저축 5,000만원 가능",,20260724,,202607240938,금융감독원 금융상품한눈에 Open API,2026-08-10T14:19:08
030300,저축은행,202607,0010576,진주저축은행,240022,"안심정기예금(부산,창원,울산) (창구전용)",3,S,단리,3.39%,2.87%,"72,000",3.39%,영업점,1,제한없음 (비거주 외국인 외 제한없음),단리,,없음,ㆍ만기일~1개월 까지 : 최초 약정이율과 만기 후 동일상품 신규가입이율 중 낮은 이율 ㆍ1개월 초과 : 연 0.1%,"-65세 이상 거주자로서 [기초연금법] 제2조 제2호에 따른 기초연금 수급자 비과세 종합저축 5,000만원 가능",,20260724,,202607240938,금융감독원 금융상품한눈에 Open API,2026-08-10T14:19:08
030300,저축은행,202607,0010576,진주저축은행,240022,"안심정기예금(부산,창원,울산) (창구전용)",6,S,단리,3.47%,2.94%,"147,000",3.47%,영업점,1,제한없음 (비거주 외국인 외 제한없음),단리,,없음,ㆍ만기일~1개월 까지 : 최초 약정이율과 만기 후 동일상품 신규가입이율 중 낮은 이율 ㆍ1개월 초과 : 연 0.1%,"-65세 이상 거주자로서 [기초연금법] 제2조 제2호에 따른 기초연금 수급자 비과세 종합저축 5,000만원 가능",,20260724,,202607240938,금융감독원 금융상품한눈에 Open API,2026-08-10T14:19:08
030300,저축은행,202607,0010576,진주저축은행,240022,"안심정기예금(부산,창원,울산) (창구전용)",12,S,단리,3.63%,3.07%,"307,000",3.63%,영업점,1,제한없음 (비거주 외국인 외 제한없음),단리,,없음,ㆍ만기일~1개월 까지 : 최초 약정이율과 만기 후 동일상품 신규가입이율 중 낮은 이율 ㆍ1개월 초과 : 연 0.1%,"-65세 이상 거주자로서 [기초연금법] 제2조 제2호에 따른 기초연금 수급자 비과세 종합저축 5,000만원 가능",,20260724,,202607240938,금융감독원 금융상품한눈에 Open API,2026-08-10T14:19:08
030300,저축은행,202607,0010576,진주저축은행,240022,"안심정기예금(부산,창원,울산) (창구전용)",24,S,단리,3.66%,3.10%,"619,000",3.66%,영업점,1,제한없음 (비거주 외국인 외 제한없음),단리,,없음,ㆍ만기일~1개월 까지 : 최초 약정이율과 만기 후 동일상품 신규가입이율 중 낮은 이율 ㆍ1개월 초과 : 연 0.1%,"-65세 이상 거주자로서 [기초연금법] 제2조 제2호에 따른 기초연금 수급자 비과세 종합저축 5,000만원 가능",,20260724,,202607240938,금융감독원 금융상품한눈에 Open API,2026-08-10T14:19:08
030300,저축은행,202607,0010576,진주저축은행,240022,"안심정기예금(부산,창원,울산) (창구전용)",1,M,복리,1.00%,0.85%,"7,050",1.00%,영업점,1,제한없음 (비거주 외국인 외 제한없음),복리,,없음,ㆍ만기일~1개월 까지 : 최초 약정이율과 만기 후 동일상품 신규가입이율 중 낮은 이율 ㆍ1개월 초과 : 연 0.1%,"-65세 이상 거주자로서 [기초연금법] 제2조 제2호에 따른 기초연금 수급자 비과세 종합저축 5,000만원 가능",,20260724,,202607240938,금융감독원 금융상품한눈에 Open API,2026-08-10T14:19:08
030300,저축은행,202607,0010576,진주저축은행,240022,"안심정기예금(부산,창원,울산) (창구전용)",3,M,복리,3.39%,2.87%,"71,901",3.39%,영업점,1,제한없음 (비거주 외국인 외 제한없음),복리,,없음,ㆍ만기일~1개월 까지 : 최초 약정이율과 만기 후 동일상품 신규가입이율 중 낮은 이율 ㆍ1개월 초과 : 연 0.1%,"-65세 이상 거주자로서 [기초연금법] 제2조 제2호에 따른 기초연금 수급자 비과세 종합저축 5,000만원 가능",,20260724,,202607240938,금융감독원 금융상품한눈에 Open API,2026-08-10T14:19:08
030300,저축은행,202607,0010576,진주저축은행,240022,"안심정기예금(부산,창원,울산) (창구전용)",6,M,복리,3.47%,2.94%,"147,846",3.47%,영업점,1,제한없음 (비거주 외국인 외 제한없음),복리,,없음,ㆍ만기일~1개월 까지 : 최초 약정이율과 만기 후 동일상품 신규가입이율 중 낮은 이율 ㆍ1개월 초과 : 연 0.1%,"-65세 이상 거주자로서 [기초연금법] 제2조 제2호에 따른 기초연금 수급자 비과세 종합저축 5,000만원 가능",,20260724,,202607240938,금융감독원 금융상품한눈에 Open API,2026-08-10T14:19:08
030300,저축은행,202607,0010576,진주저축은행,240022,"안심정기예금(부산,창원,울산) (창구전용)",12,M,복리,3.63%,3.07%,"312,259",3.63%,영업점,1,제한없음 (비거주 외국인 외 제한없음),복리,,없음,ㆍ만기일~1개월 까지 : 최초 약정이율과 만기 후 동일상품 신규가입이율 중 낮은 이율 ㆍ1개월 초과 : 연 0.1%,"-65세 이상 거주자로서 [기초연금법] 제2조 제2호에 따른 기초연금 수급자 비과세 종합저축 5,000만원 가능",,20260724,,202607240938,금융감독원 금융상품한눈에 Open API,2026-08-10T14:19:08
030300,저축은행,202607,0010576,진주저축은행,240022,"안심정기예금(부산,창원,울산) (창구전용)",24,M,복리,3.66%,3.10%,"641,487",3.66%,영업점,1,제한없음 (비거주 외국인 외 제한없음),복리,,없음,ㆍ만기일~1개월 까지 : 최초 약정이율과 만기 후 동일상품 신규가입이율 중 낮은 이율 ㆍ1개월 초과 : 연 0.1%,"-65세 이상 거주자로서 [기초연금법] 제2조 제2호에 따른 기초연금 수급자 비과세 종합저축 5,000만원 가능",,20260724,,202607240938,금융감독원 금융상품한눈에 Open API,2026-08-10T14:19:08
030300,저축은행,202607,0010576,진주저축은행,240025,"회전정기예금(부산,창원,울산) [변동금리]",24,S,단리,3.63%,3.07%,"614,000",3.63%,영업점,1,제한없음 (비거주 외국인 외 제한없음),단리,,없음,ㆍ만기일~1개월 까지 : 최초 약정이율과 만기 후 동일상품 신규가입이율 중 낮은 이율 ㆍ1개월 초과 : 연 0.1%,"-65세 이상 거주자로서 [기초연금법] 제2조 제2호에 따른 기초연금 수급자 비과세 종합저축 5,000만원 가능",,20260724,,202607240938,금융감독원 금융상품한눈에 Open API,2026-08-10T14:19:08
030300,저축은행,202607,0010576,진주저축은행,240025,"회전정기예금(부산,창원,울산) [변동금리]",36,S,단리,3.63%,3.07%,"921,000",3.63%,영업점,1,제한없음 (비거주 외국인 외 제한없음),단리,,없음,ㆍ만기일~1개월 까지 : 최초 약정이율과 만기 후 동일상품 신규가입이율 중 낮은 이율 ㆍ1개월 초과 : 연 0.1%,"-65세 이상 거주자로서 [기초연금법] 제2조 제2호에 따른 기초연금 수급자 비과세 종합저축 5,000만원 가능",,20260724,,202607240938,금융감독원 금융상품한눈에 Open API,2026-08-10T14:19:08
030300,저축은행,202607,0010576,진주저축은행,240025,"회전정기예금(부산,창원,울산) [변동금리]",24,M,복리,3.63%,3.07%,"636,044",3.63%,영업점,1,제한없음 (비거주 외국인 외 제한없음),복리,,없음,ㆍ만기일~1개월 까지 : 최초 약정이율과 만기 후 동일상품 신규가입이율 중 낮은 이율 ㆍ1개월 초과 : 연 0.1%,"-65세 이상 거주자로서 [기초연금법] 제2조 제2호에 따른 기초연금 수급자 비과세 종합저축 5,000만원 가능",,20260724,,202607240938,금융감독원 금융상품한눈에 Open API,2026-08-10T14:19:08
030300,저축은행,202607,0010576,진주저축은행,240025,"회전정기예금(부산,창원,울산) [변동금리]",36,M,복리,3.63%,3.07%,"971,780",3.63%,영업점,1,제한없음 (비거주 외국인 외 제한없음),복리,,없음,ㆍ만기일~1개월 까지 : 최초 약정이율과 만기 후 동일상품 신규가입이율 중 낮은 이율 ㆍ1개월 초과 : 연 0.1%,"-65세 이상 거주자로서 [기초연금법] 제2조 제2호에 따른 기초연금 수급자 비과세 종합저축 5,000만원 가능",,20260724,,202607240938,금융감독원 금융상품한눈에 Open API,2026-08-10T14:19:08
030300,저축은행,202607,0010576,진주저축은행,240026,"회전정기예금(진주,통영) [변동금리]",24,S,단리,3.63%,3.07%,"614,000",3.63%,영업점,1,제한없음 (비거주 외국인 외 제한없음),단리,,없음,ㆍ만기일~1개월 까지 : 최초 약정이율과 만기 후 동일상품 신규가입이율 중 낮은 이율 ㆍ1개월 초과 : 연 0.1%,"-65세 이상 거주자로서 [기초연금법] 제2조 제2호에 따른 기초연금 수급자 비과세 종합저축 5,000만원 가능",,20260724,,202607240938,금융감독원 금융상품한눈에 Open API,2026-08-10T14:19:08
030300,저축은행,202607,0010576,진주저축은행,240026,"회전정기예금(진주,통영) [변동금리]",36,S,단리,3.63%,3.07%,"921,000",3.63%,영업점,1,제한없음 (비거주 외국인 외 제한없음),단리,,없음,ㆍ만기일~1개월 까지 : 최초 약정이율과 만기 후 동일상품 신규가입이율 중 낮은 이율 ㆍ1개월 초과 : 연 0.1%,"-65세 이상 거주자로서 [기초연금법] 제2조 제2호에 따른 기초연금 수급자 비과세 종합저축 5,000만원 가능",,20260724,,202607240938,금융감독원 금융상품한눈에 Open API,2026-08-10T14:19:08
030300,저축은행,202607,0010576,진주저축은행,240026,"회전정기예금(진주,통영) [변동금리]",24,M,복리,3.63%,3.07%,"636,044",3.63%,영업점,1,제한없음 (비거주 외국인 외 제한없음),복리,,없음,ㆍ만기일~1개월 까지 : 최초 약정이율과 만기 후 동일상품 신규가입이율 중 낮은 이율 ㆍ1개월 초과 : 연 0.1%,"-65세 이상 거주자로서 [기초연금법] 제2조 제2호에 따른 기초연금 수급자 비과세 종합저축 5,000만원 가능",,20260724,,202607240938,금융감독원 금융상품한눈에 Open API,2026-08-10T14:19:08
030300,저축은행,202607,0010576,진주저축은행,240026,"회전정기예금(진주,통영) [변동금리]",36,M,복리,3.63%,3.07%,"971,780",3.63%,영업점,1,제한없음 (비거주 외국인 외 제한없음),복리,,없음,ㆍ만기일~1개월 까지 : 최초 약정이율과 만기 후 동일상품 신규가입이율 중 낮은 이율 ㆍ1개월 초과 : 연 0.1%,"-65세 이상 거주자로서 [기초연금법] 제2조 제2호에 따른 기초연금 수급자 비과세 종합저축 5,000만원 가능",,20260724,,202607240938,금융감독원 금융상품한눈에 Open API,2026-08-10T14:19:08
030300,저축은행,202607,0010576,진주저축은행,240027,회전정기예금(비대면) [변동금리],24,S,단리,3.63%,3.07%,"614,000",3.63%,"인터넷,스마트폰",1,제한없음 (비거주 외국인 외 제한없음),단리,,없음,ㆍ만기일~1개월 까지 : 최초 약정이율과 만기 후 동일상품 신규가입이율 중 낮은 이율 ㆍ1개월 초과 : 연 0.1%,"-65세 이상 거주자로서 [기초연금법] 제2조 제2호에 따른 기초연금 수급자 비과세 종합저축 5,000만원 가능",,20260724,,202607240938,금융감독원 금융상품한눈에 Open API,2026-08-10T14:19:08
030300,저축은행,202607,0010576,진주저축은행,240027,회전정기예금(비대면) [변동금리],36,S,단리,3.63%,3.07%,"921,000",3.63%,"인터넷,스마트폰",1,제한없음 (비거주 외국인 외 제한없음),단리,,없음,ㆍ만기일~1개월 까지 : 최초 약정이율과 만기 후 동일상품 신규가입이율 중 낮은 이율 ㆍ1개월 초과 : 연 0.1%,"-65세 이상 거주자로서 [기초연금법] 제2조 제2호에 따른 기초연금 수급자 비과세 종합저축 5,000만원 가능",,20260724,,202607240938,금융감독원 금융상품한눈에 Open API,2026-08-10T14:19:08
030300,저축은행,202607,0010576,진주저축은행,240027,회전정기예금(비대면) [변동금리],24,M,복리,3.63%,3.07%,"636,044",3.63%,"인터넷,스마트폰",1,제한없음 (비거주 외국인 외 제한없음),복리,,없음,ㆍ만기일~1개월 까지 : 최초 약정이율과 만기 후 동일상품 신규가입이율 중 낮은 이율 ㆍ1개월 초과 : 연 0.1%,"-65세 이상 거주자로서 [기초연금법] 제2조 제2호에 따른 기초연금 수급자 비과세 종합저축 5,000만원 가능",,20260724,,202607240938,금융감독원 금융상품한눈에 Open API,2026-08-10T14:19:08
030300,저축은행,202607,0010576,진주저축은행,240027,회전정기예금(비대면) [변동금리],36,M,복리,3.63%,3.07%,"971,780",3.63%,"인터넷,스마트폰",1,제한없음 (비거주 외국인 외 제한없음),복리,,없음,ㆍ만기일~1개월 까지 : 최초 약정이율과 만기 후 동일상품 신규가입이율 중 낮은 이율 ㆍ1개월 초과 : 연 0.1%,"-65세 이상 거주자로서 [기초연금법] 제2조 제2호에 따른 기초연금 수급자 비과세 종합저축 5,000만원 가능",,20260724,,202607240938,금융감독원 금융상품한눈에 Open API,2026-08-10T14:19:08
030300,저축은행,202607,0011551,예가람저축은행,240001,정기예금,1,S,단리,1.00%,0.85%,"7,000",1.00%,영업점,1,제한없음,단리,,"예,적금 만기 후 원금 12개월 이상 재예치 시 : 0.1%p 우대",* 만기 후 1개월 이내: 가입 당시 약정금리 또는 만기 시 동일 상품 동일 계약기간의 신규 약정금리 중 낮은 이율 * 만기 후 1개월 초과: 보통예금이율,* 창구 전용 상품 * 가입금액: 10만원 이상 * 계약기간: 1~36개월 * 최소 가입금액 미만으로는 분할해지 불가,,20260721,,202607210856,금융감독원 금융상품한눈에 Open API,2026-08-10T14:19:08
030300,저축은행,202607,0011551,예가람저축은행,240001,정기예금,3,S,단리,2.15%,1.82%,"45,000",2.15%,영업점,1,제한없음,단리,,"예,적금 만기 후 원금 12개월 이상 재예치 시 : 0.1%p 우대",* 만기 후 1개월 이내: 가입 당시 약정금리 또는 만기 시 동일 상품 동일 계약기간의 신규 약정금리 중 낮은 이율 * 만기 후 1개월 초과: 보통예금이율,* 창구 전용 상품 * 가입금액: 10만원 이상 * 계약기간: 1~36개월 * 최소 가입금액 미만으로는 분할해지 불가,,20260721,,202607210856,금융감독원 금융상품한눈에 Open API,2026-08-10T14:19:08
030300,저축은행,202607,0011551,예가람저축은행,240001,정기예금,6,S,단리,2.15%,1.82%,"91,000",2.15%,영업점,1,제한없음,단리,,"예,적금 만기 후 원금 12개월 이상 재예치 시 : 0.1%p 우대",* 만기 후 1개월 이내: 가입 당시 약정금리 또는 만기 시 동일 상품 동일 계약기간의 신규 약정금리 중 낮은 이율 * 만기 후 1개월 초과: 보통예금이율,* 창구 전용 상품 * 가입금액: 10만원 이상 * 계약기간: 1~36개월 * 최소 가입금액 미만으로는 분할해지 불가,,20260721,,202607210856,금융감독원 금융상품한눈에 Open API,2026-08-10T14:19:08
030300,저축은행,202607,0011551,예가람저축은행,240001,정기예금,12,S,단리,3.90%,3.30%,"330,000",3.90%,영업점,1,제한없음,단리,,"예,적금 만기 후 원금 12개월 이상 재예치 시 : 0.1%p 우대",* 만기 후 1개월 이내: 가입 당시 약정금리 또는 만기 시 동일 상품 동일 계약기간의 신규 약정금리 중 낮은 이율 * 만기 후 1개월 초과: 보통예금이율,* 창구 전용 상품 * 가입금액: 10만원 이상 * 계약기간: 1~36개월 * 최소 가입금액 미만으로는 분할해지 불가,,20260721,,202607210856,금융감독원 금융상품한눈에 Open API,2026-08-10T14:19:08
030300,저축은행,202607,0011551,예가람저축은행,240001,정기예금,24,S,단리,2.20%,1.86%,"372,000",2.20%,영업점,1,제한없음,단리,,"예,적금 만기 후 원금 12개월 이상 재예치 시 : 0.1%p 우대",* 만기 후 1개월 이내: 가입 당시 약정금리 또는 만기 시 동일 상품 동일 계약기간의 신규 약정금리 중 낮은 이율 * 만기 후 1개월 초과: 보통예금이율,* 창구 전용 상품 * 가입금액: 10만원 이상 * 계약기간: 1~36개월 * 최소 가입금액 미만으로는 분할해지 불가,,20260721,,202607210856,금융감독원 금융상품한눈에 Open API,2026-08-10T14:19:08
030300,저축은행,202607,0011551,예가람저축은행,240001,정기예금,36,S,단리,2.15%,1.82%,"546,000",2.15%,영업점,1,제한없음,단리,,"예,적금 만기 후 원금 12개월 이상 재예치 시 : 0.1%p 우대",* 만기 후 1개월 이내: 가입 당시 약정금리 또는 만기 시 동일 상품 동일 계약기간의 신규 약정금리 중 낮은 이율 * 만기 후 1개월 초과: 보통예금이율,* 창구 전용 상품 * 가입금액: 10만원 이상 * 계약기간: 1~36개월 * 최소 가입금액 미만으로는 분할해지 불가,,20260721,,202607210856,금융감독원 금융상품한눈에 Open API,2026-08-10T14:19:08
030300,저축은행,202607,0011551,예가람저축은행,240001,정기예금,1,M,복리,1.00%,0.85%,"7,050",1.00%,영업점,1,제한없음,복리,,"예,적금 만기 후 원금 12개월 이상 재예치 시 : 0.1%p 우대",* 만기 후 1개월 이내: 가입 당시 약정금리 또는 만기 시 동일 상품 동일 계약기간의 신규 약정금리 중 낮은 이율 * 만기 후 1개월 초과: 보통예금이율,* 창구 전용 상품 * 가입금액: 10만원 이상 * 계약기간: 1~36개월 * 최소 가입금액 미만으로는 분할해지 불가,,20260721,,202607210856,금융감독원 금융상품한눈에 Open API,2026-08-10T14:19:08
030300,저축은행,202607,0011551,예가람저축은행,240001,정기예금,3,M,복리,2.15%,1.82%,"45,554",2.15%,영업점,1,제한없음,복리,,"예,적금 만기 후 원금 12개월 이상 재예치 시 : 0.1%p 우대",* 만기 후 1개월 이내: 가입 당시 약정금리 또는 만기 시 동일 상품 동일 계약기간의 신규 약정금리 중 낮은 이율 * 만기 후 1개월 초과: 보통예금이율,* 창구 전용 상품 * 가입금액: 10만원 이상 * 계약기간: 1~36개월 * 최소 가입금액 미만으로는 분할해지 불가,,20260721,,202607210856,금융감독원 금융상품한눈에 Open API,2026-08-10T14:19:08
030300,저축은행,202607,0011551,예가람저축은행,240001,정기예금,6,M,복리,2.15%,1.82%,"91,353",2.15%,영업점,1,제한없음,복리,,"예,적금 만기 후 원금 12개월 이상 재예치 시 : 0.1%p 우대",* 만기 후 1개월 이내: 가입 당시 약정금리 또는 만기 시 동일 상품 동일 계약기간의 신규 약정금리 중 낮은 이율 * 만기 후 1개월 초과: 보통예금이율,* 창구 전용 상품 * 가입금액: 10만원 이상 * 계약기간: 1~36개월 * 최소 가입금액 미만으로는 분할해지 불가,,20260721,,202607210856,금융감독원 금융상품한눈에 Open API,2026-08-10T14:19:08
030300,저축은행,202607,0011551,예가람저축은행,240001,정기예금,12,M,복리,3.90%,3.30%,"335,902",3.90%,영업점,1,제한없음,복리,,"예,적금 만기 후 원금 12개월 이상 재예치 시 : 0.1%p 우대",* 만기 후 1개월 이내: 가입 당시 약정금리 또는 만기 시 동일 상품 동일 계약기간의 신규 약정금리 중 낮은 이율 * 만기 후 1개월 초과: 보통예금이율,* 창구 전용 상품 * 가입금액: 10만원 이상 * 계약기간: 1~36개월 * 최소 가입금액 미만으로는 분할해지 불가,,20260721,,202607210856,금융감독원 금융상품한눈에 Open API,2026-08-10T14:19:08
030300,저축은행,202607,0011551,예가람저축은행,240001,정기예금,24,M,복리,2.20%,1.86%,"380,195",2.20%,영업점,1,제한없음,복리,,"예,적금 만기 후 원금 12개월 이상 재예치 시 : 0.1%p 우대",* 만기 후 1개월 이내: 가입 당시 약정금리 또는 만기 시 동일 상품 동일 계약기간의 신규 약정금리 중 낮은 이율 * 만기 후 1개월 초과: 보통예금이율,* 창구 전용 상품 * 가입금액: 10만원 이상 * 계약기간: 1~36개월 * 최소 가입금액 미만으로는 분할해지 불가,,20260721,,202607210856,금융감독원 금융상품한눈에 Open API,2026-08-10T14:19:08
030300,저축은행,202607,0011551,예가람저축은행,240001,정기예금,36,M,복리,2.15%,1.82%,"563,132",2.15%,영업점,1,제한없음,복리,,"예,적금 만기 후 원금 12개월 이상 재예치 시 : 0.1%p 우대",* 만기 후 1개월 이내: 가입 당시 약정금리 또는 만기 시 동일 상품 동일 계약기간의 신규 약정금리 중 낮은 이율 * 만기 후 1개월 초과: 보통예금이율,* 창구 전용 상품 * 가입금액: 10만원 이상 * 계약기간: 1~36개월 * 최소 가입금액 미만으로는 분할해지 불가,,20260721,,202607210856,금융감독원 금융상품한눈에 Open API,2026-08-10T14:19:08
030300,저축은행,202607,0011551,예가람저축은행,240008,e-정기예금,1,S,단리,1.10%,0.93%,"8,000",1.10%,"인터넷,스마트폰",1,제한없음,단리,,없음,* 만기 후 1개월 이내: 가입 당시 약정금리 또는 만기 시 동일 상품 동일 계약기간의 신규 약정금리 중 낮은 이율 * 만기 후 1개월 초과: 보통예금이율,* 비대면 전용 상품 * 가입금액: 10만원 이상 * 계약기간: 1~36개월 * 최소 가입금액 미만으로는 분할해지 불가,,20260721,,202607210856,금융감독원 금융상품한눈에 Open API,2026-08-10T14:19:08
030300,저축은행,202607,0011551,예가람저축은행,240008,e-정기예금,3,S,단리,2.25%,1.90%,"48,000",2.25%,"인터넷,스마트폰",1,제한없음,단리,,없음,* 만기 후 1개월 이내: 가입 당시 약정금리 또는 만기 시 동일 상품 동일 계약기간의 신규 약정금리 중 낮은 이율 * 만기 후 1개월 초과: 보통예금이율,* 비대면 전용 상품 * 가입금액: 10만원 이상 * 계약기간: 1~36개월 * 최소 가입금액 미만으로는 분할해지 불가,,20260721,,202607210856,금융감독원 금융상품한눈에 Open API,2026-08-10T14:19:08
030300,저축은행,202607,0011551,예가람저축은행,240008,e-정기예금,6,S,단리,2.25%,1.90%,"95,000",2.25%,"인터넷,스마트폰",1,제한없음,단리,,없음,* 만기 후 1개월 이내: 가입 당시 약정금리 또는 만기 시 동일 상품 동일 계약기간의 신규 약정금리 중 낮은 이율 * 만기 후 1개월 초과: 보통예금이율,* 비대면 전용 상품 * 가입금액: 10만원 이상 * 계약기간: 1~36개월 * 최소 가입금액 미만으로는 분할해지 불가,,20260721,,202607210856,금융감독원 금융상품한눈에 Open API,2026-08-10T14:19:08
030300,저축은행,202607,0011551,예가람저축은행,240008,e-정기예금,12,S,단리,3.90%,3.30%,"330,000",3.90%,"인터넷,스마트폰",1,제한없음,단리,,없음,* 만기 후 1개월 이내: 가입 당시 약정금리 또는 만기 시 동일 상품 동일 계약기간의 신규 약정금리 중 낮은 이율 * 만기 후 1개월 초과: 보통예금이율,* 비대면 전용 상품 * 가입금액: 10만원 이상 * 계약기간: 1~36개월 * 최소 가입금액 미만으로는 분할해지 불가,,20260721,,202607210856,금융감독원 금융상품한눈에 Open API,2026-08-10T14:19:08
030300,저축은행,202607,0011551,예가람저축은행,240008,e-정기예금,24,S,단리,2.30%,1.95%,"389,000",2.30%,"인터넷,스마트폰",1,제한없음,단리,,없음,* 만기 후 1개월 이내: 가입 당시 약정금리 또는 만기 시 동일 상품 동일 계약기간의 신규 약정금리 중 낮은 이율 * 만기 후 1개월 초과: 보통예금이율,* 비대면 전용 상품 * 가입금액: 10만원 이상 * 계약기간: 1~36개월 * 최소 가입금액 미만으로는 분할해지 불가,,20260721,,202607210856,금융감독원 금융상품한눈에 Open API,2026-08-10T14:19:08
030300,저축은행,202607,0011551,예가람저축은행,240008,e-정기예금,36,S,단리,2.25%,1.90%,"571,000",2.25%,"인터넷,스마트폰",1,제한없음,단리,,없음,* 만기 후 1개월 이내: 가입 당시 약정금리 또는 만기 시 동일 상품 동일 계약기간의 신규 약정금리 중 낮은 이율 * 만기 후 1개월 초과: 보통예금이율,* 비대면 전용 상품 * 가입금액: 10만원 이상 * 계약기간: 1~36개월 * 최소 가입금액 미만으로는 분할해지 불가,,20260721,,202607210856,금융감독원 금융상품한눈에 Open API,2026-08-10T14:19:08
030300,저축은행,202607,0011551,예가람저축은행,240008,e-정기예금,1,M,복리,1.10%,0.93%,"7,755",1.10%,"인터넷,스마트폰",1,제한없음,복리,,없음,* 만기 후 1개월 이내: 가입 당시 약정금리 또는 만기 시 동일 상품 동일 계약기간의 신규 약정금리 중 낮은 이율 * 만기 후 1개월 초과: 보통예금이율,* 비대면 전용 상품 * 가입금액: 10만원 이상 * 계약기간: 1~36개월 * 최소 가입금액 미만으로는 분할해지 불가,,20260721,,202607210856,금융감독원 금융상품한눈에 Open API,2026-08-10T14:19:08
030300,저축은행,202607,0011551,예가람저축은행,240008,e-정기예금,3,M,복리,2.25%,1.90%,"47,677",2.25%,"인터넷,스마트폰",1,제한없음,복리,,없음,* 만기 후 1개월 이내: 가입 당시 약정금리 또는 만기 시 동일 상품 동일 계약기간의 신규 약정금리 중 낮은 이율 * 만기 후 1개월 초과: 보통예금이율,* 비대면 전용 상품 * 가입금액: 10만원 이상 * 계약기간: 1~36개월 * 최소 가입금액 미만으로는 분할해지 불가,,20260721,,202607210856,금융감독원 금융상품한눈에 Open API,2026-08-10T14:19:08
030300,저축은행,202607,0011551,예가람저축은행,240008,e-정기예금,6,M,복리,2.25%,1.90%,"95,622",2.25%,"인터넷,스마트폰",1,제한없음,복리,,없음,* 만기 후 1개월 이내: 가입 당시 약정금리 또는 만기 시 동일 상품 동일 계약기간의 신규 약정금리 중 낮은 이율 * 만기 후 1개월 초과: 보통예금이율,* 비대면 전용 상품 * 가입금액: 10만원 이상 * 계약기간: 1~36개월 * 최소 가입금액 미만으로는 분할해지 불가,,20260721,,202607210856,금융감독원 금융상품한눈에 Open API,2026-08-10T14:19:08
030300,저축은행,202607,0011551,예가람저축은행,240008,e-정기예금,12,M,복리,3.90%,3.30%,"335,902",3.90%,"인터넷,스마트폰",1,제한없음,복리,,없음,* 만기 후 1개월 이내: 가입 당시 약정금리 또는 만기 시 동일 상품 동일 계약기간의 신규 약정금리 중 낮은 이율 * 만기 후 1개월 초과: 보통예금이율,* 비대면 전용 상품 * 가입금액: 10만원 이상 * 계약기간: 1~36개월 * 최소 가입금액 미만으로는 분할해지 불가,,20260721,,202607210856,금융감독원 금융상품한눈에 Open API,2026-08-10T14:19:08
030300,저축은행,202607,0011551,예가람저축은행,240008,e-정기예금,24,M,복리,2.30%,1.95%,"397,860",2.30%,"인터넷,스마트폰",1,제한없음,복리,,없음,* 만기 후 1개월 이내: 가입 당시 약정금리 또는 만기 시 동일 상품 동일 계약기간의 신규 약정금리 중 낮은 이율 * 만기 후 1개월 초과: 보통예금이율,* 비대면 전용 상품 * 가입금액: 10만원 이상 * 계약기간: 1~36개월 * 최소 가입금액 미만으로는 분할해지 불가,,20260721,,202607210856,금융감독원 금융상품한눈에 Open API,2026-08-10T14:19:08
030300,저축은행,202607,0011551,예가람저축은행,240008,e-정기예금,36,M,복리,2.25%,1.90%,"590,192",2.25%,"인터넷,스마트폰",1,제한없음,복리,,없음,* 만기 후 1개월 이내: 가입 당시 약정금리 또는 만기 시 동일 상품 동일 계약기간의 신규 약정금리 중 낮은 이율 * 만기 후 1개월 초과: 보통예금이율,* 비대면 전용 상품 * 가입금액: 10만원 이상 * 계약기간: 1~36개월 * 최소 가입금액 미만으로는 분할해지 불가,,20260721,,202607210856,금융감독원 금융상품한눈에 Open API,2026-08-10T14:19:08
030300,저축은행,202607,0011551,예가람저축은행,240030,회전정기예금,12,S,단리,4.00%,3.38%,"338,000",4.00%,영업점,1,제한없음,단리,,없음,* 만기 후 1개월 이내: 마지막 회전주기의 약정이율과 만기일에 공시된 이 상품의 이율 중 낮은 이율 * 만기 후 1개월 초과: 보통예금이율,* 창구 전용 상품 * 가입금액: 10만원 이상 * 계약기간: 36개월(12개월 회전주기 변동금리 상품) * 매 회전주기 기준 정기예금 12개월 고시금리 +0.1%p 변동 * 최소 가입금액 미만으로는 분할해지 불가,,20260721,,202607210856,금융감독원 금융상품한눈에 Open API,2026-08-10T14:19:08
030300,저축은행,202607,0011551,예가람저축은행,240030,회전정기예금,12,M,복리,4.00%,3.38%,"344,673",4.00%,영업점,1,제한없음,복리,,없음,* 만기 후 1개월 이내: 마지막 회전주기의 약정이율과 만기일에 공시된 이 상품의 이율 중 낮은 이율 * 만기 후 1개월 초과: 보통예금이율,* 창구 전용 상품 * 가입금액: 10만원 이상 * 계약기간: 36개월(12개월 회전주기 변동금리 상품) * 매 회전주기 기준 정기예금 12개월 고시금리 +0.1%p 변동 * 최소 가입금액 미만으로는 분할해지 불가,,20260721,,202607210856,금융감독원 금융상품한눈에 Open API,2026-08-10T14:19:08
030300,저축은행,202607,0011551,예가람저축은행,240031,e-회전정기예금,12,S,단리,4.00%,3.38%,"338,000",4.00%,"인터넷,스마트폰",1,제한없음,단리,,없음,* 만기 후 1개월 이내: 마지막 회전주기의 약정이율과 만기일에 공시된 이 상품의 이율 중 낮은 이율 * 만기 후 1개월 초과: 보통예금이율,* 비대면 전용 상품 * 가입금액: 10만원 이상 * 계약기간: 36개월(12개월 회전주기 변동금리 상품) * 매 회전주기 기준 e-정기예금 12개월 고시금리 +0.1%p 변동 * 최소 가입금액 미만으로는 분할해지 불가,,20260721,,202607210856,금융감독원 금융상품한눈에 Open API,2026-08-10T14:19:08
030300,저축은행,202607,0011551,예가람저축은행,240031,e-회전정기예금,12,M,복리,4.00%,3.38%,"344,673",4.00%,"인터넷,스마트폰",1,제한없음,복리,,없음,* 만기 후 1개월 이내: 마지막 회전주기의 약정이율과 만기일에 공시된 이 상품의 이율 중 낮은 이율 * 만기 후 1개월 초과: 보통예금이율,* 비대면 전용 상품 * 가입금액: 10만원 이상 * 계약기간: 36개월(12개월 회전주기 변동금리 상품) * 매 회전주기 기준 e-정기예금 12개월 고시금리 +0.1%p 변동 * 최소 가입금액 미만으로는 분할해지 불가,,20260721,,202607210856,금융감독원 금융상품한눈에 Open API,2026-08-10T14:19:08
030300,저축은행,202607,0011551,예가람저축은행,240038,The빠른회전정기예금(6개월),6,S,단리,3.80%,3.21%,"161,000",3.80%,영업점,1,제한없음,단리,,없음,* 만기 후 1개월 이내: 마지막 회전주기의 약정이율 * 만기 후 1개월 초과: 보통예금금리,* 창구 전용 상품 * 가입금액: 10만원 이상 * 계약기간: 36개월(6개월 회전주기 변동금리 상품),,20260721,,202607210856,금융감독원 금융상품한눈에 Open API,2026-08-10T14:19:08
030300,저축은행,202607,0011551,예가람저축은행,240038,The빠른회전정기예금(6개월),6,M,복리,3.80%,3.21%,"162,018",3.80%,영업점,1,제한없음,복리,,없음,* 만기 후 1개월 이내: 마지막 회전주기의 약정이율 * 만기 후 1개월 초과: 보통예금금리,* 창구 전용 상품 * 가입금액: 10만원 이상 * 계약기간: 36개월(6개월 회전주기 변동금리 상품),,20260721,,202607210856,금융감독원 금융상품한눈에 Open API,2026-08-10T14:19:08
030300,저축은행,202607,0011551,예가람저축은행,240039,e-The빠른회전정기예금(6개월),6,S,단리,3.80%,3.21%,"161,000",3.80%,"인터넷,스마트폰",1,제한없음,단리,,없음,* 만기 후 1개월 이내: 마지막 회전주기의 약정이율 * 만기 후 1개월 초과: 보통예금금리,* 비대면 전용 상품 * 가입금액: 10만원 이상 * 계약기간: 36개월(6개월 회전주기 변동금리 상품),,20260721,,202607210856,금융감독원 금융상품한눈에 Open API,2026-08-10T14:19:08
030300,저축은행,202607,0011551,예가람저축은행,240039,e-The빠른회전정기예금(6개월),6,M,복리,3.80%,3.21%,"162,018",3.80%,"인터넷,스마트폰",1,제한없음,복리,,없음,* 만기 후 1개월 이내: 마지막 회전주기의 약정이율 * 만기 후 1개월 초과: 보통예금금리,* 비대면 전용 상품 * 가입금액: 10만원 이상 * 계약기간: 36개월(6개월 회전주기 변동금리 상품),,20260721,,202607210856,금융감독원 금융상품한눈에 Open API,2026-08-10T14:19:08
030300,저축은행,202607,0011551,예가람저축은행,240051,The프리미엄 회전정기예금,12,S,단리,4.00%,3.38%,"338,000",4.00%,영업점,1,제한없음,단리,,없음,* 만기 후 1개월 이내: 마지막 회전주기의 약정이율과 만기일에 공시된 이 상품의 이율 중 낮은 이율 * 만기 후 1개월 초과: 보통예금이율,* 창구 전용 상품 * 가입금액: 1억원 이상 * 계약기간: 36개월(12개월 회전주기 변동금리 상품) * 최소 가입금액 미만으로는 분할해지 불가 * 비과세종합저축 가입 불가,,20260803,,202608030747,금융감독원 금융상품한눈에 Open API,2026-08-10T14:19:08
030300,저축은행,202607,0011551,예가람저축은행,240051,The프리미엄 회전정기예금,12,M,복리,4.00%,3.38%,"344,673",4.00%,영업점,1,제한없음,복리,,없음,* 만기 후 1개월 이내: 마지막 회전주기의 약정이율과 만기일에 공시된 이 상품의 이율 중 낮은 이율 * 만기 후 1개월 초과: 보통예금이율,* 창구 전용 상품 * 가입금액: 1억원 이상 * 계약기간: 36개월(12개월 회전주기 변동금리 상품) * 최소 가입금액 미만으로는 분할해지 불가 * 비과세종합저축 가입 불가,,20260803,,202608030747,금융감독원 금융상품한눈에 Open API,2026-08-10T14:19:08
030300,저축은행,202607,0011551,예가람저축은행,240053,e-The프리미엄 회전정기예금,12,S,단리,4.00%,3.38%,"338,000",4.00%,"인터넷,스마트폰",1,제한없음,단리,,없음,* 만기 후 1개월 이내: 마지막 회전주기의 약정이율과 만기일에 공시된 이 상품의 이율 중 낮은 이율 * 만기 후 1개월 초과: 보통예금이율,* 비대면 전용 상품 * 가입금액: 1억원 이상 * 계약기간: 36개월(12개월 회전주기 변동금리 상품) * 최소 가입금액 미만으로는 분할해지 불가 * 비과세종합저축 가입 불가,,20260803,,202608030747,금융감독원 금융상품한눈에 Open API,2026-08-10T14:19:08
030300,저축은행,202607,0011551,예가람저축은행,240053,e-The프리미엄 회전정기예금,12,M,복리,4.00%,3.38%,"344,673",4.00%,"인터넷,스마트폰",1,제한없음,복리,,없음,* 만기 후 1개월 이내: 마지막 회전주기의 약정이율과 만기일에 공시된 이 상품의 이율 중 낮은 이율 * 만기 후 1개월 초과: 보통예금이율,* 비대면 전용 상품 * 가입금액: 1억원 이상 * 계약기간: 36개월(12개월 회전주기 변동금리 상품) * 최소 가입금액 미만으로는 분할해지 불가 * 비과세종합저축 가입 불가,,20260803,,202608030747,금융감독원 금융상품한눈에 Open API,2026-08-10T14:19:08
030300,저축은행,202607,0011767,JT저축은행,240046,회전식정기예금(변동금리상품),12,S,단리,3.90%,3.30%,"330,000",3.90%,영업점,1,제한없음,단리,,"-최초가입일 금리는 1년간 적용되며, 이후 약정한 회전주기(12개월)별로 계약기간 내에서 이자율이 변동되는 상품임.",-1개월 이내 : 예치시점 약정금리 -1개월 초과 : 0.1%,현금IC카드 발급 불가 상품,,20260728,,202607280914,금융감독원 금융상품한눈에 Open API,2026-08-10T14:19:08
030300,저축은행,202607,0011767,JT저축은행,240046,회전식정기예금(변동금리상품),12,M,복리,3.90%,3.30%,"335,902",3.90%,영업점,1,제한없음,복리,,"-최초가입일 금리는 1년간 적용되며, 이후 약정한 회전주기(12개월)별로 계약기간 내에서 이자율이 변동되는 상품임.",-1개월 이내 : 예치시점 약정금리 -1개월 초과 : 0.1%,현금IC카드 발급 불가 상품,,20260728,,202607280914,금융감독원 금융상품한눈에 Open API,2026-08-10T14:19:08
030300,저축은행,202607,0011767,JT저축은행,240048,회전정기예금_비대면(변동금리상품),12,S,단리,3.80%,3.21%,"321,000",3.80%,"인터넷,스마트폰",1,제한없음,단리,,"-최초가입일 금리는 1년간 적용되며, 이후 약정한 회전주기(12개월)별로 계약기간 내에서 이자율이 변동되는 상품임.",-1개월 이내 : 예치시점 약정금리 -1개월 초과 : 0.1%,현금IC카드 발급 불가 상품,,20260728,,202607280914,금융감독원 금융상품한눈에 Open API,2026-08-10T14:19:08
030300,저축은행,202607,0011767,JT저축은행,240048,회전정기예금_비대면(변동금리상품),12,M,복리,3.80%,3.21%,"327,139",3.80%,"인터넷,스마트폰",1,제한없음,복리,,"-최초가입일 금리는 1년간 적용되며, 이후 약정한 회전주기(12개월)별로 계약기간 내에서 이자율이 변동되는 상품임.",-1개월 이내 : 예치시점 약정금리 -1개월 초과 : 0.1%,현금IC카드 발급 불가 상품,,20260728,,202607280914,금융감독원 금융상품한눈에 Open API,2026-08-10T14:19:08
030300,저축은행,202607,0011767,JT저축은행,240050,정기예금,1,S,단리,1.95%,1.65%,"14,000",2.05%,영업점,1,제한없음,단리,,(판매중단) 자동만기연장 우대상품 기가입고객에 한해 자동재예치 시 적용. 이외 우대조건 없음.,-1개월 이내 : 예치시점 약정금리 -1개월 초과 : 0.1%,현금IC카드 발급 불가 상품,,20260728,,202607280914,금융감독원 금융상품한눈에 Open API,2026-08-10T14:19:08
030300,저축은행,202607,0011767,JT저축은행,240050,정기예금,3,S,단리,1.95%,1.65%,"41,000",2.05%,영업점,1,제한없음,단리,,(판매중단) 자동만기연장 우대상품 기가입고객에 한해 자동재예치 시 적용. 이외 우대조건 없음.,-1개월 이내 : 예치시점 약정금리 -1개월 초과 : 0.1%,현금IC카드 발급 불가 상품,,20260728,,202607280914,금융감독원 금융상품한눈에 Open API,2026-08-10T14:19:08
030300,저축은행,202607,0011767,JT저축은행,240050,정기예금,6,S,단리,2.35%,1.99%,"99,000",2.45%,영업점,1,제한없음,단리,,(판매중단) 자동만기연장 우대상품 기가입고객에 한해 자동재예치 시 적용. 이외 우대조건 없음.,-1개월 이내 : 예치시점 약정금리 -1개월 초과 : 0.1%,현금IC카드 발급 불가 상품,,20260728,,202607280914,금융감독원 금융상품한눈에 Open API,2026-08-10T14:19:08
030300,저축은행,202607,0011767,JT저축은행,240050,정기예금,12,S,단리,3.90%,3.30%,"330,000",4.00%,영업점,1,제한없음,단리,,(판매중단) 자동만기연장 우대상품 기가입고객에 한해 자동재예치 시 적용. 이외 우대조건 없음.,-1개월 이내 : 예치시점 약정금리 -1개월 초과 : 0.1%,현금IC카드 발급 불가 상품,,20260728,,202607280914,금융감독원 금융상품한눈에 Open API,2026-08-10T14:19:08
030300,저축은행,202607,0011767,JT저축은행,240050,정기예금,24,S,단리,3.90%,3.30%,"660,000",4.00%,영업점,1,제한없음,단리,,(판매중단) 자동만기연장 우대상품 기가입고객에 한해 자동재예치 시 적용. 이외 우대조건 없음.,-1개월 이내 : 예치시점 약정금리 -1개월 초과 : 0.1%,현금IC카드 발급 불가 상품,,20260728,,202607280914,금융감독원 금융상품한눈에 Open API,2026-08-10T14:19:08
030300,저축은행,202607,0011767,JT저축은행,240050,정기예금,36,S,단리,2.35%,1.99%,"596,000",2.45%,영업점,1,제한없음,단리,,(판매중단) 자동만기연장 우대상품 기가입고객에 한해 자동재예치 시 적용. 이외 우대조건 없음.,-1개월 이내 : 예치시점 약정금리 -1개월 초과 : 0.1%,현금IC카드 발급 불가 상품,,20260728,,202607280914,금융감독원 금융상품한눈에 Open API,2026-08-10T14:19:08
030300,저축은행,202607,0011767,JT저축은행,240050,정기예금,1,M,복리,1.95%,1.65%,"13,747",2.05%,영업점,1,제한없음,복리,,(판매중단) 자동만기연장 우대상품 기가입고객에 한해 자동재예치 시 적용. 이외 우대조건 없음.,-1개월 이내 : 예치시점 약정금리 -1개월 초과 : 0.1%,현금IC카드 발급 불가 상품,,20260728,,202607280914,금융감독원 금융상품한눈에 Open API,2026-08-10T14:19:08
030300,저축은행,202607,0011767,JT저축은행,240050,정기예금,3,M,복리,1.95%,1.65%,"41,310",2.05%,영업점,1,제한없음,복리,,(판매중단) 자동만기연장 우대상품 기가입고객에 한해 자동재예치 시 적용. 이외 우대조건 없음.,-1개월 이내 : 예치시점 약정금리 -1개월 초과 : 0.1%,현금IC카드 발급 불가 상품,,20260728,,202607280914,금융감독원 금융상품한눈에 Open API,2026-08-10T14:19:08
030300,저축은행,202607,0011767,JT저축은행,240050,정기예금,6,M,복리,2.35%,1.99%,"99,893",2.45%,영업점,1,제한없음,복리,,(판매중단) 자동만기연장 우대상품 기가입고객에 한해 자동재예치 시 적용. 이외 우대조건 없음.,-1개월 이내 : 예치시점 약정금리 -1개월 초과 : 0.1%,현금IC카드 발급 불가 상품,,20260728,,202607280914,금융감독원 금융상품한눈에 Open API,2026-08-10T14:19:08
030300,저축은행,202607,0011767,JT저축은행,240050,정기예금,12,M,복리,3.90%,3.30%,"335,902",4.00%,영업점,1,제한없음,복리,,(판매중단) 자동만기연장 우대상품 기가입고객에 한해 자동재예치 시 적용. 이외 우대조건 없음.,-1개월 이내 : 예치시점 약정금리 -1개월 초과 : 0.1%,현금IC카드 발급 불가 상품,,20260728,,202607280914,금융감독원 금융상품한눈에 Open API,2026-08-10T14:19:08
030300,저축은행,202607,0011767,JT저축은행,240050,정기예금,24,M,복리,3.90%,3.30%,"685,141",4.00%,영업점,1,제한없음,복리,,(판매중단) 자동만기연장 우대상품 기가입고객에 한해 자동재예치 시 적용. 이외 우대조건 없음.,-1개월 이내 : 예치시점 약정금리 -1개월 초과 : 0.1%,현금IC카드 발급 불가 상품,,20260728,,202607280914,금융감독원 금융상품한눈에 Open API,2026-08-10T14:19:08
030300,저축은행,202607,0011767,JT저축은행,240050,정기예금,36,M,복리,2.35%,1.99%,"617,331",2.45%,영업점,1,제한없음,복리,,(판매중단) 자동만기연장 우대상품 기가입고객에 한해 자동재예치 시 적용. 이외 우대조건 없음.,-1개월 이내 : 예치시점 약정금리 -1개월 초과 : 0.1%,현금IC카드 발급 불가 상품,,20260728,,202607280914,금융감독원 금융상품한눈에 Open API,2026-08-10T14:19:08
030300,저축은행,202607,0011767,JT저축은행,240060,e-정기예금,1,S,단리,1.90%,1.61%,"13,000",1.90%,"인터넷,스마트폰",1,제한없음,단리,,없음,-1개월 이내 : 예치시점 약정금리 -1개월 초과 : 0.1%,현금IC카드 발급 불가 상품,,20260728,,202607280914,금융감독원 금융상품한눈에 Open API,2026-08-10T14:19:08
030300,저축은행,202607,0011767,JT저축은행,240060,e-정기예금,3,S,단리,1.90%,1.61%,"40,000",1.90%,"인터넷,스마트폰",1,제한없음,단리,,없음,-1개월 이내 : 예치시점 약정금리 -1개월 초과 : 0.1%,현금IC카드 발급 불가 상품,,20260728,,202607280914,금융감독원 금융상품한눈에 Open API,2026-08-10T14:19:08
030300,저축은행,202607,0011767,JT저축은행,240060,e-정기예금,6,S,단리,2.30%,1.95%,"97,000",2.30%,"인터넷,스마트폰",1,제한없음,단리,,없음,-1개월 이내 : 예치시점 약정금리 -1개월 초과 : 0.1%,현금IC카드 발급 불가 상품,,20260728,,202607280914,금융감독원 금융상품한눈에 Open API,2026-08-10T14:19:08
030300,저축은행,202607,0011767,JT저축은행,240060,e-정기예금,12,S,단리,3.80%,3.21%,"321,000",3.80%,"인터넷,스마트폰",1,제한없음,단리,,없음,-1개월 이내 : 예치시점 약정금리 -1개월 초과 : 0.1%,현금IC카드 발급 불가 상품,,20260728,,202607280914,금융감독원 금융상품한눈에 Open API,2026-08-10T14:19:08
030300,저축은행,202607,0011767,JT저축은행,240060,e-정기예금,24,S,단리,3.90%,3.30%,"660,000",3.90%,"인터넷,스마트폰",1,제한없음,단리,,없음,-1개월 이내 : 예치시점 약정금리 -1개월 초과 : 0.1%,현금IC카드 발급 불가 상품,,20260728,,202607280914,금융감독원 금융상품한눈에 Open API,2026-08-10T14:19:08
030300,저축은행,202607,0011767,JT저축은행,240060,e-정기예금,36,S,단리,2.30%,1.95%,"584,000",2.30%,"인터넷,스마트폰",1,제한없음,단리,,없음,-1개월 이내 : 예치시점 약정금리 -1개월 초과 : 0.1%,현금IC카드 발급 불가 상품,,20260728,,202607280914,금융감독원 금융상품한눈에 Open API,2026-08-10T14:19:08
030300,저축은행,202607,0011767,JT저축은행,240060,e-정기예금,1,M,복리,1.90%,1.61%,"13,395",1.90%,"인터넷,스마트폰",1,제한없음,복리,,없음,-1개월 이내 : 예치시점 약정금리 -1개월 초과 : 0.1%,현금IC카드 발급 불가 상품,,20260728,,202607280914,금융감독원 금융상품한눈에 Open API,2026-08-10T14:19:08
030300,저축은행,202607,0011767,JT저축은행,240060,e-정기예금,3,M,복리,1.90%,1.61%,"40,249",1.90%,"인터넷,스마트폰",1,제한없음,복리,,없음,-1개월 이내 : 예치시점 약정금리 -1개월 초과 : 0.1%,현금IC카드 발급 불가 상품,,20260728,,202607280914,금융감독원 금융상품한눈에 Open API,2026-08-10T14:19:08
030300,저축은행,202607,0011767,JT저축은행,240060,e-정기예금,6,M,복리,2.30%,1.95%,"97,757",2.30%,"인터넷,스마트폰",1,제한없음,복리,,없음,-1개월 이내 : 예치시점 약정금리 -1개월 초과 : 0.1%,현금IC카드 발급 불가 상품,,20260728,,202607280914,금융감독원 금융상품한눈에 Open API,2026-08-10T14:19:08
030300,저축은행,202607,0011767,JT저축은행,240060,e-정기예금,12,M,복리,3.80%,3.21%,"327,139",3.80%,"인터넷,스마트폰",1,제한없음,복리,,없음,-1개월 이내 : 예치시점 약정금리 -1개월 초과 : 0.1%,현금IC카드 발급 불가 상품,,20260728,,202607280914,금융감독원 금융상품한눈에 Open API,2026-08-10T14:19:08
030300,저축은행,202607,0011767,JT저축은행,240060,e-정기예금,24,M,복리,3.90%,3.30%,"685,141",3.90%,"인터넷,스마트폰",1,제한없음,복리,,없음,-1개월 이내 : 예치시점 약정금리 -1개월 초과 : 0.1%,현금IC카드 발급 불가 상품,,20260728,,202607280914,금융감독원 금융상품한눈에 Open API,2026-08-10T14:19:08
030300,저축은행,202607,0011767,JT저축은행,240060,e-정기예금,36,M,복리,2.30%,1.95%,"603,752",2.30%,"인터넷,스마트폰",1,제한없음,복리,,없음,-1개월 이내 : 예치시점 약정금리 -1개월 초과 : 0.1%,현금IC카드 발급 불가 상품,,20260728,,202607280914,금융감독원 금융상품한눈에 Open API,2026-08-10T14:19:08
030300,저축은행,202607,0012120,삼호저축은행,240032,정기예금(인터넷-모바일),1,S,단리,1.50%,1.27%,"11,000",1.50%,"인터넷,스마트폰",1,제한없음 (없음),단리,,없음,"만기후 1개월 이내 해지시 약정금리 적용, 만기후 1개월 초과 이후 해지시 보통예금 이율적용",없음,,20260720,,202607201300,금융감독원 금융상품한눈에 Open API,2026-08-10T14:19:08
030300,저축은행,202607,0012120,삼호저축은행,240032,정기예금(인터넷-모바일),3,S,단리,1.50%,1.27%,"32,000",1.50%,"인터넷,스마트폰",1,제한없음 (없음),단리,,없음,"만기후 1개월 이내 해지시 약정금리 적용, 만기후 1개월 초과 이후 해지시 보통예금 이율적용",없음,,20260720,,202607201300,금융감독원 금융상품한눈에 Open API,2026-08-10T14:19:08
030300,저축은행,202607,0012120,삼호저축은행,240032,정기예금(인터넷-모바일),6,S,단리,3.40%,2.88%,"144,000",3.40%,"인터넷,스마트폰",1,제한없음 (없음),단리,,없음,"만기후 1개월 이내 해지시 약정금리 적용, 만기후 1개월 초과 이후 해지시 보통예금 이율적용",없음,,20260720,,202607201300,금융감독원 금융상품한눈에 Open API,2026-08-10T14:19:08
030300,저축은행,202607,0012120,삼호저축은행,240032,정기예금(인터넷-모바일),12,S,단리,3.75%,3.17%,"317,000",3.75%,"인터넷,스마트폰",1,제한없음 (없음),단리,,없음,"만기후 1개월 이내 해지시 약정금리 적용, 만기후 1개월 초과 이후 해지시 보통예금 이율적용",없음,,20260720,,202607201300,금융감독원 금융상품한눈에 Open API,2026-08-10T14:19:08
030300,저축은행,202607,0012120,삼호저축은행,240032,정기예금(인터넷-모바일),24,S,단리,3.50%,2.96%,"592,000",3.50%,"인터넷,스마트폰",1,제한없음 (없음),단리,,없음,"만기후 1개월 이내 해지시 약정금리 적용, 만기후 1개월 초과 이후 해지시 보통예금 이율적용",없음,,20260720,,202607201300,금융감독원 금융상품한눈에 Open API,2026-08-10T14:19:08
030300,저축은행,202607,0012120,삼호저축은행,240032,정기예금(인터넷-모바일),36,S,단리,3.50%,2.96%,"888,000",3.50%,"인터넷,스마트폰",1,제한없음 (없음),단리,,없음,"만기후 1개월 이내 해지시 약정금리 적용, 만기후 1개월 초과 이후 해지시 보통예금 이율적용",없음,,20260720,,202607201300,금융감독원 금융상품한눈에 Open API,2026-08-10T14:19:08
030300,저축은행,202607,0012120,삼호저축은행,240032,정기예금(인터넷-모바일),1,M,복리,1.50%,1.27%,"10,575",1.50%,"인터넷,스마트폰",1,제한없음 (없음),복리,,없음,"만기후 1개월 이내 해지시 약정금리 적용, 만기후 1개월 초과 이후 해지시 보통예금 이율적용",없음,,20260720,,202607201300,금융감독원 금융상품한눈에 Open API,2026-08-10T14:19:08
030300,저축은행,202607,0012120,삼호저축은행,240032,정기예금(인터넷-모바일),3,M,복리,1.50%,1.27%,"31,765",1.50%,"인터넷,스마트폰",1,제한없음 (없음),복리,,없음,"만기후 1개월 이내 해지시 약정금리 적용, 만기후 1개월 초과 이후 해지시 보통예금 이율적용",없음,,20260720,,202607201300,금융감독원 금융상품한눈에 Open API,2026-08-10T14:19:08
030300,저축은행,202607,0012120,삼호저축은행,240032,정기예금(인터넷-모바일),6,M,복리,3.40%,2.88%,"144,843",3.40%,"인터넷,스마트폰",1,제한없음 (없음),복리,,없음,"만기후 1개월 이내 해지시 약정금리 적용, 만기후 1개월 초과 이후 해지시 보통예금 이율적용",없음,,20260720,,202607201300,금융감독원 금융상품한눈에 Open API,2026-08-10T14:19:08
030300,저축은행,202607,0012120,삼호저축은행,240032,정기예금(인터넷-모바일),12,M,복리,3.75%,3.17%,"322,760",3.75%,"인터넷,스마트폰",1,제한없음 (없음),복리,,없음,"만기후 1개월 이내 해지시 약정금리 적용, 만기후 1개월 초과 이후 해지시 보통예금 이율적용",없음,,20260720,,202607201300,금융감독원 금융상품한눈에 Open API,2026-08-10T14:19:08
030300,저축은행,202607,0012120,삼호저축은행,240032,정기예금(인터넷-모바일),24,M,복리,3.50%,2.96%,"612,495",3.50%,"인터넷,스마트폰",1,제한없음 (없음),복리,,없음,"만기후 1개월 이내 해지시 약정금리 적용, 만기후 1개월 초과 이후 해지시 보통예금 이율적용",없음,,20260720,,202607201300,금융감독원 금융상품한눈에 Open API,2026-08-10T14:19:08
030300,저축은행,202607,0012120,삼호저축은행,240032,정기예금(인터넷-모바일),36,M,복리,3.50%,2.96%,"935,176",3.50%,"인터넷,스마트폰",1,제한없음 (없음),복리,,없음,"만기후 1개월 이내 해지시 약정금리 적용, 만기후 1개월 초과 이후 해지시 보통예금 이율적용",없음,,20260720,,202607201300,금융감독원 금융상품한눈에 Open API,2026-08-10T14:19:08
030300,저축은행,202607,0012120,삼호저축은행,240038,정기예금,1,S,단리,1.50%,1.27%,"11,000",1.50%,영업점,1,제한없음 (없음),단리,,없음,"만기후 1개월 이내 해지시 약정금리 적용, 만기후 1개월 초과 이후 해지시 보통예금 이율적용",없음,,20260720,,202607201300,금융감독원 금융상품한눈에 Open API,2026-08-10T14:19:08
030300,저축은행,202607,0012120,삼호저축은행,240038,정기예금,3,S,단리,1.50%,1.27%,"32,000",1.50%,영업점,1,제한없음 (없음),단리,,없음,"만기후 1개월 이내 해지시 약정금리 적용, 만기후 1개월 초과 이후 해지시 보통예금 이율적용",없음,,20260720,,202607201300,금융감독원 금융상품한눈에 Open API,2026-08-10T14:19:08
030300,저축은행,202607,0012120,삼호저축은행,240038,정기예금,6,S,단리,3.40%,2.88%,"144,000",3.40%,영업점,1,제한없음 (없음),단리,,없음,"만기후 1개월 이내 해지시 약정금리 적용, 만기후 1개월 초과 이후 해지시 보통예금 이율적용",없음,,20260720,,202607201300,금융감독원 금융상품한눈에 Open API,2026-08-10T14:19:08
030300,저축은행,202607,0012120,삼호저축은행,240038,정기예금,12,S,단리,3.75%,3.17%,"317,000",3.75%,영업점,1,제한없음 (없음),단리,,없음,"만기후 1개월 이내 해지시 약정금리 적용, 만기후 1개월 초과 이후 해지시 보통예금 이율적용",없음,,20260720,,202607201300,금융감독원 금융상품한눈에 Open API,2026-08-10T14:19:08
030300,저축은행,202607,0012120,삼호저축은행,240038,정기예금,24,S,단리,3.50%,2.96%,"592,000",3.50%,영업점,1,제한없음 (없음),단리,,없음,"만기후 1개월 이내 해지시 약정금리 적용, 만기후 1개월 초과 이후 해지시 보통예금 이율적용",없음,,20260720,,202607201300,금융감독원 금융상품한눈에 Open API,2026-08-10T14:19:08
030300,저축은행,202607,0012120,삼호저축은행,240038,정기예금,36,S,단리,3.50%,2.96%,"888,000",3.50%,영업점,1,제한없음 (없음),단리,,없음,"만기후 1개월 이내 해지시 약정금리 적용, 만기후 1개월 초과 이후 해지시 보통예금 이율적용",없음,,20260720,,202607201300,금융감독원 금융상품한눈에 Open API,2026-08-10T14:19:08
030300,저축은행,202607,0012120,삼호저축은행,240038,정기예금,1,M,복리,1.50%,1.27%,"10,575",1.50%,영업점,1,제한없음 (없음),복리,,없음,"만기후 1개월 이내 해지시 약정금리 적용, 만기후 1개월 초과 이후 해지시 보통예금 이율적용",없음,,20260720,,202607201300,금융감독원 금융상품한눈에 Open API,2026-08-10T14:19:08
030300,저축은행,202607,0012120,삼호저축은행,240038,정기예금,3,M,복리,1.50%,1.27%,"31,765",1.50%,영업점,1,제한없음 (없음),복리,,없음,"만기후 1개월 이내 해지시 약정금리 적용, 만기후 1개월 초과 이후 해지시 보통예금 이율적용",없음,,20260720,,202607201300,금융감독원 금융상품한눈에 Open API,2026-08-10T14:19:08
030300,저축은행,202607,0012120,삼호저축은행,240038,정기예금,6,M,복리,3.40%,2.88%,"144,843",3.40%,영업점,1,제한없음 (없음),복리,,없음,"만기후 1개월 이내 해지시 약정금리 적용, 만기후 1개월 초과 이후 해지시 보통예금 이율적용",없음,,20260720,,202607201300,금융감독원 금융상품한눈에 Open API,2026-08-10T14:19:08
030300,저축은행,202607,0012120,삼호저축은행,240038,정기예금,12,M,복리,3.75%,3.17%,"322,760",3.75%,영업점,1,제한없음 (없음),복리,,없음,"만기후 1개월 이내 해지시 약정금리 적용, 만기후 1개월 초과 이후 해지시 보통예금 이율적용",없음,,20260720,,202607201300,금융감독원 금융상품한눈에 Open API,2026-08-10T14:19:08
030300,저축은행,202607,0012120,삼호저축은행,240038,정기예금,24,M,복리,3.50%,2.96%,"612,495",3.50%,영업점,1,제한없음 (없음),복리,,없음,"만기후 1개월 이내 해지시 약정금리 적용, 만기후 1개월 초과 이후 해지시 보통예금 이율적용",없음,,20260720,,202607201300,금융감독원 금융상품한눈에 Open API,2026-08-10T14:19:08
030300,저축은행,202607,0012120,삼호저축은행,240038,정기예금,36,M,복리,3.50%,2.96%,"935,176",3.50%,영업점,1,제한없음 (없음),복리,,없음,"만기후 1개월 이내 해지시 약정금리 적용, 만기후 1개월 초과 이후 해지시 보통예금 이율적용",없음,,20260720,,202607201300,금융감독원 금융상품한눈에 Open API,2026-08-10T14:19:08
030300,저축은행,202607,0012711,엔에이치저축은행,24002,정기예금,1,S,단리,2.60%,2.20%,"18,000",2.60%,영업점,1,제한없음,단리,,없음,-1개월 이내: 지급 전일까지 해당 계좌의 약정금리와 기간별 적용금리 중 낮은 금리 -1개월 초과: 지급일 당시 보통예금 이율,없음,,20260729,,202607290906,금융감독원 금융상품한눈에 Open API,2026-08-10T14:19:08
030300,저축은행,202607,0012711,엔에이치저축은행,24002,정기예금,3,S,단리,3.00%,2.54%,"63,000",3.00%,영업점,1,제한없음,단리,,없음,-1개월 이내: 지급 전일까지 해당 계좌의 약정금리와 기간별 적용금리 중 낮은 금리 -1개월 초과: 지급일 당시 보통예금 이율,없음,,20260729,,202607290906,금융감독원 금융상품한눈에 Open API,2026-08-10T14:19:08
030300,저축은행,202607,0012711,엔에이치저축은행,24002,정기예금,6,S,단리,3.30%,2.79%,"140,000",3.30%,영업점,1,제한없음,단리,,없음,-1개월 이내: 지급 전일까지 해당 계좌의 약정금리와 기간별 적용금리 중 낮은 금리 -1개월 초과: 지급일 당시 보통예금 이율,없음,,20260729,,202607290906,금융감독원 금융상품한눈에 Open API,2026-08-10T14:19:08
030300,저축은행,202607,0012711,엔에이치저축은행,24002,정기예금,12,S,단리,3.60%,3.05%,"305,000",3.60%,영업점,1,제한없음,단리,,없음,-1개월 이내: 지급 전일까지 해당 계좌의 약정금리와 기간별 적용금리 중 낮은 금리 -1개월 초과: 지급일 당시 보통예금 이율,없음,,20260729,,202607290906,금융감독원 금융상품한눈에 Open API,2026-08-10T14:19:08
030300,저축은행,202607,0012711,엔에이치저축은행,24002,정기예금,24,S,단리,3.60%,3.05%,"609,000",3.60%,영업점,1,제한없음,단리,,없음,-1개월 이내: 지급 전일까지 해당 계좌의 약정금리와 기간별 적용금리 중 낮은 금리 -1개월 초과: 지급일 당시 보통예금 이율,없음,,20260729,,202607290906,금융감독원 금융상품한눈에 Open API,2026-08-10T14:19:08
030300,저축은행,202607,0012711,엔에이치저축은행,24002,정기예금,36,S,단리,3.60%,3.05%,"914,000",3.60%,영업점,1,제한없음,단리,,없음,-1개월 이내: 지급 전일까지 해당 계좌의 약정금리와 기간별 적용금리 중 낮은 금리 -1개월 초과: 지급일 당시 보통예금 이율,없음,,20260729,,202607290906,금융감독원 금융상품한눈에 Open API,2026-08-10T14:19:08
030300,저축은행,202607,0012711,엔에이치저축은행,24002,정기예금,1,M,복리,2.60%,2.20%,"18,330",2.60%,영업점,1,제한없음,복리,,없음,-1개월 이내: 지급 전일까지 해당 계좌의 약정금리와 기간별 적용금리 중 낮은 금리 -1개월 초과: 지급일 당시 보통예금 이율,없음,,20260729,,202607290906,금융감독원 금융상품한눈에 Open API,2026-08-10T14:19:08
030300,저축은행,202607,0012711,엔에이치저축은행,24002,정기예금,3,M,복리,3.00%,2.54%,"63,609",3.00%,영업점,1,제한없음,복리,,없음,-1개월 이내: 지급 전일까지 해당 계좌의 약정금리와 기간별 적용금리 중 낮은 금리 -1개월 초과: 지급일 당시 보통예금 이율,없음,,20260729,,202607290906,금융감독원 금융상품한눈에 Open API,2026-08-10T14:19:08
030300,저축은행,202607,0012711,엔에이치저축은행,24002,정기예금,6,M,복리,3.30%,2.79%,"140,553",3.30%,영업점,1,제한없음,복리,,없음,-1개월 이내: 지급 전일까지 해당 계좌의 약정금리와 기간별 적용금리 중 낮은 금리 -1개월 초과: 지급일 당시 보통예금 이율,없음,,20260729,,202607290906,금융감독원 금융상품한눈에 Open API,2026-08-10T14:19:08
030300,저축은행,202607,0012711,엔에이치저축은행,24002,정기예금,12,M,복리,3.60%,3.05%,"309,636",3.60%,영업점,1,제한없음,복리,,없음,-1개월 이내: 지급 전일까지 해당 계좌의 약정금리와 기간별 적용금리 중 낮은 금리 -1개월 초과: 지급일 당시 보통예금 이율,없음,,20260729,,202607290906,금융감독원 금융상품한눈에 Open API,2026-08-10T14:19:08
030300,저축은행,202607,0012711,엔에이치저축은행,24002,정기예금,24,M,복리,3.60%,3.05%,"630,604",3.60%,영업점,1,제한없음,복리,,없음,-1개월 이내: 지급 전일까지 해당 계좌의 약정금리와 기간별 적용금리 중 낮은 금리 -1개월 초과: 지급일 당시 보통예금 이율,없음,,20260729,,202607290906,금융감독원 금융상품한눈에 Open API,2026-08-10T14:19:08
030300,저축은행,202607,0012711,엔에이치저축은행,24002,정기예금,36,M,복리,3.60%,3.05%,"963,320",3.60%,영업점,1,제한없음,복리,,없음,-1개월 이내: 지급 전일까지 해당 계좌의 약정금리와 기간별 적용금리 중 낮은 금리 -1개월 초과: 지급일 당시 보통예금 이율,없음,,20260729,,202607290906,금융감독원 금융상품한눈에 Open API,2026-08-10T14:19:08
030300,저축은행,202607,0012711,엔에이치저축은행,24031,회전식 정기예금,12,S,단리,3.80%,3.21%,"321,000",3.80%,"영업점,인터넷,스마트폰",1,제한없음,단리,,없음,-1개월 이내: 지급 전일까지 해당 계좌의 약정금리와 기간별 적용금리 중 낮은 금리 -1개월 초과: 지급일 당시 보통예금 이율,"-변동금리 상품: 가입기간은 36개월이며, 회전주기(매 1년)마다 약정이율 변동",,20260729,,202607290906,금융감독원 금융상품한눈에 Open API,2026-08-10T14:19:08
030300,저축은행,202607,0012711,엔에이치저축은행,24031,회전식 정기예금,24,S,단리,3.80%,3.21%,"643,000",3.80%,"영업점,인터넷,스마트폰",1,제한없음,단리,,없음,-1개월 이내: 지급 전일까지 해당 계좌의 약정금리와 기간별 적용금리 중 낮은 금리 -1개월 초과: 지급일 당시 보통예금 이율,"-변동금리 상품: 가입기간은 36개월이며, 회전주기(매 1년)마다 약정이율 변동",,20260729,,202607290906,금융감독원 금융상품한눈에 Open API,2026-08-10T14:19:08
030300,저축은행,202607,0012711,엔에이치저축은행,24031,회전식 정기예금,36,S,단리,3.80%,3.21%,"964,000",3.80%,"영업점,인터넷,스마트폰",1,제한없음,단리,,없음,-1개월 이내: 지급 전일까지 해당 계좌의 약정금리와 기간별 적용금리 중 낮은 금리 -1개월 초과: 지급일 당시 보통예금 이율,"-변동금리 상품: 가입기간은 36개월이며, 회전주기(매 1년)마다 약정이율 변동",,20260729,,202607290906,금융감독원 금융상품한눈에 Open API,2026-08-10T14:19:08
030300,저축은행,202607,0012711,엔에이치저축은행,24031,회전식 정기예금,12,M,복리,3.80%,3.21%,"327,139",3.80%,"영업점,인터넷,스마트폰",1,제한없음,복리,,없음,-1개월 이내: 지급 전일까지 해당 계좌의 약정금리와 기간별 적용금리 중 낮은 금리 -1개월 초과: 지급일 당시 보통예금 이율,"-변동금리 상품: 가입기간은 36개월이며, 회전주기(매 1년)마다 약정이율 변동",,20260729,,202607290906,금융감독원 금융상품한눈에 Open API,2026-08-10T14:19:08
030300,저축은행,202607,0012711,엔에이치저축은행,24031,회전식 정기예금,24,M,복리,3.80%,3.21%,"666,927",3.80%,"영업점,인터넷,스마트폰",1,제한없음,복리,,없음,-1개월 이내: 지급 전일까지 해당 계좌의 약정금리와 기간별 적용금리 중 낮은 금리 -1개월 초과: 지급일 당시 보통예금 이율,"-변동금리 상품: 가입기간은 36개월이며, 회전주기(매 1년)마다 약정이율 변동",,20260729,,202607290906,금융감독원 금융상품한눈에 Open API,2026-08-10T14:19:08
030300,저축은행,202607,0012711,엔에이치저축은행,24031,회전식 정기예금,36,M,복리,3.80%,3.21%,"1,019,855",3.80%,"영업점,인터넷,스마트폰",1,제한없음,복리,,없음,-1개월 이내: 지급 전일까지 해당 계좌의 약정금리와 기간별 적용금리 중 낮은 금리 -1개월 초과: 지급일 당시 보통예금 이율,"-변동금리 상품: 가입기간은 36개월이며, 회전주기(매 1년)마다 약정이율 변동",,20260729,,202607290906,금융감독원 금융상품한눈에 Open API,2026-08-10T14:19:08
030300,저축은행,202607,0012711,엔에이치저축은행,24502,비대면 정기예금,1,S,단리,2.70%,2.28%,"19,000",2.70%,"인터넷,스마트폰",1,제한없음,단리,,없음,-1개월 이내: 지급 전일까지 해당 계좌의 약정금리와 기간별 적용금리 중 낮은 금리 -1개월 초과: 지급일 당시 보통예금 이율,없음,,20260729,,202607290906,금융감독원 금융상품한눈에 Open API,2026-08-10T14:19:08
030300,저축은행,202607,0012711,엔에이치저축은행,24502,비대면 정기예금,3,S,단리,3.10%,2.62%,"66,000",3.10%,"인터넷,스마트폰",1,제한없음,단리,,없음,-1개월 이내: 지급 전일까지 해당 계좌의 약정금리와 기간별 적용금리 중 낮은 금리 -1개월 초과: 지급일 당시 보통예금 이율,없음,,20260729,,202607290906,금융감독원 금융상품한눈에 Open API,2026-08-10T14:19:08
030300,저축은행,202607,0012711,엔에이치저축은행,24502,비대면 정기예금,6,S,단리,3.40%,2.88%,"144,000",3.40%,"인터넷,스마트폰",1,제한없음,단리,,없음,-1개월 이내: 지급 전일까지 해당 계좌의 약정금리와 기간별 적용금리 중 낮은 금리 -1개월 초과: 지급일 당시 보통예금 이율,없음,,20260729,,202607290906,금융감독원 금융상품한눈에 Open API,2026-08-10T14:19:08
030300,저축은행,202607,0012711,엔에이치저축은행,24502,비대면 정기예금,12,S,단리,3.70%,3.13%,"313,000",3.70%,"인터넷,스마트폰",1,제한없음,단리,,없음,-1개월 이내: 지급 전일까지 해당 계좌의 약정금리와 기간별 적용금리 중 낮은 금리 -1개월 초과: 지급일 당시 보통예금 이율,없음,,20260729,,202607290906,금융감독원 금융상품한눈에 Open API,2026-08-10T14:19:08
030300,저축은행,202607,0012711,엔에이치저축은행,24502,비대면 정기예금,24,S,단리,3.70%,3.13%,"626,000",3.70%,"인터넷,스마트폰",1,제한없음,단리,,없음,-1개월 이내: 지급 전일까지 해당 계좌의 약정금리와 기간별 적용금리 중 낮은 금리 -1개월 초과: 지급일 당시 보통예금 이율,없음,,20260729,,202607290906,금융감독원 금융상품한눈에 Open API,2026-08-10T14:19:08
030300,저축은행,202607,0012711,엔에이치저축은행,24502,비대면 정기예금,36,S,단리,3.70%,3.13%,"939,000",3.70%,"인터넷,스마트폰",1,제한없음,단리,,없음,-1개월 이내: 지급 전일까지 해당 계좌의 약정금리와 기간별 적용금리 중 낮은 금리 -1개월 초과: 지급일 당시 보통예금 이율,없음,,20260729,,202607290906,금융감독원 금융상품한눈에 Open API,2026-08-10T14:19:08
030300,저축은행,202607,0012711,엔에이치저축은행,24502,비대면 정기예금,1,M,복리,2.70%,2.28%,"19,035",2.70%,"인터넷,스마트폰",1,제한없음,복리,,없음,-1개월 이내: 지급 전일까지 해당 계좌의 약정금리와 기간별 적용금리 중 낮은 금리 -1개월 초과: 지급일 당시 보통예금 이율,없음,,20260729,,202607290906,금융감독원 금융상품한눈에 Open API,2026-08-10T14:19:08
030300,저축은행,202607,0012711,엔에이치저축은행,24502,비대면 정기예금,3,M,복리,3.10%,2.62%,"65,735",3.10%,"인터넷,스마트폰",1,제한없음,복리,,없음,-1개월 이내: 지급 전일까지 해당 계좌의 약정금리와 기간별 적용금리 중 낮은 금리 -1개월 초과: 지급일 당시 보통예금 이율,없음,,20260729,,202607290906,금융감독원 금융상품한눈에 Open API,2026-08-10T14:19:08
030300,저축은행,202607,0012711,엔에이치저축은행,24502,비대면 정기예금,6,M,복리,3.40%,2.88%,"144,843",3.40%,"인터넷,스마트폰",1,제한없음,복리,,없음,-1개월 이내: 지급 전일까지 해당 계좌의 약정금리와 기간별 적용금리 중 낮은 금리 -1개월 초과: 지급일 당시 보통예금 이율,없음,,20260729,,202607290906,금융감독원 금융상품한눈에 Open API,2026-08-10T14:19:08
030300,저축은행,202607,0012711,엔에이치저축은행,24502,비대면 정기예금,12,M,복리,3.70%,3.13%,"318,383",3.70%,"인터넷,스마트폰",1,제한없음,복리,,없음,-1개월 이내: 지급 전일까지 해당 계좌의 약정금리와 기간별 적용금리 중 낮은 금리 -1개월 초과: 지급일 당시 보통예금 이율,없음,,20260729,,202607290906,금융감독원 금융상품한눈에 Open API,2026-08-10T14:19:08
030300,저축은행,202607,0012711,엔에이치저축은행,24502,비대면 정기예금,24,M,복리,3.70%,3.13%,"648,748",3.70%,"인터넷,스마트폰",1,제한없음,복리,,없음,-1개월 이내: 지급 전일까지 해당 계좌의 약정금리와 기간별 적용금리 중 낮은 금리 -1개월 초과: 지급일 당시 보통예금 이율,없음,,20260729,,202607290906,금융감독원 금융상품한눈에 Open API,2026-08-10T14:19:08
030300,저축은행,202607,0012711,엔에이치저축은행,24502,비대면 정기예금,36,M,복리,3.70%,3.13%,"991,547",3.70%,"인터넷,스마트폰",1,제한없음,복리,,없음,-1개월 이내: 지급 전일까지 해당 계좌의 약정금리와 기간별 적용금리 중 낮은 금리 -1개월 초과: 지급일 당시 보통예금 이율,없음,,20260729,,202607290906,금융감독원 금융상품한눈에 Open API,2026-08-10T14:19:08
030300,저축은행,202607,0012711,엔에이치저축은행,24531,NH특판정기예금(모바일),6,S,단리,3.50%,2.96%,"148,000",3.50%,스마트폰,1,"제한없음 (만 19세 이상 개인(내국인에 한함, 본인 명의의 휴대폰 보유자))",단리,,없음,-1개월 이내: 지급 전일까지 해당 계좌의 약정금리와 기간별 적용금리 중 낮은 금리 -1개월 초과: 보통예금 이율,- 총 한도 500억원 (1일 한도 소진 시 마감) - 가입금액 : 100만원 이상,,20260720,,202607201300,금융감독원 금융상품한눈에 Open API,2026-08-10T14:19:08
030300,저축은행,202607,0012711,엔에이치저축은행,24531,NH특판정기예금(모바일),12,S,단리,4.50%,3.81%,"381,000",4.50%,스마트폰,1,"제한없음 (만 19세 이상 개인(내국인에 한함, 본인 명의의 휴대폰 보유자))",단리,,없음,-1개월 이내: 지급 전일까지 해당 계좌의 약정금리와 기간별 적용금리 중 낮은 금리 -1개월 초과: 보통예금 이율,- 총 한도 500억원 (1일 한도 소진 시 마감) - 가입금액 : 100만원 이상,,20260720,,202607201300,금융감독원 금융상품한눈에 Open API,2026-08-10T14:19:08
030300,저축은행,202607,0012711,엔에이치저축은행,24531,NH특판정기예금(모바일),6,M,복리,3.50%,2.96%,"149,134",3.50%,스마트폰,1,"제한없음 (만 19세 이상 개인(내국인에 한함, 본인 명의의 휴대폰 보유자))",복리,,없음,-1개월 이내: 지급 전일까지 해당 계좌의 약정금리와 기간별 적용금리 중 낮은 금리 -1개월 초과: 보통예금 이율,- 총 한도 500억원 (1일 한도 소진 시 마감) - 가입금액 : 100만원 이상,,20260720,,202607201300,금융감독원 금융상품한눈에 Open API,2026-08-10T14:19:08
030300,저축은행,202607,0012711,엔에이치저축은행,24531,NH특판정기예금(모바일),12,M,복리,4.50%,3.81%,"388,651",4.50%,스마트폰,1,"제한없음 (만 19세 이상 개인(내국인에 한함, 본인 명의의 휴대폰 보유자))",복리,,없음,-1개월 이내: 지급 전일까지 해당 계좌의 약정금리와 기간별 적용금리 중 낮은 금리 -1개월 초과: 보통예금 이율,- 총 한도 500억원 (1일 한도 소진 시 마감) - 가입금액 : 100만원 이상,,20260720,,202607201300,금융감독원 금융상품한눈에 Open API,2026-08-10T14:19:08
030300,저축은행,202607,0012840,대신저축은행,TD,정기예금,3,S,단리,2.50%,2.11%,"53,000",2.50%,"영업점,인터넷",1,제한없음 (모든고객),단리,,없음,* 만기후 1개월 이내 : 당초 약정이율과 만기시점 해당상품 신규 약정이율 중 낮은이율 * 만기후 1개월 초과: 만기시점 보통예금 이율 (현재 0.1%),영업점전용상품,,20260729,,202607290759,금융감독원 금융상품한눈에 Open API,2026-08-10T14:19:08
030300,저축은행,202607,0012840,대신저축은행,TD,정기예금,6,S,단리,2.50%,2.11%,"106,000",2.50%,"영업점,인터넷",1,제한없음 (모든고객),단리,,없음,* 만기후 1개월 이내 : 당초 약정이율과 만기시점 해당상품 신규 약정이율 중 낮은이율 * 만기후 1개월 초과: 만기시점 보통예금 이율 (현재 0.1%),영업점전용상품,,20260729,,202607290759,금융감독원 금융상품한눈에 Open API,2026-08-10T14:19:08
030300,저축은행,202607,0012840,대신저축은행,TD,정기예금,12,S,단리,3.50%,2.96%,"296,000",3.50%,"영업점,인터넷",1,제한없음 (모든고객),단리,,없음,* 만기후 1개월 이내 : 당초 약정이율과 만기시점 해당상품 신규 약정이율 중 낮은이율 * 만기후 1개월 초과: 만기시점 보통예금 이율 (현재 0.1%),영업점전용상품,,20260729,,202607290759,금융감독원 금융상품한눈에 Open API,2026-08-10T14:19:08
030300,저축은행,202607,0012840,대신저축은행,TD,정기예금,24,S,단리,2.00%,1.69%,"338,000",2.00%,"영업점,인터넷",1,제한없음 (모든고객),단리,,없음,* 만기후 1개월 이내 : 당초 약정이율과 만기시점 해당상품 신규 약정이율 중 낮은이율 * 만기후 1개월 초과: 만기시점 보통예금 이율 (현재 0.1%),영업점전용상품,,20260729,,202607290759,금융감독원 금융상품한눈에 Open API,2026-08-10T14:19:08
030300,저축은행,202607,0012840,대신저축은행,TD,정기예금,36,S,단리,2.00%,1.69%,"508,000",2.00%,"영업점,인터넷",1,제한없음 (모든고객),단리,,없음,* 만기후 1개월 이내 : 당초 약정이율과 만기시점 해당상품 신규 약정이율 중 낮은이율 * 만기후 1개월 초과: 만기시점 보통예금 이율 (현재 0.1%),영업점전용상품,,20260729,,202607290759,금융감독원 금융상품한눈에 Open API,2026-08-10T14:19:08
030300,저축은행,202607,0012840,대신저축은행,TD,정기예금,3,M,복리,2.50%,2.11%,"52,985",2.50%,"영업점,인터넷",1,제한없음 (모든고객),복리,,없음,* 만기후 1개월 이내 : 당초 약정이율과 만기시점 해당상품 신규 약정이율 중 낮은이율 * 만기후 1개월 초과: 만기시점 보통예금 이율 (현재 0.1%),영업점전용상품,,20260729,,202607290759,금융감독원 금융상품한눈에 Open API,2026-08-10T14:19:08
030300,저축은행,202607,0012840,대신저축은행,TD,정기예금,6,M,복리,2.50%,2.11%,"106,302",2.50%,"영업점,인터넷",1,제한없음 (모든고객),복리,,없음,* 만기후 1개월 이내 : 당초 약정이율과 만기시점 해당상품 신규 약정이율 중 낮은이율 * 만기후 1개월 초과: 만기시점 보통예금 이율 (현재 0.1%),영업점전용상품,,20260729,,202607290759,금융감독원 금융상품한눈에 Open API,2026-08-10T14:19:08
030300,저축은행,202607,0012840,대신저축은행,TD,정기예금,12,M,복리,3.50%,2.96%,"300,896",3.50%,"영업점,인터넷",1,제한없음 (모든고객),복리,,없음,* 만기후 1개월 이내 : 당초 약정이율과 만기시점 해당상품 신규 약정이율 중 낮은이율 * 만기후 1개월 초과: 만기시점 보통예금 이율 (현재 0.1%),영업점전용상품,,20260729,,202607290759,금융감독원 금융상품한눈에 Open API,2026-08-10T14:19:08
030300,저축은행,202607,0012840,대신저축은행,TD,정기예금,24,M,복리,2.00%,1.69%,"344,966",2.00%,"영업점,인터넷",1,제한없음 (모든고객),복리,,없음,* 만기후 1개월 이내 : 당초 약정이율과 만기시점 해당상품 신규 약정이율 중 낮은이율 * 만기후 1개월 초과: 만기시점 보통예금 이율 (현재 0.1%),영업점전용상품,,20260729,,202607290759,금융감독원 금융상품한눈에 Open API,2026-08-10T14:19:08
030300,저축은행,202607,0012840,대신저축은행,TD,정기예금,36,M,복리,2.00%,1.69%,"522,689",2.00%,"영업점,인터넷",1,제한없음 (모든고객),복리,,없음,* 만기후 1개월 이내 : 당초 약정이율과 만기시점 해당상품 신규 약정이율 중 낮은이율 * 만기후 1개월 초과: 만기시점 보통예금 이율 (현재 0.1%),영업점전용상품,,20260729,,202607290759,금융감독원 금융상품한눈에 Open API,2026-08-10T14:19:08
030300,저축은행,202607,0012840,대신저축은행,TD07 TB07,스마트정기예금,3,S,단리,2.50%,2.11%,"53,000",2.50%,스마트폰,1,제한없음 (스마트뱅크 가입고객),단리,,없음,* 만기후 1개월 이내 : 당초 약정이율과 만기시점 해당상품 신규 약정이율 중 낮은이율 * 만기후 1개월 초과: 만기시점 보통예금 이율 (현재 0.1%),가입채널 제한 (모바일앱전용상품),,20260729,,202607290759,금융감독원 금융상품한눈에 Open API,2026-08-10T14:19:08
030300,저축은행,202607,0012840,대신저축은행,TD07 TB07,스마트정기예금,6,S,단리,2.50%,2.11%,"106,000",2.50%,스마트폰,1,제한없음 (스마트뱅크 가입고객),단리,,없음,* 만기후 1개월 이내 : 당초 약정이율과 만기시점 해당상품 신규 약정이율 중 낮은이율 * 만기후 1개월 초과: 만기시점 보통예금 이율 (현재 0.1%),가입채널 제한 (모바일앱전용상품),,20260729,,202607290759,금융감독원 금융상품한눈에 Open API,2026-08-10T14:19:08
030300,저축은행,202607,0012840,대신저축은행,TD07 TB07,스마트정기예금,12,S,단리,3.50%,2.96%,"296,000",3.50%,스마트폰,1,제한없음 (스마트뱅크 가입고객),단리,,없음,* 만기후 1개월 이내 : 당초 약정이율과 만기시점 해당상품 신규 약정이율 중 낮은이율 * 만기후 1개월 초과: 만기시점 보통예금 이율 (현재 0.1%),가입채널 제한 (모바일앱전용상품),,20260729,,202607290759,금융감독원 금융상품한눈에 Open API,2026-08-10T14:19:08
030300,저축은행,202607,0012840,대신저축은행,TD07 TB07,스마트정기예금,24,S,단리,2.00%,1.69%,"338,000",2.00%,스마트폰,1,제한없음 (스마트뱅크 가입고객),단리,,없음,* 만기후 1개월 이내 : 당초 약정이율과 만기시점 해당상품 신규 약정이율 중 낮은이율 * 만기후 1개월 초과: 만기시점 보통예금 이율 (현재 0.1%),가입채널 제한 (모바일앱전용상품),,20260729,,202607290759,금융감독원 금융상품한눈에 Open API,2026-08-10T14:19:08
030300,저축은행,202607,0012840,대신저축은행,TD07 TB07,스마트정기예금,36,S,단리,2.00%,1.69%,"508,000",2.00%,스마트폰,1,제한없음 (스마트뱅크 가입고객),단리,,없음,* 만기후 1개월 이내 : 당초 약정이율과 만기시점 해당상품 신규 약정이율 중 낮은이율 * 만기후 1개월 초과: 만기시점 보통예금 이율 (현재 0.1%),가입채널 제한 (모바일앱전용상품),,20260729,,202607290759,금융감독원 금융상품한눈에 Open API,2026-08-10T14:19:08
030300,저축은행,202607,0012840,대신저축은행,TD07 TB07,스마트정기예금,3,M,복리,2.50%,2.11%,"52,985",2.50%,스마트폰,1,제한없음 (스마트뱅크 가입고객),복리,,없음,* 만기후 1개월 이내 : 당초 약정이율과 만기시점 해당상품 신규 약정이율 중 낮은이율 * 만기후 1개월 초과: 만기시점 보통예금 이율 (현재 0.1%),가입채널 제한 (모바일앱전용상품),,20260729,,202607290759,금융감독원 금융상품한눈에 Open API,2026-08-10T14:19:08
030300,저축은행,202607,0012840,대신저축은행,TD07 TB07,스마트정기예금,6,M,복리,2.50%,2.11%,"106,302",2.50%,스마트폰,1,제한없음 (스마트뱅크 가입고객),복리,,없음,* 만기후 1개월 이내 : 당초 약정이율과 만기시점 해당상품 신규 약정이율 중 낮은이율 * 만기후 1개월 초과: 만기시점 보통예금 이율 (현재 0.1%),가입채널 제한 (모바일앱전용상품),,20260729,,202607290759,금융감독원 금융상품한눈에 Open API,2026-08-10T14:19:08
030300,저축은행,202607,0012840,대신저축은행,TD07 TB07,스마트정기예금,12,M,복리,3.50%,2.96%,"300,896",3.50%,스마트폰,1,제한없음 (스마트뱅크 가입고객),복리,,없음,* 만기후 1개월 이내 : 당초 약정이율과 만기시점 해당상품 신규 약정이율 중 낮은이율 * 만기후 1개월 초과: 만기시점 보통예금 이율 (현재 0.1%),가입채널 제한 (모바일앱전용상품),,20260729,,202607290759,금융감독원 금융상품한눈에 Open API,2026-08-10T14:19:08
030300,저축은행,202607,0012840,대신저축은행,TD07 TB07,스마트정기예금,24,M,복리,2.00%,1.69%,"344,966",2.00%,스마트폰,1,제한없음 (스마트뱅크 가입고객),복리,,없음,* 만기후 1개월 이내 : 당초 약정이율과 만기시점 해당상품 신규 약정이율 중 낮은이율 * 만기후 1개월 초과: 만기시점 보통예금 이율 (현재 0.1%),가입채널 제한 (모바일앱전용상품),,20260729,,202607290759,금융감독원 금융상품한눈에 Open API,2026-08-10T14:19:08
030300,저축은행,202607,0012840,대신저축은행,TD07 TB07,스마트정기예금,36,M,복리,2.00%,1.69%,"522,689",2.00%,스마트폰,1,제한없음 (스마트뱅크 가입고객),복리,,없음,* 만기후 1개월 이내 : 당초 약정이율과 만기시점 해당상품 신규 약정이율 중 낮은이율 * 만기후 1개월 초과: 만기시점 보통예금 이율 (현재 0.1%),가입채널 제한 (모바일앱전용상품),,20260729,,202607290759,금융감독원 금융상품한눈에 Open API,2026-08-10T14:19:08
030300,저축은행,202607,0012840,대신저축은행,TD21,더드리고정기예금,12,S,단리,2.85%,2.41%,"241,000",2.85%,영업점,1,제한없음 (만 65세이상 고객),단리,,없음,* 만기후 1개월 이내 : 당초 약정이율과 만기시점 해당상품 신규 약정이율 중 낮은이율 * 만기후 1개월 초과: 만기시점 보통예금 이율 (현재 0.1%),영업점전용상품,,20260720,,202607201300,금융감독원 금융상품한눈에 Open API,2026-08-10T14:19:08
030300,저축은행,202607,0012840,대신저축은행,TD21,더드리고정기예금,24,S,단리,2.00%,1.69%,"338,000",2.00%,영업점,1,제한없음 (만 65세이상 고객),단리,,없음,* 만기후 1개월 이내 : 당초 약정이율과 만기시점 해당상품 신규 약정이율 중 낮은이율 * 만기후 1개월 초과: 만기시점 보통예금 이율 (현재 0.1%),영업점전용상품,,20260720,,202607201300,금융감독원 금융상품한눈에 Open API,2026-08-10T14:19:08
030300,저축은행,202607,0012840,대신저축은행,TD21,더드리고정기예금,36,S,단리,2.00%,1.69%,"508,000",2.00%,영업점,1,제한없음 (만 65세이상 고객),단리,,없음,* 만기후 1개월 이내 : 당초 약정이율과 만기시점 해당상품 신규 약정이율 중 낮은이율 * 만기후 1개월 초과: 만기시점 보통예금 이율 (현재 0.1%),영업점전용상품,,20260720,,202607201300,금융감독원 금융상품한눈에 Open API,2026-08-10T14:19:08
030300,저축은행,202607,0012840,대신저축은행,TD21,더드리고정기예금,12,M,복리,2.85%,2.41%,"244,285",2.85%,영업점,1,제한없음 (만 65세이상 고객),복리,,없음,* 만기후 1개월 이내 : 당초 약정이율과 만기시점 해당상품 신규 약정이율 중 낮은이율 * 만기후 1개월 초과: 만기시점 보통예금 이율 (현재 0.1%),영업점전용상품,,20260720,,202607201300,금융감독원 금융상품한눈에 Open API,2026-08-10T14:19:08
030300,저축은행,202607,0012840,대신저축은행,TD21,더드리고정기예금,24,M,복리,2.00%,1.69%,"344,966",2.00%,영업점,1,제한없음 (만 65세이상 고객),복리,,없음,* 만기후 1개월 이내 : 당초 약정이율과 만기시점 해당상품 신규 약정이율 중 낮은이율 * 만기후 1개월 초과: 만기시점 보통예금 이율 (현재 0.1%),영업점전용상품,,20260720,,202607201300,금융감독원 금융상품한눈에 Open API,2026-08-10T14:19:08
030300,저축은행,202607,0012840,대신저축은행,TD21,더드리고정기예금,36,M,복리,2.00%,1.69%,"522,689",2.00%,영업점,1,제한없음 (만 65세이상 고객),복리,,없음,* 만기후 1개월 이내 : 당초 약정이율과 만기시점 해당상품 신규 약정이율 중 낮은이율 * 만기후 1개월 초과: 만기시점 보통예금 이율 (현재 0.1%),영업점전용상품,,20260720,,202607201300,금융감독원 금융상품한눈에 Open API,2026-08-10T14:19:08
030300,저축은행,202607,0012840,대신저축은행,TD22,대신든든정기예금,12,S,단리,3.50%,2.96%,"296,000",3.50%,영업점,1,제한없음 (모든고객),단리,,없음,* 만기후 1개월 이내 : 당초 약정이율과 만기시점 해당상품 신규 약정이율 중 낮은이율 * 만기후 1개월 초과: 만기시점 보통예금 이율 (현재 0.1%),영업점전용상품,,20260729,,202607290759,금융감독원 금융상품한눈에 Open API,2026-08-10T14:19:08
030300,저축은행,202607,0012840,대신저축은행,TD22,대신든든정기예금,24,S,단리,2.00%,1.69%,"338,000",2.00%,영업점,1,제한없음 (모든고객),단리,,없음,* 만기후 1개월 이내 : 당초 약정이율과 만기시점 해당상품 신규 약정이율 중 낮은이율 * 만기후 1개월 초과: 만기시점 보통예금 이율 (현재 0.1%),영업점전용상품,,20260729,,202607290759,금융감독원 금융상품한눈에 Open API,2026-08-10T14:19:08
030300,저축은행,202607,0012840,대신저축은행,TD22,대신든든정기예금,36,S,단리,2.00%,1.69%,"508,000",2.00%,영업점,1,제한없음 (모든고객),단리,,없음,* 만기후 1개월 이내 : 당초 약정이율과 만기시점 해당상품 신규 약정이율 중 낮은이율 * 만기후 1개월 초과: 만기시점 보통예금 이율 (현재 0.1%),영업점전용상품,,20260729,,202607290759,금융감독원 금융상품한눈에 Open API,2026-08-10T14:19:08
030300,저축은행,202607,0012840,대신저축은행,TD22,대신든든정기예금,12,M,복리,3.50%,2.96%,"300,896",3.50%,영업점,1,제한없음 (모든고객),복리,,없음,* 만기후 1개월 이내 : 당초 약정이율과 만기시점 해당상품 신규 약정이율 중 낮은이율 * 만기후 1개월 초과: 만기시점 보통예금 이율 (현재 0.1%),영업점전용상품,,20260729,,202607290759,금융감독원 금융상품한눈에 Open API,2026-08-10T14:19:08
030300,저축은행,202607,0012840,대신저축은행,TD22,대신든든정기예금,24,M,복리,2.00%,1.69%,"344,966",2.00%,영업점,1,제한없음 (모든고객),복리,,없음,* 만기후 1개월 이내 : 당초 약정이율과 만기시점 해당상품 신규 약정이율 중 낮은이율 * 만기후 1개월 초과: 만기시점 보통예금 이율 (현재 0.1%),영업점전용상품,,20260729,,202607290759,금융감독원 금융상품한눈에 Open API,2026-08-10T14:19:08
030300,저축은행,202607,0012840,대신저축은행,TD22,대신든든정기예금,36,M,복리,2.00%,1.69%,"522,689",2.00%,영업점,1,제한없음 (모든고객),복리,,없음,* 만기후 1개월 이내 : 당초 약정이율과 만기시점 해당상품 신규 약정이율 중 낮은이율 * 만기후 1개월 초과: 만기시점 보통예금 이율 (현재 0.1%),영업점전용상품,,20260729,,202607290759,금융감독원 금융상품한눈에 Open API,2026-08-10T14:19:08
030300,저축은행,202607,0012840,대신저축은행,TD31,회전정기예금,12,S,단리,3.50%,2.96%,"296,000",3.50%,영업점,1,제한없음 (모든고객),단리,,없음,* 만기후 1개월 이내 : 마지막 회전주기의 약정이율나 만기시점 동일상품 신규 약정이율 중 낮은이율 * 만기후 1개월 초과: 만기시점 보통예금 이율 (현재 0.1%),영업점전용상품,,20260729,,202607290759,금융감독원 금융상품한눈에 Open API,2026-08-10T14:19:08
030300,저축은행,202607,0012840,대신저축은행,TD31,회전정기예금,12,M,복리,3.50%,2.96%,"300,896",3.50%,영업점,1,제한없음 (모든고객),복리,,없음,* 만기후 1개월 이내 : 마지막 회전주기의 약정이율나 만기시점 동일상품 신규 약정이율 중 낮은이율 * 만기후 1개월 초과: 만기시점 보통예금 이율 (현재 0.1%),영업점전용상품,,20260729,,202607290759,금융감독원 금융상품한눈에 Open API,2026-08-10T14:19:08
030300,저축은행,202607,0012840,대신저축은행,TD33,스마트회전정기예금,12,S,단리,3.50%,2.96%,"296,000",3.50%,스마트폰,1,제한없음 (스마트뱅크 가입고객),단리,,없음,* 만기후 1개월 이내 : 마지막 회전주기의 약정이율나 만기시점 동일상품 신규 약정이율 중 낮은이율 * 만기후 1개월 초과: 만기시점 보통예금 이율 (현재 0.1%),가입채널 제한 (모바일앱전용상품),,20260729,,202607290759,금융감독원 금융상품한눈에 Open API,2026-08-10T14:19:08
030300,저축은행,202607,0012840,대신저축은행,TD33,스마트회전정기예금,12,M,복리,3.50%,2.96%,"300,896",3.50%,스마트폰,1,제한없음 (스마트뱅크 가입고객),복리,,없음,* 만기후 1개월 이내 : 마지막 회전주기의 약정이율나 만기시점 동일상품 신규 약정이율 중 낮은이율 * 만기후 1개월 초과: 만기시점 보통예금 이율 (현재 0.1%),가입채널 제한 (모바일앱전용상품),,20260729,,202607290759,금융감독원 금융상품한눈에 Open API,2026-08-10T14:19:08
030300,저축은행,202607,0012889,IBK저축은행,240066,참기특한정기예금,1,S,단리,1.80%,1.52%,"13,000",1.80%,영업점,1,"제한없음 (제한없음 (단,비거주 외국인 제외))",단리,,없음,-만기후 1개월 이내:약정금리와 현행고시 금리중 낮은 이율 -1개월미만 해지 및 만기경과 1개월 초과 : 보통예금이율,없음,,20260720,,202607201300,금융감독원 금융상품한눈에 Open API,2026-08-10T14:19:08
030300,저축은행,202607,0012889,IBK저축은행,240066,참기특한정기예금,3,S,단리,2.20%,1.86%,"47,000",2.20%,영업점,1,"제한없음 (제한없음 (단,비거주 외국인 제외))",단리,,없음,-만기후 1개월 이내:약정금리와 현행고시 금리중 낮은 이율 -1개월미만 해지 및 만기경과 1개월 초과 : 보통예금이율,없음,,20260720,,202607201300,금융감독원 금융상품한눈에 Open API,2026-08-10T14:19:08
030300,저축은행,202607,0012889,IBK저축은행,240066,참기특한정기예금,6,S,단리,2.50%,2.11%,"106,000",2.50%,영업점,1,"제한없음 (제한없음 (단,비거주 외국인 제외))",단리,,없음,-만기후 1개월 이내:약정금리와 현행고시 금리중 낮은 이율 -1개월미만 해지 및 만기경과 1개월 초과 : 보통예금이율,없음,,20260720,,202607201300,금융감독원 금융상품한눈에 Open API,2026-08-10T14:19:08
030300,저축은행,202607,0012889,IBK저축은행,240066,참기특한정기예금,12,S,단리,3.60%,3.05%,"305,000",3.60%,영업점,1,"제한없음 (제한없음 (단,비거주 외국인 제외))",단리,,없음,-만기후 1개월 이내:약정금리와 현행고시 금리중 낮은 이율 -1개월미만 해지 및 만기경과 1개월 초과 : 보통예금이율,없음,,20260720,,202607201300,금융감독원 금융상품한눈에 Open API,2026-08-10T14:19:08
030300,저축은행,202607,0012889,IBK저축은행,240066,참기특한정기예금,24,S,단리,2.20%,1.86%,"372,000",2.20%,영업점,1,"제한없음 (제한없음 (단,비거주 외국인 제외))",단리,,없음,-만기후 1개월 이내:약정금리와 현행고시 금리중 낮은 이율 -1개월미만 해지 및 만기경과 1개월 초과 : 보통예금이율,없음,,20260720,,202607201300,금융감독원 금융상품한눈에 Open API,2026-08-10T14:19:08
030300,저축은행,202607,0012889,IBK저축은행,240066,참기특한정기예금,36,S,단리,2.00%,1.69%,"508,000",2.00%,영업점,1,"제한없음 (제한없음 (단,비거주 외국인 제외))",단리,,없음,-만기후 1개월 이내:약정금리와 현행고시 금리중 낮은 이율 -1개월미만 해지 및 만기경과 1개월 초과 : 보통예금이율,없음,,20260720,,202607201300,금융감독원 금융상품한눈에 Open API,2026-08-10T14:19:08
030300,저축은행,202607,0012889,IBK저축은행,240066,참기특한정기예금,1,M,복리,1.80%,1.52%,"12,690",1.80%,영업점,1,"제한없음 (제한없음 (단,비거주 외국인 제외))",복리,,없음,-만기후 1개월 이내:약정금리와 현행고시 금리중 낮은 이율 -1개월미만 해지 및 만기경과 1개월 초과 : 보통예금이율,없음,,20260720,,202607201300,금융감독원 금융상품한눈에 Open API,2026-08-10T14:19:08
030300,저축은행,202607,0012889,IBK저축은행,240066,참기특한정기예금,3,M,복리,2.20%,1.86%,"46,615",2.20%,영업점,1,"제한없음 (제한없음 (단,비거주 외국인 제외))",복리,,없음,-만기후 1개월 이내:약정금리와 현행고시 금리중 낮은 이율 -1개월미만 해지 및 만기경과 1개월 초과 : 보통예금이율,없음,,20260720,,202607201300,금융감독원 금융상품한눈에 Open API,2026-08-10T14:19:08
030300,저축은행,202607,0012889,IBK저축은행,240066,참기특한정기예금,6,M,복리,2.50%,2.11%,"106,302",2.50%,영업점,1,"제한없음 (제한없음 (단,비거주 외국인 제외))",복리,,없음,-만기후 1개월 이내:약정금리와 현행고시 금리중 낮은 이율 -1개월미만 해지 및 만기경과 1개월 초과 : 보통예금이율,없음,,20260720,,202607201300,금융감독원 금융상품한눈에 Open API,2026-08-10T14:19:08
030300,저축은행,202607,0012889,IBK저축은행,240066,참기특한정기예금,12,M,복리,3.60%,3.05%,"309,636",3.60%,영업점,1,"제한없음 (제한없음 (단,비거주 외국인 제외))",복리,,없음,-만기후 1개월 이내:약정금리와 현행고시 금리중 낮은 이율 -1개월미만 해지 및 만기경과 1개월 초과 : 보통예금이율,없음,,20260720,,202607201300,금융감독원 금융상품한눈에 Open API,2026-08-10T14:19:08
030300,저축은행,202607,0012889,IBK저축은행,240066,참기특한정기예금,24,M,복리,2.20%,1.86%,"380,195",2.20%,영업점,1,"제한없음 (제한없음 (단,비거주 외국인 제외))",복리,,없음,-만기후 1개월 이내:약정금리와 현행고시 금리중 낮은 이율 -1개월미만 해지 및 만기경과 1개월 초과 : 보통예금이율,없음,,20260720,,202607201300,금융감독원 금융상품한눈에 Open API,2026-08-10T14:19:08
030300,저축은행,202607,0012889,IBK저축은행,240066,참기특한정기예금,36,M,복리,2.00%,1.69%,"522,689",2.00%,영업점,1,"제한없음 (제한없음 (단,비거주 외국인 제외))",복리,,없음,-만기후 1개월 이내:약정금리와 현행고시 금리중 낮은 이율 -1개월미만 해지 및 만기경과 1개월 초과 : 보통예금이율,없음,,20260720,,202607201300,금융감독원 금융상품한눈에 Open API,2026-08-10T14:19:08
030300,저축은행,202607,0012889,IBK저축은행,240071,참기특한정기예금(비대면),1,S,단리,1.80%,1.52%,"13,000",1.80%,"인터넷,스마트폰",1,"제한없음 (제한없음 (단,비거주 외국인 제외))",단리,,없음,-만기후 1개월 이내:약정금리와 현행고시 금리중 낮은 이율 -1개월미만 해지 및 만기경과 1개월 초과 : 보통예금이율,없음,,20260720,,202607201300,금융감독원 금융상품한눈에 Open API,2026-08-10T14:19:08
030300,저축은행,202607,0012889,IBK저축은행,240071,참기특한정기예금(비대면),3,S,단리,2.20%,1.86%,"47,000",2.20%,"인터넷,스마트폰",1,"제한없음 (제한없음 (단,비거주 외국인 제외))",단리,,없음,-만기후 1개월 이내:약정금리와 현행고시 금리중 낮은 이율 -1개월미만 해지 및 만기경과 1개월 초과 : 보통예금이율,없음,,20260720,,202607201300,금융감독원 금융상품한눈에 Open API,2026-08-10T14:19:08
030300,저축은행,202607,0012889,IBK저축은행,240071,참기특한정기예금(비대면),6,S,단리,2.50%,2.11%,"106,000",2.50%,"인터넷,스마트폰",1,"제한없음 (제한없음 (단,비거주 외국인 제외))",단리,,없음,-만기후 1개월 이내:약정금리와 현행고시 금리중 낮은 이율 -1개월미만 해지 및 만기경과 1개월 초과 : 보통예금이율,없음,,20260720,,202607201300,금융감독원 금융상품한눈에 Open API,2026-08-10T14:19:08
030300,저축은행,202607,0012889,IBK저축은행,240071,참기특한정기예금(비대면),12,S,단리,3.70%,3.13%,"313,000",3.70%,"인터넷,스마트폰",1,"제한없음 (제한없음 (단,비거주 외국인 제외))",단리,,없음,-만기후 1개월 이내:약정금리와 현행고시 금리중 낮은 이율 -1개월미만 해지 및 만기경과 1개월 초과 : 보통예금이율,없음,,20260720,,202607201300,금융감독원 금융상품한눈에 Open API,2026-08-10T14:19:08
030300,저축은행,202607,0012889,IBK저축은행,240071,참기특한정기예금(비대면),24,S,단리,2.20%,1.86%,"372,000",2.20%,"인터넷,스마트폰",1,"제한없음 (제한없음 (단,비거주 외국인 제외))",단리,,없음,-만기후 1개월 이내:약정금리와 현행고시 금리중 낮은 이율 -1개월미만 해지 및 만기경과 1개월 초과 : 보통예금이율,없음,,20260720,,202607201300,금융감독원 금융상품한눈에 Open API,2026-08-10T14:19:08
030300,저축은행,202607,0012889,IBK저축은행,240071,참기특한정기예금(비대면),36,S,단리,2.00%,1.69%,"508,000",2.00%,"인터넷,스마트폰",1,"제한없음 (제한없음 (단,비거주 외국인 제외))",단리,,없음,-만기후 1개월 이내:약정금리와 현행고시 금리중 낮은 이율 -1개월미만 해지 및 만기경과 1개월 초과 : 보통예금이율,없음,,20260720,,202607201300,금융감독원 금융상품한눈에 Open API,2026-08-10T14:19:08
030300,저축은행,202607,0012889,IBK저축은행,240071,참기특한정기예금(비대면),1,M,복리,1.80%,1.52%,"12,690",1.80%,"인터넷,스마트폰",1,"제한없음 (제한없음 (단,비거주 외국인 제외))",복리,,없음,-만기후 1개월 이내:약정금리와 현행고시 금리중 낮은 이율 -1개월미만 해지 및 만기경과 1개월 초과 : 보통예금이율,없음,,20260720,,202607201300,금융감독원 금융상품한눈에 Open API,2026-08-10T14:19:08
030300,저축은행,202607,0012889,IBK저축은행,240071,참기특한정기예금(비대면),3,M,복리,2.20%,1.86%,"46,615",2.20%,"인터넷,스마트폰",1,"제한없음 (제한없음 (단,비거주 외국인 제외))",복리,,없음,-만기후 1개월 이내:약정금리와 현행고시 금리중 낮은 이율 -1개월미만 해지 및 만기경과 1개월 초과 : 보통예금이율,없음,,20260720,,202607201300,금융감독원 금융상품한눈에 Open API,2026-08-10T14:19:08
030300,저축은행,202607,0012889,IBK저축은행,240071,참기특한정기예금(비대면),6,M,복리,2.50%,2.11%,"106,302",2.50%,"인터넷,스마트폰",1,"제한없음 (제한없음 (단,비거주 외국인 제외))",복리,,없음,-만기후 1개월 이내:약정금리와 현행고시 금리중 낮은 이율 -1개월미만 해지 및 만기경과 1개월 초과 : 보통예금이율,없음,,20260720,,202607201300,금융감독원 금융상품한눈에 Open API,2026-08-10T14:19:08
030300,저축은행,202607,0012889,IBK저축은행,240071,참기특한정기예금(비대면),12,M,복리,3.70%,3.13%,"318,383",3.70%,"인터넷,스마트폰",1,"제한없음 (제한없음 (단,비거주 외국인 제외))",복리,,없음,-만기후 1개월 이내:약정금리와 현행고시 금리중 낮은 이율 -1개월미만 해지 및 만기경과 1개월 초과 : 보통예금이율,없음,,20260720,,202607201300,금융감독원 금융상품한눈에 Open API,2026-08-10T14:19:08
030300,저축은행,202607,0012889,IBK저축은행,240071,참기특한정기예금(비대면),24,M,복리,2.20%,1.86%,"380,195",2.20%,"인터넷,스마트폰",1,"제한없음 (제한없음 (단,비거주 외국인 제외))",복리,,없음,-만기후 1개월 이내:약정금리와 현행고시 금리중 낮은 이율 -1개월미만 해지 및 만기경과 1개월 초과 : 보통예금이율,없음,,20260720,,202607201300,금융감독원 금융상품한눈에 Open API,2026-08-10T14:19:08
030300,저축은행,202607,0012889,IBK저축은행,240071,참기특한정기예금(비대면),36,M,복리,2.00%,1.69%,"522,689",2.00%,"인터넷,스마트폰",1,"제한없음 (제한없음 (단,비거주 외국인 제외))",복리,,없음,-만기후 1개월 이내:약정금리와 현행고시 금리중 낮은 이율 -1개월미만 해지 및 만기경과 1개월 초과 : 보통예금이율,없음,,20260720,,202607201300,금융감독원 금융상품한눈에 Open API,2026-08-10T14:19:08
030300,저축은행,202607,0012889,IBK저축은행,240074,IBKSB 회전정기예금(변동금리),12,S,단리,3.70%,3.13%,"313,000",3.70%,영업점,1,"제한없음 (제한없음 (단,비거주 외국인 제외))",단리,,없음,* 만기경과 1개월 이내 : 약정금리와 현행고시 금리중 낮은이율 * 만기경과 1개월 초과 : 보통예금 이율,매 회전주기 기준 정기예금 고시금리+0.10%우대금리 적용하여 약정이율 변동,,20260720,,202607201300,금융감독원 금융상품한눈에 Open API,2026-08-10T14:19:08
030300,저축은행,202607,0012889,IBK저축은행,240074,IBKSB 회전정기예금(변동금리),12,M,복리,3.70%,3.13%,"318,383",3.70%,영업점,1,"제한없음 (제한없음 (단,비거주 외국인 제외))",복리,,없음,* 만기경과 1개월 이내 : 약정금리와 현행고시 금리중 낮은이율 * 만기경과 1개월 초과 : 보통예금 이율,매 회전주기 기준 정기예금 고시금리+0.10%우대금리 적용하여 약정이율 변동,,20260720,,202607201300,금융감독원 금융상품한눈에 Open API,2026-08-10T14:19:08
030300,저축은행,202607,0012889,IBK저축은행,240076,IBKSB e-회전정기예금(변동금리),12,S,단리,3.80%,3.21%,"321,000",3.80%,"인터넷,스마트폰",1,"제한없음 (제한없음 (단,비거주 외국인 제외))",단리,,없음,* 만기경과 1개월 이내 : 약정금리와 현행고시 금리중 낮은이율 * 만기경과 1개월 초과 : 보통예금 이율,매 회전주기 기준 정기예금 고시금리+0.10%우대금리 적용하여 약정이율 변동,,20260720,,202607201300,금융감독원 금융상품한눈에 Open API,2026-08-10T14:19:08
030300,저축은행,202607,0012889,IBK저축은행,240076,IBKSB e-회전정기예금(변동금리),12,M,복리,3.80%,3.21%,"327,139",3.80%,"인터넷,스마트폰",1,"제한없음 (제한없음 (단,비거주 외국인 제외))",복리,,없음,* 만기경과 1개월 이내 : 약정금리와 현행고시 금리중 낮은이율 * 만기경과 1개월 초과 : 보통예금 이율,매 회전주기 기준 정기예금 고시금리+0.10%우대금리 적용하여 약정이율 변동,,20260720,,202607201300,금융감독원 금융상품한눈에 Open API,2026-08-10T14:19:08
030300,저축은행,202607,0013002,BNK저축은행,BNK1001,정기예금(대면),1,S,단리,2.20%,1.86%,"16,000",2.20%,영업점,1,제한없음,단리,,"비대면, 인터넷,모바일 가입시 0.1%우대",* 1개월내 : 당초 약정이율 또는 만기시 동일상품 동일계약기간의 신규 약정이율(단리) 중 낮은 이율 적용 * 1개월이후 : 보통예금 금리 적용,없음,,20260729,,202607290838,금융감독원 금융상품한눈에 Open API,2026-08-10T14:19:08
030300,저축은행,202607,0013002,BNK저축은행,BNK1001,정기예금(대면),3,S,단리,2.50%,2.11%,"53,000",2.50%,영업점,1,제한없음,단리,,"비대면, 인터넷,모바일 가입시 0.1%우대",* 1개월내 : 당초 약정이율 또는 만기시 동일상품 동일계약기간의 신규 약정이율(단리) 중 낮은 이율 적용 * 1개월이후 : 보통예금 금리 적용,없음,,20260729,,202607290838,금융감독원 금융상품한눈에 Open API,2026-08-10T14:19:08
030300,저축은행,202607,0013002,BNK저축은행,BNK1001,정기예금(대면),6,S,단리,3.50%,2.96%,"148,000",3.50%,영업점,1,제한없음,단리,,"비대면, 인터넷,모바일 가입시 0.1%우대",* 1개월내 : 당초 약정이율 또는 만기시 동일상품 동일계약기간의 신규 약정이율(단리) 중 낮은 이율 적용 * 1개월이후 : 보통예금 금리 적용,없음,,20260729,,202607290838,금융감독원 금융상품한눈에 Open API,2026-08-10T14:19:08
030300,저축은행,202607,0013002,BNK저축은행,BNK1001,정기예금(대면),12,S,단리,3.70%,3.13%,"313,000",3.70%,영업점,1,제한없음,단리,,"비대면, 인터넷,모바일 가입시 0.1%우대",* 1개월내 : 당초 약정이율 또는 만기시 동일상품 동일계약기간의 신규 약정이율(단리) 중 낮은 이율 적용 * 1개월이후 : 보통예금 금리 적용,없음,,20260729,,202607290838,금융감독원 금융상품한눈에 Open API,2026-08-10T14:19:08
030300,저축은행,202607,0013002,BNK저축은행,BNK1001,정기예금(대면),24,S,단리,3.20%,2.71%,"541,000",3.20%,영업점,1,제한없음,단리,,"비대면, 인터넷,모바일 가입시 0.1%우대",* 1개월내 : 당초 약정이율 또는 만기시 동일상품 동일계약기간의 신규 약정이율(단리) 중 낮은 이율 적용 * 1개월이후 : 보통예금 금리 적용,없음,,20260729,,202607290838,금융감독원 금융상품한눈에 Open API,2026-08-10T14:19:08
030300,저축은행,202607,0013002,BNK저축은행,BNK1001,정기예금(대면),36,S,단리,3.00%,2.54%,"761,000",3.00%,영업점,1,제한없음,단리,,"비대면, 인터넷,모바일 가입시 0.1%우대",* 1개월내 : 당초 약정이율 또는 만기시 동일상품 동일계약기간의 신규 약정이율(단리) 중 낮은 이율 적용 * 1개월이후 : 보통예금 금리 적용,없음,,20260729,,202607290838,금융감독원 금융상품한눈에 Open API,2026-08-10T14:19:08
030300,저축은행,202607,0013002,BNK저축은행,BNK1001,정기예금(대면),1,M,복리,2.20%,1.86%,"15,510",2.20%,영업점,1,제한없음,복리,,"비대면, 인터넷,모바일 가입시 0.1%우대",* 1개월내 : 당초 약정이율 또는 만기시 동일상품 동일계약기간의 신규 약정이율(단리) 중 낮은 이율 적용 * 1개월이후 : 보통예금 금리 적용,없음,,20260729,,202607290838,금융감독원 금융상품한눈에 Open API,2026-08-10T14:19:08
030300,저축은행,202607,0013002,BNK저축은행,BNK1001,정기예금(대면),3,M,복리,2.50%,2.11%,"52,985",2.50%,영업점,1,제한없음,복리,,"비대면, 인터넷,모바일 가입시 0.1%우대",* 1개월내 : 당초 약정이율 또는 만기시 동일상품 동일계약기간의 신규 약정이율(단리) 중 낮은 이율 적용 * 1개월이후 : 보통예금 금리 적용,없음,,20260729,,202607290838,금융감독원 금융상품한눈에 Open API,2026-08-10T14:19:08
030300,저축은행,202607,0013002,BNK저축은행,BNK1001,정기예금(대면),6,M,복리,3.50%,2.96%,"149,134",3.50%,영업점,1,제한없음,복리,,"비대면, 인터넷,모바일 가입시 0.1%우대",* 1개월내 : 당초 약정이율 또는 만기시 동일상품 동일계약기간의 신규 약정이율(단리) 중 낮은 이율 적용 * 1개월이후 : 보통예금 금리 적용,없음,,20260729,,202607290838,금융감독원 금융상품한눈에 Open API,2026-08-10T14:19:08
030300,저축은행,202607,0013002,BNK저축은행,BNK1001,정기예금(대면),12,M,복리,3.70%,3.13%,"318,383",3.70%,영업점,1,제한없음,복리,,"비대면, 인터넷,모바일 가입시 0.1%우대",* 1개월내 : 당초 약정이율 또는 만기시 동일상품 동일계약기간의 신규 약정이율(단리) 중 낮은 이율 적용 * 1개월이후 : 보통예금 금리 적용,없음,,20260729,,202607290838,금융감독원 금융상품한눈에 Open API,2026-08-10T14:19:08
030300,저축은행,202607,0013002,BNK저축은행,BNK1001,정기예금(대면),24,M,복리,3.20%,2.71%,"558,373",3.20%,영업점,1,제한없음,복리,,"비대면, 인터넷,모바일 가입시 0.1%우대",* 1개월내 : 당초 약정이율 또는 만기시 동일상품 동일계약기간의 신규 약정이율(단리) 중 낮은 이율 적용 * 1개월이후 : 보통예금 금리 적용,없음,,20260729,,202607290838,금융감독원 금융상품한눈에 Open API,2026-08-10T14:19:08
030300,저축은행,202607,0013002,BNK저축은행,BNK1001,정기예금(대면),36,M,복리,3.00%,2.54%,"795,675",3.00%,영업점,1,제한없음,복리,,"비대면, 인터넷,모바일 가입시 0.1%우대",* 1개월내 : 당초 약정이율 또는 만기시 동일상품 동일계약기간의 신규 약정이율(단리) 중 낮은 이율 적용 * 1개월이후 : 보통예금 금리 적용,없음,,20260729,,202607290838,금융감독원 금융상품한눈에 Open API,2026-08-10T14:19:08
030300,저축은행,202607,0013002,BNK저축은행,BNK1003,삼삼한정기예금(회전정기예금)(1년단위 변동금리),12,S,단리,3.80%,3.21%,"321,000",3.80%,"영업점,인터넷,스마트폰",1,제한없음,단리,,없음,* 1개월내 : 당초 약정이율 또는 만기시 동일상품 동일계약기간의 신규 약정이율(단리) 중 낮은 이율 적용 * 1개월이후 : 보통예금 금리 적용,없음,,20260729,,202607290838,금융감독원 금융상품한눈에 Open API,2026-08-10T14:19:08
030300,저축은행,202607,0013002,BNK저축은행,BNK1003,삼삼한정기예금(회전정기예금)(1년단위 변동금리),12,M,복리,3.80%,3.21%,"327,139",3.80%,"영업점,인터넷,스마트폰",1,제한없음,복리,,없음,* 1개월내 : 당초 약정이율 또는 만기시 동일상품 동일계약기간의 신규 약정이율(단리) 중 낮은 이율 적용 * 1개월이후 : 보통예금 금리 적용,없음,,20260729,,202607290838,금융감독원 금융상품한눈에 Open API,2026-08-10T14:19:08
030300,저축은행,202607,0013002,BNK저축은행,BNK1005,"정기예금(비대면,인터넷,모바일)",1,S,단리,2.30%,1.95%,"16,000",2.30%,"인터넷,스마트폰",1,제한없음,단리,,없음,* 1개월내 : 당초 약정이율 또는 만기시 동일상품 동일계약기간의 신규 약정이율(단리) 중 낮은 이율 적용 * 1개월이후 : 보통예금 금리 적용,없음,,20260729,,202607290838,금융감독원 금융상품한눈에 Open API,2026-08-10T14:19:08
030300,저축은행,202607,0013002,BNK저축은행,BNK1005,"정기예금(비대면,인터넷,모바일)",3,S,단리,2.60%,2.20%,"55,000",2.60%,"인터넷,스마트폰",1,제한없음,단리,,없음,* 1개월내 : 당초 약정이율 또는 만기시 동일상품 동일계약기간의 신규 약정이율(단리) 중 낮은 이율 적용 * 1개월이후 : 보통예금 금리 적용,없음,,20260729,,202607290838,금융감독원 금융상품한눈에 Open API,2026-08-10T14:19:08
030300,저축은행,202607,0013002,BNK저축은행,BNK1005,"정기예금(비대면,인터넷,모바일)",6,S,단리,3.60%,3.05%,"152,000",3.60%,"인터넷,스마트폰",1,제한없음,단리,,없음,* 1개월내 : 당초 약정이율 또는 만기시 동일상품 동일계약기간의 신규 약정이율(단리) 중 낮은 이율 적용 * 1개월이후 : 보통예금 금리 적용,없음,,20260729,,202607290838,금융감독원 금융상품한눈에 Open API,2026-08-10T14:19:08
030300,저축은행,202607,0013002,BNK저축은행,BNK1005,"정기예금(비대면,인터넷,모바일)",12,S,단리,3.80%,3.21%,"321,000",3.80%,"인터넷,스마트폰",1,제한없음,단리,,없음,* 1개월내 : 당초 약정이율 또는 만기시 동일상품 동일계약기간의 신규 약정이율(단리) 중 낮은 이율 적용 * 1개월이후 : 보통예금 금리 적용,없음,,20260729,,202607290838,금융감독원 금융상품한눈에 Open API,2026-08-10T14:19:08
030300,저축은행,202607,0013002,BNK저축은행,BNK1005,"정기예금(비대면,인터넷,모바일)",24,S,단리,3.30%,2.79%,"558,000",3.30%,"인터넷,스마트폰",1,제한없음,단리,,없음,* 1개월내 : 당초 약정이율 또는 만기시 동일상품 동일계약기간의 신규 약정이율(단리) 중 낮은 이율 적용 * 1개월이후 : 보통예금 금리 적용,없음,,20260729,,202607290838,금융감독원 금융상품한눈에 Open API,2026-08-10T14:19:08
030300,저축은행,202607,0013002,BNK저축은행,BNK1005,"정기예금(비대면,인터넷,모바일)",36,S,단리,3.10%,2.62%,"787,000",3.10%,"인터넷,스마트폰",1,제한없음,단리,,없음,* 1개월내 : 당초 약정이율 또는 만기시 동일상품 동일계약기간의 신규 약정이율(단리) 중 낮은 이율 적용 * 1개월이후 : 보통예금 금리 적용,없음,,20260729,,202607290838,금융감독원 금융상품한눈에 Open API,2026-08-10T14:19:08
030300,저축은행,202607,0013002,BNK저축은행,BNK1005,"정기예금(비대면,인터넷,모바일)",1,M,복리,2.30%,1.95%,"16,215",2.30%,"인터넷,스마트폰",1,제한없음,복리,,없음,* 1개월내 : 당초 약정이율 또는 만기시 동일상품 동일계약기간의 신규 약정이율(단리) 중 낮은 이율 적용 * 1개월이후 : 보통예금 금리 적용,없음,,20260729,,202607290838,금융감독원 금융상품한눈에 Open API,2026-08-10T14:19:08
030300,저축은행,202607,0013002,BNK저축은행,BNK1005,"정기예금(비대면,인터넷,모바일)",3,M,복리,2.60%,2.20%,"55,109",2.60%,"인터넷,스마트폰",1,제한없음,복리,,없음,* 1개월내 : 당초 약정이율 또는 만기시 동일상품 동일계약기간의 신규 약정이율(단리) 중 낮은 이율 적용 * 1개월이후 : 보통예금 금리 적용,없음,,20260729,,202607290838,금융감독원 금융상품한눈에 Open API,2026-08-10T14:19:08
030300,저축은행,202607,0013002,BNK저축은행,BNK1005,"정기예금(비대면,인터넷,모바일)",6,M,복리,3.60%,3.05%,"153,427",3.60%,"인터넷,스마트폰",1,제한없음,복리,,없음,* 1개월내 : 당초 약정이율 또는 만기시 동일상품 동일계약기간의 신규 약정이율(단리) 중 낮은 이율 적용 * 1개월이후 : 보통예금 금리 적용,없음,,20260729,,202607290838,금융감독원 금융상품한눈에 Open API,2026-08-10T14:19:08
030300,저축은행,202607,0013002,BNK저축은행,BNK1005,"정기예금(비대면,인터넷,모바일)",12,M,복리,3.80%,3.21%,"327,139",3.80%,"인터넷,스마트폰",1,제한없음,복리,,없음,* 1개월내 : 당초 약정이율 또는 만기시 동일상품 동일계약기간의 신규 약정이율(단리) 중 낮은 이율 적용 * 1개월이후 : 보통예금 금리 적용,없음,,20260729,,202607290838,금융감독원 금융상품한눈에 Open API,2026-08-10T14:19:08
030300,저축은행,202607,0013002,BNK저축은행,BNK1005,"정기예금(비대면,인터넷,모바일)",24,M,복리,3.30%,2.79%,"576,379",3.30%,"인터넷,스마트폰",1,제한없음,복리,,없음,* 1개월내 : 당초 약정이율 또는 만기시 동일상품 동일계약기간의 신규 약정이율(단리) 중 낮은 이율 적용 * 1개월이후 : 보통예금 금리 적용,없음,,20260729,,202607290838,금융감독원 금융상품한눈에 Open API,2026-08-10T14:19:08
030300,저축은행,202607,0013002,BNK저축은행,BNK1005,"정기예금(비대면,인터넷,모바일)",36,M,복리,3.10%,2.62%,"823,413",3.10%,"인터넷,스마트폰",1,제한없음,복리,,없음,* 1개월내 : 당초 약정이율 또는 만기시 동일상품 동일계약기간의 신규 약정이율(단리) 중 낮은 이율 적용 * 1개월이후 : 보통예금 금리 적용,없음,,20260729,,202607290838,금융감독원 금융상품한눈에 Open API,2026-08-10T14:19:08
030300,저축은행,202607,0013127,KB저축은행,240000,정기예금,3,S,단리,2.20%,1.86%,"47,000",2.30%,영업점,1,제한없음,단리,,"- 인터넷뱅킹 신규가입하여 출금계좌를 등록한 후 당일 창구 신규시 우대금리 연 0.1%p적용. 단, 신규가입일 포함 14일 이내 타기관 공인인증서 미등록시 우대금리 적용해제",- 1개월이내 : 신규가입일 당시 약정이율과 만기일 현재 고시이율 중 낮은 이율 - 1개월초과 : 보통예금이율,- 3~36개월 가입가능 - 가입금액 : 100만원이상,,20260730,,202607300855,금융감독원 금융상품한눈에 Open API,2026-08-10T14:19:08
030300,저축은행,202607,0013127,KB저축은행,240000,정기예금,6,S,단리,2.30%,1.95%,"97,000",2.40%,영업점,1,제한없음,단리,,"- 인터넷뱅킹 신규가입하여 출금계좌를 등록한 후 당일 창구 신규시 우대금리 연 0.1%p적용. 단, 신규가입일 포함 14일 이내 타기관 공인인증서 미등록시 우대금리 적용해제",- 1개월이내 : 신규가입일 당시 약정이율과 만기일 현재 고시이율 중 낮은 이율 - 1개월초과 : 보통예금이율,- 3~36개월 가입가능 - 가입금액 : 100만원이상,,20260730,,202607300855,금융감독원 금융상품한눈에 Open API,2026-08-10T14:19:08
030300,저축은행,202607,0013127,KB저축은행,240000,정기예금,12,S,단리,3.50%,2.96%,"296,000",3.60%,영업점,1,제한없음,단리,,"- 인터넷뱅킹 신규가입하여 출금계좌를 등록한 후 당일 창구 신규시 우대금리 연 0.1%p적용. 단, 신규가입일 포함 14일 이내 타기관 공인인증서 미등록시 우대금리 적용해제",- 1개월이내 : 신규가입일 당시 약정이율과 만기일 현재 고시이율 중 낮은 이율 - 1개월초과 : 보통예금이율,- 3~36개월 가입가능 - 가입금액 : 100만원이상,,20260730,,202607300855,금융감독원 금융상품한눈에 Open API,2026-08-10T14:19:08
030300,저축은행,202607,0013127,KB저축은행,240000,정기예금,24,S,단리,2.50%,2.11%,"423,000",2.60%,영업점,1,제한없음,단리,,"- 인터넷뱅킹 신규가입하여 출금계좌를 등록한 후 당일 창구 신규시 우대금리 연 0.1%p적용. 단, 신규가입일 포함 14일 이내 타기관 공인인증서 미등록시 우대금리 적용해제",- 1개월이내 : 신규가입일 당시 약정이율과 만기일 현재 고시이율 중 낮은 이율 - 1개월초과 : 보통예금이율,- 3~36개월 가입가능 - 가입금액 : 100만원이상,,20260730,,202607300855,금융감독원 금융상품한눈에 Open API,2026-08-10T14:19:08
030300,저축은행,202607,0013127,KB저축은행,240000,정기예금,36,S,단리,2.40%,2.03%,"609,000",2.50%,영업점,1,제한없음,단리,,"- 인터넷뱅킹 신규가입하여 출금계좌를 등록한 후 당일 창구 신규시 우대금리 연 0.1%p적용. 단, 신규가입일 포함 14일 이내 타기관 공인인증서 미등록시 우대금리 적용해제",- 1개월이내 : 신규가입일 당시 약정이율과 만기일 현재 고시이율 중 낮은 이율 - 1개월초과 : 보통예금이율,- 3~36개월 가입가능 - 가입금액 : 100만원이상,,20260730,,202607300855,금융감독원 금융상품한눈에 Open API,2026-08-10T14:19:08
030300,저축은행,202607,0013127,KB저축은행,240000,정기예금,3,M,복리,2.20%,1.86%,"46,615",2.30%,영업점,1,제한없음,복리,,"- 인터넷뱅킹 신규가입하여 출금계좌를 등록한 후 당일 창구 신규시 우대금리 연 0.1%p적용. 단, 신규가입일 포함 14일 이내 타기관 공인인증서 미등록시 우대금리 적용해제",- 1개월이내 : 신규가입일 당시 약정이율과 만기일 현재 고시이율 중 낮은 이율 - 1개월초과 : 보통예금이율,- 3~36개월 가입가능 - 가입금액 : 100만원이상,,20260730,,202607300855,금융감독원 금융상품한눈에 Open API,2026-08-10T14:19:08
030300,저축은행,202607,0013127,KB저축은행,240000,정기예금,6,M,복리,2.30%,1.95%,"97,757",2.40%,영업점,1,제한없음,복리,,"- 인터넷뱅킹 신규가입하여 출금계좌를 등록한 후 당일 창구 신규시 우대금리 연 0.1%p적용. 단, 신규가입일 포함 14일 이내 타기관 공인인증서 미등록시 우대금리 적용해제",- 1개월이내 : 신규가입일 당시 약정이율과 만기일 현재 고시이율 중 낮은 이율 - 1개월초과 : 보통예금이율,- 3~36개월 가입가능 - 가입금액 : 100만원이상,,20260730,,202607300855,금융감독원 금융상품한눈에 Open API,2026-08-10T14:19:08
030300,저축은행,202607,0013127,KB저축은행,240000,정기예금,12,M,복리,3.50%,2.96%,"300,896",3.60%,영업점,1,제한없음,복리,,"- 인터넷뱅킹 신규가입하여 출금계좌를 등록한 후 당일 창구 신규시 우대금리 연 0.1%p적용. 단, 신규가입일 포함 14일 이내 타기관 공인인증서 미등록시 우대금리 적용해제",- 1개월이내 : 신규가입일 당시 약정이율과 만기일 현재 고시이율 중 낮은 이율 - 1개월초과 : 보통예금이율,- 3~36개월 가입가능 - 가입금액 : 100만원이상,,20260730,,202607300855,금융감독원 금융상품한눈에 Open API,2026-08-10T14:19:08
030300,저축은행,202607,0013127,KB저축은행,240000,정기예금,24,M,복리,2.50%,2.11%,"433,291",2.60%,영업점,1,제한없음,복리,,"- 인터넷뱅킹 신규가입하여 출금계좌를 등록한 후 당일 창구 신규시 우대금리 연 0.1%p적용. 단, 신규가입일 포함 14일 이내 타기관 공인인증서 미등록시 우대금리 적용해제",- 1개월이내 : 신규가입일 당시 약정이율과 만기일 현재 고시이율 중 낮은 이율 - 1개월초과 : 보통예금이율,- 3~36개월 가입가능 - 가입금액 : 100만원이상,,20260730,,202607300855,금융감독원 금융상품한눈에 Open API,2026-08-10T14:19:08
030300,저축은행,202607,0013127,KB저축은행,240000,정기예금,36,M,복리,2.40%,2.03%,"630,931",2.50%,영업점,1,제한없음,복리,,"- 인터넷뱅킹 신규가입하여 출금계좌를 등록한 후 당일 창구 신규시 우대금리 연 0.1%p적용. 단, 신규가입일 포함 14일 이내 타기관 공인인증서 미등록시 우대금리 적용해제",- 1개월이내 : 신규가입일 당시 약정이율과 만기일 현재 고시이율 중 낮은 이율 - 1개월초과 : 보통예금이율,- 3~36개월 가입가능 - 가입금액 : 100만원이상,,20260730,,202607300855,금융감독원 금융상품한눈에 Open API,2026-08-10T14:19:08
030300,저축은행,202607,0013127,KB저축은행,240001,KB e-plus 정기예금,3,S,단리,2.30%,1.95%,"49,000",2.30%,"인터넷,스마트폰",1,제한없음,단리,,없음,- 1개월이내 : 신규가입일 당시 약정이율과 만기일 현재 고시이율 중 낮은 이율 - 1개월초과 : 보통예금이율,- 3~36개월 가입가능 - 가입금액 : 100만원이상,,20260730,,202607300855,금융감독원 금융상품한눈에 Open API,2026-08-10T14:19:08
030300,저축은행,202607,0013127,KB저축은행,240001,KB e-plus 정기예금,6,S,단리,2.40%,2.03%,"102,000",2.40%,"인터넷,스마트폰",1,제한없음,단리,,없음,- 1개월이내 : 신규가입일 당시 약정이율과 만기일 현재 고시이율 중 낮은 이율 - 1개월초과 : 보통예금이율,- 3~36개월 가입가능 - 가입금액 : 100만원이상,,20260730,,202607300855,금융감독원 금융상품한눈에 Open API,2026-08-10T14:19:08
030300,저축은행,202607,0013127,KB저축은행,240001,KB e-plus 정기예금,12,S,단리,3.60%,3.05%,"305,000",3.60%,"인터넷,스마트폰",1,제한없음,단리,,없음,- 1개월이내 : 신규가입일 당시 약정이율과 만기일 현재 고시이율 중 낮은 이율 - 1개월초과 : 보통예금이율,- 3~36개월 가입가능 - 가입금액 : 100만원이상,,20260730,,202607300855,금융감독원 금융상품한눈에 Open API,2026-08-10T14:19:08
030300,저축은행,202607,0013127,KB저축은행,240001,KB e-plus 정기예금,24,S,단리,2.60%,2.20%,"440,000",2.60%,"인터넷,스마트폰",1,제한없음,단리,,없음,- 1개월이내 : 신규가입일 당시 약정이율과 만기일 현재 고시이율 중 낮은 이율 - 1개월초과 : 보통예금이율,- 3~36개월 가입가능 - 가입금액 : 100만원이상,,20260730,,202607300855,금융감독원 금융상품한눈에 Open API,2026-08-10T14:19:08
030300,저축은행,202607,0013127,KB저축은행,240001,KB e-plus 정기예금,36,S,단리,2.50%,2.11%,"634,000",2.50%,"인터넷,스마트폰",1,제한없음,단리,,없음,- 1개월이내 : 신규가입일 당시 약정이율과 만기일 현재 고시이율 중 낮은 이율 - 1개월초과 : 보통예금이율,- 3~36개월 가입가능 - 가입금액 : 100만원이상,,20260730,,202607300855,금융감독원 금융상품한눈에 Open API,2026-08-10T14:19:08
030300,저축은행,202607,0013127,KB저축은행,240001,KB e-plus 정기예금,3,M,복리,2.30%,1.95%,"48,738",2.30%,"인터넷,스마트폰",1,제한없음,복리,,없음,- 1개월이내 : 신규가입일 당시 약정이율과 만기일 현재 고시이율 중 낮은 이율 - 1개월초과 : 보통예금이율,- 3~36개월 가입가능 - 가입금액 : 100만원이상,,20260730,,202607300855,금융감독원 금융상품한눈에 Open API,2026-08-10T14:19:08
030300,저축은행,202607,0013127,KB저축은행,240001,KB e-plus 정기예금,6,M,복리,2.40%,2.03%,"102,029",2.40%,"인터넷,스마트폰",1,제한없음,복리,,없음,- 1개월이내 : 신규가입일 당시 약정이율과 만기일 현재 고시이율 중 낮은 이율 - 1개월초과 : 보통예금이율,- 3~36개월 가입가능 - 가입금액 : 100만원이상,,20260730,,202607300855,금융감독원 금융상품한눈에 Open API,2026-08-10T14:19:08
030300,저축은행,202607,0013127,KB저축은행,240001,KB e-plus 정기예금,12,M,복리,3.60%,3.05%,"309,636",3.60%,"인터넷,스마트폰",1,제한없음,복리,,없음,- 1개월이내 : 신규가입일 당시 약정이율과 만기일 현재 고시이율 중 낮은 이율 - 1개월초과 : 보통예금이율,- 3~36개월 가입가능 - 가입금액 : 100만원이상,,20260730,,202607300855,금융감독원 금융상품한눈에 Open API,2026-08-10T14:19:08
030300,저축은행,202607,0013127,KB저축은행,240001,KB e-plus 정기예금,24,M,복리,2.60%,2.20%,"451,058",2.60%,"인터넷,스마트폰",1,제한없음,복리,,없음,- 1개월이내 : 신규가입일 당시 약정이율과 만기일 현재 고시이율 중 낮은 이율 - 1개월초과 : 보통예금이율,- 3~36개월 가입가능 - 가입금액 : 100만원이상,,20260730,,202607300855,금융감독원 금융상품한눈에 Open API,2026-08-10T14:19:08
030300,저축은행,202607,0013127,KB저축은행,240001,KB e-plus 정기예금,36,M,복리,2.50%,2.11%,"658,189",2.50%,"인터넷,스마트폰",1,제한없음,복리,,없음,- 1개월이내 : 신규가입일 당시 약정이율과 만기일 현재 고시이율 중 낮은 이율 - 1개월초과 : 보통예금이율,- 3~36개월 가입가능 - 가입금액 : 100만원이상,,20260730,,202607300855,금융감독원 금융상품한눈에 Open API,2026-08-10T14:19:08
030300,저축은행,202607,0013127,KB저축은행,240004,플러스회전식정기예금(대면),12,S,단리,3.80%,3.21%,"321,000",3.90%,영업점,1,제한없음,단리,,-만 65세이상 첫가입시 최초 1계좌에 한하여 우대금리 연 0.1%p적용,- 1개월이내 : 신규가입일 당시 약정이율과 만기일 현재 고시이율 중 낮은 이율 - 1개월초과 : 보통예금이율,- 가입기간 36개월로 매 회전주기(1년)마다 자동회전되는 회전정기예금(변동금리상품) - 가입금액 : 100만원이상,,20260730,,202607300855,금융감독원 금융상품한눈에 Open API,2026-08-10T14:19:08
030300,저축은행,202607,0013127,KB저축은행,240004,플러스회전식정기예금(대면),12,M,복리,3.80%,3.21%,"327,139",3.90%,영업점,1,제한없음,복리,,-만 65세이상 첫가입시 최초 1계좌에 한하여 우대금리 연 0.1%p적용,- 1개월이내 : 신규가입일 당시 약정이율과 만기일 현재 고시이율 중 낮은 이율 - 1개월초과 : 보통예금이율,- 가입기간 36개월로 매 회전주기(1년)마다 자동회전되는 회전정기예금(변동금리상품) - 가입금액 : 100만원이상,,20260730,,202607300855,금융감독원 금융상품한눈에 Open API,2026-08-10T14:19:08
030300,저축은행,202607,0013127,KB저축은행,240005,플러스회전식정기예금,12,S,단리,3.90%,3.30%,"330,000",3.90%,스마트폰,1,제한없음,단리,,없음,- 1개월이내 : 신규가입일 당시 약정이율과 만기일 현재 고시이율 중 낮은 이율 - 1개월초과 : 보통예금이율,- 가입기간 36개월로 매 회전주기(1년)마다 자동회전되는 회전정기예금(변동금리상품) - 가입금액 : 100만원이상,,20260730,,202607300855,금융감독원 금융상품한눈에 Open API,2026-08-10T14:19:08
030300,저축은행,202607,0013127,KB저축은행,240005,플러스회전식정기예금,12,M,복리,3.90%,3.30%,"335,902",3.90%,스마트폰,1,제한없음,복리,,없음,- 1개월이내 : 신규가입일 당시 약정이율과 만기일 현재 고시이율 중 낮은 이율 - 1개월초과 : 보통예금이율,- 가입기간 36개월로 매 회전주기(1년)마다 자동회전되는 회전정기예금(변동금리상품) - 가입금액 : 100만원이상,,20260730,,202607300855,금융감독원 금융상품한눈에 Open API,2026-08-10T14:19:08
030300,저축은행,202607,0013127,KB저축은행,240006,KB369회전식정기예금(대면),3,S,단리,2.30%,1.95%,"49,000",2.40%,영업점,1,제한없음,단리,,-만 65세이상 첫가입시 최초 1계좌에 한하여 우대금리 연 0.1%p적용,- 1개월이내 : 신규가입일 당시 약정이율과 만기일 현재 고시이율 중 낮은 이율 - 1개월초과 : 보통예금이율,"- 가입기간 36개월로 매 회전주기(.,6,9개월)마다 자동회전되는 회전정기예금(변동금리상품) - 가입금액 : 100만원이상",,20260730,,202607300855,금융감독원 금융상품한눈에 Open API,2026-08-10T14:19:08
030300,저축은행,202607,0013127,KB저축은행,240006,KB369회전식정기예금(대면),6,S,단리,2.40%,2.03%,"102,000",2.50%,영업점,1,제한없음,단리,,-만 65세이상 첫가입시 최초 1계좌에 한하여 우대금리 연 0.1%p적용,- 1개월이내 : 신규가입일 당시 약정이율과 만기일 현재 고시이율 중 낮은 이율 - 1개월초과 : 보통예금이율,"- 가입기간 36개월로 매 회전주기(.,6,9개월)마다 자동회전되는 회전정기예금(변동금리상품) - 가입금액 : 100만원이상",,20260730,,202607300855,금융감독원 금융상품한눈에 Open API,2026-08-10T14:19:08
030300,저축은행,202607,0013127,KB저축은행,240006,KB369회전식정기예금(대면),36,S,단리,2.80%,2.37%,"711,000",2.90%,영업점,1,제한없음,단리,,-만 65세이상 첫가입시 최초 1계좌에 한하여 우대금리 연 0.1%p적용,- 1개월이내 : 신규가입일 당시 약정이율과 만기일 현재 고시이율 중 낮은 이율 - 1개월초과 : 보통예금이율,"- 가입기간 36개월로 매 회전주기(.,6,9개월)마다 자동회전되는 회전정기예금(변동금리상품) - 가입금액 : 100만원이상",,20260730,,202607300855,금융감독원 금융상품한눈에 Open API,2026-08-10T14:19:08
030300,저축은행,202607,0013127,KB저축은행,240006,KB369회전식정기예금(대면),3,M,복리,2.30%,1.95%,"48,738",2.40%,영업점,1,제한없음,복리,,-만 65세이상 첫가입시 최초 1계좌에 한하여 우대금리 연 0.1%p적용,- 1개월이내 : 신규가입일 당시 약정이율과 만기일 현재 고시이율 중 낮은 이율 - 1개월초과 : 보통예금이율,"- 가입기간 36개월로 매 회전주기(.,6,9개월)마다 자동회전되는 회전정기예금(변동금리상품) - 가입금액 : 100만원이상",,20260730,,202607300855,금융감독원 금융상품한눈에 Open API,2026-08-10T14:19:08
030300,저축은행,202607,0013127,KB저축은행,240006,KB369회전식정기예금(대면),6,M,복리,2.40%,2.03%,"102,029",2.50%,영업점,1,제한없음,복리,,-만 65세이상 첫가입시 최초 1계좌에 한하여 우대금리 연 0.1%p적용,- 1개월이내 : 신규가입일 당시 약정이율과 만기일 현재 고시이율 중 낮은 이율 - 1개월초과 : 보통예금이율,"- 가입기간 36개월로 매 회전주기(.,6,9개월)마다 자동회전되는 회전정기예금(변동금리상품) - 가입금액 : 100만원이상",,20260730,,202607300855,금융감독원 금융상품한눈에 Open API,2026-08-10T14:19:08
030300,저축은행,202607,0013127,KB저축은행,240006,KB369회전식정기예금(대면),36,M,복리,2.80%,2.37%,"740,440",2.90%,영업점,1,제한없음,복리,,-만 65세이상 첫가입시 최초 1계좌에 한하여 우대금리 연 0.1%p적용,- 1개월이내 : 신규가입일 당시 약정이율과 만기일 현재 고시이율 중 낮은 이율 - 1개월초과 : 보통예금이율,"- 가입기간 36개월로 매 회전주기(.,6,9개월)마다 자동회전되는 회전정기예금(변동금리상품) - 가입금액 : 100만원이상",,20260730,,202607300855,금융감독원 금융상품한눈에 Open API,2026-08-10T14:19:08
030300,저축은행,202607,0013127,KB저축은행,240007,KB369회전식정기예금,3,S,단리,2.40%,2.03%,"51,000",2.40%,스마트폰,1,제한없음,단리,,없음,- 1개월이내 : 신규가입일 당시 약정이율과 만기일 현재 고시이율 중 낮은 이율 - 1개월초과 : 보통예금이율,"- 가입기간 36개월로 매 회전주기(3,6,9개월)마다 자동회전되는 회전정기예금(변동금리상품) - 가입금액 : 100만원이상",,20260730,,202607300855,금융감독원 금융상품한눈에 Open API,2026-08-10T14:19:08
030300,저축은행,202607,0013127,KB저축은행,240007,KB369회전식정기예금,6,S,단리,2.50%,2.11%,"106,000",2.50%,스마트폰,1,제한없음,단리,,없음,- 1개월이내 : 신규가입일 당시 약정이율과 만기일 현재 고시이율 중 낮은 이율 - 1개월초과 : 보통예금이율,"- 가입기간 36개월로 매 회전주기(3,6,9개월)마다 자동회전되는 회전정기예금(변동금리상품) - 가입금액 : 100만원이상",,20260730,,202607300855,금융감독원 금융상품한눈에 Open API,2026-08-10T14:19:08
030300,저축은행,202607,0013127,KB저축은행,240007,KB369회전식정기예금,36,S,단리,2.90%,2.45%,"736,000",2.90%,스마트폰,1,제한없음,단리,,없음,- 1개월이내 : 신규가입일 당시 약정이율과 만기일 현재 고시이율 중 낮은 이율 - 1개월초과 : 보통예금이율,"- 가입기간 36개월로 매 회전주기(3,6,9개월)마다 자동회전되는 회전정기예금(변동금리상품) - 가입금액 : 100만원이상",,20260730,,202607300855,금융감독원 금융상품한눈에 Open API,2026-08-10T14:19:08
030300,저축은행,202607,0013127,KB저축은행,240007,KB369회전식정기예금,3,M,복리,2.40%,2.03%,"50,862",2.40%,스마트폰,1,제한없음,복리,,없음,- 1개월이내 : 신규가입일 당시 약정이율과 만기일 현재 고시이율 중 낮은 이율 - 1개월초과 : 보통예금이율,"- 가입기간 36개월로 매 회전주기(3,6,9개월)마다 자동회전되는 회전정기예금(변동금리상품) - 가입금액 : 100만원이상",,20260730,,202607300855,금융감독원 금융상품한눈에 Open API,2026-08-10T14:19:08
030300,저축은행,202607,0013127,KB저축은행,240007,KB369회전식정기예금,6,M,복리,2.50%,2.11%,"106,302",2.50%,스마트폰,1,제한없음,복리,,없음,- 1개월이내 : 신규가입일 당시 약정이율과 만기일 현재 고시이율 중 낮은 이율 - 1개월초과 : 보통예금이율,"- 가입기간 36개월로 매 회전주기(3,6,9개월)마다 자동회전되는 회전정기예금(변동금리상품) - 가입금액 : 100만원이상",,20260730,,202607300855,금융감독원 금융상품한눈에 Open API,2026-08-10T14:19:08
030300,저축은행,202607,0013127,KB저축은행,240007,KB369회전식정기예금,36,M,복리,2.90%,2.45%,"768,017",2.90%,스마트폰,1,제한없음,복리,,없음,- 1개월이내 : 신규가입일 당시 약정이율과 만기일 현재 고시이율 중 낮은 이율 - 1개월초과 : 보통예금이율,"- 가입기간 36개월로 매 회전주기(3,6,9개월)마다 자동회전되는 회전정기예금(변동금리상품) - 가입금액 : 100만원이상",,20260730,,202607300855,금융감독원 금융상품한눈에 Open API,2026-08-10T14:19:08
030300,저축은행,202607,0013166,하나저축은행,240001,정기예금,1,S,단리,1.10%,0.93%,"8,000",1.20%,"영업점,인터넷,스마트폰",1,제한없음,단리,,"* 최고우대금리 : 0.2% - 인터넷뱅킹, 모바일APP, 모바일WEB(하나디지털뱅크, 하나원큐연계), 비대면계좌개설서비스(SB톡톡)으로 가입: 0.1% - 하나카드 휴면 6개월 이상 무실적 고객이 발급 후 3개월간 이용실적 10만원 이상 확인 시 0.1% 단,①~⑤ 모두충족 시 (자세한 사항은 홈페이지 참조) ※ 단위는 연%p",-1개월 이내 : 약정금리와 현행 고시금리 중 낮은 금리 -1개월 초과 : 현행 고시 보통예금 금리,1. 최저가입금액 : 10만원이상 2. 중도해지금리 -1개월미만 : 보통예금 금리 -1개월이상 : 약정금리 * (경과월수 / 계약월수)*차등율 (최저금리 : 약정금리 * 50%) -1개월이상~12개월미만(차등율:60%) -12개월이상~24개월미만(차등율:70%) -24개월이상(차등율:80%),,20260720,,202607201300,금융감독원 금융상품한눈에 Open API,2026-08-10T14:19:08
030300,저축은행,202607,0013166,하나저축은행,240001,정기예금,3,S,단리,2.30%,1.95%,"49,000",2.40%,"영업점,인터넷,스마트폰",1,제한없음,단리,,"* 최고우대금리 : 0.2% - 인터넷뱅킹, 모바일APP, 모바일WEB(하나디지털뱅크, 하나원큐연계), 비대면계좌개설서비스(SB톡톡)으로 가입: 0.1% - 하나카드 휴면 6개월 이상 무실적 고객이 발급 후 3개월간 이용실적 10만원 이상 확인 시 0.1% 단,①~⑤ 모두충족 시 (자세한 사항은 홈페이지 참조) ※ 단위는 연%p",-1개월 이내 : 약정금리와 현행 고시금리 중 낮은 금리 -1개월 초과 : 현행 고시 보통예금 금리,1. 최저가입금액 : 10만원이상 2. 중도해지금리 -1개월미만 : 보통예금 금리 -1개월이상 : 약정금리 * (경과월수 / 계약월수)*차등율 (최저금리 : 약정금리 * 50%) -1개월이상~12개월미만(차등율:60%) -12개월이상~24개월미만(차등율:70%) -24개월이상(차등율:80%),,20260720,,202607201300,금융감독원 금융상품한눈에 Open API,2026-08-10T14:19:08
030300,저축은행,202607,0013166,하나저축은행,240001,정기예금,6,S,단리,2.40%,2.03%,"102,000",2.50%,"영업점,인터넷,스마트폰",1,제한없음,단리,,"* 최고우대금리 : 0.2% - 인터넷뱅킹, 모바일APP, 모바일WEB(하나디지털뱅크, 하나원큐연계), 비대면계좌개설서비스(SB톡톡)으로 가입: 0.1% - 하나카드 휴면 6개월 이상 무실적 고객이 발급 후 3개월간 이용실적 10만원 이상 확인 시 0.1% 단,①~⑤ 모두충족 시 (자세한 사항은 홈페이지 참조) ※ 단위는 연%p",-1개월 이내 : 약정금리와 현행 고시금리 중 낮은 금리 -1개월 초과 : 현행 고시 보통예금 금리,1. 최저가입금액 : 10만원이상 2. 중도해지금리 -1개월미만 : 보통예금 금리 -1개월이상 : 약정금리 * (경과월수 / 계약월수)*차등율 (최저금리 : 약정금리 * 50%) -1개월이상~12개월미만(차등율:60%) -12개월이상~24개월미만(차등율:70%) -24개월이상(차등율:80%),,20260720,,202607201300,금융감독원 금융상품한눈에 Open API,2026-08-10T14:19:08
030300,저축은행,202607,0013166,하나저축은행,240001,정기예금,12,S,단리,3.60%,3.05%,"305,000",3.60%,"영업점,인터넷,스마트폰",1,제한없음,단리,,"* 최고우대금리 : 0.2% - 인터넷뱅킹, 모바일APP, 모바일WEB(하나디지털뱅크, 하나원큐연계), 비대면계좌개설서비스(SB톡톡)으로 가입: 0.1% - 하나카드 휴면 6개월 이상 무실적 고객이 발급 후 3개월간 이용실적 10만원 이상 확인 시 0.1% 단,①~⑤ 모두충족 시 (자세한 사항은 홈페이지 참조) ※ 단위는 연%p",-1개월 이내 : 약정금리와 현행 고시금리 중 낮은 금리 -1개월 초과 : 현행 고시 보통예금 금리,1. 최저가입금액 : 10만원이상 2. 중도해지금리 -1개월미만 : 보통예금 금리 -1개월이상 : 약정금리 * (경과월수 / 계약월수)*차등율 (최저금리 : 약정금리 * 50%) -1개월이상~12개월미만(차등율:60%) -12개월이상~24개월미만(차등율:70%) -24개월이상(차등율:80%),,20260720,,202607201300,금융감독원 금융상품한눈에 Open API,2026-08-10T14:19:08
030300,저축은행,202607,0013166,하나저축은행,240001,정기예금,24,S,단리,2.30%,1.95%,"389,000",2.40%,"영업점,인터넷,스마트폰",1,제한없음,단리,,"* 최고우대금리 : 0.2% - 인터넷뱅킹, 모바일APP, 모바일WEB(하나디지털뱅크, 하나원큐연계), 비대면계좌개설서비스(SB톡톡)으로 가입: 0.1% - 하나카드 휴면 6개월 이상 무실적 고객이 발급 후 3개월간 이용실적 10만원 이상 확인 시 0.1% 단,①~⑤ 모두충족 시 (자세한 사항은 홈페이지 참조) ※ 단위는 연%p",-1개월 이내 : 약정금리와 현행 고시금리 중 낮은 금리 -1개월 초과 : 현행 고시 보통예금 금리,1. 최저가입금액 : 10만원이상 2. 중도해지금리 -1개월미만 : 보통예금 금리 -1개월이상 : 약정금리 * (경과월수 / 계약월수)*차등율 (최저금리 : 약정금리 * 50%) -1개월이상~12개월미만(차등율:60%) -12개월이상~24개월미만(차등율:70%) -24개월이상(차등율:80%),,20260720,,202607201300,금융감독원 금융상품한눈에 Open API,2026-08-10T14:19:08
030300,저축은행,202607,0013166,하나저축은행,240001,정기예금,36,S,단리,2.30%,1.95%,"584,000",2.40%,"영업점,인터넷,스마트폰",1,제한없음,단리,,"* 최고우대금리 : 0.2% - 인터넷뱅킹, 모바일APP, 모바일WEB(하나디지털뱅크, 하나원큐연계), 비대면계좌개설서비스(SB톡톡)으로 가입: 0.1% - 하나카드 휴면 6개월 이상 무실적 고객이 발급 후 3개월간 이용실적 10만원 이상 확인 시 0.1% 단,①~⑤ 모두충족 시 (자세한 사항은 홈페이지 참조) ※ 단위는 연%p",-1개월 이내 : 약정금리와 현행 고시금리 중 낮은 금리 -1개월 초과 : 현행 고시 보통예금 금리,1. 최저가입금액 : 10만원이상 2. 중도해지금리 -1개월미만 : 보통예금 금리 -1개월이상 : 약정금리 * (경과월수 / 계약월수)*차등율 (최저금리 : 약정금리 * 50%) -1개월이상~12개월미만(차등율:60%) -12개월이상~24개월미만(차등율:70%) -24개월이상(차등율:80%),,20260720,,202607201300,금융감독원 금융상품한눈에 Open API,2026-08-10T14:19:08
030300,저축은행,202607,0013166,하나저축은행,240001,정기예금,1,M,복리,1.10%,0.93%,"7,755",1.20%,"영업점,인터넷,스마트폰",1,제한없음,복리,,"* 최고우대금리 : 0.2% - 인터넷뱅킹, 모바일APP, 모바일WEB(하나디지털뱅크, 하나원큐연계), 비대면계좌개설서비스(SB톡톡)으로 가입: 0.1% - 하나카드 휴면 6개월 이상 무실적 고객이 발급 후 3개월간 이용실적 10만원 이상 확인 시 0.1% 단,①~⑤ 모두충족 시 (자세한 사항은 홈페이지 참조) ※ 단위는 연%p",-1개월 이내 : 약정금리와 현행 고시금리 중 낮은 금리 -1개월 초과 : 현행 고시 보통예금 금리,1. 최저가입금액 : 10만원이상 2. 중도해지금리 -1개월미만 : 보통예금 금리 -1개월이상 : 약정금리 * (경과월수 / 계약월수)*차등율 (최저금리 : 약정금리 * 50%) -1개월이상~12개월미만(차등율:60%) -12개월이상~24개월미만(차등율:70%) -24개월이상(차등율:80%),,20260720,,202607201300,금융감독원 금융상품한눈에 Open API,2026-08-10T14:19:08
030300,저축은행,202607,0013166,하나저축은행,240001,정기예금,3,M,복리,2.30%,1.95%,"48,738",2.40%,"영업점,인터넷,스마트폰",1,제한없음,복리,,"* 최고우대금리 : 0.2% - 인터넷뱅킹, 모바일APP, 모바일WEB(하나디지털뱅크, 하나원큐연계), 비대면계좌개설서비스(SB톡톡)으로 가입: 0.1% - 하나카드 휴면 6개월 이상 무실적 고객이 발급 후 3개월간 이용실적 10만원 이상 확인 시 0.1% 단,①~⑤ 모두충족 시 (자세한 사항은 홈페이지 참조) ※ 단위는 연%p",-1개월 이내 : 약정금리와 현행 고시금리 중 낮은 금리 -1개월 초과 : 현행 고시 보통예금 금리,1. 최저가입금액 : 10만원이상 2. 중도해지금리 -1개월미만 : 보통예금 금리 -1개월이상 : 약정금리 * (경과월수 / 계약월수)*차등율 (최저금리 : 약정금리 * 50%) -1개월이상~12개월미만(차등율:60%) -12개월이상~24개월미만(차등율:70%) -24개월이상(차등율:80%),,20260720,,202607201300,금융감독원 금융상품한눈에 Open API,2026-08-10T14:19:08
030300,저축은행,202607,0013166,하나저축은행,240001,정기예금,6,M,복리,2.40%,2.03%,"102,029",2.50%,"영업점,인터넷,스마트폰",1,제한없음,복리,,"* 최고우대금리 : 0.2% - 인터넷뱅킹, 모바일APP, 모바일WEB(하나디지털뱅크, 하나원큐연계), 비대면계좌개설서비스(SB톡톡)으로 가입: 0.1% - 하나카드 휴면 6개월 이상 무실적 고객이 발급 후 3개월간 이용실적 10만원 이상 확인 시 0.1% 단,①~⑤ 모두충족 시 (자세한 사항은 홈페이지 참조) ※ 단위는 연%p",-1개월 이내 : 약정금리와 현행 고시금리 중 낮은 금리 -1개월 초과 : 현행 고시 보통예금 금리,1. 최저가입금액 : 10만원이상 2. 중도해지금리 -1개월미만 : 보통예금 금리 -1개월이상 : 약정금리 * (경과월수 / 계약월수)*차등율 (최저금리 : 약정금리 * 50%) -1개월이상~12개월미만(차등율:60%) -12개월이상~24개월미만(차등율:70%) -24개월이상(차등율:80%),,20260720,,202607201300,금융감독원 금융상품한눈에 Open API,2026-08-10T14:19:08
030300,저축은행,202607,0013166,하나저축은행,240001,정기예금,12,M,복리,3.60%,3.05%,"309,636",3.60%,"영업점,인터넷,스마트폰",1,제한없음,복리,,"* 최고우대금리 : 0.2% - 인터넷뱅킹, 모바일APP, 모바일WEB(하나디지털뱅크, 하나원큐연계), 비대면계좌개설서비스(SB톡톡)으로 가입: 0.1% - 하나카드 휴면 6개월 이상 무실적 고객이 발급 후 3개월간 이용실적 10만원 이상 확인 시 0.1% 단,①~⑤ 모두충족 시 (자세한 사항은 홈페이지 참조) ※ 단위는 연%p",-1개월 이내 : 약정금리와 현행 고시금리 중 낮은 금리 -1개월 초과 : 현행 고시 보통예금 금리,1. 최저가입금액 : 10만원이상 2. 중도해지금리 -1개월미만 : 보통예금 금리 -1개월이상 : 약정금리 * (경과월수 / 계약월수)*차등율 (최저금리 : 약정금리 * 50%) -1개월이상~12개월미만(차등율:60%) -12개월이상~24개월미만(차등율:70%) -24개월이상(차등율:80%),,20260720,,202607201300,금융감독원 금융상품한눈에 Open API,2026-08-10T14:19:08
030300,저축은행,202607,0013166,하나저축은행,240001,정기예금,24,M,복리,2.30%,1.95%,"397,860",2.40%,"영업점,인터넷,스마트폰",1,제한없음,복리,,"* 최고우대금리 : 0.2% - 인터넷뱅킹, 모바일APP, 모바일WEB(하나디지털뱅크, 하나원큐연계), 비대면계좌개설서비스(SB톡톡)으로 가입: 0.1% - 하나카드 휴면 6개월 이상 무실적 고객이 발급 후 3개월간 이용실적 10만원 이상 확인 시 0.1% 단,①~⑤ 모두충족 시 (자세한 사항은 홈페이지 참조) ※ 단위는 연%p",-1개월 이내 : 약정금리와 현행 고시금리 중 낮은 금리 -1개월 초과 : 현행 고시 보통예금 금리,1. 최저가입금액 : 10만원이상 2. 중도해지금리 -1개월미만 : 보통예금 금리 -1개월이상 : 약정금리 * (경과월수 / 계약월수)*차등율 (최저금리 : 약정금리 * 50%) -1개월이상~12개월미만(차등율:60%) -12개월이상~24개월미만(차등율:70%) -24개월이상(차등율:80%),,20260720,,202607201300,금융감독원 금융상품한눈에 Open API,2026-08-10T14:19:08
030300,저축은행,202607,0013166,하나저축은행,240001,정기예금,36,M,복리,2.30%,1.95%,"603,752",2.40%,"영업점,인터넷,스마트폰",1,제한없음,복리,,"* 최고우대금리 : 0.2% - 인터넷뱅킹, 모바일APP, 모바일WEB(하나디지털뱅크, 하나원큐연계), 비대면계좌개설서비스(SB톡톡)으로 가입: 0.1% - 하나카드 휴면 6개월 이상 무실적 고객이 발급 후 3개월간 이용실적 10만원 이상 확인 시 0.1% 단,①~⑤ 모두충족 시 (자세한 사항은 홈페이지 참조) ※ 단위는 연%p",-1개월 이내 : 약정금리와 현행 고시금리 중 낮은 금리 -1개월 초과 : 현행 고시 보통예금 금리,1. 최저가입금액 : 10만원이상 2. 중도해지금리 -1개월미만 : 보통예금 금리 -1개월이상 : 약정금리 * (경과월수 / 계약월수)*차등율 (최저금리 : 약정금리 * 50%) -1개월이상~12개월미만(차등율:60%) -12개월이상~24개월미만(차등율:70%) -24개월이상(차등율:80%),,20260720,,202607201300,금융감독원 금융상품한눈에 Open API,2026-08-10T14:19:08
030300,저축은행,202607,0013166,하나저축은행,240002,1Q 비대면정기예금,1,S,단리,1.20%,1.02%,"8,000",1.20%,"인터넷,스마트폰",1,제한없음,단리,,* 최고우대금리 : 없음,-1개월 이내 : 약정금리와 현행 고시금리 중 낮은 금리 -1개월 초과 : 현행 고시 보통예금 금리,1. 최저가입금액 : 10만원이상 2. 중도해지금리 -1개월미만 : 보통예금 금리 -1개월이상 : 약정금리 * (경과월수 / 계약월수)*차등율 (최저금리 : 약정금리 * 50%) -1개월이상~12개월미만(차등율:60%) -12개월이상~24개월미만(차등율:70%),,20260720,,202607201300,금융감독원 금융상품한눈에 Open API,2026-08-10T14:19:08
030300,저축은행,202607,0013166,하나저축은행,240002,1Q 비대면정기예금,3,S,단리,2.40%,2.03%,"51,000",2.40%,"인터넷,스마트폰",1,제한없음,단리,,* 최고우대금리 : 없음,-1개월 이내 : 약정금리와 현행 고시금리 중 낮은 금리 -1개월 초과 : 현행 고시 보통예금 금리,1. 최저가입금액 : 10만원이상 2. 중도해지금리 -1개월미만 : 보통예금 금리 -1개월이상 : 약정금리 * (경과월수 / 계약월수)*차등율 (최저금리 : 약정금리 * 50%) -1개월이상~12개월미만(차등율:60%) -12개월이상~24개월미만(차등율:70%),,20260720,,202607201300,금융감독원 금융상품한눈에 Open API,2026-08-10T14:19:08
030300,저축은행,202607,0013166,하나저축은행,240002,1Q 비대면정기예금,6,S,단리,2.50%,2.11%,"106,000",2.50%,"인터넷,스마트폰",1,제한없음,단리,,* 최고우대금리 : 없음,-1개월 이내 : 약정금리와 현행 고시금리 중 낮은 금리 -1개월 초과 : 현행 고시 보통예금 금리,1. 최저가입금액 : 10만원이상 2. 중도해지금리 -1개월미만 : 보통예금 금리 -1개월이상 : 약정금리 * (경과월수 / 계약월수)*차등율 (최저금리 : 약정금리 * 50%) -1개월이상~12개월미만(차등율:60%) -12개월이상~24개월미만(차등율:70%),,20260720,,202607201300,금융감독원 금융상품한눈에 Open API,2026-08-10T14:19:08
030300,저축은행,202607,0013166,하나저축은행,240002,1Q 비대면정기예금,12,S,단리,3.70%,3.13%,"313,000",3.70%,"인터넷,스마트폰",1,제한없음,단리,,* 최고우대금리 : 없음,-1개월 이내 : 약정금리와 현행 고시금리 중 낮은 금리 -1개월 초과 : 현행 고시 보통예금 금리,1. 최저가입금액 : 10만원이상 2. 중도해지금리 -1개월미만 : 보통예금 금리 -1개월이상 : 약정금리 * (경과월수 / 계약월수)*차등율 (최저금리 : 약정금리 * 50%) -1개월이상~12개월미만(차등율:60%) -12개월이상~24개월미만(차등율:70%),,20260720,,202607201300,금융감독원 금융상품한눈에 Open API,2026-08-10T14:19:08
030300,저축은행,202607,0013166,하나저축은행,240002,1Q 비대면정기예금,24,S,단리,2.40%,2.03%,"406,000",2.40%,"인터넷,스마트폰",1,제한없음,단리,,* 최고우대금리 : 없음,-1개월 이내 : 약정금리와 현행 고시금리 중 낮은 금리 -1개월 초과 : 현행 고시 보통예금 금리,1. 최저가입금액 : 10만원이상 2. 중도해지금리 -1개월미만 : 보통예금 금리 -1개월이상 : 약정금리 * (경과월수 / 계약월수)*차등율 (최저금리 : 약정금리 * 50%) -1개월이상~12개월미만(차등율:60%) -12개월이상~24개월미만(차등율:70%),,20260720,,202607201300,금융감독원 금융상품한눈에 Open API,2026-08-10T14:19:08
030300,저축은행,202607,0013166,하나저축은행,240002,1Q 비대면정기예금,1,M,복리,1.20%,1.02%,"8,460",1.20%,"인터넷,스마트폰",1,제한없음,복리,,* 최고우대금리 : 없음,-1개월 이내 : 약정금리와 현행 고시금리 중 낮은 금리 -1개월 초과 : 현행 고시 보통예금 금리,1. 최저가입금액 : 10만원이상 2. 중도해지금리 -1개월미만 : 보통예금 금리 -1개월이상 : 약정금리 * (경과월수 / 계약월수)*차등율 (최저금리 : 약정금리 * 50%) -1개월이상~12개월미만(차등율:60%) -12개월이상~24개월미만(차등율:70%),,20260720,,202607201300,금융감독원 금융상품한눈에 Open API,2026-08-10T14:19:08
030300,저축은행,202607,0013166,하나저축은행,240002,1Q 비대면정기예금,3,M,복리,2.40%,2.03%,"50,862",2.40%,"인터넷,스마트폰",1,제한없음,복리,,* 최고우대금리 : 없음,-1개월 이내 : 약정금리와 현행 고시금리 중 낮은 금리 -1개월 초과 : 현행 고시 보통예금 금리,1. 최저가입금액 : 10만원이상 2. 중도해지금리 -1개월미만 : 보통예금 금리 -1개월이상 : 약정금리 * (경과월수 / 계약월수)*차등율 (최저금리 : 약정금리 * 50%) -1개월이상~12개월미만(차등율:60%) -12개월이상~24개월미만(차등율:70%),,20260720,,202607201300,금융감독원 금융상품한눈에 Open API,2026-08-10T14:19:08
030300,저축은행,202607,0013166,하나저축은행,240002,1Q 비대면정기예금,6,M,복리,2.50%,2.11%,"106,302",2.50%,"인터넷,스마트폰",1,제한없음,복리,,* 최고우대금리 : 없음,-1개월 이내 : 약정금리와 현행 고시금리 중 낮은 금리 -1개월 초과 : 현행 고시 보통예금 금리,1. 최저가입금액 : 10만원이상 2. 중도해지금리 -1개월미만 : 보통예금 금리 -1개월이상 : 약정금리 * (경과월수 / 계약월수)*차등율 (최저금리 : 약정금리 * 50%) -1개월이상~12개월미만(차등율:60%) -12개월이상~24개월미만(차등율:70%),,20260720,,202607201300,금융감독원 금융상품한눈에 Open API,2026-08-10T14:19:08
030300,저축은행,202607,0013166,하나저축은행,240002,1Q 비대면정기예금,12,M,복리,3.70%,3.13%,"318,383",3.70%,"인터넷,스마트폰",1,제한없음,복리,,* 최고우대금리 : 없음,-1개월 이내 : 약정금리와 현행 고시금리 중 낮은 금리 -1개월 초과 : 현행 고시 보통예금 금리,1. 최저가입금액 : 10만원이상 2. 중도해지금리 -1개월미만 : 보통예금 금리 -1개월이상 : 약정금리 * (경과월수 / 계약월수)*차등율 (최저금리 : 약정금리 * 50%) -1개월이상~12개월미만(차등율:60%) -12개월이상~24개월미만(차등율:70%),,20260720,,202607201300,금융감독원 금융상품한눈에 Open API,2026-08-10T14:19:08
030300,저축은행,202607,0013166,하나저축은행,240002,1Q 비대면정기예금,24,M,복리,2.40%,2.03%,"415,558",2.40%,"인터넷,스마트폰",1,제한없음,복리,,* 최고우대금리 : 없음,-1개월 이내 : 약정금리와 현행 고시금리 중 낮은 금리 -1개월 초과 : 현행 고시 보통예금 금리,1. 최저가입금액 : 10만원이상 2. 중도해지금리 -1개월미만 : 보통예금 금리 -1개월이상 : 약정금리 * (경과월수 / 계약월수)*차등율 (최저금리 : 약정금리 * 50%) -1개월이상~12개월미만(차등율:60%) -12개월이상~24개월미만(차등율:70%),,20260720,,202607201300,금융감독원 금융상품한눈에 Open API,2026-08-10T14:19:08
030300,저축은행,202607,0013166,하나저축은행,240006,비대면 세바퀴정기예금(1년단위 변동금리상품),12,S,단리,3.80%,3.21%,"321,000",3.80%,"인터넷,스마트폰",1,제한없음,단리,,-,-1개월 이내 : 약정금리와 현행 고시금리 중 낮은 금리 -1개월 초과 : 현행 고시 보통예금 금리,1. 회전주기 (매1년)마다 계약기간 이내에서 이자율 변동 및 이자를 지급하는 장기 정기예금(12개월 변동금리) 2. 최저가입금액 : 10만원이상 3. 중도해지금리 -1개월미만 : 보통예금 금리 -1개월이상 : 약정금리 * (경과월수 / 계약월수)*차등율 (최저금리 : 약정금리 * 50%) -1개월이상~12개월미만(차등율:60%),,20260720,,202607201300,금융감독원 금융상품한눈에 Open API,2026-08-10T14:19:08
030300,저축은행,202607,0013166,하나저축은행,240006,비대면 세바퀴정기예금(1년단위 변동금리상품),12,M,복리,3.80%,3.21%,"327,139",3.80%,"인터넷,스마트폰",1,제한없음,복리,,-,-1개월 이내 : 약정금리와 현행 고시금리 중 낮은 금리 -1개월 초과 : 현행 고시 보통예금 금리,1. 회전주기 (매1년)마다 계약기간 이내에서 이자율 변동 및 이자를 지급하는 장기 정기예금(12개월 변동금리) 2. 최저가입금액 : 10만원이상 3. 중도해지금리 -1개월미만 : 보통예금 금리 -1개월이상 : 약정금리 * (경과월수 / 계약월수)*차등율 (최저금리 : 약정금리 * 50%) -1개월이상~12개월미만(차등율:60%),,20260720,,202607201300,금융감독원 금융상품한눈에 Open API,2026-08-10T14:19:08
030300,저축은행,202607,0013166,하나저축은행,240007,세바퀴정기예금(1년단위 변동금리상품),12,S,단리,3.70%,3.13%,"313,000",3.70%,"영업점,인터넷,스마트폰",1,제한없음,단리,,"세바퀴 정기예금 가입시 0.1% 인터넷뱅킹,모바일APP,모바일WEB(하나디지털뱅크, 하나원큐연계)으로 가입시 0.1%",-1개월 이내 : 약정금리와 현행 고시금리 중 낮은 금리 -1개월 초과 : 현행 고시 보통예금 금리,1. 회전주기 (매1년)마다 계약기간 이내에서 이자율 변동 및 이자를 지급하는 장기 정기예금(12개월 변동금리) 2. 최저가입금액 : 10만원이상 3. 중도해지금리 -1개월미만 : 보통예금 금리 -1개월이상 : 약정금리 * (경과월수 / 계약월수)*차등율 (최저금리 : 약정금리 * 50%) -1개월이상~12개월미만(차등율:60%),,20260720,,202607201300,금융감독원 금융상품한눈에 Open API,2026-08-10T14:19:08
030300,저축은행,202607,0013166,하나저축은행,240007,세바퀴정기예금(1년단위 변동금리상품),12,M,복리,3.70%,3.13%,"318,383",3.70%,"영업점,인터넷,스마트폰",1,제한없음,복리,,"세바퀴 정기예금 가입시 0.1% 인터넷뱅킹,모바일APP,모바일WEB(하나디지털뱅크, 하나원큐연계)으로 가입시 0.1%",-1개월 이내 : 약정금리와 현행 고시금리 중 낮은 금리 -1개월 초과 : 현행 고시 보통예금 금리,1. 회전주기 (매1년)마다 계약기간 이내에서 이자율 변동 및 이자를 지급하는 장기 정기예금(12개월 변동금리) 2. 최저가입금액 : 10만원이상 3. 중도해지금리 -1개월미만 : 보통예금 금리 -1개월이상 : 약정금리 * (경과월수 / 계약월수)*차등율 (최저금리 : 약정금리 * 50%) -1개월이상~12개월미만(차등율:60%),,20260720,,202607201300,금융감독원 금융상품한눈에 Open API,2026-08-10T14:19:08
030300,저축은행,202607,0013166,하나저축은행,240009,하나더넥스트 시니어 회전예금,12,S,단리,3.70%,3.13%,"313,000",3.70%,"영업점,인터넷,스마트폰",1,제한없음 (실명의 개인(만50세 이상)),단리,,-,-1개월 이내 : 약정금리와 현행 고시금리 중 낮은 금리 -1개월 초과 : 현행 고시 보통예금 금리,1. 회전주기 (매1년)마다 계약기간 이내에서 이자율 변동 및 이자를 지급하는 장기 정기예금(12개월 변동금리) 2. 최저가입금액 : 10만원이상 3. 중도해지금리 -1개월미만 : 보통예금 금리 -1개월이상 : 약정금리 * (경과월수 / 계약월수)*차등율 (최저금리 : 약정금리 * 50%) -1개월이상~12개월미만(차등율:60%),,20260720,,202607201300,금융감독원 금융상품한눈에 Open API,2026-08-10T14:19:08
030300,저축은행,202607,0013166,하나저축은행,240009,하나더넥스트 시니어 회전예금,12,M,복리,3.70%,3.13%,"318,383",3.70%,"영업점,인터넷,스마트폰",1,제한없음 (실명의 개인(만50세 이상)),복리,,-,-1개월 이내 : 약정금리와 현행 고시금리 중 낮은 금리 -1개월 초과 : 현행 고시 보통예금 금리,1. 회전주기 (매1년)마다 계약기간 이내에서 이자율 변동 및 이자를 지급하는 장기 정기예금(12개월 변동금리) 2. 최저가입금액 : 10만원이상 3. 중도해지금리 -1개월미만 : 보통예금 금리 -1개월이상 : 약정금리 * (경과월수 / 계약월수)*차등율 (최저금리 : 약정금리 * 50%) -1개월이상~12개월미만(차등율:60%),,20260720,,202607201300,금융감독원 금융상품한눈에 Open API,2026-08-10T14:19:08
030300,저축은행,202607,0013166,하나저축은행,240010,비대면 하나더넥스트 시니어 회전예금,12,S,단리,3.80%,3.21%,"321,000",3.80%,"인터넷,스마트폰",1,제한없음 (실명의 개인(만50세 이상)),단리,,"인터넷뱅킹,모바일APP,모바일WEB(하나디지털뱅크, 하나원큐연계)으로 가입시 0.1%",-1개월 이내 : 약정금리와 현행 고시금리 중 낮은 금리 -1개월 초과 : 현행 고시 보통예금 금리,1. 회전주기 (매1년)마다 계약기간 이내에서 이자율 변동 및 이자를 지급하는 장기 정기예금(12개월 변동금리) 2. 최저가입금액 : 10만원이상 3. 중도해지금리 -1개월미만 : 보통예금 금리 -1개월이상 : 약정금리 * (경과월수 / 계약월수)*차등율 (최저금리 : 약정금리 * 50%) -1개월이상~12개월미만(차등율:60%),,20260720,,202607201300,금융감독원 금융상품한눈에 Open API,2026-08-10T14:19:08
030300,저축은행,202607,0013166,하나저축은행,240010,비대면 하나더넥스트 시니어 회전예금,12,M,복리,3.80%,3.21%,"327,139",3.80%,"인터넷,스마트폰",1,제한없음 (실명의 개인(만50세 이상)),복리,,"인터넷뱅킹,모바일APP,모바일WEB(하나디지털뱅크, 하나원큐연계)으로 가입시 0.1%",-1개월 이내 : 약정금리와 현행 고시금리 중 낮은 금리 -1개월 초과 : 현행 고시 보통예금 금리,1. 회전주기 (매1년)마다 계약기간 이내에서 이자율 변동 및 이자를 지급하는 장기 정기예금(12개월 변동금리) 2. 최저가입금액 : 10만원이상 3. 중도해지금리 -1개월미만 : 보통예금 금리 -1개월이상 : 약정금리 * (경과월수 / 계약월수)*차등율 (최저금리 : 약정금리 * 50%) -1개월이상~12개월미만(차등율:60%),,20260720,,202607201300,금융감독원 금융상품한눈에 Open API,2026-08-10T14:19:08
030300,저축은행,202607,0013166,하나저축은행,240011,3개월 6개월 변동형 정기예금,3,S,단리,3.60%,3.05%,"76,000",3.60%,"영업점,인터넷,스마트폰",1,제한없음,단리,,-,-1 개월 이내 : 가입 당시 약정금리나 만기(해지)시 동일상품 ·계약기간 신규약정금리 중 낮은 금리 -1개월 초과 : 현행 고시 보통예금 금리,"1. 회전주기 (매 3개월, 6개월)마다 계약기간 이내에서 이자율 변동 및 이자를 지급하는 장기 정기예금(3개월,6개월 변동금리) 2. 최저가입금액 : 10만원이상 3. 중도해지금리 -1개월미만 : 보통예금 금리 -1개월이상~6개월 미만 : 약정금리 x 50%",,20260728,,202607280755,금융감독원 금융상품한눈에 Open API,2026-08-10T14:19:08
030300,저축은행,202607,0013166,하나저축은행,240011,3개월 6개월 변동형 정기예금,6,S,단리,3.60%,3.05%,"152,000",3.60%,"영업점,인터넷,스마트폰",1,제한없음,단리,,-,-1 개월 이내 : 가입 당시 약정금리나 만기(해지)시 동일상품 ·계약기간 신규약정금리 중 낮은 금리 -1개월 초과 : 현행 고시 보통예금 금리,"1. 회전주기 (매 3개월, 6개월)마다 계약기간 이내에서 이자율 변동 및 이자를 지급하는 장기 정기예금(3개월,6개월 변동금리) 2. 최저가입금액 : 10만원이상 3. 중도해지금리 -1개월미만 : 보통예금 금리 -1개월이상~6개월 미만 : 약정금리 x 50%",,20260728,,202607280755,금융감독원 금융상품한눈에 Open API,2026-08-10T14:19:08
030300,저축은행,202607,0013166,하나저축은행,240011,3개월 6개월 변동형 정기예금,3,M,복리,3.60%,3.05%,"76,369",3.60%,"영업점,인터넷,스마트폰",1,제한없음,복리,,-,-1 개월 이내 : 가입 당시 약정금리나 만기(해지)시 동일상품 ·계약기간 신규약정금리 중 낮은 금리 -1개월 초과 : 현행 고시 보통예금 금리,"1. 회전주기 (매 3개월, 6개월)마다 계약기간 이내에서 이자율 변동 및 이자를 지급하는 장기 정기예금(3개월,6개월 변동금리) 2. 최저가입금액 : 10만원이상 3. 중도해지금리 -1개월미만 : 보통예금 금리 -1개월이상~6개월 미만 : 약정금리 x 50%",,20260728,,202607280755,금융감독원 금융상품한눈에 Open API,2026-08-10T14:19:08
030300,저축은행,202607,0013166,하나저축은행,240011,3개월 6개월 변동형 정기예금,6,M,복리,3.60%,3.05%,"153,427",3.60%,"영업점,인터넷,스마트폰",1,제한없음,복리,,-,-1 개월 이내 : 가입 당시 약정금리나 만기(해지)시 동일상품 ·계약기간 신규약정금리 중 낮은 금리 -1개월 초과 : 현행 고시 보통예금 금리,"1. 회전주기 (매 3개월, 6개월)마다 계약기간 이내에서 이자율 변동 및 이자를 지급하는 장기 정기예금(3개월,6개월 변동금리) 2. 최저가입금액 : 10만원이상 3. 중도해지금리 -1개월미만 : 보통예금 금리 -1개월이상~6개월 미만 : 약정금리 x 50%",,20260728,,202607280755,금융감독원 금융상품한눈에 Open API,2026-08-10T14:19:08
030300,저축은행,202607,0013308,JT친애저축은행,240059,회전식 정기예금(변동금리상품),12,S,단리,3.90%,3.30%,"330,000",3.90%,영업점,1,제한없음,단리,,없음,-1개월 이내 해지시 : 약정 금리 또는 만기 시 동일상품 동일계약기간의 신규 약정 금리 중 낮은 금리 -1개월 초과 이후 해지시 : 연0.1%,1. 가입기간 : 36개월 ~ 60개월만 가능 2. 적용금리(약정금리) - 가입시점 : 개설일 기준의 영업점 및 홈페이지에 고시한 이율적용 - 회전기간 도래시점 :(변동금리상품_회전주기(매 1년)마다 약정이율 변동) 회전당일 기준의 영업점 및 홈페이지에 고시한 이율적용 3. 중도해지이자율 - 기간별 차등적용(당사홈페이지 참조),,20260806,,202608060839,금융감독원 금융상품한눈에 Open API,2026-08-10T14:19:08
030300,저축은행,202607,0013308,JT친애저축은행,240059,회전식 정기예금(변동금리상품),12,M,복리,3.90%,3.30%,"335,902",3.90%,영업점,1,제한없음,복리,,없음,-1개월 이내 해지시 : 약정 금리 또는 만기 시 동일상품 동일계약기간의 신규 약정 금리 중 낮은 금리 -1개월 초과 이후 해지시 : 연0.1%,1. 가입기간 : 36개월 ~ 60개월만 가능 2. 적용금리(약정금리) - 가입시점 : 개설일 기준의 영업점 및 홈페이지에 고시한 이율적용 - 회전기간 도래시점 :(변동금리상품_회전주기(매 1년)마다 약정이율 변동) 회전당일 기준의 영업점 및 홈페이지에 고시한 이율적용 3. 중도해지이자율 - 기간별 차등적용(당사홈페이지 참조),,20260806,,202608060839,금융감독원 금융상품한눈에 Open API,2026-08-10T14:19:08
030300,저축은행,202607,0013308,JT친애저축은행,240074,비대면 회전식 정기예금(변동금리상품),12,S,단리,3.90%,3.30%,"330,000",3.90%,"인터넷,스마트폰",1,제한없음,단리,,없음,-1개월 이내 해지시 : 약정 금리 또는 만기 시 동일상품 동일계약기간의 신규 약정 금리 중 낮은 금리 -1개월 초과 이후 해지시 : 연0.1%,1. 가입기간 : 36개월 ~ 60개월만 가능 2. 적용금리(약정금리) - 가입시점 : 개설일 기준의 영업점 및 홈페이지에 고시한 이율적용 - 회전기간 도래시점 :(변동금리상품_회전주기(매 1년)마다 약정이율 변동) 회전당일 기준의 영업점 및 홈페이지에 고시한 이율적용 3. 중도해지이자율 - 기간별 차등적용(당사홈페이지 참조),,20260806,,202608060839,금융감독원 금융상품한눈에 Open API,2026-08-10T14:19:08
030300,저축은행,202607,0013308,JT친애저축은행,240074,비대면 회전식 정기예금(변동금리상품),12,M,복리,3.90%,3.30%,"335,902",3.90%,"인터넷,스마트폰",1,제한없음,복리,,없음,-1개월 이내 해지시 : 약정 금리 또는 만기 시 동일상품 동일계약기간의 신규 약정 금리 중 낮은 금리 -1개월 초과 이후 해지시 : 연0.1%,1. 가입기간 : 36개월 ~ 60개월만 가능 2. 적용금리(약정금리) - 가입시점 : 개설일 기준의 영업점 및 홈페이지에 고시한 이율적용 - 회전기간 도래시점 :(변동금리상품_회전주기(매 1년)마다 약정이율 변동) 회전당일 기준의 영업점 및 홈페이지에 고시한 이율적용 3. 중도해지이자율 - 기간별 차등적용(당사홈페이지 참조),,20260806,,202608060839,금융감독원 금융상품한눈에 Open API,2026-08-10T14:19:08
030300,저축은행,202607,0013308,JT친애저축은행,JTCSB240001,정기예금,1,S,단리,1.30%,1.10%,"9,000",1.30%,영업점,1,제한없음,단리,,없음,-1개월 이내 해지시 : 약정 금리 또는 만기 시 동일상품 동일계약기간의 신규 약정 금리 중 낮은 금리 -1개월 초과 이후 해지시 : 연0.1%,없음,,20260806,,202608060839,금융감독원 금융상품한눈에 Open API,2026-08-10T14:19:08
030300,저축은행,202607,0013308,JT친애저축은행,JTCSB240001,정기예금,3,S,단리,1.30%,1.10%,"27,000",1.30%,영업점,1,제한없음,단리,,없음,-1개월 이내 해지시 : 약정 금리 또는 만기 시 동일상품 동일계약기간의 신규 약정 금리 중 낮은 금리 -1개월 초과 이후 해지시 : 연0.1%,없음,,20260806,,202608060839,금융감독원 금융상품한눈에 Open API,2026-08-10T14:19:08
030300,저축은행,202607,0013308,JT친애저축은행,JTCSB240001,정기예금,6,S,단리,3.90%,3.30%,"165,000",3.90%,영업점,1,제한없음,단리,,없음,-1개월 이내 해지시 : 약정 금리 또는 만기 시 동일상품 동일계약기간의 신규 약정 금리 중 낮은 금리 -1개월 초과 이후 해지시 : 연0.1%,없음,,20260806,,202608060839,금융감독원 금융상품한눈에 Open API,2026-08-10T14:19:08
030300,저축은행,202607,0013308,JT친애저축은행,JTCSB240001,정기예금,12,S,단리,3.90%,3.30%,"330,000",3.90%,영업점,1,제한없음,단리,,없음,-1개월 이내 해지시 : 약정 금리 또는 만기 시 동일상품 동일계약기간의 신규 약정 금리 중 낮은 금리 -1개월 초과 이후 해지시 : 연0.1%,없음,,20260806,,202608060839,금융감독원 금융상품한눈에 Open API,2026-08-10T14:19:08
030300,저축은행,202607,0013308,JT친애저축은행,JTCSB240001,정기예금,24,S,단리,3.50%,2.96%,"592,000",3.50%,영업점,1,제한없음,단리,,없음,-1개월 이내 해지시 : 약정 금리 또는 만기 시 동일상품 동일계약기간의 신규 약정 금리 중 낮은 금리 -1개월 초과 이후 해지시 : 연0.1%,없음,,20260806,,202608060839,금융감독원 금융상품한눈에 Open API,2026-08-10T14:19:08
030300,저축은행,202607,0013308,JT친애저축은행,JTCSB240001,정기예금,36,S,단리,3.30%,2.79%,"838,000",3.30%,영업점,1,제한없음,단리,,없음,-1개월 이내 해지시 : 약정 금리 또는 만기 시 동일상품 동일계약기간의 신규 약정 금리 중 낮은 금리 -1개월 초과 이후 해지시 : 연0.1%,없음,,20260806,,202608060839,금융감독원 금융상품한눈에 Open API,2026-08-10T14:19:08
030300,저축은행,202607,0013308,JT친애저축은행,JTCSB240001,정기예금,1,M,복리,1.30%,1.10%,"9,165",1.30%,영업점,1,제한없음,복리,,없음,-1개월 이내 해지시 : 약정 금리 또는 만기 시 동일상품 동일계약기간의 신규 약정 금리 중 낮은 금리 -1개월 초과 이후 해지시 : 연0.1%,없음,,20260806,,202608060839,금융감독원 금융상품한눈에 Open API,2026-08-10T14:19:08
030300,저축은행,202607,0013308,JT친애저축은행,JTCSB240001,정기예금,3,M,복리,1.30%,1.10%,"27,525",1.30%,영업점,1,제한없음,복리,,없음,-1개월 이내 해지시 : 약정 금리 또는 만기 시 동일상품 동일계약기간의 신규 약정 금리 중 낮은 금리 -1개월 초과 이후 해지시 : 연0.1%,없음,,20260806,,202608060839,금융감독원 금융상품한눈에 Open API,2026-08-10T14:19:08
030300,저축은행,202607,0013308,JT친애저축은행,JTCSB240001,정기예금,6,M,복리,3.90%,3.30%,"166,316",3.90%,영업점,1,제한없음,복리,,없음,-1개월 이내 해지시 : 약정 금리 또는 만기 시 동일상품 동일계약기간의 신규 약정 금리 중 낮은 금리 -1개월 초과 이후 해지시 : 연0.1%,없음,,20260806,,202608060839,금융감독원 금융상품한눈에 Open API,2026-08-10T14:19:08
030300,저축은행,202607,0013308,JT친애저축은행,JTCSB240001,정기예금,12,M,복리,3.90%,3.30%,"335,902",3.90%,영업점,1,제한없음,복리,,없음,-1개월 이내 해지시 : 약정 금리 또는 만기 시 동일상품 동일계약기간의 신규 약정 금리 중 낮은 금리 -1개월 초과 이후 해지시 : 연0.1%,없음,,20260806,,202608060839,금융감독원 금융상품한눈에 Open API,2026-08-10T14:19:08
030300,저축은행,202607,0013308,JT친애저축은행,JTCSB240001,정기예금,24,M,복리,3.50%,2.96%,"612,495",3.50%,영업점,1,제한없음,복리,,없음,-1개월 이내 해지시 : 약정 금리 또는 만기 시 동일상품 동일계약기간의 신규 약정 금리 중 낮은 금리 -1개월 초과 이후 해지시 : 연0.1%,없음,,20260806,,202608060839,금융감독원 금융상품한눈에 Open API,2026-08-10T14:19:08
030300,저축은행,202607,0013308,JT친애저축은행,JTCSB240001,정기예금,36,M,복리,3.30%,2.79%,"879,132",3.30%,영업점,1,제한없음,복리,,없음,-1개월 이내 해지시 : 약정 금리 또는 만기 시 동일상품 동일계약기간의 신규 약정 금리 중 낮은 금리 -1개월 초과 이후 해지시 : 연0.1%,없음,,20260806,,202608060839,금융감독원 금융상품한눈에 Open API,2026-08-10T14:19:08
030300,저축은행,202607,0013308,JT친애저축은행,JTCSB240060,비대면 정기예금,1,S,단리,1.30%,1.10%,"9,000",1.30%,"인터넷,스마트폰",1,제한없음,단리,,없음,-1개월 이내 해지시 : 약정 금리 또는 만기 시 동일상품 동일계약기간의 신규 약정 금리 중 낮은 금리 -1개월 초과 이후 해지시 : 연0.1%,없음,,20260806,,202608060839,금융감독원 금융상품한눈에 Open API,2026-08-10T14:19:08
030300,저축은행,202607,0013308,JT친애저축은행,JTCSB240060,비대면 정기예금,3,S,단리,1.30%,1.10%,"27,000",1.30%,"인터넷,스마트폰",1,제한없음,단리,,없음,-1개월 이내 해지시 : 약정 금리 또는 만기 시 동일상품 동일계약기간의 신규 약정 금리 중 낮은 금리 -1개월 초과 이후 해지시 : 연0.1%,없음,,20260806,,202608060839,금융감독원 금융상품한눈에 Open API,2026-08-10T14:19:08
030300,저축은행,202607,0013308,JT친애저축은행,JTCSB240060,비대면 정기예금,6,S,단리,3.90%,3.30%,"165,000",3.90%,"인터넷,스마트폰",1,제한없음,단리,,없음,-1개월 이내 해지시 : 약정 금리 또는 만기 시 동일상품 동일계약기간의 신규 약정 금리 중 낮은 금리 -1개월 초과 이후 해지시 : 연0.1%,없음,,20260806,,202608060839,금융감독원 금융상품한눈에 Open API,2026-08-10T14:19:08
030300,저축은행,202607,0013308,JT친애저축은행,JTCSB240060,비대면 정기예금,12,S,단리,3.90%,3.30%,"330,000",3.90%,"인터넷,스마트폰",1,제한없음,단리,,없음,-1개월 이내 해지시 : 약정 금리 또는 만기 시 동일상품 동일계약기간의 신규 약정 금리 중 낮은 금리 -1개월 초과 이후 해지시 : 연0.1%,없음,,20260806,,202608060839,금융감독원 금융상품한눈에 Open API,2026-08-10T14:19:08
030300,저축은행,202607,0013308,JT친애저축은행,JTCSB240060,비대면 정기예금,24,S,단리,3.50%,2.96%,"592,000",3.50%,"인터넷,스마트폰",1,제한없음,단리,,없음,-1개월 이내 해지시 : 약정 금리 또는 만기 시 동일상품 동일계약기간의 신규 약정 금리 중 낮은 금리 -1개월 초과 이후 해지시 : 연0.1%,없음,,20260806,,202608060839,금융감독원 금융상품한눈에 Open API,2026-08-10T14:19:08
030300,저축은행,202607,0013308,JT친애저축은행,JTCSB240060,비대면 정기예금,36,S,단리,3.30%,2.79%,"838,000",3.30%,"인터넷,스마트폰",1,제한없음,단리,,없음,-1개월 이내 해지시 : 약정 금리 또는 만기 시 동일상품 동일계약기간의 신규 약정 금리 중 낮은 금리 -1개월 초과 이후 해지시 : 연0.1%,없음,,20260806,,202608060839,금융감독원 금융상품한눈에 Open API,2026-08-10T14:19:08
030300,저축은행,202607,0013308,JT친애저축은행,JTCSB240060,비대면 정기예금,1,M,복리,1.30%,1.10%,"9,165",1.30%,"인터넷,스마트폰",1,제한없음,복리,,없음,-1개월 이내 해지시 : 약정 금리 또는 만기 시 동일상품 동일계약기간의 신규 약정 금리 중 낮은 금리 -1개월 초과 이후 해지시 : 연0.1%,없음,,20260806,,202608060839,금융감독원 금융상품한눈에 Open API,2026-08-10T14:19:08
030300,저축은행,202607,0013308,JT친애저축은행,JTCSB240060,비대면 정기예금,3,M,복리,1.30%,1.10%,"27,525",1.30%,"인터넷,스마트폰",1,제한없음,복리,,없음,-1개월 이내 해지시 : 약정 금리 또는 만기 시 동일상품 동일계약기간의 신규 약정 금리 중 낮은 금리 -1개월 초과 이후 해지시 : 연0.1%,없음,,20260806,,202608060839,금융감독원 금융상품한눈에 Open API,2026-08-10T14:19:08
030300,저축은행,202607,0013308,JT친애저축은행,JTCSB240060,비대면 정기예금,6,M,복리,3.90%,3.30%,"166,316",3.90%,"인터넷,스마트폰",1,제한없음,복리,,없음,-1개월 이내 해지시 : 약정 금리 또는 만기 시 동일상품 동일계약기간의 신규 약정 금리 중 낮은 금리 -1개월 초과 이후 해지시 : 연0.1%,없음,,20260806,,202608060839,금융감독원 금융상품한눈에 Open API,2026-08-10T14:19:08
030300,저축은행,202607,0013308,JT친애저축은행,JTCSB240060,비대면 정기예금,12,M,복리,3.90%,3.30%,"335,902",3.90%,"인터넷,스마트폰",1,제한없음,복리,,없음,-1개월 이내 해지시 : 약정 금리 또는 만기 시 동일상품 동일계약기간의 신규 약정 금리 중 낮은 금리 -1개월 초과 이후 해지시 : 연0.1%,없음,,20260806,,202608060839,금융감독원 금융상품한눈에 Open API,2026-08-10T14:19:08
030300,저축은행,202607,0013308,JT친애저축은행,JTCSB240060,비대면 정기예금,24,M,복리,3.50%,2.96%,"612,495",3.50%,"인터넷,스마트폰",1,제한없음,복리,,없음,-1개월 이내 해지시 : 약정 금리 또는 만기 시 동일상품 동일계약기간의 신규 약정 금리 중 낮은 금리 -1개월 초과 이후 해지시 : 연0.1%,없음,,20260806,,202608060839,금융감독원 금융상품한눈에 Open API,2026-08-10T14:19:08
030300,저축은행,202607,0013308,JT친애저축은행,JTCSB240060,비대면 정기예금,36,M,복리,3.30%,2.79%,"879,132",3.30%,"인터넷,스마트폰",1,제한없음,복리,,없음,-1개월 이내 해지시 : 약정 금리 또는 만기 시 동일상품 동일계약기간의 신규 약정 금리 중 낮은 금리 -1개월 초과 이후 해지시 : 연0.1%,없음,,20260806,,202608060839,금융감독원 금융상품한눈에 Open API,2026-08-10T14:19:08
030300,저축은행,202607,0013313,신한저축은행,24000,정기예금,3,S,단리,3.00%,2.54%,"63,000",3.00%,영업점,1,제한없음,단리,,없음,"- 1개월 이내 : 당초 약정이율과 만기일의 고시이율(동일상품, 동일기간) 중 낮은 이율 - 1개월 초과 : 보통예금이율","- 이자지급방식 : 단리식(매월지급), 복리식(만기일시지급) - 해지방법 : 영업점 방문 또는 인터넷홈페이지/모바일앱에 접속하여 해약",,20260727,,202607270846,금융감독원 금융상품한눈에 Open API,2026-08-10T14:19:08
030300,저축은행,202607,0013313,신한저축은행,24000,정기예금,6,S,단리,3.20%,2.71%,"135,000",3.20%,영업점,1,제한없음,단리,,없음,"- 1개월 이내 : 당초 약정이율과 만기일의 고시이율(동일상품, 동일기간) 중 낮은 이율 - 1개월 초과 : 보통예금이율","- 이자지급방식 : 단리식(매월지급), 복리식(만기일시지급) - 해지방법 : 영업점 방문 또는 인터넷홈페이지/모바일앱에 접속하여 해약",,20260727,,202607270846,금융감독원 금융상품한눈에 Open API,2026-08-10T14:19:08
030300,저축은행,202607,0013313,신한저축은행,24000,정기예금,12,S,단리,3.50%,2.96%,"296,000",3.50%,영업점,1,제한없음,단리,,없음,"- 1개월 이내 : 당초 약정이율과 만기일의 고시이율(동일상품, 동일기간) 중 낮은 이율 - 1개월 초과 : 보통예금이율","- 이자지급방식 : 단리식(매월지급), 복리식(만기일시지급) - 해지방법 : 영업점 방문 또는 인터넷홈페이지/모바일앱에 접속하여 해약",,20260727,,202607270846,금융감독원 금융상품한눈에 Open API,2026-08-10T14:19:08
030300,저축은행,202607,0013313,신한저축은행,24000,정기예금,24,S,단리,3.00%,2.54%,"508,000",3.00%,영업점,1,제한없음,단리,,없음,"- 1개월 이내 : 당초 약정이율과 만기일의 고시이율(동일상품, 동일기간) 중 낮은 이율 - 1개월 초과 : 보통예금이율","- 이자지급방식 : 단리식(매월지급), 복리식(만기일시지급) - 해지방법 : 영업점 방문 또는 인터넷홈페이지/모바일앱에 접속하여 해약",,20260727,,202607270846,금융감독원 금융상품한눈에 Open API,2026-08-10T14:19:08
030300,저축은행,202607,0013313,신한저축은행,24000,정기예금,36,S,단리,2.50%,2.11%,"634,000",2.50%,영업점,1,제한없음,단리,,없음,"- 1개월 이내 : 당초 약정이율과 만기일의 고시이율(동일상품, 동일기간) 중 낮은 이율 - 1개월 초과 : 보통예금이율","- 이자지급방식 : 단리식(매월지급), 복리식(만기일시지급) - 해지방법 : 영업점 방문 또는 인터넷홈페이지/모바일앱에 접속하여 해약",,20260727,,202607270846,금융감독원 금융상품한눈에 Open API,2026-08-10T14:19:08
030300,저축은행,202607,0013313,신한저축은행,24000,정기예금,3,M,복리,3.00%,2.54%,"63,609",3.00%,영업점,1,제한없음,복리,,없음,"- 1개월 이내 : 당초 약정이율과 만기일의 고시이율(동일상품, 동일기간) 중 낮은 이율 - 1개월 초과 : 보통예금이율","- 이자지급방식 : 단리식(매월지급), 복리식(만기일시지급) - 해지방법 : 영업점 방문 또는 인터넷홈페이지/모바일앱에 접속하여 해약",,20260727,,202607270846,금융감독원 금융상품한눈에 Open API,2026-08-10T14:19:08
030300,저축은행,202607,0013313,신한저축은행,24000,정기예금,6,M,복리,3.20%,2.71%,"136,266",3.20%,영업점,1,제한없음,복리,,없음,"- 1개월 이내 : 당초 약정이율과 만기일의 고시이율(동일상품, 동일기간) 중 낮은 이율 - 1개월 초과 : 보통예금이율","- 이자지급방식 : 단리식(매월지급), 복리식(만기일시지급) - 해지방법 : 영업점 방문 또는 인터넷홈페이지/모바일앱에 접속하여 해약",,20260727,,202607270846,금융감독원 금융상품한눈에 Open API,2026-08-10T14:19:08
030300,저축은행,202607,0013313,신한저축은행,24000,정기예금,12,M,복리,3.50%,2.96%,"300,896",3.50%,영업점,1,제한없음,복리,,없음,"- 1개월 이내 : 당초 약정이율과 만기일의 고시이율(동일상품, 동일기간) 중 낮은 이율 - 1개월 초과 : 보통예금이율","- 이자지급방식 : 단리식(매월지급), 복리식(만기일시지급) - 해지방법 : 영업점 방문 또는 인터넷홈페이지/모바일앱에 접속하여 해약",,20260727,,202607270846,금융감독원 금융상품한눈에 Open API,2026-08-10T14:19:08
030300,저축은행,202607,0013313,신한저축은행,24000,정기예금,24,M,복리,3.00%,2.54%,"522,465",3.00%,영업점,1,제한없음,복리,,없음,"- 1개월 이내 : 당초 약정이율과 만기일의 고시이율(동일상품, 동일기간) 중 낮은 이율 - 1개월 초과 : 보통예금이율","- 이자지급방식 : 단리식(매월지급), 복리식(만기일시지급) - 해지방법 : 영업점 방문 또는 인터넷홈페이지/모바일앱에 접속하여 해약",,20260727,,202607270846,금융감독원 금융상품한눈에 Open API,2026-08-10T14:19:08
030300,저축은행,202607,0013313,신한저축은행,24000,정기예금,36,M,복리,2.50%,2.11%,"658,189",2.50%,영업점,1,제한없음,복리,,없음,"- 1개월 이내 : 당초 약정이율과 만기일의 고시이율(동일상품, 동일기간) 중 낮은 이율 - 1개월 초과 : 보통예금이율","- 이자지급방식 : 단리식(매월지급), 복리식(만기일시지급) - 해지방법 : 영업점 방문 또는 인터넷홈페이지/모바일앱에 접속하여 해약",,20260727,,202607270846,금융감독원 금융상품한눈에 Open API,2026-08-10T14:19:08
030300,저축은행,202607,0013313,신한저축은행,24002,더드림정기예금,12,S,단리,3.60%,3.05%,"305,000",3.60%,영업점,1,제한없음,단리,,없음,"- 1개월 이내 : 마지막 회전주기의 약정이율과 만기일의 고시이율(동일상품, 동일기간) 중 낮은 이율 - 1개월 초과 : 보통예금이율","-가입기간이 3년,4년,5년인 회전식 정기예금 -회전주기(매1년)마다 자동회전 -회전되는 시기의 정기예금 고시금리+0.1% -중도해지시 회전주기 완료기간에 대해 약정이율 적용 -이자지급방식: 단리식(매월지급), 복리식(회전주기 1년마다 이자지급) -가입방법: 영업점 방문 -해지방법: 영업점 방문 또는 온라인채널",,20260727,,202607270846,금융감독원 금융상품한눈에 Open API,2026-08-10T14:19:08
030300,저축은행,202607,0013313,신한저축은행,24002,더드림정기예금,12,M,복리,3.60%,3.05%,"309,636",3.60%,영업점,1,제한없음,복리,,없음,"- 1개월 이내 : 마지막 회전주기의 약정이율과 만기일의 고시이율(동일상품, 동일기간) 중 낮은 이율 - 1개월 초과 : 보통예금이율","-가입기간이 3년,4년,5년인 회전식 정기예금 -회전주기(매1년)마다 자동회전 -회전되는 시기의 정기예금 고시금리+0.1% -중도해지시 회전주기 완료기간에 대해 약정이율 적용 -이자지급방식: 단리식(매월지급), 복리식(회전주기 1년마다 이자지급) -가입방법: 영업점 방문 -해지방법: 영업점 방문 또는 온라인채널",,20260727,,202607270846,금융감독원 금융상품한눈에 Open API,2026-08-10T14:19:08
030300,저축은행,202607,0013313,신한저축은행,24010,e-정기예금,3,S,단리,3.00%,2.54%,"63,000",3.00%,인터넷,1,제한없음 (개인),단리,,없음,"- 1개월 이내 : 당초 약정이율과 만기일의 고시이율(동일상품, 동일기간) 중 낮은 이율 - 1개월 초과 : 보통예금이율","- 이자지급방식 : 단리식(매월지급), 복리식(만기일시지급) - 가입방법 : 인터넷홈페이지 - 해지방법 : 인터넷홈페이지/모바일앱에 접속하여 해약",,20260727,,202607270846,금융감독원 금융상품한눈에 Open API,2026-08-10T14:19:08
030300,저축은행,202607,0013313,신한저축은행,24010,e-정기예금,6,S,단리,3.20%,2.71%,"135,000",3.20%,인터넷,1,제한없음 (개인),단리,,없음,"- 1개월 이내 : 당초 약정이율과 만기일의 고시이율(동일상품, 동일기간) 중 낮은 이율 - 1개월 초과 : 보통예금이율","- 이자지급방식 : 단리식(매월지급), 복리식(만기일시지급) - 가입방법 : 인터넷홈페이지 - 해지방법 : 인터넷홈페이지/모바일앱에 접속하여 해약",,20260727,,202607270846,금융감독원 금융상품한눈에 Open API,2026-08-10T14:19:08
030300,저축은행,202607,0013313,신한저축은행,24010,e-정기예금,12,S,단리,3.50%,2.96%,"296,000",3.50%,인터넷,1,제한없음 (개인),단리,,없음,"- 1개월 이내 : 당초 약정이율과 만기일의 고시이율(동일상품, 동일기간) 중 낮은 이율 - 1개월 초과 : 보통예금이율","- 이자지급방식 : 단리식(매월지급), 복리식(만기일시지급) - 가입방법 : 인터넷홈페이지 - 해지방법 : 인터넷홈페이지/모바일앱에 접속하여 해약",,20260727,,202607270846,금융감독원 금융상품한눈에 Open API,2026-08-10T14:19:08
030300,저축은행,202607,0013313,신한저축은행,24010,e-정기예금,24,S,단리,3.00%,2.54%,"508,000",3.00%,인터넷,1,제한없음 (개인),단리,,없음,"- 1개월 이내 : 당초 약정이율과 만기일의 고시이율(동일상품, 동일기간) 중 낮은 이율 - 1개월 초과 : 보통예금이율","- 이자지급방식 : 단리식(매월지급), 복리식(만기일시지급) - 가입방법 : 인터넷홈페이지 - 해지방법 : 인터넷홈페이지/모바일앱에 접속하여 해약",,20260727,,202607270846,금융감독원 금융상품한눈에 Open API,2026-08-10T14:19:08
030300,저축은행,202607,0013313,신한저축은행,24010,e-정기예금,36,S,단리,2.50%,2.11%,"634,000",2.50%,인터넷,1,제한없음 (개인),단리,,없음,"- 1개월 이내 : 당초 약정이율과 만기일의 고시이율(동일상품, 동일기간) 중 낮은 이율 - 1개월 초과 : 보통예금이율","- 이자지급방식 : 단리식(매월지급), 복리식(만기일시지급) - 가입방법 : 인터넷홈페이지 - 해지방법 : 인터넷홈페이지/모바일앱에 접속하여 해약",,20260727,,202607270846,금융감독원 금융상품한눈에 Open API,2026-08-10T14:19:08
030300,저축은행,202607,0013313,신한저축은행,24010,e-정기예금,3,M,복리,3.00%,2.54%,"63,609",3.00%,인터넷,1,제한없음 (개인),복리,,없음,"- 1개월 이내 : 당초 약정이율과 만기일의 고시이율(동일상품, 동일기간) 중 낮은 이율 - 1개월 초과 : 보통예금이율","- 이자지급방식 : 단리식(매월지급), 복리식(만기일시지급) - 가입방법 : 인터넷홈페이지 - 해지방법 : 인터넷홈페이지/모바일앱에 접속하여 해약",,20260727,,202607270846,금융감독원 금융상품한눈에 Open API,2026-08-10T14:19:08
030300,저축은행,202607,0013313,신한저축은행,24010,e-정기예금,6,M,복리,3.20%,2.71%,"136,266",3.20%,인터넷,1,제한없음 (개인),복리,,없음,"- 1개월 이내 : 당초 약정이율과 만기일의 고시이율(동일상품, 동일기간) 중 낮은 이율 - 1개월 초과 : 보통예금이율","- 이자지급방식 : 단리식(매월지급), 복리식(만기일시지급) - 가입방법 : 인터넷홈페이지 - 해지방법 : 인터넷홈페이지/모바일앱에 접속하여 해약",,20260727,,202607270846,금융감독원 금융상품한눈에 Open API,2026-08-10T14:19:08
030300,저축은행,202607,0013313,신한저축은행,24010,e-정기예금,12,M,복리,3.50%,2.96%,"300,896",3.50%,인터넷,1,제한없음 (개인),복리,,없음,"- 1개월 이내 : 당초 약정이율과 만기일의 고시이율(동일상품, 동일기간) 중 낮은 이율 - 1개월 초과 : 보통예금이율","- 이자지급방식 : 단리식(매월지급), 복리식(만기일시지급) - 가입방법 : 인터넷홈페이지 - 해지방법 : 인터넷홈페이지/모바일앱에 접속하여 해약",,20260727,,202607270846,금융감독원 금융상품한눈에 Open API,2026-08-10T14:19:08
030300,저축은행,202607,0013313,신한저축은행,24010,e-정기예금,24,M,복리,3.00%,2.54%,"522,465",3.00%,인터넷,1,제한없음 (개인),복리,,없음,"- 1개월 이내 : 당초 약정이율과 만기일의 고시이율(동일상품, 동일기간) 중 낮은 이율 - 1개월 초과 : 보통예금이율","- 이자지급방식 : 단리식(매월지급), 복리식(만기일시지급) - 가입방법 : 인터넷홈페이지 - 해지방법 : 인터넷홈페이지/모바일앱에 접속하여 해약",,20260727,,202607270846,금융감독원 금융상품한눈에 Open API,2026-08-10T14:19:08
030300,저축은행,202607,0013313,신한저축은행,24010,e-정기예금,36,M,복리,2.50%,2.11%,"658,189",2.50%,인터넷,1,제한없음 (개인),복리,,없음,"- 1개월 이내 : 당초 약정이율과 만기일의 고시이율(동일상품, 동일기간) 중 낮은 이율 - 1개월 초과 : 보통예금이율","- 이자지급방식 : 단리식(매월지급), 복리식(만기일시지급) - 가입방법 : 인터넷홈페이지 - 해지방법 : 인터넷홈페이지/모바일앱에 접속하여 해약",,20260727,,202607270846,금융감독원 금융상품한눈에 Open API,2026-08-10T14:19:08
030300,저축은행,202607,0013313,신한저축은행,24017,e-더드림정기예금,12,S,단리,3.60%,3.05%,"305,000",3.60%,인터넷,1,제한없음 (개인),단리,,없음,"- 1개월 이내 : 마지막 회전주기의 약정이율과 만기일의 고시이율(동일상품, 동일기간) 중 낮은 이율 - 1개월 초과 : 보통예금이율","-가입기간이 3년,4년,5년인 회전식 정기예금 -회전주기(매1년)마다 자동회전 -회전되는 시기의 e-정기예금 고시금리+0.1% -중도해지시 회전주기 완료기간에 대해 약정이율 적용 -이자지급방식: 단리식(매월지급), 복리식(회전주기 1년마다 이자지급) -가입방법: 인터넷홈페이지 -해지방법: 온라인채널",,20260727,,202607270846,금융감독원 금융상품한눈에 Open API,2026-08-10T14:19:08
030300,저축은행,202607,0013313,신한저축은행,24017,e-더드림정기예금,12,M,복리,3.60%,3.05%,"309,636",3.60%,인터넷,1,제한없음 (개인),복리,,없음,"- 1개월 이내 : 마지막 회전주기의 약정이율과 만기일의 고시이율(동일상품, 동일기간) 중 낮은 이율 - 1개월 초과 : 보통예금이율","-가입기간이 3년,4년,5년인 회전식 정기예금 -회전주기(매1년)마다 자동회전 -회전되는 시기의 e-정기예금 고시금리+0.1% -중도해지시 회전주기 완료기간에 대해 약정이율 적용 -이자지급방식: 단리식(매월지급), 복리식(회전주기 1년마다 이자지급) -가입방법: 인터넷홈페이지 -해지방법: 온라인채널",,20260727,,202607270846,금융감독원 금융상품한눈에 Open API,2026-08-10T14:19:08
030300,저축은행,202607,0013313,신한저축은행,24110,s-정기예금,3,S,단리,3.00%,2.54%,"63,000",3.00%,스마트폰,1,제한없음 (개인),단리,,없음,"- 1개월 이내 : 당초 약정이율과 만기일의 고시이율(동일상품, 동일기간) 중 낮은 이율 - 1개월 초과 : 보통예금이율","- 이자지급방식 : 단리식(매월지급), 복리식(만기일시지급) - 가입방법 : 모바일앱 - 해지방법 : 인터넷홈페이지/모바일앱에 접속하여 해약 - 2023.02.13 smart-정기예금에서 s-정기예금으로 상품명 변경",,20260727,,202607270846,금융감독원 금융상품한눈에 Open API,2026-08-10T14:19:08
030300,저축은행,202607,0013313,신한저축은행,24110,s-정기예금,6,S,단리,3.20%,2.71%,"135,000",3.20%,스마트폰,1,제한없음 (개인),단리,,없음,"- 1개월 이내 : 당초 약정이율과 만기일의 고시이율(동일상품, 동일기간) 중 낮은 이율 - 1개월 초과 : 보통예금이율","- 이자지급방식 : 단리식(매월지급), 복리식(만기일시지급) - 가입방법 : 모바일앱 - 해지방법 : 인터넷홈페이지/모바일앱에 접속하여 해약 - 2023.02.13 smart-정기예금에서 s-정기예금으로 상품명 변경",,20260727,,202607270846,금융감독원 금융상품한눈에 Open API,2026-08-10T14:19:08
030300,저축은행,202607,0013313,신한저축은행,24110,s-정기예금,12,S,단리,3.50%,2.96%,"296,000",3.50%,스마트폰,1,제한없음 (개인),단리,,없음,"- 1개월 이내 : 당초 약정이율과 만기일의 고시이율(동일상품, 동일기간) 중 낮은 이율 - 1개월 초과 : 보통예금이율","- 이자지급방식 : 단리식(매월지급), 복리식(만기일시지급) - 가입방법 : 모바일앱 - 해지방법 : 인터넷홈페이지/모바일앱에 접속하여 해약 - 2023.02.13 smart-정기예금에서 s-정기예금으로 상품명 변경",,20260727,,202607270846,금융감독원 금융상품한눈에 Open API,2026-08-10T14:19:08
030300,저축은행,202607,0013313,신한저축은행,24110,s-정기예금,24,S,단리,3.00%,2.54%,"508,000",3.00%,스마트폰,1,제한없음 (개인),단리,,없음,"- 1개월 이내 : 당초 약정이율과 만기일의 고시이율(동일상품, 동일기간) 중 낮은 이율 - 1개월 초과 : 보통예금이율","- 이자지급방식 : 단리식(매월지급), 복리식(만기일시지급) - 가입방법 : 모바일앱 - 해지방법 : 인터넷홈페이지/모바일앱에 접속하여 해약 - 2023.02.13 smart-정기예금에서 s-정기예금으로 상품명 변경",,20260727,,202607270846,금융감독원 금융상품한눈에 Open API,2026-08-10T14:19:08
030300,저축은행,202607,0013313,신한저축은행,24110,s-정기예금,36,S,단리,2.50%,2.11%,"634,000",2.50%,스마트폰,1,제한없음 (개인),단리,,없음,"- 1개월 이내 : 당초 약정이율과 만기일의 고시이율(동일상품, 동일기간) 중 낮은 이율 - 1개월 초과 : 보통예금이율","- 이자지급방식 : 단리식(매월지급), 복리식(만기일시지급) - 가입방법 : 모바일앱 - 해지방법 : 인터넷홈페이지/모바일앱에 접속하여 해약 - 2023.02.13 smart-정기예금에서 s-정기예금으로 상품명 변경",,20260727,,202607270846,금융감독원 금융상품한눈에 Open API,2026-08-10T14:19:08
030300,저축은행,202607,0013313,신한저축은행,24110,s-정기예금,3,M,복리,3.00%,2.54%,"63,609",3.00%,스마트폰,1,제한없음 (개인),복리,,없음,"- 1개월 이내 : 당초 약정이율과 만기일의 고시이율(동일상품, 동일기간) 중 낮은 이율 - 1개월 초과 : 보통예금이율","- 이자지급방식 : 단리식(매월지급), 복리식(만기일시지급) - 가입방법 : 모바일앱 - 해지방법 : 인터넷홈페이지/모바일앱에 접속하여 해약 - 2023.02.13 smart-정기예금에서 s-정기예금으로 상품명 변경",,20260727,,202607270846,금융감독원 금융상품한눈에 Open API,2026-08-10T14:19:08
030300,저축은행,202607,0013313,신한저축은행,24110,s-정기예금,6,M,복리,3.20%,2.71%,"136,266",3.20%,스마트폰,1,제한없음 (개인),복리,,없음,"- 1개월 이내 : 당초 약정이율과 만기일의 고시이율(동일상품, 동일기간) 중 낮은 이율 - 1개월 초과 : 보통예금이율","- 이자지급방식 : 단리식(매월지급), 복리식(만기일시지급) - 가입방법 : 모바일앱 - 해지방법 : 인터넷홈페이지/모바일앱에 접속하여 해약 - 2023.02.13 smart-정기예금에서 s-정기예금으로 상품명 변경",,20260727,,202607270846,금융감독원 금융상품한눈에 Open API,2026-08-10T14:19:08
030300,저축은행,202607,0013313,신한저축은행,24110,s-정기예금,12,M,복리,3.50%,2.96%,"300,896",3.50%,스마트폰,1,제한없음 (개인),복리,,없음,"- 1개월 이내 : 당초 약정이율과 만기일의 고시이율(동일상품, 동일기간) 중 낮은 이율 - 1개월 초과 : 보통예금이율","- 이자지급방식 : 단리식(매월지급), 복리식(만기일시지급) - 가입방법 : 모바일앱 - 해지방법 : 인터넷홈페이지/모바일앱에 접속하여 해약 - 2023.02.13 smart-정기예금에서 s-정기예금으로 상품명 변경",,20260727,,202607270846,금융감독원 금융상품한눈에 Open API,2026-08-10T14:19:08
030300,저축은행,202607,0013313,신한저축은행,24110,s-정기예금,24,M,복리,3.00%,2.54%,"522,465",3.00%,스마트폰,1,제한없음 (개인),복리,,없음,"- 1개월 이내 : 당초 약정이율과 만기일의 고시이율(동일상품, 동일기간) 중 낮은 이율 - 1개월 초과 : 보통예금이율","- 이자지급방식 : 단리식(매월지급), 복리식(만기일시지급) - 가입방법 : 모바일앱 - 해지방법 : 인터넷홈페이지/모바일앱에 접속하여 해약 - 2023.02.13 smart-정기예금에서 s-정기예금으로 상품명 변경",,20260727,,202607270846,금융감독원 금융상품한눈에 Open API,2026-08-10T14:19:08
030300,저축은행,202607,0013313,신한저축은행,24110,s-정기예금,36,M,복리,2.50%,2.11%,"658,189",2.50%,스마트폰,1,제한없음 (개인),복리,,없음,"- 1개월 이내 : 당초 약정이율과 만기일의 고시이율(동일상품, 동일기간) 중 낮은 이율 - 1개월 초과 : 보통예금이율","- 이자지급방식 : 단리식(매월지급), 복리식(만기일시지급) - 가입방법 : 모바일앱 - 해지방법 : 인터넷홈페이지/모바일앱에 접속하여 해약 - 2023.02.13 smart-정기예금에서 s-정기예금으로 상품명 변경",,20260727,,202607270846,금융감독원 금융상품한눈에 Open API,2026-08-10T14:19:08
030300,저축은행,202607,0013313,신한저축은행,24117,s-더드림정기예금,12,S,단리,3.60%,3.05%,"305,000",3.60%,스마트폰,1,제한없음 (개인),단리,,없음,"- 1개월 이내 : 마지막 회전주기의 약정이율과 만기일의 고시이율(동일상품, 동일기간) 중 낮은 이율 - 1개월 초과 : 보통예금이율","-가입기간이 3년,4년,5년인 회전식 정기예금 -회전주기(매1년)마다 자동회전 -회전되는 시기의 s-정기예금 고시금리+0.1% -중도해지시 회전주기 완료기간에 대해 약정이율 적용 -이자지급방식: 단리식(매월지급), 복리식(회전주기 1년마다 이자지급) -가입방법: 모바일앱 -해지방법: 온라인채널",,20260727,,202607270846,금융감독원 금융상품한눈에 Open API,2026-08-10T14:19:08
030300,저축은행,202607,0013313,신한저축은행,24117,s-더드림정기예금,12,M,복리,3.60%,3.05%,"309,636",3.60%,스마트폰,1,제한없음 (개인),복리,,없음,"- 1개월 이내 : 마지막 회전주기의 약정이율과 만기일의 고시이율(동일상품, 동일기간) 중 낮은 이율 - 1개월 초과 : 보통예금이율","-가입기간이 3년,4년,5년인 회전식 정기예금 -회전주기(매1년)마다 자동회전 -회전되는 시기의 s-정기예금 고시금리+0.1% -중도해지시 회전주기 완료기간에 대해 약정이율 적용 -이자지급방식: 단리식(매월지급), 복리식(회전주기 1년마다 이자지급) -가입방법: 모바일앱 -해지방법: 온라인채널",,20260727,,202607270846,금융감독원 금융상품한눈에 Open API,2026-08-10T14:19:08
030300,저축은행,202607,0013350,웰컴저축은행,1120241001,정기예금,1,S,단리,0.50%,0.42%,"4,000",0.50%,영업점,1,제한없음,단리,,-,- 만기 후 1개월 이하 : 가입 당시 약정금리나 만기시점의 동일 상품·계약기간의 신규약정금리 중 낮은 금리 적용 (만기시점의 동일 상품·계약기간이 없을 경우 : 가입 당시 약정금리) - 만기 후 1개월 초과 : 연 0.1%,영업점 전용상품,,20260805,,202608050840,금융감독원 금융상품한눈에 Open API,2026-08-10T14:19:08
030300,저축은행,202607,0013350,웰컴저축은행,1120241001,정기예금,3,S,단리,1.30%,1.10%,"27,000",1.30%,영업점,1,제한없음,단리,,-,- 만기 후 1개월 이하 : 가입 당시 약정금리나 만기시점의 동일 상품·계약기간의 신규약정금리 중 낮은 금리 적용 (만기시점의 동일 상품·계약기간이 없을 경우 : 가입 당시 약정금리) - 만기 후 1개월 초과 : 연 0.1%,영업점 전용상품,,20260805,,202608050840,금융감독원 금융상품한눈에 Open API,2026-08-10T14:19:08
030300,저축은행,202607,0013350,웰컴저축은행,1120241001,정기예금,6,S,단리,2.90%,2.45%,"123,000",2.90%,영업점,1,제한없음,단리,,-,- 만기 후 1개월 이하 : 가입 당시 약정금리나 만기시점의 동일 상품·계약기간의 신규약정금리 중 낮은 금리 적용 (만기시점의 동일 상품·계약기간이 없을 경우 : 가입 당시 약정금리) - 만기 후 1개월 초과 : 연 0.1%,영업점 전용상품,,20260805,,202608050840,금융감독원 금융상품한눈에 Open API,2026-08-10T14:19:08
030300,저축은행,202607,0013350,웰컴저축은행,1120241001,정기예금,12,S,단리,3.90%,3.30%,"330,000",3.90%,영업점,1,제한없음,단리,,-,- 만기 후 1개월 이하 : 가입 당시 약정금리나 만기시점의 동일 상품·계약기간의 신규약정금리 중 낮은 금리 적용 (만기시점의 동일 상품·계약기간이 없을 경우 : 가입 당시 약정금리) - 만기 후 1개월 초과 : 연 0.1%,영업점 전용상품,,20260805,,202608050840,금융감독원 금융상품한눈에 Open API,2026-08-10T14:19:08
030300,저축은행,202607,0013350,웰컴저축은행,1120241001,정기예금,24,S,단리,2.50%,2.11%,"423,000",2.50%,영업점,1,제한없음,단리,,-,- 만기 후 1개월 이하 : 가입 당시 약정금리나 만기시점의 동일 상품·계약기간의 신규약정금리 중 낮은 금리 적용 (만기시점의 동일 상품·계약기간이 없을 경우 : 가입 당시 약정금리) - 만기 후 1개월 초과 : 연 0.1%,영업점 전용상품,,20260805,,202608050840,금융감독원 금융상품한눈에 Open API,2026-08-10T14:19:08
030300,저축은행,202607,0013350,웰컴저축은행,1120241001,정기예금,36,S,단리,2.50%,2.11%,"634,000",2.50%,영업점,1,제한없음,단리,,-,- 만기 후 1개월 이하 : 가입 당시 약정금리나 만기시점의 동일 상품·계약기간의 신규약정금리 중 낮은 금리 적용 (만기시점의 동일 상품·계약기간이 없을 경우 : 가입 당시 약정금리) - 만기 후 1개월 초과 : 연 0.1%,영업점 전용상품,,20260805,,202608050840,금융감독원 금융상품한눈에 Open API,2026-08-10T14:19:08
030300,저축은행,202607,0013350,웰컴저축은행,1120241001,정기예금,1,M,복리,0.50%,0.42%,"3,525",0.50%,영업점,1,제한없음,복리,,-,- 만기 후 1개월 이하 : 가입 당시 약정금리나 만기시점의 동일 상품·계약기간의 신규약정금리 중 낮은 금리 적용 (만기시점의 동일 상품·계약기간이 없을 경우 : 가입 당시 약정금리) - 만기 후 1개월 초과 : 연 0.1%,영업점 전용상품,,20260805,,202608050840,금융감독원 금융상품한눈에 Open API,2026-08-10T14:19:08
030300,저축은행,202607,0013350,웰컴저축은행,1120241001,정기예금,3,M,복리,1.30%,1.10%,"27,525",1.30%,영업점,1,제한없음,복리,,-,- 만기 후 1개월 이하 : 가입 당시 약정금리나 만기시점의 동일 상품·계약기간의 신규약정금리 중 낮은 금리 적용 (만기시점의 동일 상품·계약기간이 없을 경우 : 가입 당시 약정금리) - 만기 후 1개월 초과 : 연 0.1%,영업점 전용상품,,20260805,,202608050840,금융감독원 금융상품한눈에 Open API,2026-08-10T14:19:08
030300,저축은행,202607,0013350,웰컴저축은행,1120241001,정기예금,6,M,복리,2.90%,2.45%,"123,414",2.90%,영업점,1,제한없음,복리,,-,- 만기 후 1개월 이하 : 가입 당시 약정금리나 만기시점의 동일 상품·계약기간의 신규약정금리 중 낮은 금리 적용 (만기시점의 동일 상품·계약기간이 없을 경우 : 가입 당시 약정금리) - 만기 후 1개월 초과 : 연 0.1%,영업점 전용상품,,20260805,,202608050840,금융감독원 금융상품한눈에 Open API,2026-08-10T14:19:08
030300,저축은행,202607,0013350,웰컴저축은행,1120241001,정기예금,12,M,복리,3.90%,3.30%,"335,902",3.90%,영업점,1,제한없음,복리,,-,- 만기 후 1개월 이하 : 가입 당시 약정금리나 만기시점의 동일 상품·계약기간의 신규약정금리 중 낮은 금리 적용 (만기시점의 동일 상품·계약기간이 없을 경우 : 가입 당시 약정금리) - 만기 후 1개월 초과 : 연 0.1%,영업점 전용상품,,20260805,,202608050840,금융감독원 금융상품한눈에 Open API,2026-08-10T14:19:08
030300,저축은행,202607,0013350,웰컴저축은행,1120241001,정기예금,24,M,복리,2.50%,2.11%,"433,291",2.50%,영업점,1,제한없음,복리,,-,- 만기 후 1개월 이하 : 가입 당시 약정금리나 만기시점의 동일 상품·계약기간의 신규약정금리 중 낮은 금리 적용 (만기시점의 동일 상품·계약기간이 없을 경우 : 가입 당시 약정금리) - 만기 후 1개월 초과 : 연 0.1%,영업점 전용상품,,20260805,,202608050840,금융감독원 금융상품한눈에 Open API,2026-08-10T14:19:08
030300,저축은행,202607,0013350,웰컴저축은행,1120241001,정기예금,36,M,복리,2.50%,2.11%,"658,189",2.50%,영업점,1,제한없음,복리,,-,- 만기 후 1개월 이하 : 가입 당시 약정금리나 만기시점의 동일 상품·계약기간의 신규약정금리 중 낮은 금리 적용 (만기시점의 동일 상품·계약기간이 없을 경우 : 가입 당시 약정금리) - 만기 후 1개월 초과 : 연 0.1%,영업점 전용상품,,20260805,,202608050840,금융감독원 금융상품한눈에 Open API,2026-08-10T14:19:08
030300,저축은행,202607,0013350,웰컴저축은행,1120241011,웰뱅 회전 정기예금,36,S,단리,3.90%,3.30%,"990,000",3.90%,영업점,1,제한없음,단리,,-,- 만기 후 1개월 이하 : 마지막 회전주기의 약정금리나 만기시점의 동일 상품·계약기간의 신규약정금리 중 낮은 금리 적용 (만기시점의 동일 상품·계약기간이 없을 경우 : 가입 당시 약정금리) - 만기 후 1개월 초과 : 연 0.1%,영업점 전용상품,,20260805,,202608050840,금융감독원 금융상품한눈에 Open API,2026-08-10T14:19:08
030300,저축은행,202607,0013350,웰컴저축은행,1120241011,웰뱅 회전 정기예금,36,M,복리,3.90%,3.30%,"1,048,246",3.90%,영업점,1,제한없음,복리,,-,- 만기 후 1개월 이하 : 마지막 회전주기의 약정금리나 만기시점의 동일 상품·계약기간의 신규약정금리 중 낮은 금리 적용 (만기시점의 동일 상품·계약기간이 없을 경우 : 가입 당시 약정금리) - 만기 후 1개월 초과 : 연 0.1%,영업점 전용상품,,20260805,,202608050840,금융감독원 금융상품한눈에 Open API,2026-08-10T14:19:08
030300,저축은행,202607,0013350,웰컴저축은행,1120242001,e-정기예금,1,S,단리,0.50%,0.42%,"4,000",0.50%,인터넷,1,제한없음,단리,,-,- 만기 후 1개월 이하 : 가입 당시 약정금리나 만기시점의 동일 상품·계약기간의 신규약정금리 중 낮은 금리 적용 (만기시점의 동일 상품·계약기간이 없을 경우 : 가입 당시 약정금리) - 만기 후 1개월 초과 : 연 0.1%,인터넷뱅킹 전용상품,,20260805,,202608050840,금융감독원 금융상품한눈에 Open API,2026-08-10T14:19:08
030300,저축은행,202607,0013350,웰컴저축은행,1120242001,e-정기예금,3,S,단리,1.30%,1.10%,"27,000",1.30%,인터넷,1,제한없음,단리,,-,- 만기 후 1개월 이하 : 가입 당시 약정금리나 만기시점의 동일 상품·계약기간의 신규약정금리 중 낮은 금리 적용 (만기시점의 동일 상품·계약기간이 없을 경우 : 가입 당시 약정금리) - 만기 후 1개월 초과 : 연 0.1%,인터넷뱅킹 전용상품,,20260805,,202608050840,금융감독원 금융상품한눈에 Open API,2026-08-10T14:19:08
030300,저축은행,202607,0013350,웰컴저축은행,1120242001,e-정기예금,6,S,단리,2.90%,2.45%,"123,000",2.90%,인터넷,1,제한없음,단리,,-,- 만기 후 1개월 이하 : 가입 당시 약정금리나 만기시점의 동일 상품·계약기간의 신규약정금리 중 낮은 금리 적용 (만기시점의 동일 상품·계약기간이 없을 경우 : 가입 당시 약정금리) - 만기 후 1개월 초과 : 연 0.1%,인터넷뱅킹 전용상품,,20260805,,202608050840,금융감독원 금융상품한눈에 Open API,2026-08-10T14:19:08
030300,저축은행,202607,0013350,웰컴저축은행,1120242001,e-정기예금,12,S,단리,3.90%,3.30%,"330,000",3.90%,인터넷,1,제한없음,단리,,-,- 만기 후 1개월 이하 : 가입 당시 약정금리나 만기시점의 동일 상품·계약기간의 신규약정금리 중 낮은 금리 적용 (만기시점의 동일 상품·계약기간이 없을 경우 : 가입 당시 약정금리) - 만기 후 1개월 초과 : 연 0.1%,인터넷뱅킹 전용상품,,20260805,,202608050840,금융감독원 금융상품한눈에 Open API,2026-08-10T14:19:08
030300,저축은행,202607,0013350,웰컴저축은행,1120242001,e-정기예금,24,S,단리,2.50%,2.11%,"423,000",2.50%,인터넷,1,제한없음,단리,,-,- 만기 후 1개월 이하 : 가입 당시 약정금리나 만기시점의 동일 상품·계약기간의 신규약정금리 중 낮은 금리 적용 (만기시점의 동일 상품·계약기간이 없을 경우 : 가입 당시 약정금리) - 만기 후 1개월 초과 : 연 0.1%,인터넷뱅킹 전용상품,,20260805,,202608050840,금융감독원 금융상품한눈에 Open API,2026-08-10T14:19:08
030300,저축은행,202607,0013350,웰컴저축은행,1120242001,e-정기예금,36,S,단리,2.50%,2.11%,"634,000",2.50%,인터넷,1,제한없음,단리,,-,- 만기 후 1개월 이하 : 가입 당시 약정금리나 만기시점의 동일 상품·계약기간의 신규약정금리 중 낮은 금리 적용 (만기시점의 동일 상품·계약기간이 없을 경우 : 가입 당시 약정금리) - 만기 후 1개월 초과 : 연 0.1%,인터넷뱅킹 전용상품,,20260805,,202608050840,금융감독원 금융상품한눈에 Open API,2026-08-10T14:19:08
030300,저축은행,202607,0013350,웰컴저축은행,1120242001,e-정기예금,1,M,복리,0.50%,0.42%,"3,525",0.50%,인터넷,1,제한없음,복리,,-,- 만기 후 1개월 이하 : 가입 당시 약정금리나 만기시점의 동일 상품·계약기간의 신규약정금리 중 낮은 금리 적용 (만기시점의 동일 상품·계약기간이 없을 경우 : 가입 당시 약정금리) - 만기 후 1개월 초과 : 연 0.1%,인터넷뱅킹 전용상품,,20260805,,202608050840,금융감독원 금융상품한눈에 Open API,2026-08-10T14:19:08
030300,저축은행,202607,0013350,웰컴저축은행,1120242001,e-정기예금,3,M,복리,1.30%,1.10%,"27,525",1.30%,인터넷,1,제한없음,복리,,-,- 만기 후 1개월 이하 : 가입 당시 약정금리나 만기시점의 동일 상품·계약기간의 신규약정금리 중 낮은 금리 적용 (만기시점의 동일 상품·계약기간이 없을 경우 : 가입 당시 약정금리) - 만기 후 1개월 초과 : 연 0.1%,인터넷뱅킹 전용상품,,20260805,,202608050840,금융감독원 금융상품한눈에 Open API,2026-08-10T14:19:08
030300,저축은행,202607,0013350,웰컴저축은행,1120242001,e-정기예금,6,M,복리,2.90%,2.45%,"123,414",2.90%,인터넷,1,제한없음,복리,,-,- 만기 후 1개월 이하 : 가입 당시 약정금리나 만기시점의 동일 상품·계약기간의 신규약정금리 중 낮은 금리 적용 (만기시점의 동일 상품·계약기간이 없을 경우 : 가입 당시 약정금리) - 만기 후 1개월 초과 : 연 0.1%,인터넷뱅킹 전용상품,,20260805,,202608050840,금융감독원 금융상품한눈에 Open API,2026-08-10T14:19:08
030300,저축은행,202607,0013350,웰컴저축은행,1120242001,e-정기예금,12,M,복리,3.90%,3.30%,"335,902",3.90%,인터넷,1,제한없음,복리,,-,- 만기 후 1개월 이하 : 가입 당시 약정금리나 만기시점의 동일 상품·계약기간의 신규약정금리 중 낮은 금리 적용 (만기시점의 동일 상품·계약기간이 없을 경우 : 가입 당시 약정금리) - 만기 후 1개월 초과 : 연 0.1%,인터넷뱅킹 전용상품,,20260805,,202608050840,금융감독원 금융상품한눈에 Open API,2026-08-10T14:19:08
030300,저축은행,202607,0013350,웰컴저축은행,1120242001,e-정기예금,24,M,복리,2.50%,2.11%,"433,291",2.50%,인터넷,1,제한없음,복리,,-,- 만기 후 1개월 이하 : 가입 당시 약정금리나 만기시점의 동일 상품·계약기간의 신규약정금리 중 낮은 금리 적용 (만기시점의 동일 상품·계약기간이 없을 경우 : 가입 당시 약정금리) - 만기 후 1개월 초과 : 연 0.1%,인터넷뱅킹 전용상품,,20260805,,202608050840,금융감독원 금융상품한눈에 Open API,2026-08-10T14:19:08
030300,저축은행,202607,0013350,웰컴저축은행,1120242001,e-정기예금,36,M,복리,2.50%,2.11%,"658,189",2.50%,인터넷,1,제한없음,복리,,-,- 만기 후 1개월 이하 : 가입 당시 약정금리나 만기시점의 동일 상품·계약기간의 신규약정금리 중 낮은 금리 적용 (만기시점의 동일 상품·계약기간이 없을 경우 : 가입 당시 약정금리) - 만기 후 1개월 초과 : 연 0.1%,인터넷뱅킹 전용상품,,20260805,,202608050840,금융감독원 금융상품한눈에 Open API,2026-08-10T14:19:08
030300,저축은행,202607,0013350,웰컴저축은행,1120242003,웰뱅 회전 e-정기예금,36,S,단리,3.90%,3.30%,"990,000",3.90%,인터넷,1,제한없음,단리,,-,- 만기 후 1개월 이하 : 마지막 회전주기의 약정금리나 만기시점의 동일 상품·계약기간의 신규약정금리 중 낮은 금리 적용 (만기시점의 동일 상품·계약기간이 없을 경우 : 가입 당시 약정금리) - 만기 후 1개월 초과 : 연 0.1%,인터넷뱅킹 전용상품,,20260805,,202608050840,금융감독원 금융상품한눈에 Open API,2026-08-10T14:19:08
030300,저축은행,202607,0013350,웰컴저축은행,1120242003,웰뱅 회전 e-정기예금,36,M,복리,3.90%,3.30%,"1,048,246",3.90%,인터넷,1,제한없음,복리,,-,- 만기 후 1개월 이하 : 마지막 회전주기의 약정금리나 만기시점의 동일 상품·계약기간의 신규약정금리 중 낮은 금리 적용 (만기시점의 동일 상품·계약기간이 없을 경우 : 가입 당시 약정금리) - 만기 후 1개월 초과 : 연 0.1%,인터넷뱅킹 전용상품,,20260805,,202608050840,금융감독원 금융상품한눈에 Open API,2026-08-10T14:19:08
030300,저축은행,202607,0013350,웰컴저축은행,1120243002,m-정기예금,1,S,단리,0.50%,0.42%,"4,000",0.50%,스마트폰,1,제한없음,단리,,-,- 만기 후 1개월 이하 : 가입 당시 약정금리나 만기시점의 동일 상품·계약기간의 신규약정금리 중 낮은 금리 적용 (만기시점의 동일 상품·계약기간이 없을 경우 : 가입 당시 약정금리) - 만기 후 1개월 초과 : 연 0.1%,스마트(모바일)뱅킹 전용상품,,20260805,,202608050840,금융감독원 금융상품한눈에 Open API,2026-08-10T14:19:08
030300,저축은행,202607,0013350,웰컴저축은행,1120243002,m-정기예금,3,S,단리,1.30%,1.10%,"27,000",1.30%,스마트폰,1,제한없음,단리,,-,- 만기 후 1개월 이하 : 가입 당시 약정금리나 만기시점의 동일 상품·계약기간의 신규약정금리 중 낮은 금리 적용 (만기시점의 동일 상품·계약기간이 없을 경우 : 가입 당시 약정금리) - 만기 후 1개월 초과 : 연 0.1%,스마트(모바일)뱅킹 전용상품,,20260805,,202608050840,금융감독원 금융상품한눈에 Open API,2026-08-10T14:19:08
030300,저축은행,202607,0013350,웰컴저축은행,1120243002,m-정기예금,6,S,단리,2.90%,2.45%,"123,000",2.90%,스마트폰,1,제한없음,단리,,-,- 만기 후 1개월 이하 : 가입 당시 약정금리나 만기시점의 동일 상품·계약기간의 신규약정금리 중 낮은 금리 적용 (만기시점의 동일 상품·계약기간이 없을 경우 : 가입 당시 약정금리) - 만기 후 1개월 초과 : 연 0.1%,스마트(모바일)뱅킹 전용상품,,20260805,,202608050840,금융감독원 금융상품한눈에 Open API,2026-08-10T14:19:08
030300,저축은행,202607,0013350,웰컴저축은행,1120243002,m-정기예금,12,S,단리,3.90%,3.30%,"330,000",3.90%,스마트폰,1,제한없음,단리,,-,- 만기 후 1개월 이하 : 가입 당시 약정금리나 만기시점의 동일 상품·계약기간의 신규약정금리 중 낮은 금리 적용 (만기시점의 동일 상품·계약기간이 없을 경우 : 가입 당시 약정금리) - 만기 후 1개월 초과 : 연 0.1%,스마트(모바일)뱅킹 전용상품,,20260805,,202608050840,금융감독원 금융상품한눈에 Open API,2026-08-10T14:19:08
030300,저축은행,202607,0013350,웰컴저축은행,1120243002,m-정기예금,24,S,단리,2.50%,2.11%,"423,000",2.50%,스마트폰,1,제한없음,단리,,-,- 만기 후 1개월 이하 : 가입 당시 약정금리나 만기시점의 동일 상품·계약기간의 신규약정금리 중 낮은 금리 적용 (만기시점의 동일 상품·계약기간이 없을 경우 : 가입 당시 약정금리) - 만기 후 1개월 초과 : 연 0.1%,스마트(모바일)뱅킹 전용상품,,20260805,,202608050840,금융감독원 금융상품한눈에 Open API,2026-08-10T14:19:08
030300,저축은행,202607,0013350,웰컴저축은행,1120243002,m-정기예금,36,S,단리,2.50%,2.11%,"634,000",2.50%,스마트폰,1,제한없음,단리,,-,- 만기 후 1개월 이하 : 가입 당시 약정금리나 만기시점의 동일 상품·계약기간의 신규약정금리 중 낮은 금리 적용 (만기시점의 동일 상품·계약기간이 없을 경우 : 가입 당시 약정금리) - 만기 후 1개월 초과 : 연 0.1%,스마트(모바일)뱅킹 전용상품,,20260805,,202608050840,금융감독원 금융상품한눈에 Open API,2026-08-10T14:19:08
030300,저축은행,202607,0013350,웰컴저축은행,1120243002,m-정기예금,1,M,복리,0.50%,0.42%,"3,525",0.50%,스마트폰,1,제한없음,복리,,-,- 만기 후 1개월 이하 : 가입 당시 약정금리나 만기시점의 동일 상품·계약기간의 신규약정금리 중 낮은 금리 적용 (만기시점의 동일 상품·계약기간이 없을 경우 : 가입 당시 약정금리) - 만기 후 1개월 초과 : 연 0.1%,스마트(모바일)뱅킹 전용상품,,20260805,,202608050840,금융감독원 금융상품한눈에 Open API,2026-08-10T14:19:08
030300,저축은행,202607,0013350,웰컴저축은행,1120243002,m-정기예금,3,M,복리,1.30%,1.10%,"27,525",1.30%,스마트폰,1,제한없음,복리,,-,- 만기 후 1개월 이하 : 가입 당시 약정금리나 만기시점의 동일 상품·계약기간의 신규약정금리 중 낮은 금리 적용 (만기시점의 동일 상품·계약기간이 없을 경우 : 가입 당시 약정금리) - 만기 후 1개월 초과 : 연 0.1%,스마트(모바일)뱅킹 전용상품,,20260805,,202608050840,금융감독원 금융상품한눈에 Open API,2026-08-10T14:19:08
030300,저축은행,202607,0013350,웰컴저축은행,1120243002,m-정기예금,6,M,복리,2.90%,2.45%,"123,414",2.90%,스마트폰,1,제한없음,복리,,-,- 만기 후 1개월 이하 : 가입 당시 약정금리나 만기시점의 동일 상품·계약기간의 신규약정금리 중 낮은 금리 적용 (만기시점의 동일 상품·계약기간이 없을 경우 : 가입 당시 약정금리) - 만기 후 1개월 초과 : 연 0.1%,스마트(모바일)뱅킹 전용상품,,20260805,,202608050840,금융감독원 금융상품한눈에 Open API,2026-08-10T14:19:08
030300,저축은행,202607,0013350,웰컴저축은행,1120243002,m-정기예금,12,M,복리,3.90%,3.30%,"335,902",3.90%,스마트폰,1,제한없음,복리,,-,- 만기 후 1개월 이하 : 가입 당시 약정금리나 만기시점의 동일 상품·계약기간의 신규약정금리 중 낮은 금리 적용 (만기시점의 동일 상품·계약기간이 없을 경우 : 가입 당시 약정금리) - 만기 후 1개월 초과 : 연 0.1%,스마트(모바일)뱅킹 전용상품,,20260805,,202608050840,금융감독원 금융상품한눈에 Open API,2026-08-10T14:19:08
030300,저축은행,202607,0013350,웰컴저축은행,1120243002,m-정기예금,24,M,복리,2.50%,2.11%,"433,291",2.50%,스마트폰,1,제한없음,복리,,-,- 만기 후 1개월 이하 : 가입 당시 약정금리나 만기시점의 동일 상품·계약기간의 신규약정금리 중 낮은 금리 적용 (만기시점의 동일 상품·계약기간이 없을 경우 : 가입 당시 약정금리) - 만기 후 1개월 초과 : 연 0.1%,스마트(모바일)뱅킹 전용상품,,20260805,,202608050840,금융감독원 금융상품한눈에 Open API,2026-08-10T14:19:08
030300,저축은행,202607,0013350,웰컴저축은행,1120243002,m-정기예금,36,M,복리,2.50%,2.11%,"658,189",2.50%,스마트폰,1,제한없음,복리,,-,- 만기 후 1개월 이하 : 가입 당시 약정금리나 만기시점의 동일 상품·계약기간의 신규약정금리 중 낮은 금리 적용 (만기시점의 동일 상품·계약기간이 없을 경우 : 가입 당시 약정금리) - 만기 후 1개월 초과 : 연 0.1%,스마트(모바일)뱅킹 전용상품,,20260805,,202608050840,금융감독원 금융상품한눈에 Open API,2026-08-10T14:19:08
030300,저축은행,202607,0013350,웰컴저축은행,1120243003,웰뱅 회전 m-정기예금,36,S,단리,3.90%,3.30%,"990,000",3.90%,스마트폰,1,제한없음,단리,,-,- 만기 후 1개월 이하 : 마지막 회전주기의 약정금리나 만기시점의 동일 상품·계약기간의 신규약정금리 중 낮은 금리 적용 (만기시점의 동일 상품·계약기간이 없을 경우 : 가입 당시 약정금리) - 만기 후 1개월 초과 : 연 0.1%,스마트(모바일)뱅킹 전용상품,,20260805,,202608050840,금융감독원 금융상품한눈에 Open API,2026-08-10T14:19:08
030300,저축은행,202607,0013350,웰컴저축은행,1120243003,웰뱅 회전 m-정기예금,36,M,복리,3.90%,3.30%,"1,048,246",3.90%,스마트폰,1,제한없음,복리,,-,- 만기 후 1개월 이하 : 마지막 회전주기의 약정금리나 만기시점의 동일 상품·계약기간의 신규약정금리 중 낮은 금리 적용 (만기시점의 동일 상품·계약기간이 없을 경우 : 가입 당시 약정금리) - 만기 후 1개월 초과 : 연 0.1%,스마트(모바일)뱅킹 전용상품,,20260805,,202608050840,금융감독원 금융상품한눈에 Open API,2026-08-10T14:19:08
030300,저축은행,202607,0013351,OK저축은행,240062,OK정기예금,1,S,단리,3.70%,3.13%,"26,000",3.80%,영업점,1,제한없음,단리,,당행 보통예금(활동계좌) 보유 시 +0.1%p,"만기 후 1개월 이하 약정이율 혹은 만기시점 해당상품 이율 중 낮은 이율, 만기 후 1개월 초과 시 부터 0.1%",-,10000000000,20260724,,202607240830,금융감독원 금융상품한눈에 Open API,2026-08-10T14:19:08
030300,저축은행,202607,0013351,OK저축은행,240062,OK정기예금,3,S,단리,3.80%,3.21%,"80,000",3.90%,영업점,1,제한없음,단리,,당행 보통예금(활동계좌) 보유 시 +0.1%p,"만기 후 1개월 이하 약정이율 혹은 만기시점 해당상품 이율 중 낮은 이율, 만기 후 1개월 초과 시 부터 0.1%",-,10000000000,20260724,,202607240830,금융감독원 금융상품한눈에 Open API,2026-08-10T14:19:08
030300,저축은행,202607,0013351,OK저축은행,240062,OK정기예금,6,S,단리,3.90%,3.30%,"165,000",4.00%,영업점,1,제한없음,단리,,당행 보통예금(활동계좌) 보유 시 +0.1%p,"만기 후 1개월 이하 약정이율 혹은 만기시점 해당상품 이율 중 낮은 이율, 만기 후 1개월 초과 시 부터 0.1%",-,10000000000,20260724,,202607240830,금융감독원 금융상품한눈에 Open API,2026-08-10T14:19:08
030300,저축은행,202607,0013351,OK저축은행,240062,OK정기예금,12,S,단리,3.90%,3.30%,"330,000",4.00%,영업점,1,제한없음,단리,,당행 보통예금(활동계좌) 보유 시 +0.1%p,"만기 후 1개월 이하 약정이율 혹은 만기시점 해당상품 이율 중 낮은 이율, 만기 후 1개월 초과 시 부터 0.1%",-,10000000000,20260724,,202607240830,금융감독원 금융상품한눈에 Open API,2026-08-10T14:19:08
030300,저축은행,202607,0013351,OK저축은행,240062,OK정기예금,1,M,복리,3.70%,3.13%,"26,085",3.80%,영업점,1,제한없음,복리,,당행 보통예금(활동계좌) 보유 시 +0.1%p,"만기 후 1개월 이하 약정이율 혹은 만기시점 해당상품 이율 중 낮은 이율, 만기 후 1개월 초과 시 부터 0.1%",-,10000000000,20260724,,202607240830,금융감독원 금융상품한눈에 Open API,2026-08-10T14:19:08
030300,저축은행,202607,0013351,OK저축은행,240062,OK정기예금,3,M,복리,3.80%,3.21%,"80,625",3.90%,영업점,1,제한없음,복리,,당행 보통예금(활동계좌) 보유 시 +0.1%p,"만기 후 1개월 이하 약정이율 혹은 만기시점 해당상품 이율 중 낮은 이율, 만기 후 1개월 초과 시 부터 0.1%",-,10000000000,20260724,,202607240830,금융감독원 금융상품한눈에 Open API,2026-08-10T14:19:08
030300,저축은행,202607,0013351,OK저축은행,240062,OK정기예금,6,M,복리,3.90%,3.30%,"166,316",4.00%,영업점,1,제한없음,복리,,당행 보통예금(활동계좌) 보유 시 +0.1%p,"만기 후 1개월 이하 약정이율 혹은 만기시점 해당상품 이율 중 낮은 이율, 만기 후 1개월 초과 시 부터 0.1%",-,10000000000,20260724,,202607240830,금융감독원 금융상품한눈에 Open API,2026-08-10T14:19:08
030300,저축은행,202607,0013351,OK저축은행,240062,OK정기예금,12,M,복리,3.90%,3.30%,"335,902",4.00%,영업점,1,제한없음,복리,,당행 보통예금(활동계좌) 보유 시 +0.1%p,"만기 후 1개월 이하 약정이율 혹은 만기시점 해당상품 이율 중 낮은 이율, 만기 후 1개월 초과 시 부터 0.1%",-,10000000000,20260724,,202607240830,금융감독원 금융상품한눈에 Open API,2026-08-10T14:19:08
030300,저축은행,202607,0013351,OK저축은행,240067,OK e-정기예금,1,S,단리,3.80%,3.21%,"27,000",3.80%,"인터넷,스마트폰",1,제한없음,단리,,없음,"만기 후 1개월 이하 약정이율 혹은 만기시점 해당상품 이율 중 낮은 이율, 만기 후 1개월 초과 시 부터 0.1%",-,10000000000,20260724,,202607240830,금융감독원 금융상품한눈에 Open API,2026-08-10T14:19:08
030300,저축은행,202607,0013351,OK저축은행,240067,OK e-정기예금,3,S,단리,3.90%,3.30%,"82,000",3.90%,"인터넷,스마트폰",1,제한없음,단리,,없음,"만기 후 1개월 이하 약정이율 혹은 만기시점 해당상품 이율 중 낮은 이율, 만기 후 1개월 초과 시 부터 0.1%",-,10000000000,20260724,,202607240830,금융감독원 금융상품한눈에 Open API,2026-08-10T14:19:08
030300,저축은행,202607,0013351,OK저축은행,240067,OK e-정기예금,6,S,단리,4.00%,3.38%,"169,000",4.00%,"인터넷,스마트폰",1,제한없음,단리,,없음,"만기 후 1개월 이하 약정이율 혹은 만기시점 해당상품 이율 중 낮은 이율, 만기 후 1개월 초과 시 부터 0.1%",-,10000000000,20260724,,202607240830,금융감독원 금융상품한눈에 Open API,2026-08-10T14:19:08
030300,저축은행,202607,0013351,OK저축은행,240067,OK e-정기예금,12,S,단리,4.00%,3.38%,"338,000",4.00%,"인터넷,스마트폰",1,제한없음,단리,,없음,"만기 후 1개월 이하 약정이율 혹은 만기시점 해당상품 이율 중 낮은 이율, 만기 후 1개월 초과 시 부터 0.1%",-,10000000000,20260724,,202607240830,금융감독원 금융상품한눈에 Open API,2026-08-10T14:19:08
030300,저축은행,202607,0013351,OK저축은행,240067,OK e-정기예금,1,M,복리,3.80%,3.21%,"26,790",3.80%,"인터넷,스마트폰",1,제한없음,복리,,없음,"만기 후 1개월 이하 약정이율 혹은 만기시점 해당상품 이율 중 낮은 이율, 만기 후 1개월 초과 시 부터 0.1%",-,10000000000,20260724,,202607240830,금융감독원 금융상품한눈에 Open API,2026-08-10T14:19:08
030300,저축은행,202607,0013351,OK저축은행,240067,OK e-정기예금,3,M,복리,3.90%,3.30%,"82,753",3.90%,"인터넷,스마트폰",1,제한없음,복리,,없음,"만기 후 1개월 이하 약정이율 혹은 만기시점 해당상품 이율 중 낮은 이율, 만기 후 1개월 초과 시 부터 0.1%",-,10000000000,20260724,,202607240830,금융감독원 금융상품한눈에 Open API,2026-08-10T14:19:08
030300,저축은행,202607,0013351,OK저축은행,240067,OK e-정기예금,6,M,복리,4.00%,3.38%,"170,616",4.00%,"인터넷,스마트폰",1,제한없음,복리,,없음,"만기 후 1개월 이하 약정이율 혹은 만기시점 해당상품 이율 중 낮은 이율, 만기 후 1개월 초과 시 부터 0.1%",-,10000000000,20260724,,202607240830,금융감독원 금융상품한눈에 Open API,2026-08-10T14:19:08
030300,저축은행,202607,0013351,OK저축은행,240067,OK e-정기예금,12,M,복리,4.00%,3.38%,"344,673",4.00%,"인터넷,스마트폰",1,제한없음,복리,,없음,"만기 후 1개월 이하 약정이율 혹은 만기시점 해당상품 이율 중 낮은 이율, 만기 후 1개월 초과 시 부터 0.1%",-,10000000000,20260724,,202607240830,금융감독원 금융상품한눈에 Open API,2026-08-10T14:19:08
030300,저축은행,202607,0013351,OK저축은행,240070,OK안심정기예금(변동금리),12,S,단리,3.91%,3.31%,"331,000",4.01%,영업점,1,제한없음,단리,,당행 보통예금(활동계좌) 보유 시 +0.1%p,"만기 후 1개월 이하 약정이율 혹은 만기시점 해당상품 이율 중 낮은 이율, 만기 후 1개월 초과 시 부터 0.1%",3년제 정기예금으로 가입 후 매 1년 마다 해당시점 금리로 자동연장되는 변동금리 상품. 매 1년 경과 후 중도해지 시 가입일부터 1년 경과 시점까지는 정상이율을 적용함,10000000000,20260720,,202607201300,금융감독원 금융상품한눈에 Open API,2026-08-10T14:19:08
030300,저축은행,202607,0013351,OK저축은행,240070,OK안심정기예금(변동금리),24,S,단리,3.91%,3.31%,"662,000",4.01%,영업점,1,제한없음,단리,,당행 보통예금(활동계좌) 보유 시 +0.1%p,"만기 후 1개월 이하 약정이율 혹은 만기시점 해당상품 이율 중 낮은 이율, 만기 후 1개월 초과 시 부터 0.1%",3년제 정기예금으로 가입 후 매 1년 마다 해당시점 금리로 자동연장되는 변동금리 상품. 매 1년 경과 후 중도해지 시 가입일부터 1년 경과 시점까지는 정상이율을 적용함,10000000000,20260720,,202607201300,금융감독원 금융상품한눈에 Open API,2026-08-10T14:19:08
030300,저축은행,202607,0013351,OK저축은행,240070,OK안심정기예금(변동금리),36,S,단리,3.91%,3.31%,"992,000",4.01%,영업점,1,제한없음,단리,,당행 보통예금(활동계좌) 보유 시 +0.1%p,"만기 후 1개월 이하 약정이율 혹은 만기시점 해당상품 이율 중 낮은 이율, 만기 후 1개월 초과 시 부터 0.1%",3년제 정기예금으로 가입 후 매 1년 마다 해당시점 금리로 자동연장되는 변동금리 상품. 매 1년 경과 후 중도해지 시 가입일부터 1년 경과 시점까지는 정상이율을 적용함,10000000000,20260720,,202607201300,금융감독원 금융상품한눈에 Open API,2026-08-10T14:19:08
030300,저축은행,202607,0013351,OK저축은행,240070,OK안심정기예금(변동금리),12,M,복리,3.91%,3.31%,"336,779",4.01%,영업점,1,제한없음,복리,,당행 보통예금(활동계좌) 보유 시 +0.1%p,"만기 후 1개월 이하 약정이율 혹은 만기시점 해당상품 이율 중 낮은 이율, 만기 후 1개월 초과 시 부터 0.1%",3년제 정기예금으로 가입 후 매 1년 마다 해당시점 금리로 자동연장되는 변동금리 상품. 매 1년 경과 후 중도해지 시 가입일부터 1년 경과 시점까지는 정상이율을 적용함,10000000000,20260720,,202607201300,금융감독원 금융상품한눈에 Open API,2026-08-10T14:19:08
030300,저축은행,202607,0013351,OK저축은행,240070,OK안심정기예금(변동금리),24,M,복리,3.91%,3.31%,"686,964",4.01%,영업점,1,제한없음,복리,,당행 보통예금(활동계좌) 보유 시 +0.1%p,"만기 후 1개월 이하 약정이율 혹은 만기시점 해당상품 이율 중 낮은 이율, 만기 후 1개월 초과 시 부터 0.1%",3년제 정기예금으로 가입 후 매 1년 마다 해당시점 금리로 자동연장되는 변동금리 상품. 매 1년 경과 후 중도해지 시 가입일부터 1년 경과 시점까지는 정상이율을 적용함,10000000000,20260720,,202607201300,금융감독원 금융상품한눈에 Open API,2026-08-10T14:19:08
030300,저축은행,202607,0013351,OK저축은행,240070,OK안심정기예금(변동금리),36,M,복리,3.91%,3.31%,"1,051,090",4.01%,영업점,1,제한없음,복리,,당행 보통예금(활동계좌) 보유 시 +0.1%p,"만기 후 1개월 이하 약정이율 혹은 만기시점 해당상품 이율 중 낮은 이율, 만기 후 1개월 초과 시 부터 0.1%",3년제 정기예금으로 가입 후 매 1년 마다 해당시점 금리로 자동연장되는 변동금리 상품. 매 1년 경과 후 중도해지 시 가입일부터 1년 경과 시점까지는 정상이율을 적용함,10000000000,20260720,,202607201300,금융감독원 금융상품한눈에 Open API,2026-08-10T14:19:08
030300,저축은행,202607,0013351,OK저축은행,240071,OK e-안심정기예금(변동금리),12,S,단리,4.01%,3.39%,"339,000",4.01%,"인터넷,스마트폰",1,제한없음,단리,,없음,"만기 후 1개월 이하 약정이율 혹은 만기시점 해당상품 이율 중 낮은 이율, 만기 후 1개월 초과 시 부터 0.1%",3년제 정기예금으로 가입 후 매 1년 마다 해당시점 금리로 자동연장되는 변동금리 상품. 매 1년 경과 후 중도해지 시 가입일부터 1년 경과 시점까지는 정상이율을 적용함,10000000000,20260720,,202607201300,금융감독원 금융상품한눈에 Open API,2026-08-10T14:19:08
030300,저축은행,202607,0013351,OK저축은행,240071,OK e-안심정기예금(변동금리),24,S,단리,4.01%,3.39%,"678,000",4.01%,"인터넷,스마트폰",1,제한없음,단리,,없음,"만기 후 1개월 이하 약정이율 혹은 만기시점 해당상품 이율 중 낮은 이율, 만기 후 1개월 초과 시 부터 0.1%",3년제 정기예금으로 가입 후 매 1년 마다 해당시점 금리로 자동연장되는 변동금리 상품. 매 1년 경과 후 중도해지 시 가입일부터 1년 경과 시점까지는 정상이율을 적용함,10000000000,20260720,,202607201300,금융감독원 금융상품한눈에 Open API,2026-08-10T14:19:08
030300,저축은행,202607,0013351,OK저축은행,240071,OK e-안심정기예금(변동금리),36,S,단리,4.01%,3.39%,"1,018,000",4.01%,"인터넷,스마트폰",1,제한없음,단리,,없음,"만기 후 1개월 이하 약정이율 혹은 만기시점 해당상품 이율 중 낮은 이율, 만기 후 1개월 초과 시 부터 0.1%",3년제 정기예금으로 가입 후 매 1년 마다 해당시점 금리로 자동연장되는 변동금리 상품. 매 1년 경과 후 중도해지 시 가입일부터 1년 경과 시점까지는 정상이율을 적용함,10000000000,20260720,,202607201300,금융감독원 금융상품한눈에 Open API,2026-08-10T14:19:08
030300,저축은행,202607,0013351,OK저축은행,240071,OK e-안심정기예금(변동금리),12,M,복리,4.01%,3.39%,"345,551",4.01%,"인터넷,스마트폰",1,제한없음,복리,,없음,"만기 후 1개월 이하 약정이율 혹은 만기시점 해당상품 이율 중 낮은 이율, 만기 후 1개월 초과 시 부터 0.1%",3년제 정기예금으로 가입 후 매 1년 마다 해당시점 금리로 자동연장되는 변동금리 상품. 매 1년 경과 후 중도해지 시 가입일부터 1년 경과 시점까지는 정상이율을 적용함,10000000000,20260720,,202607201300,금융감독원 금융상품한눈에 Open API,2026-08-10T14:19:08
030300,저축은행,202607,0013351,OK저축은행,240071,OK e-안심정기예금(변동금리),24,M,복리,4.01%,3.39%,"705,216",4.01%,"인터넷,스마트폰",1,제한없음,복리,,없음,"만기 후 1개월 이하 약정이율 혹은 만기시점 해당상품 이율 중 낮은 이율, 만기 후 1개월 초과 시 부터 0.1%",3년제 정기예금으로 가입 후 매 1년 마다 해당시점 금리로 자동연장되는 변동금리 상품. 매 1년 경과 후 중도해지 시 가입일부터 1년 경과 시점까지는 정상이율을 적용함,10000000000,20260720,,202607201300,금융감독원 금융상품한눈에 Open API,2026-08-10T14:19:08
030300,저축은행,202607,0013351,OK저축은행,240071,OK e-안심정기예금(변동금리),36,M,복리,4.01%,3.39%,"1,079,572",4.01%,"인터넷,스마트폰",1,제한없음,복리,,없음,"만기 후 1개월 이하 약정이율 혹은 만기시점 해당상품 이율 중 낮은 이율, 만기 후 1개월 초과 시 부터 0.1%",3년제 정기예금으로 가입 후 매 1년 마다 해당시점 금리로 자동연장되는 변동금리 상품. 매 1년 경과 후 중도해지 시 가입일부터 1년 경과 시점까지는 정상이율을 적용함,10000000000,20260720,,202607201300,금융감독원 금융상품한눈에 Open API,2026-08-10T14:19:08
030300,저축은행,202607,0013351,OK저축은행,240097,OK e-안심앱플러스정기예금(변동금리),12,S,단리,3.00%,2.54%,"254,000",3.00%,스마트폰,1,제한없음 (개인),단리,,없음,"만기 후 1개월 이하: 약정이율 혹은 만기시점 해당상품 이율 중 낮은 이율, 만기 후 1개월 초과: 연0.1%",*OK저축은행 모바일뱅킹앱 전용상품 *3년제 정기예금으로 가입 후 매 1년 마다 해당시점 금리로 자동연장되는 변동금리 상품. 매 1년 경과 후 중도해지 시 가입일부터 1년 경과 시점까지는 정상이율을 적용함,10000000000,20260720,,202607201300,금융감독원 금융상품한눈에 Open API,2026-08-10T14:19:08
030300,저축은행,202607,0013351,OK저축은행,240097,OK e-안심앱플러스정기예금(변동금리),24,S,단리,3.00%,2.54%,"508,000",3.00%,스마트폰,1,제한없음 (개인),단리,,없음,"만기 후 1개월 이하: 약정이율 혹은 만기시점 해당상품 이율 중 낮은 이율, 만기 후 1개월 초과: 연0.1%",*OK저축은행 모바일뱅킹앱 전용상품 *3년제 정기예금으로 가입 후 매 1년 마다 해당시점 금리로 자동연장되는 변동금리 상품. 매 1년 경과 후 중도해지 시 가입일부터 1년 경과 시점까지는 정상이율을 적용함,10000000000,20260720,,202607201300,금융감독원 금융상품한눈에 Open API,2026-08-10T14:19:08
030300,저축은행,202607,0013351,OK저축은행,240097,OK e-안심앱플러스정기예금(변동금리),36,S,단리,3.00%,2.54%,"761,000",3.00%,스마트폰,1,제한없음 (개인),단리,,없음,"만기 후 1개월 이하: 약정이율 혹은 만기시점 해당상품 이율 중 낮은 이율, 만기 후 1개월 초과: 연0.1%",*OK저축은행 모바일뱅킹앱 전용상품 *3년제 정기예금으로 가입 후 매 1년 마다 해당시점 금리로 자동연장되는 변동금리 상품. 매 1년 경과 후 중도해지 시 가입일부터 1년 경과 시점까지는 정상이율을 적용함,10000000000,20260720,,202607201300,금융감독원 금융상품한눈에 Open API,2026-08-10T14:19:08
030300,저축은행,202607,0013351,OK저축은행,240097,OK e-안심앱플러스정기예금(변동금리),12,M,복리,3.00%,2.54%,"257,319",3.00%,스마트폰,1,제한없음 (개인),복리,,없음,"만기 후 1개월 이하: 약정이율 혹은 만기시점 해당상품 이율 중 낮은 이율, 만기 후 1개월 초과: 연0.1%",*OK저축은행 모바일뱅킹앱 전용상품 *3년제 정기예금으로 가입 후 매 1년 마다 해당시점 금리로 자동연장되는 변동금리 상품. 매 1년 경과 후 중도해지 시 가입일부터 1년 경과 시점까지는 정상이율을 적용함,10000000000,20260720,,202607201300,금융감독원 금융상품한눈에 Open API,2026-08-10T14:19:08
030300,저축은행,202607,0013351,OK저축은행,240097,OK e-안심앱플러스정기예금(변동금리),24,M,복리,3.00%,2.54%,"522,465",3.00%,스마트폰,1,제한없음 (개인),복리,,없음,"만기 후 1개월 이하: 약정이율 혹은 만기시점 해당상품 이율 중 낮은 이율, 만기 후 1개월 초과: 연0.1%",*OK저축은행 모바일뱅킹앱 전용상품 *3년제 정기예금으로 가입 후 매 1년 마다 해당시점 금리로 자동연장되는 변동금리 상품. 매 1년 경과 후 중도해지 시 가입일부터 1년 경과 시점까지는 정상이율을 적용함,10000000000,20260720,,202607201300,금융감독원 금융상품한눈에 Open API,2026-08-10T14:19:08
030300,저축은행,202607,0013351,OK저축은행,240097,OK e-안심앱플러스정기예금(변동금리),36,M,복리,3.00%,2.54%,"795,675",3.00%,스마트폰,1,제한없음 (개인),복리,,없음,"만기 후 1개월 이하: 약정이율 혹은 만기시점 해당상품 이율 중 낮은 이율, 만기 후 1개월 초과: 연0.1%",*OK저축은행 모바일뱅킹앱 전용상품 *3년제 정기예금으로 가입 후 매 1년 마다 해당시점 금리로 자동연장되는 변동금리 상품. 매 1년 경과 후 중도해지 시 가입일부터 1년 경과 시점까지는 정상이율을 적용함,10000000000,20260720,,202607201300,금융감독원 금융상품한눈에 Open API,2026-08-10T14:19:08
030300,저축은행,202607,0013351,OK저축은행,240099,OK e-안심앱플러스정기예금6 (변동금리),6,S,단리,4.00%,3.38%,"169,000",4.00%,스마트폰,1,제한없음 (개인),단리,,없음,"만기 후 1개월 이하: 약정이율 혹은 만기시점 해당상품 이율 중 낮은 이율, 만기 후 1개월 초과: 연0.1%",*OK저축은행 모바일뱅킹앱 전용상품 *6개월 회전식 정기예금 (3년 만기 정기예금으로 가입 후 매 6개월 마다 해당시점 금리로 자동연장되는 변동금리 상품. 매 6개월 경과 후 중도해지 시 가입일부터 6개월 경과 시점까지는 정상이율을 적용함.),10000000000,20260720,,202607201300,금융감독원 금융상품한눈에 Open API,2026-08-10T14:19:08
030300,저축은행,202607,0013351,OK저축은행,240099,OK e-안심앱플러스정기예금6 (변동금리),12,S,단리,4.00%,3.38%,"338,000",4.00%,스마트폰,1,제한없음 (개인),단리,,없음,"만기 후 1개월 이하: 약정이율 혹은 만기시점 해당상품 이율 중 낮은 이율, 만기 후 1개월 초과: 연0.1%",*OK저축은행 모바일뱅킹앱 전용상품 *6개월 회전식 정기예금 (3년 만기 정기예금으로 가입 후 매 6개월 마다 해당시점 금리로 자동연장되는 변동금리 상품. 매 6개월 경과 후 중도해지 시 가입일부터 6개월 경과 시점까지는 정상이율을 적용함.),10000000000,20260720,,202607201300,금융감독원 금융상품한눈에 Open API,2026-08-10T14:19:08
030300,저축은행,202607,0013351,OK저축은행,240099,OK e-안심앱플러스정기예금6 (변동금리),24,S,단리,4.00%,3.38%,"677,000",4.00%,스마트폰,1,제한없음 (개인),단리,,없음,"만기 후 1개월 이하: 약정이율 혹은 만기시점 해당상품 이율 중 낮은 이율, 만기 후 1개월 초과: 연0.1%",*OK저축은행 모바일뱅킹앱 전용상품 *6개월 회전식 정기예금 (3년 만기 정기예금으로 가입 후 매 6개월 마다 해당시점 금리로 자동연장되는 변동금리 상품. 매 6개월 경과 후 중도해지 시 가입일부터 6개월 경과 시점까지는 정상이율을 적용함.),10000000000,20260720,,202607201300,금융감독원 금융상품한눈에 Open API,2026-08-10T14:19:08
030300,저축은행,202607,0013351,OK저축은행,240099,OK e-안심앱플러스정기예금6 (변동금리),36,S,단리,4.00%,3.38%,"1,015,000",4.00%,스마트폰,1,제한없음 (개인),단리,,없음,"만기 후 1개월 이하: 약정이율 혹은 만기시점 해당상품 이율 중 낮은 이율, 만기 후 1개월 초과: 연0.1%",*OK저축은행 모바일뱅킹앱 전용상품 *6개월 회전식 정기예금 (3년 만기 정기예금으로 가입 후 매 6개월 마다 해당시점 금리로 자동연장되는 변동금리 상품. 매 6개월 경과 후 중도해지 시 가입일부터 6개월 경과 시점까지는 정상이율을 적용함.),10000000000,20260720,,202607201300,금융감독원 금융상품한눈에 Open API,2026-08-10T14:19:08
030300,저축은행,202607,0013351,OK저축은행,240099,OK e-안심앱플러스정기예금6 (변동금리),6,M,복리,4.00%,3.38%,"170,616",4.00%,스마트폰,1,제한없음 (개인),복리,,없음,"만기 후 1개월 이하: 약정이율 혹은 만기시점 해당상품 이율 중 낮은 이율, 만기 후 1개월 초과: 연0.1%",*OK저축은행 모바일뱅킹앱 전용상품 *6개월 회전식 정기예금 (3년 만기 정기예금으로 가입 후 매 6개월 마다 해당시점 금리로 자동연장되는 변동금리 상품. 매 6개월 경과 후 중도해지 시 가입일부터 6개월 경과 시점까지는 정상이율을 적용함.),10000000000,20260720,,202607201300,금융감독원 금융상품한눈에 Open API,2026-08-10T14:19:08
030300,저축은행,202607,0013351,OK저축은행,240099,OK e-안심앱플러스정기예금6 (변동금리),12,M,복리,4.00%,3.38%,"344,673",4.00%,스마트폰,1,제한없음 (개인),복리,,없음,"만기 후 1개월 이하: 약정이율 혹은 만기시점 해당상품 이율 중 낮은 이율, 만기 후 1개월 초과: 연0.1%",*OK저축은행 모바일뱅킹앱 전용상품 *6개월 회전식 정기예금 (3년 만기 정기예금으로 가입 후 매 6개월 마다 해당시점 금리로 자동연장되는 변동금리 상품. 매 6개월 경과 후 중도해지 시 가입일부터 6개월 경과 시점까지는 정상이율을 적용함.),10000000000,20260720,,202607201300,금융감독원 금융상품한눈에 Open API,2026-08-10T14:19:08
030300,저축은행,202607,0013351,OK저축은행,240099,OK e-안심앱플러스정기예금6 (변동금리),24,M,복리,4.00%,3.38%,"703,389",4.00%,스마트폰,1,제한없음 (개인),복리,,없음,"만기 후 1개월 이하: 약정이율 혹은 만기시점 해당상품 이율 중 낮은 이율, 만기 후 1개월 초과: 연0.1%",*OK저축은행 모바일뱅킹앱 전용상품 *6개월 회전식 정기예금 (3년 만기 정기예금으로 가입 후 매 6개월 마다 해당시점 금리로 자동연장되는 변동금리 상품. 매 6개월 경과 후 중도해지 시 가입일부터 6개월 경과 시점까지는 정상이율을 적용함.),10000000000,20260720,,202607201300,금융감독원 금융상품한눈에 Open API,2026-08-10T14:19:08
030300,저축은행,202607,0013351,OK저축은행,240099,OK e-안심앱플러스정기예금6 (변동금리),36,M,복리,4.00%,3.38%,"1,076,720",4.00%,스마트폰,1,제한없음 (개인),복리,,없음,"만기 후 1개월 이하: 약정이율 혹은 만기시점 해당상품 이율 중 낮은 이율, 만기 후 1개월 초과: 연0.1%",*OK저축은행 모바일뱅킹앱 전용상품 *6개월 회전식 정기예금 (3년 만기 정기예금으로 가입 후 매 6개월 마다 해당시점 금리로 자동연장되는 변동금리 상품. 매 6개월 경과 후 중도해지 시 가입일부터 6개월 경과 시점까지는 정상이율을 적용함.),10000000000,20260720,,202607201300,금융감독원 금융상품한눈에 Open API,2026-08-10T14:19:08
